Points_0,Points_1,Points_2
0.0001,0.0005,7.5e-05
0.000105,0.0005,7.5e-05
0.0001,0.000505,7.5e-05
0.000105,0.000505,7.5e-05
0.0001,0.00051,7.5e-05
0.000105,0.00051,7.5e-05
9.5e-05,8e-05,8e-05
0.0001,8e-05,8e-05
0.000105,8e-05,8e-05
9.5e-05,8.5e-05,8e-05
0.0001,8.5e-05,8e-05
0.000105,8.5e-05,8e-05
0.00011,8.5e-05,8e-05
9.5e-05,9e-05,8e-05
0.0001,9e-05,8e-05
0.000105,9e-05,8e-05
0.00011,9e-05,8e-05
9.5e-05,9.5e-05,8e-05
0.0001,9.5e-05,8e-05
0.000105,9.5e-05,8e-05
0.00011,9.5e-05,8e-05
9.5e-05,0.0001,8e-05
0.0001,0.0001,8e-05
0.000105,0.0001,8e-05
0.00011,0.0001,8e-05
9.5e-05,0.000105,8e-05
0.0001,0.000105,8e-05
0.000105,0.000105,8e-05
0.00011,0.000105,8e-05
0.0001,0.00011,8e-05
0.000105,0.00011,8e-05
9.5e-05,0.000135,8e-05
0.0001,0.000135,8e-05
0.000105,0.000135,8e-05
9e-05,0.00014,8e-05
9.5e-05,0.00014,8e-05
0.0001,0.00014,8e-05
0.000105,0.00014,8e-05
0.00011,0.00014,8e-05
9e-05,0.000145,8e-05
9.5e-05,0.000145,8e-05
0.0001,0.000145,8e-05
0.000105,0.000145,8e-05
0.00011,0.000145,8e-05
8.5e-05,0.00015,8e-05
9e-05,0.00015,8e-05
9.5e-05,0.00015,8e-05
0.0001,0.00015,8e-05
0.000105,0.00015,8e-05
0.00011,0.00015,8e-05
8.5e-05,0.000155,8e-05
9e-05,0.000155,8e-05
9.5e-05,0.000155,8e-05
0.0001,0.000155,8e-05
0.000105,0.000155,8e-05
0.00011,0.000155,8e-05
8.5e-05,0.00016,8e-05
9e-05,0.00016,8e-05
9.5e-05,0.00016,8e-05
0.0001,0.00016,8e-05
0.000105,0.00016,8e-05
0.00011,0.00016,8e-05
8.5e-05,0.000165,8e-05
9e-05,0.000165,8e-05
9.5e-05,0.000165,8e-05
0.0001,0.000165,8e-05
0.000105,0.000165,8e-05
0.00011,0.000165,8e-05
8.5e-05,0.00017,8e-05
9e-05,0.00017,8e-05
9.5e-05,0.00017,8e-05
0.0001,0.00017,8e-05
0.000105,0.00017,8e-05
0.00011,0.00017,8e-05
8.5e-05,0.000175,8e-05
9e-05,0.000175,8e-05
9.5e-05,0.000175,8e-05
0.0001,0.000175,8e-05
0.000105,0.000175,8e-05
0.00011,0.000175,8e-05
9e-05,0.00018,8e-05
9.5e-05,0.00018,8e-05
0.0001,0.00018,8e-05
0.000105,0.00018,8e-05
0.00011,0.00018,8e-05
9e-05,0.000185,8e-05
9.5e-05,0.000185,8e-05
0.0001,0.000185,8e-05
0.000105,0.000185,8e-05
0.00011,0.000185,8e-05
9.5e-05,0.00019,8e-05
0.0001,0.00019,8e-05
0.000105,0.00019,8e-05
0.00011,0.00019,8e-05
9.5e-05,0.000195,8e-05
0.0001,0.000195,8e-05
0.000105,0.000195,8e-05
0.00011,0.000195,8e-05
9.5e-05,0.0002,8e-05
0.0001,0.0002,8e-05
0.000105,0.0002,8e-05
0.00011,0.0002,8e-05
9.5e-05,0.000205,8e-05
0.0001,0.000205,8e-05
0.000105,0.000205,8e-05
0.00011,0.000205,8e-05
9.5e-05,0.00021,8e-05
0.0001,0.00021,8e-05
0.000105,0.00021,8e-05
0.00011,0.00021,8e-05
9.5e-05,0.000215,8e-05
0.0001,0.000215,8e-05
0.000105,0.000215,8e-05
9.5e-05,0.00022,8e-05
0.0001,0.00022,8e-05
0.000105,0.00022,8e-05
9.5e-05,0.000225,8e-05
0.0001,0.000225,8e-05
0.000105,0.000225,8e-05
9.5e-05,0.00023,8e-05
0.0001,0.00023,8e-05
0.000105,0.00023,8e-05
9.5e-05,0.000235,8e-05
0.0001,0.000235,8e-05
0.000105,0.000235,8e-05
0.0001,0.00024,8e-05
0.000105,0.00024,8e-05
0.0001,0.000245,8e-05
0.000105,0.000245,8e-05
0.0001,0.000265,8e-05
0.000105,0.000265,8e-05
9.5e-05,0.00027,8e-05
0.0001,0.00027,8e-05
0.000105,0.00027,8e-05
9.5e-05,0.000275,8e-05
0.0001,0.000275,8e-05
0.000105,0.000275,8e-05
9.5e-05,0.00028,8e-05
0.0001,0.00028,8e-05
0.000105,0.00028,8e-05
9.5e-05,0.000285,8e-05
0.0001,0.000285,8e-05
0.000105,0.000285,8e-05
9.5e-05,0.00029,8e-05
0.0001,0.00029,8e-05
0.000105,0.00029,8e-05
0.0001,0.000295,8e-05
0.000105,0.000295,8e-05
9.5e-05,0.000335,8e-05
0.0001,0.000335,8e-05
0.000105,0.000335,8e-05
9.5e-05,0.00034,8e-05
0.0001,0.00034,8e-05
0.000105,0.00034,8e-05
9.5e-05,0.000345,8e-05
0.0001,0.000345,8e-05
0.000105,0.000345,8e-05
0.00011,0.000345,8e-05
9.5e-05,0.00035,8e-05
0.0001,0.00035,8e-05
0.000105,0.00035,8e-05
0.00011,0.00035,8e-05
9.5e-05,0.000355,8e-05
0.0001,0.000355,8e-05
0.000105,0.000355,8e-05
0.00011,0.000355,8e-05
9.5e-05,0.00036,8e-05
0.0001,0.00036,8e-05
0.000105,0.00036,8e-05
9.5e-05,0.00044,8e-05
0.0001,0.00044,8e-05
0.000105,0.00044,8e-05
9.5e-05,0.000445,8e-05
0.0001,0.000445,8e-05
0.000105,0.000445,8e-05
9.5e-05,0.00045,8e-05
0.0001,0.00045,8e-05
0.000105,0.00045,8e-05
0.00011,0.00045,8e-05
9.5e-05,0.000455,8e-05
0.0001,0.000455,8e-05
0.000105,0.000455,8e-05
0.00011,0.000455,8e-05
9e-05,0.00046,8e-05
9.5e-05,0.00046,8e-05
0.0001,0.00046,8e-05
0.000105,0.00046,8e-05
0.00011,0.00046,8e-05
9e-05,0.000465,8e-05
9.5e-05,0.000465,8e-05
0.0001,0.000465,8e-05
0.000105,0.000465,8e-05
0.00011,0.000465,8e-05
9e-05,0.00047,8e-05
9.5e-05,0.00047,8e-05
0.0001,0.00047,8e-05
0.000105,0.00047,8e-05
0.00011,0.00047,8e-05
9e-05,0.000475,8e-05
9.5e-05,0.000475,8e-05
0.0001,0.000475,8e-05
0.000105,0.000475,8e-05
0.00011,0.000475,8e-05
9e-05,0.00048,8e-05
9.5e-05,0.00048,8e-05
0.0001,0.00048,8e-05
0.000105,0.00048,8e-05
0.00011,0.00048,8e-05
0.000115,0.00048,8e-05
9e-05,0.000485,8e-05
9.5e-05,0.000485,8e-05
0.0001,0.000485,8e-05
0.000105,0.000485,8e-05
0.00011,0.000485,8e-05
0.000115,0.000485,8e-05
8.5e-05,0.00049,8e-05
9e-05,0.00049,8e-05
9.5e-05,0.00049,8e-05
0.0001,0.00049,8e-05
0.000105,0.00049,8e-05
0.00011,0.00049,8e-05
0.000115,0.00049,8e-05
8.5e-05,0.000495,8e-05
9e-05,0.000495,8e-05
9.5e-05,0.000495,8e-05
0.0001,0.000495,8e-05
0.000105,0.000495,8e-05
0.00011,0.000495,8e-05
0.000115,0.000495,8e-05
8.5e-05,0.0005,8e-05
9e-05,0.0005,8e-05
9.5e-05,0.0005,8e-05
0.0001,0.0005,8e-05
0.000105,0.0005,8e-05
0.00011,0.0005,8e-05
0.000115,0.0005,8e-05
9e-05,0.000505,8e-05
9.5e-05,0.000505,8e-05
0.0001,0.000505,8e-05
0.000105,0.000505,8e-05
0.00011,0.000505,8e-05
0.000115,0.000505,8e-05
9e-05,0.00051,8e-05
9.5e-05,0.00051,8e-05
0.0001,0.00051,8e-05
0.000105,0.00051,8e-05
0.00011,0.00051,8e-05
0.000115,0.00051,8e-05
9e-05,0.000515,8e-05
9.5e-05,0.000515,8e-05
0.0001,0.000515,8e-05
0.000105,0.000515,8e-05
0.00011,0.000515,8e-05
0.000115,0.000515,8e-05
9e-05,0.00052,8e-05
9.5e-05,0.00052,8e-05
0.0001,0.00052,8e-05
0.000105,0.00052,8e-05
0.00011,0.00052,8e-05
0.000115,0.00052,8e-05
9.5e-05,0.000525,8e-05
0.0001,0.000525,8e-05
0.000105,0.000525,8e-05
0.00011,0.000525,8e-05
9.5e-05,0.00053,8e-05
0.0001,0.00053,8e-05
0.000105,0.00053,8e-05
0.00011,0.00053,8e-05
0.0001,0.000535,8e-05
0.000105,0.000535,8e-05
9.5e-05,0.00058,8e-05
0.0001,0.00058,8e-05
0.000105,0.00058,8e-05
9.5e-05,0.000585,8e-05
0.0001,0.000585,8e-05
0.000105,0.000585,8e-05
9.5e-05,0.00059,8e-05
0.0001,0.00059,8e-05
0.000105,0.00059,8e-05
9.5e-05,0.000595,8e-05
0.0001,0.000595,8e-05
0.000105,0.000595,8e-05
9.5e-05,0.0006,8e-05
0.0001,0.0006,8e-05
0.000105,0.0006,8e-05
9.5e-05,4e-05,8.5e-05
0.0001,4e-05,8.5e-05
0.000105,4e-05,8.5e-05
9.5e-05,4.5e-05,8.5e-05
0.0001,4.5e-05,8.5e-05
0.000105,4.5e-05,8.5e-05
9.5e-05,5e-05,8.5e-05
0.0001,5e-05,8.5e-05
0.000105,5e-05,8.5e-05
0.00011,5e-05,8.5e-05
9.5e-05,5.5e-05,8.5e-05
0.0001,5.5e-05,8.5e-05
0.000105,5.5e-05,8.5e-05
0.00011,5.5e-05,8.5e-05
9.5e-05,6e-05,8.5e-05
0.0001,6e-05,8.5e-05
0.000105,6e-05,8.5e-05
0.00011,6e-05,8.5e-05
9e-05,6.5e-05,8.5e-05
9.5e-05,6.5e-05,8.5e-05
0.0001,6.5e-05,8.5e-05
0.000105,6.5e-05,8.5e-05
0.00011,6.5e-05,8.5e-05
9e-05,7e-05,8.5e-05
9.5e-05,7e-05,8.5e-05
0.0001,7e-05,8.5e-05
0.000105,7e-05,8.5e-05
0.00011,7e-05,8.5e-05
0.000115,7e-05,8.5e-05
8.5e-05,7.5e-05,8.5e-05
9e-05,7.5e-05,8.5e-05
9.5e-05,7.5e-05,8.5e-05
0.0001,7.5e-05,8.5e-05
0.000105,7.5e-05,8.5e-05
0.00011,7.5e-05,8.5e-05
0.000115,7.5e-05,8.5e-05
8.5e-05,8e-05,8.5e-05
9e-05,8e-05,8.5e-05
9.5e-05,8e-05,8.5e-05
0.0001,8e-05,8.5e-05
0.000105,8e-05,8.5e-05
0.00011,8e-05,8.5e-05
0.000115,8e-05,8.5e-05
8.5e-05,8.5e-05,8.5e-05
9e-05,8.5e-05,8.5e-05
9.5e-05,8.5e-05,8.5e-05
0.0001,8.5e-05,8.5e-05
0.000105,8.5e-05,8.5e-05
0.00011,8.5e-05,8.5e-05
0.000115,8.5e-05,8.5e-05
8.5e-05,9e-05,8.5e-05
9e-05,9e-05,8.5e-05
9.5e-05,9e-05,8.5e-05
0.0001,9e-05,8.5e-05
0.000105,9e-05,8.5e-05
0.00011,9e-05,8.5e-05
0.000115,9e-05,8.5e-05
8.5e-05,9.5e-05,8.5e-05
9e-05,9.5e-05,8.5e-05
9.5e-05,9.5e-05,8.5e-05
0.0001,9.5e-05,8.5e-05
0.000105,9.5e-05,8.5e-05
0.00011,9.5e-05,8.5e-05
0.000115,9.5e-05,8.5e-05
8.5e-05,0.0001,8.5e-05
9e-05,0.0001,8.5e-05
9.5e-05,0.0001,8.5e-05
0.0001,0.0001,8.5e-05
0.000105,0.0001,8.5e-05
0.00011,0.0001,8.5e-05
0.000115,0.0001,8.5e-05
8.5e-05,0.000105,8.5e-05
9e-05,0.000105,8.5e-05
9.5e-05,0.000105,8.5e-05
0.0001,0.000105,8.5e-05
0.000105,0.000105,8.5e-05
0.00011,0.000105,8.5e-05
0.000115,0.000105,8.5e-05
8.5e-05,0.00011,8.5e-05
9e-05,0.00011,8.5e-05
9.5e-05,0.00011,8.5e-05
0.0001,0.00011,8.5e-05
0.000105,0.00011,8.5e-05
0.00011,0.00011,8.5e-05
0.000115,0.00011,8.5e-05
8.5e-05,0.000115,8.5e-05
9e-05,0.000115,8.5e-05
9.5e-05,0.000115,8.5e-05
0.0001,0.000115,8.5e-05
0.000105,0.000115,8.5e-05
0.00011,0.000115,8.5e-05
0.000115,0.000115,8.5e-05
8.5e-05,0.00012,8.5e-05
9e-05,0.00012,8.5e-05
9.5e-05,0.00012,8.5e-05
0.0001,0.00012,8.5e-05
0.000105,0.00012,8.5e-05
0.00011,0.00012,8.5e-05
0.000115,0.00012,8.5e-05
8.5e-05,0.000125,8.5e-05
9e-05,0.000125,8.5e-05
9.5e-05,0.000125,8.5e-05
0.0001,0.000125,8.5e-05
0.000105,0.000125,8.5e-05
0.00011,0.000125,8.5e-05
8.5e-05,0.00013,8.5e-05
9e-05,0.00013,8.5e-05
9.5e-05,0.00013,8.5e-05
0.0001,0.00013,8.5e-05
0.000105,0.00013,8.5e-05
0.00011,0.00013,8.5e-05
0.000115,0.00013,8.5e-05
8.5e-05,0.000135,8.5e-05
9e-05,0.000135,8.5e-05
9.5e-05,0.000135,8.5e-05
0.0001,0.000135,8.5e-05
0.000105,0.000135,8.5e-05
0.00011,0.000135,8.5e-05
0.000115,0.000135,8.5e-05
8.5e-05,0.00014,8.5e-05
9e-05,0.00014,8.5e-05
9.5e-05,0.00014,8.5e-05
0.0001,0.00014,8.5e-05
0.000105,0.00014,8.5e-05
0.00011,0.00014,8.5e-05
0.000115,0.00014,8.5e-05
8e-05,0.000145,8.5e-05
8.5e-05,0.000145,8.5e-05
9e-05,0.000145,8.5e-05
9.5e-05,0.000145,8.5e-05
0.0001,0.000145,8.5e-05
0.000105,0.000145,8.5e-05
0.00011,0.000145,8.5e-05
0.000115,0.000145,8.5e-05
8e-05,0.00015,8.5e-05
8.5e-05,0.00015,8.5e-05
9e-05,0.00015,8.5e-05
9.5e-05,0.00015,8.5e-05
0.0001,0.00015,8.5e-05
0.000105,0.00015,8.5e-05
0.00011,0.00015,8.5e-05
0.000115,0.00015,8.5e-05
8e-05,0.000155,8.5e-05
8.5e-05,0.000155,8.5e-05
9e-05,0.000155,8.5e-05
9.5e-05,0.000155,8.5e-05
0.0001,0.000155,8.5e-05
0.000105,0.000155,8.5e-05
0.00011,0.000155,8.5e-05
0.000115,0.000155,8.5e-05
8e-05,0.00016,8.5e-05
8.5e-05,0.00016,8.5e-05
9e-05,0.00016,8.5e-05
9.5e-05,0.00016,8.5e-05
0.0001,0.00016,8.5e-05
0.000105,0.00016,8.5e-05
0.00011,0.00016,8.5e-05
0.000115,0.00016,8.5e-05
8e-05,0.000165,8.5e-05
8.5e-05,0.000165,8.5e-05
9e-05,0.000165,8.5e-05
9.5e-05,0.000165,8.5e-05
0.0001,0.000165,8.5e-05
0.000105,0.000165,8.5e-05
0.00011,0.000165,8.5e-05
0.000115,0.000165,8.5e-05
8e-05,0.00017,8.5e-05
8.5e-05,0.00017,8.5e-05
9e-05,0.00017,8.5e-05
9.5e-05,0.00017,8.5e-05
0.0001,0.00017,8.5e-05
0.000105,0.00017,8.5e-05
0.00011,0.00017,8.5e-05
0.000115,0.00017,8.5e-05
8e-05,0.000175,8.5e-05
8.5e-05,0.000175,8.5e-05
9e-05,0.000175,8.5e-05
9.5e-05,0.000175,8.5e-05
0.0001,0.000175,8.5e-05
0.000105,0.000175,8.5e-05
0.00011,0.000175,8.5e-05
0.000115,0.000175,8.5e-05
8e-05,0.00018,8.5e-05
8.5e-05,0.00018,8.5e-05
9e-05,0.00018,8.5e-05
9.5e-05,0.00018,8.5e-05
0.0001,0.00018,8.5e-05
0.000105,0.00018,8.5e-05
0.00011,0.00018,8.5e-05
0.000115,0.00018,8.5e-05
8.5e-05,0.000185,8.5e-05
9e-05,0.000185,8.5e-05
9.5e-05,0.000185,8.5e-05
0.0001,0.000185,8.5e-05
0.000105,0.000185,8.5e-05
0.00011,0.000185,8.5e-05
0.000115,0.000185,8.5e-05
8.5e-05,0.00019,8.5e-05
9e-05,0.00019,8.5e-05
9.5e-05,0.00019,8.5e-05
0.0001,0.00019,8.5e-05
0.000105,0.00019,8.5e-05
0.00011,0.00019,8.5e-05
0.000115,0.00019,8.5e-05
8.5e-05,0.000195,8.5e-05
9e-05,0.000195,8.5e-05
9.5e-05,0.000195,8.5e-05
0.0001,0.000195,8.5e-05
0.000105,0.000195,8.5e-05
0.00011,0.000195,8.5e-05
0.000115,0.000195,8.5e-05
8.5e-05,0.0002,8.5e-05
9e-05,0.0002,8.5e-05
9.5e-05,0.0002,8.5e-05
0.0001,0.0002,8.5e-05
0.000105,0.0002,8.5e-05
0.00011,0.0002,8.5e-05
0.000115,0.0002,8.5e-05
8.5e-05,0.000205,8.5e-05
9e-05,0.000205,8.5e-05
9.5e-05,0.000205,8.5e-05
0.0001,0.000205,8.5e-05
0.000105,0.000205,8.5e-05
0.00011,0.000205,8.5e-05
0.000115,0.000205,8.5e-05
8.5e-05,0.00021,8.5e-05
9e-05,0.00021,8.5e-05
9.5e-05,0.00021,8.5e-05
0.0001,0.00021,8.5e-05
0.000105,0.00021,8.5e-05
0.00011,0.00021,8.5e-05
0.000115,0.00021,8.5e-05
8.5e-05,0.000215,8.5e-05
9e-05,0.000215,8.5e-05
9.5e-05,0.000215,8.5e-05
0.0001,0.000215,8.5e-05
0.000105,0.000215,8.5e-05
0.00011,0.000215,8.5e-05
0.000115,0.000215,8.5e-05
8.5e-05,0.00022,8.5e-05
9e-05,0.00022,8.5e-05
9.5e-05,0.00022,8.5e-05
0.0001,0.00022,8.5e-05
0.000105,0.00022,8.5e-05
0.00011,0.00022,8.5e-05
0.000115,0.00022,8.5e-05
8.5e-05,0.000225,8.5e-05
9e-05,0.000225,8.5e-05
9.5e-05,0.000225,8.5e-05
0.0001,0.000225,8.5e-05
0.000105,0.000225,8.5e-05
0.00011,0.000225,8.5e-05
0.000115,0.000225,8.5e-05
8.5e-05,0.00023,8.5e-05
9e-05,0.00023,8.5e-05
9.5e-05,0.00023,8.5e-05
0.0001,0.00023,8.5e-05
0.000105,0.00023,8.5e-05
0.00011,0.00023,8.5e-05
0.000115,0.00023,8.5e-05
8.5e-05,0.000235,8.5e-05
9e-05,0.000235,8.5e-05
9.5e-05,0.000235,8.5e-05
0.0001,0.000235,8.5e-05
0.000105,0.000235,8.5e-05
0.00011,0.000235,8.5e-05
0.000115,0.000235,8.5e-05
8.5e-05,0.00024,8.5e-05
9e-05,0.00024,8.5e-05
9.5e-05,0.00024,8.5e-05
0.0001,0.00024,8.5e-05
0.000105,0.00024,8.5e-05
0.00011,0.00024,8.5e-05
0.000115,0.00024,8.5e-05
8.5e-05,0.000245,8.5e-05
9e-05,0.000245,8.5e-05
9.5e-05,0.000245,8.5e-05
0.0001,0.000245,8.5e-05
0.000105,0.000245,8.5e-05
0.00011,0.000245,8.5e-05
0.000115,0.000245,8.5e-05
8.5e-05,0.00025,8.5e-05
9e-05,0.00025,8.5e-05
9.5e-05,0.00025,8.5e-05
0.0001,0.00025,8.5e-05
0.000105,0.00025,8.5e-05
0.00011,0.00025,8.5e-05
0.000115,0.00025,8.5e-05
9e-05,0.000255,8.5e-05
9.5e-05,0.000255,8.5e-05
0.0001,0.000255,8.5e-05
0.000105,0.000255,8.5e-05
0.00011,0.000255,8.5e-05
0.000115,0.000255,8.5e-05
8.5e-05,0.00026,8.5e-05
9e-05,0.00026,8.5e-05
9.5e-05,0.00026,8.5e-05
0.0001,0.00026,8.5e-05
0.000105,0.00026,8.5e-05
0.00011,0.00026,8.5e-05
0.000115,0.00026,8.5e-05
8.5e-05,0.000265,8.5e-05
9e-05,0.000265,8.5e-05
9.5e-05,0.000265,8.5e-05
0.0001,0.000265,8.5e-05
0.000105,0.000265,8.5e-05
0.00011,0.000265,8.5e-05
0.000115,0.000265,8.5e-05
8.5e-05,0.00027,8.5e-05
9e-05,0.00027,8.5e-05
9.5e-05,0.00027,8.5e-05
0.0001,0.00027,8.5e-05
0.000105,0.00027,8.5e-05
0.00011,0.00027,8.5e-05
0.000115,0.00027,8.5e-05
8.5e-05,0.000275,8.5e-05
9e-05,0.000275,8.5e-05
9.5e-05,0.000275,8.5e-05
0.0001,0.000275,8.5e-05
0.000105,0.000275,8.5e-05
0.00011,0.000275,8.5e-05
0.000115,0.000275,8.5e-05
8.5e-05,0.00028,8.5e-05
9e-05,0.00028,8.5e-05
9.5e-05,0.00028,8.5e-05
0.0001,0.00028,8.5e-05
0.000105,0.00028,8.5e-05
0.00011,0.00028,8.5e-05
0.000115,0.00028,8.5e-05
8.5e-05,0.000285,8.5e-05
9e-05,0.000285,8.5e-05
9.5e-05,0.000285,8.5e-05
0.0001,0.000285,8.5e-05
0.000105,0.000285,8.5e-05
0.00011,0.000285,8.5e-05
0.000115,0.000285,8.5e-05
8.5e-05,0.00029,8.5e-05
9e-05,0.00029,8.5e-05
9.5e-05,0.00029,8.5e-05
0.0001,0.00029,8.5e-05
0.000105,0.00029,8.5e-05
0.00011,0.00029,8.5e-05
0.000115,0.00029,8.5e-05
8.5e-05,0.000295,8.5e-05
9e-05,0.000295,8.5e-05
9.5e-05,0.000295,8.5e-05
0.0001,0.000295,8.5e-05
0.000105,0.000295,8.5e-05
0.00011,0.000295,8.5e-05
0.000115,0.000295,8.5e-05
8.5e-05,0.0003,8.5e-05
9e-05,0.0003,8.5e-05
9.5e-05,0.0003,8.5e-05
0.0001,0.0003,8.5e-05
0.000105,0.0003,8.5e-05
0.00011,0.0003,8.5e-05
0.000115,0.0003,8.5e-05
8.5e-05,0.000305,8.5e-05
9e-05,0.000305,8.5e-05
9.5e-05,0.000305,8.5e-05
0.0001,0.000305,8.5e-05
0.000105,0.000305,8.5e-05
0.00011,0.000305,8.5e-05
0.000115,0.000305,8.5e-05
8.5e-05,0.00031,8.5e-05
9e-05,0.00031,8.5e-05
9.5e-05,0.00031,8.5e-05
0.0001,0.00031,8.5e-05
0.000105,0.00031,8.5e-05
0.00011,0.00031,8.5e-05
0.000115,0.00031,8.5e-05
8.5e-05,0.000315,8.5e-05
9e-05,0.000315,8.5e-05
9.5e-05,0.000315,8.5e-05
0.0001,0.000315,8.5e-05
0.000105,0.000315,8.5e-05
0.00011,0.000315,8.5e-05
0.000115,0.000315,8.5e-05
8.5e-05,0.00032,8.5e-05
9e-05,0.00032,8.5e-05
9.5e-05,0.00032,8.5e-05
0.0001,0.00032,8.5e-05
0.000105,0.00032,8.5e-05
0.00011,0.00032,8.5e-05
0.000115,0.00032,8.5e-05
8.5e-05,0.000325,8.5e-05
9e-05,0.000325,8.5e-05
9.5e-05,0.000325,8.5e-05
0.0001,0.000325,8.5e-05
0.000105,0.000325,8.5e-05
0.00011,0.000325,8.5e-05
0.000115,0.000325,8.5e-05
8.5e-05,0.00033,8.5e-05
9e-05,0.00033,8.5e-05
9.5e-05,0.00033,8.5e-05
0.0001,0.00033,8.5e-05
0.000105,0.00033,8.5e-05
0.00011,0.00033,8.5e-05
0.000115,0.00033,8.5e-05
8.5e-05,0.000335,8.5e-05
9e-05,0.000335,8.5e-05
9.5e-05,0.000335,8.5e-05
0.0001,0.000335,8.5e-05
0.000105,0.000335,8.5e-05
0.00011,0.000335,8.5e-05
0.000115,0.000335,8.5e-05
8.5e-05,0.00034,8.5e-05
9e-05,0.00034,8.5e-05
9.5e-05,0.00034,8.5e-05
0.0001,0.00034,8.5e-05
0.000105,0.00034,8.5e-05
0.00011,0.00034,8.5e-05
0.000115,0.00034,8.5e-05
8.5e-05,0.000345,8.5e-05
9e-05,0.000345,8.5e-05
9.5e-05,0.000345,8.5e-05
0.0001,0.000345,8.5e-05
0.000105,0.000345,8.5e-05
0.00011,0.000345,8.5e-05
0.000115,0.000345,8.5e-05
8.5e-05,0.00035,8.5e-05
9e-05,0.00035,8.5e-05
9.5e-05,0.00035,8.5e-05
0.0001,0.00035,8.5e-05
0.000105,0.00035,8.5e-05
0.00011,0.00035,8.5e-05
0.000115,0.00035,8.5e-05
8.5e-05,0.000355,8.5e-05
9e-05,0.000355,8.5e-05
9.5e-05,0.000355,8.5e-05
0.0001,0.000355,8.5e-05
0.000105,0.000355,8.5e-05
0.00011,0.000355,8.5e-05
0.000115,0.000355,8.5e-05
8.5e-05,0.00036,8.5e-05
9e-05,0.00036,8.5e-05
9.5e-05,0.00036,8.5e-05
0.0001,0.00036,8.5e-05
0.000105,0.00036,8.5e-05
0.00011,0.00036,8.5e-05
0.000115,0.00036,8.5e-05
9e-05,0.000365,8.5e-05
9.5e-05,0.000365,8.5e-05
0.0001,0.000365,8.5e-05
0.000105,0.000365,8.5e-05
0.00011,0.000365,8.5e-05
0.000115,0.000365,8.5e-05
9e-05,0.00037,8.5e-05
9.5e-05,0.00037,8.5e-05
0.0001,0.00037,8.5e-05
0.000105,0.00037,8.5e-05
0.00011,0.00037,8.5e-05
0.000115,0.00037,8.5e-05
9e-05,0.000375,8.5e-05
9.5e-05,0.000375,8.5e-05
0.0001,0.000375,8.5e-05
0.000105,0.000375,8.5e-05
0.00011,0.000375,8.5e-05
0.000115,0.000375,8.5e-05
9e-05,0.00038,8.5e-05
9.5e-05,0.00038,8.5e-05
0.0001,0.00038,8.5e-05
0.000105,0.00038,8.5e-05
0.00011,0.00038,8.5e-05
9e-05,0.000385,8.5e-05
9.5e-05,0.000385,8.5e-05
0.0001,0.000385,8.5e-05
0.000105,0.000385,8.5e-05
0.00011,0.000385,8.5e-05
9e-05,0.00039,8.5e-05
9.5e-05,0.00039,8.5e-05
0.0001,0.00039,8.5e-05
0.000105,0.00039,8.5e-05
0.00011,0.00039,8.5e-05
9e-05,0.000395,8.5e-05
9.5e-05,0.000395,8.5e-05
0.0001,0.000395,8.5e-05
0.000105,0.000395,8.5e-05
0.00011,0.000395,8.5e-05
9e-05,0.0004,8.5e-05
9.5e-05,0.0004,8.5e-05
0.0001,0.0004,8.5e-05
0.000105,0.0004,8.5e-05
0.00011,0.0004,8.5e-05
9e-05,0.000405,8.5e-05
9.5e-05,0.000405,8.5e-05
0.0001,0.000405,8.5e-05
0.000105,0.000405,8.5e-05
0.00011,0.000405,8.5e-05
9e-05,0.00041,8.5e-05
9.5e-05,0.00041,8.5e-05
0.0001,0.00041,8.5e-05
0.000105,0.00041,8.5e-05
0.00011,0.00041,8.5e-05
9e-05,0.000415,8.5e-05
9.5e-05,0.000415,8.5e-05
0.0001,0.000415,8.5e-05
0.000105,0.000415,8.5e-05
0.00011,0.000415,8.5e-05
9e-05,0.00042,8.5e-05
9.5e-05,0.00042,8.5e-05
0.0001,0.00042,8.5e-05
0.000105,0.00042,8.5e-05
0.00011,0.00042,8.5e-05
9e-05,0.000425,8.5e-05
9.5e-05,0.000425,8.5e-05
0.0001,0.000425,8.5e-05
0.000105,0.000425,8.5e-05
0.00011,0.000425,8.5e-05
0.000115,0.000425,8.5e-05
9e-05,0.00043,8.5e-05
9.5e-05,0.00043,8.5e-05
0.0001,0.00043,8.5e-05
0.000105,0.00043,8.5e-05
0.00011,0.00043,8.5e-05
0.000115,0.00043,8.5e-05
8.5e-05,0.000435,8.5e-05
9e-05,0.000435,8.5e-05
9.5e-05,0.000435,8.5e-05
0.0001,0.000435,8.5e-05
0.000105,0.000435,8.5e-05
0.00011,0.000435,8.5e-05
0.000115,0.000435,8.5e-05
8.5e-05,0.00044,8.5e-05
9e-05,0.00044,8.5e-05
9.5e-05,0.00044,8.5e-05
0.0001,0.00044,8.5e-05
0.000105,0.00044,8.5e-05
0.00011,0.00044,8.5e-05
0.000115,0.00044,8.5e-05
8.5e-05,0.000445,8.5e-05
9e-05,0.000445,8.5e-05
9.5e-05,0.000445,8.5e-05
0.0001,0.000445,8.5e-05
0.000105,0.000445,8.5e-05
0.00011,0.000445,8.5e-05
0.000115,0.000445,8.5e-05
8.5e-05,0.00045,8.5e-05
9e-05,0.00045,8.5e-05
9.5e-05,0.00045,8.5e-05
0.0001,0.00045,8.5e-05
0.000105,0.00045,8.5e-05
0.00011,0.00045,8.5e-05
0.000115,0.00045,8.5e-05
8.5e-05,0.000455,8.5e-05
9e-05,0.000455,8.5e-05
9.5e-05,0.000455,8.5e-05
0.0001,0.000455,8.5e-05
0.000105,0.000455,8.5e-05
0.00011,0.000455,8.5e-05
0.000115,0.000455,8.5e-05
8.5e-05,0.00046,8.5e-05
9e-05,0.00046,8.5e-05
9.5e-05,0.00046,8.5e-05
0.0001,0.00046,8.5e-05
0.000105,0.00046,8.5e-05
0.00011,0.00046,8.5e-05
0.000115,0.00046,8.5e-05
8.5e-05,0.000465,8.5e-05
9e-05,0.000465,8.5e-05
9.5e-05,0.000465,8.5e-05
0.0001,0.000465,8.5e-05
0.000105,0.000465,8.5e-05
0.00011,0.000465,8.5e-05
0.000115,0.000465,8.5e-05
0.00012,0.000465,8.5e-05
8.5e-05,0.00047,8.5e-05
9e-05,0.00047,8.5e-05
9.5e-05,0.00047,8.5e-05
0.0001,0.00047,8.5e-05
0.000105,0.00047,8.5e-05
0.00011,0.00047,8.5e-05
0.000115,0.00047,8.5e-05
0.00012,0.00047,8.5e-05
8e-05,0.000475,8.5e-05
8.5e-05,0.000475,8.5e-05
9e-05,0.000475,8.5e-05
9.5e-05,0.000475,8.5e-05
0.0001,0.000475,8.5e-05
0.000105,0.000475,8.5e-05
0.00011,0.000475,8.5e-05
0.000115,0.000475,8.5e-05
0.00012,0.000475,8.5e-05
8e-05,0.00048,8.5e-05
8.5e-05,0.00048,8.5e-05
9e-05,0.00048,8.5e-05
9.5e-05,0.00048,8.5e-05
0.0001,0.00048,8.5e-05
0.000105,0.00048,8.5e-05
0.00011,0.00048,8.5e-05
0.000115,0.00048,8.5e-05
0.00012,0.00048,8.5e-05
8e-05,0.000485,8.5e-05
8.5e-05,0.000485,8.5e-05
9e-05,0.000485,8.5e-05
9.5e-05,0.000485,8.5e-05
0.0001,0.000485,8.5e-05
0.000105,0.000485,8.5e-05
0.00011,0.000485,8.5e-05
0.000115,0.000485,8.5e-05
0.00012,0.000485,8.5e-05
8e-05,0.00049,8.5e-05
8.5e-05,0.00049,8.5e-05
9e-05,0.00049,8.5e-05
9.5e-05,0.00049,8.5e-05
0.0001,0.00049,8.5e-05
0.000105,0.00049,8.5e-05
0.00011,0.00049,8.5e-05
0.000115,0.00049,8.5e-05
0.00012,0.00049,8.5e-05
8e-05,0.000495,8.5e-05
8.5e-05,0.000495,8.5e-05
9e-05,0.000495,8.5e-05
9.5e-05,0.000495,8.5e-05
0.0001,0.000495,8.5e-05
0.000105,0.000495,8.5e-05
0.00011,0.000495,8.5e-05
0.000115,0.000495,8.5e-05
0.00012,0.000495,8.5e-05
8e-05,0.0005,8.5e-05
8.5e-05,0.0005,8.5e-05
9e-05,0.0005,8.5e-05
9.5e-05,0.0005,8.5e-05
0.0001,0.0005,8.5e-05
0.000105,0.0005,8.5e-05
0.00011,0.0005,8.5e-05
0.000115,0.0005,8.5e-05
0.00012,0.0005,8.5e-05
8.5e-05,0.000505,8.5e-05
9e-05,0.000505,8.5e-05
9.5e-05,0.000505,8.5e-05
0.0001,0.000505,8.5e-05
0.000105,0.000505,8.5e-05
0.00011,0.000505,8.5e-05
0.000115,0.000505,8.5e-05
0.00012,0.000505,8.5e-05
8.5e-05,0.00051,8.5e-05
9e-05,0.00051,8.5e-05
9.5e-05,0.00051,8.5e-05
0.0001,0.00051,8.5e-05
0.000105,0.00051,8.5e-05
0.00011,0.00051,8.5e-05
0.000115,0.00051,8.5e-05
0.00012,0.00051,8.5e-05
8.5e-05,0.000515,8.5e-05
9e-05,0.000515,8.5e-05
9.5e-05,0.000515,8.5e-05
0.0001,0.000515,8.5e-05
0.000105,0.000515,8.5e-05
0.00011,0.000515,8.5e-05
0.000115,0.000515,8.5e-05
0.00012,0.000515,8.5e-05
8.5e-05,0.00052,8.5e-05
9e-05,0.00052,8.5e-05
9.5e-05,0.00052,8.5e-05
0.0001,0.00052,8.5e-05
0.000105,0.00052,8.5e-05
0.00011,0.00052,8.5e-05
0.000115,0.00052,8.5e-05
0.00012,0.00052,8.5e-05
8.5e-05,0.000525,8.5e-05
9e-05,0.000525,8.5e-05
9.5e-05,0.000525,8.5e-05
0.0001,0.000525,8.5e-05
0.000105,0.000525,8.5e-05
0.00011,0.000525,8.5e-05
0.000115,0.000525,8.5e-05
0.00012,0.000525,8.5e-05
9e-05,0.00053,8.5e-05
9.5e-05,0.00053,8.5e-05
0.0001,0.00053,8.5e-05
0.000105,0.00053,8.5e-05
0.00011,0.00053,8.5e-05
0.000115,0.00053,8.5e-05
9e-05,0.000535,8.5e-05
9.5e-05,0.000535,8.5e-05
0.0001,0.000535,8.5e-05
0.000105,0.000535,8.5e-05
0.00011,0.000535,8.5e-05
0.000115,0.000535,8.5e-05
9e-05,0.00054,8.5e-05
9.5e-05,0.00054,8.5e-05
0.0001,0.00054,8.5e-05
0.000105,0.00054,8.5e-05
0.00011,0.00054,8.5e-05
0.000115,0.00054,8.5e-05
9e-05,0.000545,8.5e-05
9.5e-05,0.000545,8.5e-05
0.0001,0.000545,8.5e-05
0.000105,0.000545,8.5e-05
0.00011,0.000545,8.5e-05
9.5e-05,0.00055,8.5e-05
0.0001,0.00055,8.5e-05
0.000105,0.00055,8.5e-05
9.5e-05,0.000555,8.5e-05
0.0001,0.000555,8.5e-05
0.000105,0.000555,8.5e-05
9.5e-05,0.00056,8.5e-05
0.0001,0.00056,8.5e-05
0.000105,0.00056,8.5e-05
9e-05,0.000565,8.5e-05
9.5e-05,0.000565,8.5e-05
0.0001,0.000565,8.5e-05
0.000105,0.000565,8.5e-05
0.00011,0.000565,8.5e-05
9e-05,0.00057,8.5e-05
9.5e-05,0.00057,8.5e-05
0.0001,0.00057,8.5e-05
0.000105,0.00057,8.5e-05
0.00011,0.00057,8.5e-05
0.000115,0.00057,8.5e-05
8.5e-05,0.000575,8.5e-05
9e-05,0.000575,8.5e-05
9.5e-05,0.000575,8.5e-05
0.0001,0.000575,8.5e-05
0.000105,0.000575,8.5e-05
0.00011,0.000575,8.5e-05
0.000115,0.000575,8.5e-05
8.5e-05,0.00058,8.5e-05
9e-05,0.00058,8.5e-05
9.5e-05,0.00058,8.5e-05
0.0001,0.00058,8.5e-05
0.000105,0.00058,8.5e-05
0.00011,0.00058,8.5e-05
0.000115,0.00058,8.5e-05
8.5e-05,0.000585,8.5e-05
9e-05,0.000585,8.5e-05
9.5e-05,0.000585,8.5e-05
0.0001,0.000585,8.5e-05
0.000105,0.000585,8.5e-05
0.00011,0.000585,8.5e-05
0.000115,0.000585,8.5e-05
8.5e-05,0.00059,8.5e-05
9e-05,0.00059,8.5e-05
9.5e-05,0.00059,8.5e-05
0.0001,0.00059,8.5e-05
0.000105,0.00059,8.5e-05
0.00011,0.00059,8.5e-05
0.000115,0.00059,8.5e-05
8.5e-05,0.000595,8.5e-05
9e-05,0.000595,8.5e-05
9.5e-05,0.000595,8.5e-05
0.0001,0.000595,8.5e-05
0.000105,0.000595,8.5e-05
0.00011,0.000595,8.5e-05
0.000115,0.000595,8.5e-05
8.5e-05,0.0006,8.5e-05
9e-05,0.0006,8.5e-05
9.5e-05,0.0006,8.5e-05
0.0001,0.0006,8.5e-05
0.000105,0.0006,8.5e-05
0.00011,0.0006,8.5e-05
0.000115,0.0006,8.5e-05
8.5e-05,0.000605,8.5e-05
9e-05,0.000605,8.5e-05
9.5e-05,0.000605,8.5e-05
0.0001,0.000605,8.5e-05
0.000105,0.000605,8.5e-05
0.00011,0.000605,8.5e-05
8.5e-05,0.00061,8.5e-05
9e-05,0.00061,8.5e-05
9.5e-05,0.00061,8.5e-05
0.0001,0.00061,8.5e-05
0.000105,0.00061,8.5e-05
0.00011,0.00061,8.5e-05
9e-05,0.000615,8.5e-05
9.5e-05,0.000615,8.5e-05
0.0001,0.000615,8.5e-05
0.000105,0.000615,8.5e-05
0.00011,0.000615,8.5e-05
9e-05,0.00062,8.5e-05
9.5e-05,0.00062,8.5e-05
0.0001,0.00062,8.5e-05
0.000105,0.00062,8.5e-05
0.00011,0.00062,8.5e-05
9e-05,0.000625,8.5e-05
9.5e-05,0.000625,8.5e-05
0.0001,0.000625,8.5e-05
0.000105,0.000625,8.5e-05
9e-05,0.00063,8.5e-05
9.5e-05,0.00063,8.5e-05
0.0001,0.00063,8.5e-05
0.000105,0.00063,8.5e-05
9e-05,0.000635,8.5e-05
9.5e-05,0.000635,8.5e-05
0.0001,0.000635,8.5e-05
0.000105,0.000635,8.5e-05
0.00011,0.000635,8.5e-05
9e-05,0.00064,8.5e-05
9.5e-05,0.00064,8.5e-05
0.0001,0.00064,8.5e-05
0.000105,0.00064,8.5e-05
0.00011,0.00064,8.5e-05
9e-05,0.000645,8.5e-05
9.5e-05,0.000645,8.5e-05
0.0001,0.000645,8.5e-05
0.000105,0.000645,8.5e-05
0.00011,0.000645,8.5e-05
9e-05,0.00065,8.5e-05
9.5e-05,0.00065,8.5e-05
0.0001,0.00065,8.5e-05
0.000105,0.00065,8.5e-05
0.00011,0.00065,8.5e-05
9e-05,0.000655,8.5e-05
9.5e-05,0.000655,8.5e-05
0.0001,0.000655,8.5e-05
0.000105,0.000655,8.5e-05
0.00011,0.000655,8.5e-05
9e-05,0.00066,8.5e-05
9.5e-05,0.00066,8.5e-05
0.0001,0.00066,8.5e-05
0.000105,0.00066,8.5e-05
0.00011,0.00066,8.5e-05
9e-05,0.000665,8.5e-05
9.5e-05,0.000665,8.5e-05
0.0001,0.000665,8.5e-05
0.000105,0.000665,8.5e-05
0.00011,0.000665,8.5e-05
0.000115,0.000665,8.5e-05
9e-05,0.00067,8.5e-05
9.5e-05,0.00067,8.5e-05
0.0001,0.00067,8.5e-05
0.000105,0.00067,8.5e-05
0.00011,0.00067,8.5e-05
0.000115,0.00067,8.5e-05
9e-05,0.000675,8.5e-05
9.5e-05,0.000675,8.5e-05
0.0001,0.000675,8.5e-05
0.000105,0.000675,8.5e-05
0.00011,0.000675,8.5e-05
0.000115,0.000675,8.5e-05
9e-05,0.00068,8.5e-05
9.5e-05,0.00068,8.5e-05
0.0001,0.00068,8.5e-05
0.000105,0.00068,8.5e-05
0.00011,0.00068,8.5e-05
0.000115,0.00068,8.5e-05
9e-05,0.000685,8.5e-05
9.5e-05,0.000685,8.5e-05
0.0001,0.000685,8.5e-05
0.000105,0.000685,8.5e-05
0.00011,0.000685,8.5e-05
9e-05,0.00069,8.5e-05
9.5e-05,0.00069,8.5e-05
0.0001,0.00069,8.5e-05
0.000105,0.00069,8.5e-05
0.00011,0.00069,8.5e-05
0.0001,2e-05,9e-05
0.000105,2e-05,9e-05
9e-05,2.5e-05,9e-05
9.5e-05,2.5e-05,9e-05
0.0001,2.5e-05,9e-05
0.000105,2.5e-05,9e-05
0.00011,2.5e-05,9e-05
8.5e-05,3e-05,9e-05
9e-05,3e-05,9e-05
9.5e-05,3e-05,9e-05
0.0001,3e-05,9e-05
0.000105,3e-05,9e-05
0.00011,3e-05,9e-05
0.000115,3e-05,9e-05
8.5e-05,3.5e-05,9e-05
9e-05,3.5e-05,9e-05
9.5e-05,3.5e-05,9e-05
0.0001,3.5e-05,9e-05
0.000105,3.5e-05,9e-05
0.00011,3.5e-05,9e-05
0.000115,3.5e-05,9e-05
8.5e-05,4e-05,9e-05
9e-05,4e-05,9e-05
9.5e-05,4e-05,9e-05
0.0001,4e-05,9e-05
0.000105,4e-05,9e-05
0.00011,4e-05,9e-05
0.000115,4e-05,9e-05
8.5e-05,4.5e-05,9e-05
9e-05,4.5e-05,9e-05
9.5e-05,4.5e-05,9e-05
0.0001,4.5e-05,9e-05
0.000105,4.5e-05,9e-05
0.00011,4.5e-05,9e-05
0.000115,4.5e-05,9e-05
8.5e-05,5e-05,9e-05
9e-05,5e-05,9e-05
9.5e-05,5e-05,9e-05
0.0001,5e-05,9e-05
0.000105,5e-05,9e-05
0.00011,5e-05,9e-05
0.000115,5e-05,9e-05
8.5e-05,5.5e-05,9e-05
9e-05,5.5e-05,9e-05
9.5e-05,5.5e-05,9e-05
0.0001,5.5e-05,9e-05
0.000105,5.5e-05,9e-05
0.00011,5.5e-05,9e-05
0.000115,5.5e-05,9e-05
8.5e-05,6e-05,9e-05
9e-05,6e-05,9e-05
9.5e-05,6e-05,9e-05
0.0001,6e-05,9e-05
0.000105,6e-05,9e-05
0.00011,6e-05,9e-05
0.000115,6e-05,9e-05
0.00012,6e-05,9e-05
8.5e-05,6.5e-05,9e-05
9e-05,6.5e-05,9e-05
9.5e-05,6.5e-05,9e-05
0.0001,6.5e-05,9e-05
0.000105,6.5e-05,9e-05
0.00011,6.5e-05,9e-05
0.000115,6.5e-05,9e-05
0.00012,6.5e-05,9e-05
8.5e-05,7e-05,9e-05
9e-05,7e-05,9e-05
9.5e-05,7e-05,9e-05
0.0001,7e-05,9e-05
0.000105,7e-05,9e-05
0.00011,7e-05,9e-05
0.000115,7e-05,9e-05
0.00012,7e-05,9e-05
8e-05,7.5e-05,9e-05
8.5e-05,7.5e-05,9e-05
9e-05,7.5e-05,9e-05
9.5e-05,7.5e-05,9e-05
0.0001,7.5e-05,9e-05
0.000105,7.5e-05,9e-05
0.00011,7.5e-05,9e-05
0.000115,7.5e-05,9e-05
0.00012,7.5e-05,9e-05
8e-05,8e-05,9e-05
8.5e-05,8e-05,9e-05
9e-05,8e-05,9e-05
9.5e-05,8e-05,9e-05
0.0001,8e-05,9e-05
0.000105,8e-05,9e-05
0.00011,8e-05,9e-05
0.000115,8e-05,9e-05
0.00012,8e-05,9e-05
8e-05,8.5e-05,9e-05
8.5e-05,8.5e-05,9e-05
9e-05,8.5e-05,9e-05
9.5e-05,8.5e-05,9e-05
0.0001,8.5e-05,9e-05
0.000105,8.5e-05,9e-05
0.00011,8.5e-05,9e-05
0.000115,8.5e-05,9e-05
0.00012,8.5e-05,9e-05
8e-05,9e-05,9e-05
8.5e-05,9e-05,9e-05
9e-05,9e-05,9e-05
9.5e-05,9e-05,9e-05
0.0001,9e-05,9e-05
0.000105,9e-05,9e-05
0.00011,9e-05,9e-05
0.000115,9e-05,9e-05
0.00012,9e-05,9e-05
8e-05,9.5e-05,9e-05
8.5e-05,9.5e-05,9e-05
9e-05,9.5e-05,9e-05
9.5e-05,9.5e-05,9e-05
0.0001,9.5e-05,9e-05
0.000105,9.5e-05,9e-05
0.00011,9.5e-05,9e-05
0.000115,9.5e-05,9e-05
0.00012,9.5e-05,9e-05
8e-05,0.0001,9e-05
8.5e-05,0.0001,9e-05
9e-05,0.0001,9e-05
9.5e-05,0.0001,9e-05
0.0001,0.0001,9e-05
0.000105,0.0001,9e-05
0.00011,0.0001,9e-05
0.000115,0.0001,9e-05
0.00012,0.0001,9e-05
8e-05,0.000105,9e-05
8.5e-05,0.000105,9e-05
9e-05,0.000105,9e-05
9.5e-05,0.000105,9e-05
0.0001,0.000105,9e-05
0.000105,0.000105,9e-05
0.00011,0.000105,9e-05
0.000115,0.000105,9e-05
0.00012,0.000105,9e-05
8e-05,0.00011,9e-05
8.5e-05,0.00011,9e-05
9e-05,0.00011,9e-05
9.5e-05,0.00011,9e-05
0.0001,0.00011,9e-05
0.000105,0.00011,9e-05
0.00011,0.00011,9e-05
0.000115,0.00011,9e-05
0.00012,0.00011,9e-05
8e-05,0.000115,9e-05
8.5e-05,0.000115,9e-05
9e-05,0.000115,9e-05
9.5e-05,0.000115,9e-05
0.0001,0.000115,9e-05
0.000105,0.000115,9e-05
0.00011,0.000115,9e-05
0.000115,0.000115,9e-05
0.00012,0.000115,9e-05
8e-05,0.00012,9e-05
8.5e-05,0.00012,9e-05
9e-05,0.00012,9e-05
9.5e-05,0.00012,9e-05
0.0001,0.00012,9e-05
0.000105,0.00012,9e-05
0.00011,0.00012,9e-05
0.000115,0.00012,9e-05
0.00012,0.00012,9e-05
8e-05,0.000125,9e-05
8.5e-05,0.000125,9e-05
9e-05,0.000125,9e-05
9.5e-05,0.000125,9e-05
0.0001,0.000125,9e-05
0.000105,0.000125,9e-05
0.00011,0.000125,9e-05
0.000115,0.000125,9e-05
0.00012,0.000125,9e-05
8e-05,0.00013,9e-05
8.5e-05,0.00013,9e-05
9e-05,0.00013,9e-05
9.5e-05,0.00013,9e-05
0.0001,0.00013,9e-05
0.000105,0.00013,9e-05
0.00011,0.00013,9e-05
0.000115,0.00013,9e-05
0.00012,0.00013,9e-05
8e-05,0.000135,9e-05
8.5e-05,0.000135,9e-05
9e-05,0.000135,9e-05
9.5e-05,0.000135,9e-05
0.0001,0.000135,9e-05
0.000105,0.000135,9e-05
0.00011,0.000135,9e-05
0.000115,0.000135,9e-05
0.00012,0.000135,9e-05
8e-05,0.00014,9e-05
8.5e-05,0.00014,9e-05
9e-05,0.00014,9e-05
9.5e-05,0.00014,9e-05
0.0001,0.00014,9e-05
0.000105,0.00014,9e-05
0.00011,0.00014,9e-05
0.000115,0.00014,9e-05
0.00012,0.00014,9e-05
8e-05,0.000145,9e-05
8.5e-05,0.000145,9e-05
9e-05,0.000145,9e-05
9.5e-05,0.000145,9e-05
0.0001,0.000145,9e-05
0.000105,0.000145,9e-05
0.00011,0.000145,9e-05
0.000115,0.000145,9e-05
0.00012,0.000145,9e-05
8e-05,0.00015,9e-05
8.5e-05,0.00015,9e-05
9e-05,0.00015,9e-05
9.5e-05,0.00015,9e-05
0.0001,0.00015,9e-05
0.000105,0.00015,9e-05
0.00011,0.00015,9e-05
0.000115,0.00015,9e-05
0.00012,0.00015,9e-05
7.5e-05,0.000155,9e-05
8e-05,0.000155,9e-05
8.5e-05,0.000155,9e-05
9e-05,0.000155,9e-05
9.5e-05,0.000155,9e-05
0.0001,0.000155,9e-05
0.000105,0.000155,9e-05
0.00011,0.000155,9e-05
0.000115,0.000155,9e-05
0.00012,0.000155,9e-05
7.5e-05,0.00016,9e-05
8e-05,0.00016,9e-05
8.5e-05,0.00016,9e-05
9e-05,0.00016,9e-05
9.5e-05,0.00016,9e-05
0.0001,0.00016,9e-05
0.000105,0.00016,9e-05
0.00011,0.00016,9e-05
0.000115,0.00016,9e-05
0.00012,0.00016,9e-05
7.5e-05,0.000165,9e-05
8e-05,0.000165,9e-05
8.5e-05,0.000165,9e-05
9e-05,0.000165,9e-05
9.5e-05,0.000165,9e-05
0.0001,0.000165,9e-05
0.000105,0.000165,9e-05
0.00011,0.000165,9e-05
0.000115,0.000165,9e-05
0.00012,0.000165,9e-05
7.5e-05,0.00017,9e-05
8e-05,0.00017,9e-05
8.5e-05,0.00017,9e-05
9e-05,0.00017,9e-05
9.5e-05,0.00017,9e-05
0.0001,0.00017,9e-05
0.000105,0.00017,9e-05
0.00011,0.00017,9e-05
0.000115,0.00017,9e-05
0.00012,0.00017,9e-05
7.5e-05,0.000175,9e-05
8e-05,0.000175,9e-05
8.5e-05,0.000175,9e-05
9e-05,0.000175,9e-05
9.5e-05,0.000175,9e-05
0.0001,0.000175,9e-05
0.000105,0.000175,9e-05
0.00011,0.000175,9e-05
0.000115,0.000175,9e-05
0.00012,0.000175,9e-05
8e-05,0.00018,9e-05
8.5e-05,0.00018,9e-05
9e-05,0.00018,9e-05
9.5e-05,0.00018,9e-05
0.0001,0.00018,9e-05
0.000105,0.00018,9e-05
0.00011,0.00018,9e-05
0.000115,0.00018,9e-05
0.00012,0.00018,9e-05
8e-05,0.000185,9e-05
8.5e-05,0.000185,9e-05
9e-05,0.000185,9e-05
9.5e-05,0.000185,9e-05
0.0001,0.000185,9e-05
0.000105,0.000185,9e-05
0.00011,0.000185,9e-05
0.000115,0.000185,9e-05
0.00012,0.000185,9e-05
8e-05,0.00019,9e-05
8.5e-05,0.00019,9e-05
9e-05,0.00019,9e-05
9.5e-05,0.00019,9e-05
0.0001,0.00019,9e-05
0.000105,0.00019,9e-05
0.00011,0.00019,9e-05
0.000115,0.00019,9e-05
0.00012,0.00019,9e-05
8e-05,0.000195,9e-05
8.5e-05,0.000195,9e-05
9e-05,0.000195,9e-05
9.5e-05,0.000195,9e-05
0.0001,0.000195,9e-05
0.000105,0.000195,9e-05
0.00011,0.000195,9e-05
0.000115,0.000195,9e-05
0.00012,0.000195,9e-05
8e-05,0.0002,9e-05
8.5e-05,0.0002,9e-05
9e-05,0.0002,9e-05
9.5e-05,0.0002,9e-05
0.0001,0.0002,9e-05
0.000105,0.0002,9e-05
0.00011,0.0002,9e-05
0.000115,0.0002,9e-05
0.00012,0.0002,9e-05
8e-05,0.000205,9e-05
8.5e-05,0.000205,9e-05
9e-05,0.000205,9e-05
9.5e-05,0.000205,9e-05
0.0001,0.000205,9e-05
0.000105,0.000205,9e-05
0.00011,0.000205,9e-05
0.000115,0.000205,9e-05
0.00012,0.000205,9e-05
8e-05,0.00021,9e-05
8.5e-05,0.00021,9e-05
9e-05,0.00021,9e-05
9.5e-05,0.00021,9e-05
0.0001,0.00021,9e-05
0.000105,0.00021,9e-05
0.00011,0.00021,9e-05
0.000115,0.00021,9e-05
0.00012,0.00021,9e-05
8e-05,0.000215,9e-05
8.5e-05,0.000215,9e-05
9e-05,0.000215,9e-05
9.5e-05,0.000215,9e-05
0.0001,0.000215,9e-05
0.000105,0.000215,9e-05
0.00011,0.000215,9e-05
0.000115,0.000215,9e-05
0.00012,0.000215,9e-05
8e-05,0.00022,9e-05
8.5e-05,0.00022,9e-05
9e-05,0.00022,9e-05
9.5e-05,0.00022,9e-05
0.0001,0.00022,9e-05
0.000105,0.00022,9e-05
0.00011,0.00022,9e-05
0.000115,0.00022,9e-05
0.00012,0.00022,9e-05
8e-05,0.000225,9e-05
8.5e-05,0.000225,9e-05
9e-05,0.000225,9e-05
9.5e-05,0.000225,9e-05
0.0001,0.000225,9e-05
0.000105,0.000225,9e-05
0.00011,0.000225,9e-05
0.000115,0.000225,9e-05
0.00012,0.000225,9e-05
8e-05,0.00023,9e-05
8.5e-05,0.00023,9e-05
9e-05,0.00023,9e-05
9.5e-05,0.00023,9e-05
0.0001,0.00023,9e-05
0.000105,0.00023,9e-05
0.00011,0.00023,9e-05
0.000115,0.00023,9e-05
0.00012,0.00023,9e-05
8e-05,0.000235,9e-05
8.5e-05,0.000235,9e-05
9e-05,0.000235,9e-05
9.5e-05,0.000235,9e-05
0.0001,0.000235,9e-05
0.000105,0.000235,9e-05
0.00011,0.000235,9e-05
0.000115,0.000235,9e-05
0.00012,0.000235,9e-05
8e-05,0.00024,9e-05
8.5e-05,0.00024,9e-05
9e-05,0.00024,9e-05
9.5e-05,0.00024,9e-05
0.0001,0.00024,9e-05
0.000105,0.00024,9e-05
0.00011,0.00024,9e-05
0.000115,0.00024,9e-05
0.00012,0.00024,9e-05
8e-05,0.000245,9e-05
8.5e-05,0.000245,9e-05
9e-05,0.000245,9e-05
9.5e-05,0.000245,9e-05
0.0001,0.000245,9e-05
0.000105,0.000245,9e-05
0.00011,0.000245,9e-05
0.000115,0.000245,9e-05
0.00012,0.000245,9e-05
8e-05,0.00025,9e-05
8.5e-05,0.00025,9e-05
9e-05,0.00025,9e-05
9.5e-05,0.00025,9e-05
0.0001,0.00025,9e-05
0.000105,0.00025,9e-05
0.00011,0.00025,9e-05
0.000115,0.00025,9e-05
0.00012,0.00025,9e-05
8e-05,0.000255,9e-05
8.5e-05,0.000255,9e-05
9e-05,0.000255,9e-05
9.5e-05,0.000255,9e-05
0.0001,0.000255,9e-05
0.000105,0.000255,9e-05
0.00011,0.000255,9e-05
0.000115,0.000255,9e-05
0.00012,0.000255,9e-05
8e-05,0.00026,9e-05
8.5e-05,0.00026,9e-05
9e-05,0.00026,9e-05
9.5e-05,0.00026,9e-05
0.0001,0.00026,9e-05
0.000105,0.00026,9e-05
0.00011,0.00026,9e-05
0.000115,0.00026,9e-05
0.00012,0.00026,9e-05
8e-05,0.000265,9e-05
8.5e-05,0.000265,9e-05
9e-05,0.000265,9e-05
9.5e-05,0.000265,9e-05
0.0001,0.000265,9e-05
0.000105,0.000265,9e-05
0.00011,0.000265,9e-05
0.000115,0.000265,9e-05
0.00012,0.000265,9e-05
8e-05,0.00027,9e-05
8.5e-05,0.00027,9e-05
9e-05,0.00027,9e-05
9.5e-05,0.00027,9e-05
0.0001,0.00027,9e-05
0.000105,0.00027,9e-05
0.00011,0.00027,9e-05
0.000115,0.00027,9e-05
0.00012,0.00027,9e-05
8e-05,0.000275,9e-05
8.5e-05,0.000275,9e-05
9e-05,0.000275,9e-05
9.5e-05,0.000275,9e-05
0.0001,0.000275,9e-05
0.000105,0.000275,9e-05
0.00011,0.000275,9e-05
0.000115,0.000275,9e-05
0.00012,0.000275,9e-05
8e-05,0.00028,9e-05
8.5e-05,0.00028,9e-05
9e-05,0.00028,9e-05
9.5e-05,0.00028,9e-05
0.0001,0.00028,9e-05
0.000105,0.00028,9e-05
0.00011,0.00028,9e-05
0.000115,0.00028,9e-05
0.00012,0.00028,9e-05
8e-05,0.000285,9e-05
8.5e-05,0.000285,9e-05
9e-05,0.000285,9e-05
9.5e-05,0.000285,9e-05
0.0001,0.000285,9e-05
0.000105,0.000285,9e-05
0.00011,0.000285,9e-05
0.000115,0.000285,9e-05
0.00012,0.000285,9e-05
8e-05,0.00029,9e-05
8.5e-05,0.00029,9e-05
9e-05,0.00029,9e-05
9.5e-05,0.00029,9e-05
0.0001,0.00029,9e-05
0.000105,0.00029,9e-05
0.00011,0.00029,9e-05
0.000115,0.00029,9e-05
0.00012,0.00029,9e-05
8e-05,0.000295,9e-05
8.5e-05,0.000295,9e-05
9e-05,0.000295,9e-05
9.5e-05,0.000295,9e-05
0.0001,0.000295,9e-05
0.000105,0.000295,9e-05
0.00011,0.000295,9e-05
0.000115,0.000295,9e-05
0.00012,0.000295,9e-05
8e-05,0.0003,9e-05
8.5e-05,0.0003,9e-05
9e-05,0.0003,9e-05
9.5e-05,0.0003,9e-05
0.0001,0.0003,9e-05
0.000105,0.0003,9e-05
0.00011,0.0003,9e-05
0.000115,0.0003,9e-05
0.00012,0.0003,9e-05
8e-05,0.000305,9e-05
8.5e-05,0.000305,9e-05
9e-05,0.000305,9e-05
9.5e-05,0.000305,9e-05
0.0001,0.000305,9e-05
0.000105,0.000305,9e-05
0.00011,0.000305,9e-05
0.000115,0.000305,9e-05
0.00012,0.000305,9e-05
8e-05,0.00031,9e-05
8.5e-05,0.00031,9e-05
9e-05,0.00031,9e-05
9.5e-05,0.00031,9e-05
0.0001,0.00031,9e-05
0.000105,0.00031,9e-05
0.00011,0.00031,9e-05
0.000115,0.00031,9e-05
0.00012,0.00031,9e-05
8e-05,0.000315,9e-05
8.5e-05,0.000315,9e-05
9e-05,0.000315,9e-05
9.5e-05,0.000315,9e-05
0.0001,0.000315,9e-05
0.000105,0.000315,9e-05
0.00011,0.000315,9e-05
0.000115,0.000315,9e-05
0.00012,0.000315,9e-05
8e-05,0.00032,9e-05
8.5e-05,0.00032,9e-05
9e-05,0.00032,9e-05
9.5e-05,0.00032,9e-05
0.0001,0.00032,9e-05
0.000105,0.00032,9e-05
0.00011,0.00032,9e-05
0.000115,0.00032,9e-05
0.00012,0.00032,9e-05
8e-05,0.000325,9e-05
8.5e-05,0.000325,9e-05
9e-05,0.000325,9e-05
9.5e-05,0.000325,9e-05
0.0001,0.000325,9e-05
0.000105,0.000325,9e-05
0.00011,0.000325,9e-05
0.000115,0.000325,9e-05
0.00012,0.000325,9e-05
8e-05,0.00033,9e-05
8.5e-05,0.00033,9e-05
9e-05,0.00033,9e-05
9.5e-05,0.00033,9e-05
0.0001,0.00033,9e-05
0.000105,0.00033,9e-05
0.00011,0.00033,9e-05
0.000115,0.00033,9e-05
0.00012,0.00033,9e-05
8e-05,0.000335,9e-05
8.5e-05,0.000335,9e-05
9e-05,0.000335,9e-05
9.5e-05,0.000335,9e-05
0.0001,0.000335,9e-05
0.000105,0.000335,9e-05
0.00011,0.000335,9e-05
0.000115,0.000335,9e-05
0.00012,0.000335,9e-05
8e-05,0.00034,9e-05
8.5e-05,0.00034,9e-05
9e-05,0.00034,9e-05
9.5e-05,0.00034,9e-05
0.0001,0.00034,9e-05
0.000105,0.00034,9e-05
0.00011,0.00034,9e-05
0.000115,0.00034,9e-05
0.00012,0.00034,9e-05
8e-05,0.000345,9e-05
8.5e-05,0.000345,9e-05
9e-05,0.000345,9e-05
9.5e-05,0.000345,9e-05
0.0001,0.000345,9e-05
0.000105,0.000345,9e-05
0.00011,0.000345,9e-05
0.000115,0.000345,9e-05
0.00012,0.000345,9e-05
8e-05,0.00035,9e-05
8.5e-05,0.00035,9e-05
9e-05,0.00035,9e-05
9.5e-05,0.00035,9e-05
0.0001,0.00035,9e-05
0.000105,0.00035,9e-05
0.00011,0.00035,9e-05
0.000115,0.00035,9e-05
0.00012,0.00035,9e-05
8e-05,0.000355,9e-05
8.5e-05,0.000355,9e-05
9e-05,0.000355,9e-05
9.5e-05,0.000355,9e-05
0.0001,0.000355,9e-05
0.000105,0.000355,9e-05
0.00011,0.000355,9e-05
0.000115,0.000355,9e-05
0.00012,0.000355,9e-05
8e-05,0.00036,9e-05
8.5e-05,0.00036,9e-05
9e-05,0.00036,9e-05
9.5e-05,0.00036,9e-05
0.0001,0.00036,9e-05
0.000105,0.00036,9e-05
0.00011,0.00036,9e-05
0.000115,0.00036,9e-05
0.00012,0.00036,9e-05
8e-05,0.000365,9e-05
8.5e-05,0.000365,9e-05
9e-05,0.000365,9e-05
9.5e-05,0.000365,9e-05
0.0001,0.000365,9e-05
0.000105,0.000365,9e-05
0.00011,0.000365,9e-05
0.000115,0.000365,9e-05
0.00012,0.000365,9e-05
8e-05,0.00037,9e-05
8.5e-05,0.00037,9e-05
9e-05,0.00037,9e-05
9.5e-05,0.00037,9e-05
0.0001,0.00037,9e-05
0.000105,0.00037,9e-05
0.00011,0.00037,9e-05
0.000115,0.00037,9e-05
0.00012,0.00037,9e-05
8.5e-05,0.000375,9e-05
9e-05,0.000375,9e-05
9.5e-05,0.000375,9e-05
0.0001,0.000375,9e-05
0.000105,0.000375,9e-05
0.00011,0.000375,9e-05
0.000115,0.000375,9e-05
0.00012,0.000375,9e-05
8.5e-05,0.00038,9e-05
9e-05,0.00038,9e-05
9.5e-05,0.00038,9e-05
0.0001,0.00038,9e-05
0.000105,0.00038,9e-05
0.00011,0.00038,9e-05
0.000115,0.00038,9e-05
0.00012,0.00038,9e-05
8e-05,0.000385,9e-05
8.5e-05,0.000385,9e-05
9e-05,0.000385,9e-05
9.5e-05,0.000385,9e-05
0.0001,0.000385,9e-05
0.000105,0.000385,9e-05
0.00011,0.000385,9e-05
0.000115,0.000385,9e-05
0.00012,0.000385,9e-05
8e-05,0.00039,9e-05
8.5e-05,0.00039,9e-05
9e-05,0.00039,9e-05
9.5e-05,0.00039,9e-05
0.0001,0.00039,9e-05
0.000105,0.00039,9e-05
0.00011,0.00039,9e-05
0.000115,0.00039,9e-05
0.00012,0.00039,9e-05
8e-05,0.000395,9e-05
8.5e-05,0.000395,9e-05
9e-05,0.000395,9e-05
9.5e-05,0.000395,9e-05
0.0001,0.000395,9e-05
0.000105,0.000395,9e-05
0.00011,0.000395,9e-05
0.000115,0.000395,9e-05
0.00012,0.000395,9e-05
8e-05,0.0004,9e-05
8.5e-05,0.0004,9e-05
9e-05,0.0004,9e-05
9.5e-05,0.0004,9e-05
0.0001,0.0004,9e-05
0.000105,0.0004,9e-05
0.00011,0.0004,9e-05
0.000115,0.0004,9e-05
0.00012,0.0004,9e-05
8e-05,0.000405,9e-05
8.5e-05,0.000405,9e-05
9e-05,0.000405,9e-05
9.5e-05,0.000405,9e-05
0.0001,0.000405,9e-05
0.000105,0.000405,9e-05
0.00011,0.000405,9e-05
0.000115,0.000405,9e-05
0.00012,0.000405,9e-05
8e-05,0.00041,9e-05
8.5e-05,0.00041,9e-05
9e-05,0.00041,9e-05
9.5e-05,0.00041,9e-05
0.0001,0.00041,9e-05
0.000105,0.00041,9e-05
0.00011,0.00041,9e-05
0.000115,0.00041,9e-05
0.00012,0.00041,9e-05
8e-05,0.000415,9e-05
8.5e-05,0.000415,9e-05
9e-05,0.000415,9e-05
9.5e-05,0.000415,9e-05
0.0001,0.000415,9e-05
0.000105,0.000415,9e-05
0.00011,0.000415,9e-05
0.000115,0.000415,9e-05
0.00012,0.000415,9e-05
8e-05,0.00042,9e-05
8.5e-05,0.00042,9e-05
9e-05,0.00042,9e-05
9.5e-05,0.00042,9e-05
0.0001,0.00042,9e-05
0.000105,0.00042,9e-05
0.00011,0.00042,9e-05
0.000115,0.00042,9e-05
0.00012,0.00042,9e-05
8e-05,0.000425,9e-05
8.5e-05,0.000425,9e-05
9e-05,0.000425,9e-05
9.5e-05,0.000425,9e-05
0.0001,0.000425,9e-05
0.000105,0.000425,9e-05
0.00011,0.000425,9e-05
0.000115,0.000425,9e-05
0.00012,0.000425,9e-05
8e-05,0.00043,9e-05
8.5e-05,0.00043,9e-05
9e-05,0.00043,9e-05
9.5e-05,0.00043,9e-05
0.0001,0.00043,9e-05
0.000105,0.00043,9e-05
0.00011,0.00043,9e-05
0.000115,0.00043,9e-05
0.00012,0.00043,9e-05
8e-05,0.000435,9e-05
8.5e-05,0.000435,9e-05
9e-05,0.000435,9e-05
9.5e-05,0.000435,9e-05
0.0001,0.000435,9e-05
0.000105,0.000435,9e-05
0.00011,0.000435,9e-05
0.000115,0.000435,9e-05
0.00012,0.000435,9e-05
8e-05,0.00044,9e-05
8.5e-05,0.00044,9e-05
9e-05,0.00044,9e-05
9.5e-05,0.00044,9e-05
0.0001,0.00044,9e-05
0.000105,0.00044,9e-05
0.00011,0.00044,9e-05
0.000115,0.00044,9e-05
0.00012,0.00044,9e-05
8e-05,0.000445,9e-05
8.5e-05,0.000445,9e-05
9e-05,0.000445,9e-05
9.5e-05,0.000445,9e-05
0.0001,0.000445,9e-05
0.000105,0.000445,9e-05
0.00011,0.000445,9e-05
0.000115,0.000445,9e-05
0.00012,0.000445,9e-05
8e-05,0.00045,9e-05
8.5e-05,0.00045,9e-05
9e-05,0.00045,9e-05
9.5e-05,0.00045,9e-05
0.0001,0.00045,9e-05
0.000105,0.00045,9e-05
0.00011,0.00045,9e-05
0.000115,0.00045,9e-05
0.00012,0.00045,9e-05
8e-05,0.000455,9e-05
8.5e-05,0.000455,9e-05
9e-05,0.000455,9e-05
9.5e-05,0.000455,9e-05
0.0001,0.000455,9e-05
0.000105,0.000455,9e-05
0.00011,0.000455,9e-05
0.000115,0.000455,9e-05
0.00012,0.000455,9e-05
8e-05,0.00046,9e-05
8.5e-05,0.00046,9e-05
9e-05,0.00046,9e-05
9.5e-05,0.00046,9e-05
0.0001,0.00046,9e-05
0.000105,0.00046,9e-05
0.00011,0.00046,9e-05
0.000115,0.00046,9e-05
0.00012,0.00046,9e-05
8e-05,0.000465,9e-05
8.5e-05,0.000465,9e-05
9e-05,0.000465,9e-05
9.5e-05,0.000465,9e-05
0.0001,0.000465,9e-05
0.000105,0.000465,9e-05
0.00011,0.000465,9e-05
0.000115,0.000465,9e-05
0.00012,0.000465,9e-05
8e-05,0.00047,9e-05
8.5e-05,0.00047,9e-05
9e-05,0.00047,9e-05
9.5e-05,0.00047,9e-05
0.0001,0.00047,9e-05
0.000105,0.00047,9e-05
0.00011,0.00047,9e-05
0.000115,0.00047,9e-05
0.00012,0.00047,9e-05
0.000125,0.00047,9e-05
8e-05,0.000475,9e-05
8.5e-05,0.000475,9e-05
9e-05,0.000475,9e-05
9.5e-05,0.000475,9e-05
0.0001,0.000475,9e-05
0.000105,0.000475,9e-05
0.00011,0.000475,9e-05
0.000115,0.000475,9e-05
0.00012,0.000475,9e-05
0.000125,0.000475,9e-05
8e-05,0.00048,9e-05
8.5e-05,0.00048,9e-05
9e-05,0.00048,9e-05
9.5e-05,0.00048,9e-05
0.0001,0.00048,9e-05
0.000105,0.00048,9e-05
0.00011,0.00048,9e-05
0.000115,0.00048,9e-05
0.00012,0.00048,9e-05
0.000125,0.00048,9e-05
8e-05,0.000485,9e-05
8.5e-05,0.000485,9e-05
9e-05,0.000485,9e-05
9.5e-05,0.000485,9e-05
0.0001,0.000485,9e-05
0.000105,0.000485,9e-05
0.00011,0.000485,9e-05
0.000115,0.000485,9e-05
0.00012,0.000485,9e-05
0.000125,0.000485,9e-05
8e-05,0.00049,9e-05
8.5e-05,0.00049,9e-05
9e-05,0.00049,9e-05
9.5e-05,0.00049,9e-05
0.0001,0.00049,9e-05
0.000105,0.00049,9e-05
0.00011,0.00049,9e-05
0.000115,0.00049,9e-05
0.00012,0.00049,9e-05
0.000125,0.00049,9e-05
8e-05,0.000495,9e-05
8.5e-05,0.000495,9e-05
9e-05,0.000495,9e-05
9.5e-05,0.000495,9e-05
0.0001,0.000495,9e-05
0.000105,0.000495,9e-05
0.00011,0.000495,9e-05
0.000115,0.000495,9e-05
0.00012,0.000495,9e-05
0.000125,0.000495,9e-05
8e-05,0.0005,9e-05
8.5e-05,0.0005,9e-05
9e-05,0.0005,9e-05
9.5e-05,0.0005,9e-05
0.0001,0.0005,9e-05
0.000105,0.0005,9e-05
0.00011,0.0005,9e-05
0.000115,0.0005,9e-05
0.00012,0.0005,9e-05
0.000125,0.0005,9e-05
8e-05,0.000505,9e-05
8.5e-05,0.000505,9e-05
9e-05,0.000505,9e-05
9.5e-05,0.000505,9e-05
0.0001,0.000505,9e-05
0.000105,0.000505,9e-05
0.00011,0.000505,9e-05
0.000115,0.000505,9e-05
0.00012,0.000505,9e-05
0.000125,0.000505,9e-05
8e-05,0.00051,9e-05
8.5e-05,0.00051,9e-05
9e-05,0.00051,9e-05
9.5e-05,0.00051,9e-05
0.0001,0.00051,9e-05
0.000105,0.00051,9e-05
0.00011,0.00051,9e-05
0.000115,0.00051,9e-05
0.00012,0.00051,9e-05
0.000125,0.00051,9e-05
8e-05,0.000515,9e-05
8.5e-05,0.000515,9e-05
9e-05,0.000515,9e-05
9.5e-05,0.000515,9e-05
0.0001,0.000515,9e-05
0.000105,0.000515,9e-05
0.00011,0.000515,9e-05
0.000115,0.000515,9e-05
0.00012,0.000515,9e-05
0.000125,0.000515,9e-05
8e-05,0.00052,9e-05
8.5e-05,0.00052,9e-05
9e-05,0.00052,9e-05
9.5e-05,0.00052,9e-05
0.0001,0.00052,9e-05
0.000105,0.00052,9e-05
0.00011,0.00052,9e-05
0.000115,0.00052,9e-05
0.00012,0.00052,9e-05
0.000125,0.00052,9e-05
8e-05,0.000525,9e-05
8.5e-05,0.000525,9e-05
9e-05,0.000525,9e-05
9.5e-05,0.000525,9e-05
0.0001,0.000525,9e-05
0.000105,0.000525,9e-05
0.00011,0.000525,9e-05
0.000115,0.000525,9e-05
0.00012,0.000525,9e-05
8.5e-05,0.00053,9e-05
9e-05,0.00053,9e-05
9.5e-05,0.00053,9e-05
0.0001,0.00053,9e-05
0.000105,0.00053,9e-05
0.00011,0.00053,9e-05
0.000115,0.00053,9e-05
0.00012,0.00053,9e-05
8.5e-05,0.000535,9e-05
9e-05,0.000535,9e-05
9.5e-05,0.000535,9e-05
0.0001,0.000535,9e-05
0.000105,0.000535,9e-05
0.00011,0.000535,9e-05
0.000115,0.000535,9e-05
0.00012,0.000535,9e-05
8.5e-05,0.00054,9e-05
9e-05,0.00054,9e-05
9.5e-05,0.00054,9e-05
0.0001,0.00054,9e-05
0.000105,0.00054,9e-05
0.00011,0.00054,9e-05
0.000115,0.00054,9e-05
0.00012,0.00054,9e-05
8.5e-05,0.000545,9e-05
9e-05,0.000545,9e-05
9.5e-05,0.000545,9e-05
0.0001,0.000545,9e-05
0.000105,0.000545,9e-05
0.00011,0.000545,9e-05
0.000115,0.000545,9e-05
0.00012,0.000545,9e-05
8.5e-05,0.00055,9e-05
9e-05,0.00055,9e-05
9.5e-05,0.00055,9e-05
0.0001,0.00055,9e-05
0.000105,0.00055,9e-05
0.00011,0.00055,9e-05
0.000115,0.00055,9e-05
8.5e-05,0.000555,9e-05
9e-05,0.000555,9e-05
9.5e-05,0.000555,9e-05
0.0001,0.000555,9e-05
0.000105,0.000555,9e-05
0.00011,0.000555,9e-05
0.000115,0.000555,9e-05
8.5e-05,0.00056,9e-05
9e-05,0.00056,9e-05
9.5e-05,0.00056,9e-05
0.0001,0.00056,9e-05
0.000105,0.00056,9e-05
0.00011,0.00056,9e-05
0.000115,0.00056,9e-05
8.5e-05,0.000565,9e-05
9e-05,0.000565,9e-05
9.5e-05,0.000565,9e-05
0.0001,0.000565,9e-05
0.000105,0.000565,9e-05
0.00011,0.000565,9e-05
0.000115,0.000565,9e-05
0.00012,0.000565,9e-05
8e-05,0.00057,9e-05
8.5e-05,0.00057,9e-05
9e-05,0.00057,9e-05
9.5e-05,0.00057,9e-05
0.0001,0.00057,9e-05
0.000105,0.00057,9e-05
0.00011,0.00057,9e-05
0.000115,0.00057,9e-05
0.00012,0.00057,9e-05
8e-05,0.000575,9e-05
8.5e-05,0.000575,9e-05
9e-05,0.000575,9e-05
9.5e-05,0.000575,9e-05
0.0001,0.000575,9e-05
0.000105,0.000575,9e-05
0.00011,0.000575,9e-05
0.000115,0.000575,9e-05
0.00012,0.000575,9e-05
8e-05,0.00058,9e-05
8.5e-05,0.00058,9e-05
9e-05,0.00058,9e-05
9.5e-05,0.00058,9e-05
0.0001,0.00058,9e-05
0.000105,0.00058,9e-05
0.00011,0.00058,9e-05
0.000115,0.00058,9e-05
0.00012,0.00058,9e-05
8e-05,0.000585,9e-05
8.5e-05,0.000585,9e-05
9e-05,0.000585,9e-05
9.5e-05,0.000585,9e-05
0.0001,0.000585,9e-05
0.000105,0.000585,9e-05
0.00011,0.000585,9e-05
0.000115,0.000585,9e-05
0.00012,0.000585,9e-05
8e-05,0.00059,9e-05
8.5e-05,0.00059,9e-05
9e-05,0.00059,9e-05
9.5e-05,0.00059,9e-05
0.0001,0.00059,9e-05
0.000105,0.00059,9e-05
0.00011,0.00059,9e-05
0.000115,0.00059,9e-05
0.00012,0.00059,9e-05
8e-05,0.000595,9e-05
8.5e-05,0.000595,9e-05
9e-05,0.000595,9e-05
9.5e-05,0.000595,9e-05
0.0001,0.000595,9e-05
0.000105,0.000595,9e-05
0.00011,0.000595,9e-05
0.000115,0.000595,9e-05
0.00012,0.000595,9e-05
8e-05,0.0006,9e-05
8.5e-05,0.0006,9e-05
9e-05,0.0006,9e-05
9.5e-05,0.0006,9e-05
0.0001,0.0006,9e-05
0.000105,0.0006,9e-05
0.00011,0.0006,9e-05
0.000115,0.0006,9e-05
0.00012,0.0006,9e-05
8e-05,0.000605,9e-05
8.5e-05,0.000605,9e-05
9e-05,0.000605,9e-05
9.5e-05,0.000605,9e-05
0.0001,0.000605,9e-05
0.000105,0.000605,9e-05
0.00011,0.000605,9e-05
0.000115,0.000605,9e-05
0.00012,0.000605,9e-05
8e-05,0.00061,9e-05
8.5e-05,0.00061,9e-05
9e-05,0.00061,9e-05
9.5e-05,0.00061,9e-05
0.0001,0.00061,9e-05
0.000105,0.00061,9e-05
0.00011,0.00061,9e-05
0.000115,0.00061,9e-05
8e-05,0.000615,9e-05
8.5e-05,0.000615,9e-05
9e-05,0.000615,9e-05
9.5e-05,0.000615,9e-05
0.0001,0.000615,9e-05
0.000105,0.000615,9e-05
0.00011,0.000615,9e-05
0.000115,0.000615,9e-05
8e-05,0.00062,9e-05
8.5e-05,0.00062,9e-05
9e-05,0.00062,9e-05
9.5e-05,0.00062,9e-05
0.0001,0.00062,9e-05
0.000105,0.00062,9e-05
0.00011,0.00062,9e-05
0.000115,0.00062,9e-05
8e-05,0.000625,9e-05
8.5e-05,0.000625,9e-05
9e-05,0.000625,9e-05
9.5e-05,0.000625,9e-05
0.0001,0.000625,9e-05
0.000105,0.000625,9e-05
0.00011,0.000625,9e-05
0.000115,0.000625,9e-05
8e-05,0.00063,9e-05
8.5e-05,0.00063,9e-05
9e-05,0.00063,9e-05
9.5e-05,0.00063,9e-05
0.0001,0.00063,9e-05
0.000105,0.00063,9e-05
0.00011,0.00063,9e-05
0.000115,0.00063,9e-05
8e-05,0.000635,9e-05
8.5e-05,0.000635,9e-05
9e-05,0.000635,9e-05
9.5e-05,0.000635,9e-05
0.0001,0.000635,9e-05
0.000105,0.000635,9e-05
0.00011,0.000635,9e-05
0.000115,0.000635,9e-05
8.5e-05,0.00064,9e-05
9e-05,0.00064,9e-05
9.5e-05,0.00064,9e-05
0.0001,0.00064,9e-05
0.000105,0.00064,9e-05
0.00011,0.00064,9e-05
0.000115,0.00064,9e-05
8.5e-05,0.000645,9e-05
9e-05,0.000645,9e-05
9.5e-05,0.000645,9e-05
0.0001,0.000645,9e-05
0.000105,0.000645,9e-05
0.00011,0.000645,9e-05
0.000115,0.000645,9e-05
8.5e-05,0.00065,9e-05
9e-05,0.00065,9e-05
9.5e-05,0.00065,9e-05
0.0001,0.00065,9e-05
0.000105,0.00065,9e-05
0.00011,0.00065,9e-05
0.000115,0.00065,9e-05
0.00012,0.00065,9e-05
8.5e-05,0.000655,9e-05
9e-05,0.000655,9e-05
9.5e-05,0.000655,9e-05
0.0001,0.000655,9e-05
0.000105,0.000655,9e-05
0.00011,0.000655,9e-05
0.000115,0.000655,9e-05
0.00012,0.000655,9e-05
8.5e-05,0.00066,9e-05
9e-05,0.00066,9e-05
9.5e-05,0.00066,9e-05
0.0001,0.00066,9e-05
0.000105,0.00066,9e-05
0.00011,0.00066,9e-05
0.000115,0.00066,9e-05
0.00012,0.00066,9e-05
8.5e-05,0.000665,9e-05
9e-05,0.000665,9e-05
9.5e-05,0.000665,9e-05
0.0001,0.000665,9e-05
0.000105,0.000665,9e-05
0.00011,0.000665,9e-05
0.000115,0.000665,9e-05
0.00012,0.000665,9e-05
8.5e-05,0.00067,9e-05
9e-05,0.00067,9e-05
9.5e-05,0.00067,9e-05
0.0001,0.00067,9e-05
0.000105,0.00067,9e-05
0.00011,0.00067,9e-05
0.000115,0.00067,9e-05
0.00012,0.00067,9e-05
8.5e-05,0.000675,9e-05
9e-05,0.000675,9e-05
9.5e-05,0.000675,9e-05
0.0001,0.000675,9e-05
0.000105,0.000675,9e-05
0.00011,0.000675,9e-05
0.000115,0.000675,9e-05
0.00012,0.000675,9e-05
8.5e-05,0.00068,9e-05
9e-05,0.00068,9e-05
9.5e-05,0.00068,9e-05
0.0001,0.00068,9e-05
0.000105,0.00068,9e-05
0.00011,0.00068,9e-05
0.000115,0.00068,9e-05
0.00012,0.00068,9e-05
8.5e-05,0.000685,9e-05
9e-05,0.000685,9e-05
9.5e-05,0.000685,9e-05
0.0001,0.000685,9e-05
0.000105,0.000685,9e-05
0.00011,0.000685,9e-05
0.000115,0.000685,9e-05
8.5e-05,0.00069,9e-05
9e-05,0.00069,9e-05
9.5e-05,0.00069,9e-05
0.0001,0.00069,9e-05
0.000105,0.00069,9e-05
0.00011,0.00069,9e-05
0.000115,0.00069,9e-05
9e-05,0.000695,9e-05
9.5e-05,0.000695,9e-05
0.0001,0.000695,9e-05
0.000105,0.000695,9e-05
0.00011,0.000695,9e-05
0.000115,0.000695,9e-05
9.5e-05,0.0007,9e-05
0.0001,0.0007,9e-05
0.000105,0.0007,9e-05
0.00011,0.0007,9e-05
8.5e-05,1.5e-05,9.5e-05
9e-05,1.5e-05,9.5e-05
0.0001,1.5e-05,9.5e-05
0.000105,1.5e-05,9.5e-05
8.5e-05,2e-05,9.5e-05
9e-05,2e-05,9.5e-05
9.5e-05,2e-05,9.5e-05
0.0001,2e-05,9.5e-05
0.000105,2e-05,9.5e-05
0.00011,2e-05,9.5e-05
0.000115,2e-05,9.5e-05
8.5e-05,2.5e-05,9.5e-05
9e-05,2.5e-05,9.5e-05
9.5e-05,2.5e-05,9.5e-05
0.0001,2.5e-05,9.5e-05
0.000105,2.5e-05,9.5e-05
0.00011,2.5e-05,9.5e-05
0.000115,2.5e-05,9.5e-05
0.00012,2.5e-05,9.5e-05
8e-05,3e-05,9.5e-05
8.5e-05,3e-05,9.5e-05
9e-05,3e-05,9.5e-05
9.5e-05,3e-05,9.5e-05
0.0001,3e-05,9.5e-05
0.000105,3e-05,9.5e-05
0.00011,3e-05,9.5e-05
0.000115,3e-05,9.5e-05
0.00012,3e-05,9.5e-05
8e-05,3.5e-05,9.5e-05
8.5e-05,3.5e-05,9.5e-05
9e-05,3.5e-05,9.5e-05
9.5e-05,3.5e-05,9.5e-05
0.0001,3.5e-05,9.5e-05
0.000105,3.5e-05,9.5e-05
0.00011,3.5e-05,9.5e-05
0.000115,3.5e-05,9.5e-05
0.00012,3.5e-05,9.5e-05
8e-05,4e-05,9.5e-05
8.5e-05,4e-05,9.5e-05
9e-05,4e-05,9.5e-05
9.5e-05,4e-05,9.5e-05
0.0001,4e-05,9.5e-05
0.000105,4e-05,9.5e-05
0.00011,4e-05,9.5e-05
0.000115,4e-05,9.5e-05
0.00012,4e-05,9.5e-05
8e-05,4.5e-05,9.5e-05
8.5e-05,4.5e-05,9.5e-05
9e-05,4.5e-05,9.5e-05
9.5e-05,4.5e-05,9.5e-05
0.0001,4.5e-05,9.5e-05
0.000105,4.5e-05,9.5e-05
0.00011,4.5e-05,9.5e-05
0.000115,4.5e-05,9.5e-05
0.00012,4.5e-05,9.5e-05
8e-05,5e-05,9.5e-05
8.5e-05,5e-05,9.5e-05
9e-05,5e-05,9.5e-05
9.5e-05,5e-05,9.5e-05
0.0001,5e-05,9.5e-05
0.000105,5e-05,9.5e-05
0.00011,5e-05,9.5e-05
0.000115,5e-05,9.5e-05
0.00012,5e-05,9.5e-05
8e-05,5.5e-05,9.5e-05
8.5e-05,5.5e-05,9.5e-05
9e-05,5.5e-05,9.5e-05
9.5e-05,5.5e-05,9.5e-05
0.0001,5.5e-05,9.5e-05
0.000105,5.5e-05,9.5e-05
0.00011,5.5e-05,9.5e-05
0.000115,5.5e-05,9.5e-05
0.00012,5.5e-05,9.5e-05
8e-05,6e-05,9.5e-05
8.5e-05,6e-05,9.5e-05
9e-05,6e-05,9.5e-05
9.5e-05,6e-05,9.5e-05
0.0001,6e-05,9.5e-05
0.000105,6e-05,9.5e-05
0.00011,6e-05,9.5e-05
0.000115,6e-05,9.5e-05
0.00012,6e-05,9.5e-05
8e-05,6.5e-05,9.5e-05
8.5e-05,6.5e-05,9.5e-05
9e-05,6.5e-05,9.5e-05
9.5e-05,6.5e-05,9.5e-05
0.0001,6.5e-05,9.5e-05
0.000105,6.5e-05,9.5e-05
0.00011,6.5e-05,9.5e-05
0.000115,6.5e-05,9.5e-05
0.00012,6.5e-05,9.5e-05
8e-05,7e-05,9.5e-05
8.5e-05,7e-05,9.5e-05
9e-05,7e-05,9.5e-05
9.5e-05,7e-05,9.5e-05
0.0001,7e-05,9.5e-05
0.000105,7e-05,9.5e-05
0.00011,7e-05,9.5e-05
0.000115,7e-05,9.5e-05
0.00012,7e-05,9.5e-05
0.000125,7e-05,9.5e-05
8e-05,7.5e-05,9.5e-05
8.5e-05,7.5e-05,9.5e-05
9e-05,7.5e-05,9.5e-05
9.5e-05,7.5e-05,9.5e-05
0.0001,7.5e-05,9.5e-05
0.000105,7.5e-05,9.5e-05
0.00011,7.5e-05,9.5e-05
0.000115,7.5e-05,9.5e-05
0.00012,7.5e-05,9.5e-05
0.000125,7.5e-05,9.5e-05
8e-05,8e-05,9.5e-05
8.5e-05,8e-05,9.5e-05
9e-05,8e-05,9.5e-05
9.5e-05,8e-05,9.5e-05
0.0001,8e-05,9.5e-05
0.000105,8e-05,9.5e-05
0.00011,8e-05,9.5e-05
0.000115,8e-05,9.5e-05
0.00012,8e-05,9.5e-05
0.000125,8e-05,9.5e-05
8e-05,8.5e-05,9.5e-05
8.5e-05,8.5e-05,9.5e-05
9e-05,8.5e-05,9.5e-05
9.5e-05,8.5e-05,9.5e-05
0.0001,8.5e-05,9.5e-05
0.000105,8.5e-05,9.5e-05
0.00011,8.5e-05,9.5e-05
0.000115,8.5e-05,9.5e-05
0.00012,8.5e-05,9.5e-05
0.000125,8.5e-05,9.5e-05
8e-05,9e-05,9.5e-05
8.5e-05,9e-05,9.5e-05
9e-05,9e-05,9.5e-05
9.5e-05,9e-05,9.5e-05
0.0001,9e-05,9.5e-05
0.000105,9e-05,9.5e-05
0.00011,9e-05,9.5e-05
0.000115,9e-05,9.5e-05
0.00012,9e-05,9.5e-05
0.000125,9e-05,9.5e-05
8e-05,9.5e-05,9.5e-05
8.5e-05,9.5e-05,9.5e-05
9e-05,9.5e-05,9.5e-05
9.5e-05,9.5e-05,9.5e-05
0.0001,9.5e-05,9.5e-05
0.000105,9.5e-05,9.5e-05
0.00011,9.5e-05,9.5e-05
0.000115,9.5e-05,9.5e-05
0.00012,9.5e-05,9.5e-05
0.000125,9.5e-05,9.5e-05
8e-05,0.0001,9.5e-05
8.5e-05,0.0001,9.5e-05
9e-05,0.0001,9.5e-05
9.5e-05,0.0001,9.5e-05
0.0001,0.0001,9.5e-05
0.000105,0.0001,9.5e-05
0.00011,0.0001,9.5e-05
0.000115,0.0001,9.5e-05
0.00012,0.0001,9.5e-05
0.000125,0.0001,9.5e-05
7.5e-05,0.000105,9.5e-05
8e-05,0.000105,9.5e-05
8.5e-05,0.000105,9.5e-05
9e-05,0.000105,9.5e-05
9.5e-05,0.000105,9.5e-05
0.0001,0.000105,9.5e-05
0.000105,0.000105,9.5e-05
0.00011,0.000105,9.5e-05
0.000115,0.000105,9.5e-05
0.00012,0.000105,9.5e-05
0.000125,0.000105,9.5e-05
7.5e-05,0.00011,9.5e-05
8e-05,0.00011,9.5e-05
8.5e-05,0.00011,9.5e-05
9e-05,0.00011,9.5e-05
9.5e-05,0.00011,9.5e-05
0.0001,0.00011,9.5e-05
0.000105,0.00011,9.5e-05
0.00011,0.00011,9.5e-05
0.000115,0.00011,9.5e-05
0.00012,0.00011,9.5e-05
0.000125,0.00011,9.5e-05
8e-05,0.000115,9.5e-05
8.5e-05,0.000115,9.5e-05
9e-05,0.000115,9.5e-05
9.5e-05,0.000115,9.5e-05
0.0001,0.000115,9.5e-05
0.000105,0.000115,9.5e-05
0.00011,0.000115,9.5e-05
0.000115,0.000115,9.5e-05
0.00012,0.000115,9.5e-05
0.000125,0.000115,9.5e-05
8e-05,0.00012,9.5e-05
8.5e-05,0.00012,9.5e-05
9e-05,0.00012,9.5e-05
9.5e-05,0.00012,9.5e-05
0.0001,0.00012,9.5e-05
0.000105,0.00012,9.5e-05
0.00011,0.00012,9.5e-05
0.000115,0.00012,9.5e-05
0.00012,0.00012,9.5e-05
0.000125,0.00012,9.5e-05
8e-05,0.000125,9.5e-05
8.5e-05,0.000125,9.5e-05
9e-05,0.000125,9.5e-05
9.5e-05,0.000125,9.5e-05
0.0001,0.000125,9.5e-05
0.000105,0.000125,9.5e-05
0.00011,0.000125,9.5e-05
0.000115,0.000125,9.5e-05
0.00012,0.000125,9.5e-05
7.5e-05,0.00013,9.5e-05
8e-05,0.00013,9.5e-05
8.5e-05,0.00013,9.5e-05
9e-05,0.00013,9.5e-05
9.5e-05,0.00013,9.5e-05
0.0001,0.00013,9.5e-05
0.000105,0.00013,9.5e-05
0.00011,0.00013,9.5e-05
0.000115,0.00013,9.5e-05
0.00012,0.00013,9.5e-05
7.5e-05,0.000135,9.5e-05
8e-05,0.000135,9.5e-05
8.5e-05,0.000135,9.5e-05
9e-05,0.000135,9.5e-05
9.5e-05,0.000135,9.5e-05
0.0001,0.000135,9.5e-05
0.000105,0.000135,9.5e-05
0.00011,0.000135,9.5e-05
0.000115,0.000135,9.5e-05
0.00012,0.000135,9.5e-05
0.000125,0.000135,9.5e-05
7.5e-05,0.00014,9.5e-05
8e-05,0.00014,9.5e-05
8.5e-05,0.00014,9.5e-05
9e-05,0.00014,9.5e-05
9.5e-05,0.00014,9.5e-05
0.0001,0.00014,9.5e-05
0.000105,0.00014,9.5e-05
0.00011,0.00014,9.5e-05
0.000115,0.00014,9.5e-05
0.00012,0.00014,9.5e-05
0.000125,0.00014,9.5e-05
7.5e-05,0.000145,9.5e-05
8e-05,0.000145,9.5e-05
8.5e-05,0.000145,9.5e-05
9e-05,0.000145,9.5e-05
9.5e-05,0.000145,9.5e-05
0.0001,0.000145,9.5e-05
0.000105,0.000145,9.5e-05
0.00011,0.000145,9.5e-05
0.000115,0.000145,9.5e-05
0.00012,0.000145,9.5e-05
0.000125,0.000145,9.5e-05
7.5e-05,0.00015,9.5e-05
8e-05,0.00015,9.5e-05
8.5e-05,0.00015,9.5e-05
9e-05,0.00015,9.5e-05
9.5e-05,0.00015,9.5e-05
0.0001,0.00015,9.5e-05
0.000105,0.00015,9.5e-05
0.00011,0.00015,9.5e-05
0.000115,0.00015,9.5e-05
0.00012,0.00015,9.5e-05
0.000125,0.00015,9.5e-05
7.5e-05,0.000155,9.5e-05
8e-05,0.000155,9.5e-05
8.5e-05,0.000155,9.5e-05
9e-05,0.000155,9.5e-05
9.5e-05,0.000155,9.5e-05
0.0001,0.000155,9.5e-05
0.000105,0.000155,9.5e-05
0.00011,0.000155,9.5e-05
0.000115,0.000155,9.5e-05
0.00012,0.000155,9.5e-05
0.000125,0.000155,9.5e-05
7.5e-05,0.00016,9.5e-05
8e-05,0.00016,9.5e-05
8.5e-05,0.00016,9.5e-05
9e-05,0.00016,9.5e-05
9.5e-05,0.00016,9.5e-05
0.0001,0.00016,9.5e-05
0.000105,0.00016,9.5e-05
0.00011,0.00016,9.5e-05
0.000115,0.00016,9.5e-05
0.00012,0.00016,9.5e-05
0.000125,0.00016,9.5e-05
7.5e-05,0.000165,9.5e-05
8e-05,0.000165,9.5e-05
8.5e-05,0.000165,9.5e-05
9e-05,0.000165,9.5e-05
9.5e-05,0.000165,9.5e-05
0.0001,0.000165,9.5e-05
0.000105,0.000165,9.5e-05
0.00011,0.000165,9.5e-05
0.000115,0.000165,9.5e-05
0.00012,0.000165,9.5e-05
0.000125,0.000165,9.5e-05
7.5e-05,0.00017,9.5e-05
8e-05,0.00017,9.5e-05
8.5e-05,0.00017,9.5e-05
9e-05,0.00017,9.5e-05
9.5e-05,0.00017,9.5e-05
0.0001,0.00017,9.5e-05
0.000105,0.00017,9.5e-05
0.00011,0.00017,9.5e-05
0.000115,0.00017,9.5e-05
0.00012,0.00017,9.5e-05
0.000125,0.00017,9.5e-05
7.5e-05,0.000175,9.5e-05
8e-05,0.000175,9.5e-05
8.5e-05,0.000175,9.5e-05
9e-05,0.000175,9.5e-05
9.5e-05,0.000175,9.5e-05
0.0001,0.000175,9.5e-05
0.000105,0.000175,9.5e-05
0.00011,0.000175,9.5e-05
0.000115,0.000175,9.5e-05
0.00012,0.000175,9.5e-05
0.000125,0.000175,9.5e-05
7.5e-05,0.00018,9.5e-05
8e-05,0.00018,9.5e-05
8.5e-05,0.00018,9.5e-05
9e-05,0.00018,9.5e-05
9.5e-05,0.00018,9.5e-05
0.0001,0.00018,9.5e-05
0.000105,0.00018,9.5e-05
0.00011,0.00018,9.5e-05
0.000115,0.00018,9.5e-05
0.00012,0.00018,9.5e-05
7.5e-05,0.000185,9.5e-05
8e-05,0.000185,9.5e-05
8.5e-05,0.000185,9.5e-05
9e-05,0.000185,9.5e-05
9.5e-05,0.000185,9.5e-05
0.0001,0.000185,9.5e-05
0.000105,0.000185,9.5e-05
0.00011,0.000185,9.5e-05
0.000115,0.000185,9.5e-05
0.00012,0.000185,9.5e-05
7.5e-05,0.00019,9.5e-05
8e-05,0.00019,9.5e-05
8.5e-05,0.00019,9.5e-05
9e-05,0.00019,9.5e-05
9.5e-05,0.00019,9.5e-05
0.0001,0.00019,9.5e-05
0.000105,0.00019,9.5e-05
0.00011,0.00019,9.5e-05
0.000115,0.00019,9.5e-05
0.00012,0.00019,9.5e-05
7.5e-05,0.000195,9.5e-05
8e-05,0.000195,9.5e-05
8.5e-05,0.000195,9.5e-05
9e-05,0.000195,9.5e-05
9.5e-05,0.000195,9.5e-05
0.0001,0.000195,9.5e-05
0.000105,0.000195,9.5e-05
0.00011,0.000195,9.5e-05
0.000115,0.000195,9.5e-05
0.00012,0.000195,9.5e-05
7.5e-05,0.0002,9.5e-05
8e-05,0.0002,9.5e-05
8.5e-05,0.0002,9.5e-05
9e-05,0.0002,9.5e-05
9.5e-05,0.0002,9.5e-05
0.0001,0.0002,9.5e-05
0.000105,0.0002,9.5e-05
0.00011,0.0002,9.5e-05
0.000115,0.0002,9.5e-05
0.00012,0.0002,9.5e-05
0.000125,0.0002,9.5e-05
7.5e-05,0.000205,9.5e-05
8e-05,0.000205,9.5e-05
8.5e-05,0.000205,9.5e-05
9e-05,0.000205,9.5e-05
9.5e-05,0.000205,9.5e-05
0.0001,0.000205,9.5e-05
0.000105,0.000205,9.5e-05
0.00011,0.000205,9.5e-05
0.000115,0.000205,9.5e-05
0.00012,0.000205,9.5e-05
0.000125,0.000205,9.5e-05
7.5e-05,0.00021,9.5e-05
8e-05,0.00021,9.5e-05
8.5e-05,0.00021,9.5e-05
9e-05,0.00021,9.5e-05
9.5e-05,0.00021,9.5e-05
0.0001,0.00021,9.5e-05
0.000105,0.00021,9.5e-05
0.00011,0.00021,9.5e-05
0.000115,0.00021,9.5e-05
0.00012,0.00021,9.5e-05
0.000125,0.00021,9.5e-05
7.5e-05,0.000215,9.5e-05
8e-05,0.000215,9.5e-05
8.5e-05,0.000215,9.5e-05
9e-05,0.000215,9.5e-05
9.5e-05,0.000215,9.5e-05
0.0001,0.000215,9.5e-05
0.000105,0.000215,9.5e-05
0.00011,0.000215,9.5e-05
0.000115,0.000215,9.5e-05
0.00012,0.000215,9.5e-05
0.000125,0.000215,9.5e-05
7.5e-05,0.00022,9.5e-05
8e-05,0.00022,9.5e-05
8.5e-05,0.00022,9.5e-05
9e-05,0.00022,9.5e-05
9.5e-05,0.00022,9.5e-05
0.0001,0.00022,9.5e-05
0.000105,0.00022,9.5e-05
0.00011,0.00022,9.5e-05
0.000115,0.00022,9.5e-05
0.00012,0.00022,9.5e-05
0.000125,0.00022,9.5e-05
7.5e-05,0.000225,9.5e-05
8e-05,0.000225,9.5e-05
8.5e-05,0.000225,9.5e-05
9e-05,0.000225,9.5e-05
9.5e-05,0.000225,9.5e-05
0.0001,0.000225,9.5e-05
0.000105,0.000225,9.5e-05
0.00011,0.000225,9.5e-05
0.000115,0.000225,9.5e-05
0.00012,0.000225,9.5e-05
0.000125,0.000225,9.5e-05
7.5e-05,0.00023,9.5e-05
8e-05,0.00023,9.5e-05
8.5e-05,0.00023,9.5e-05
9e-05,0.00023,9.5e-05
9.5e-05,0.00023,9.5e-05
0.0001,0.00023,9.5e-05
0.000105,0.00023,9.5e-05
0.00011,0.00023,9.5e-05
0.000115,0.00023,9.5e-05
0.00012,0.00023,9.5e-05
7.5e-05,0.000235,9.5e-05
8e-05,0.000235,9.5e-05
8.5e-05,0.000235,9.5e-05
9e-05,0.000235,9.5e-05
9.5e-05,0.000235,9.5e-05
0.0001,0.000235,9.5e-05
0.000105,0.000235,9.5e-05
0.00011,0.000235,9.5e-05
0.000115,0.000235,9.5e-05
0.00012,0.000235,9.5e-05
8e-05,0.00024,9.5e-05
8.5e-05,0.00024,9.5e-05
9e-05,0.00024,9.5e-05
9.5e-05,0.00024,9.5e-05
0.0001,0.00024,9.5e-05
0.000105,0.00024,9.5e-05
0.00011,0.00024,9.5e-05
0.000115,0.00024,9.5e-05
0.00012,0.00024,9.5e-05
8e-05,0.000245,9.5e-05
8.5e-05,0.000245,9.5e-05
9e-05,0.000245,9.5e-05
9.5e-05,0.000245,9.5e-05
0.0001,0.000245,9.5e-05
0.000105,0.000245,9.5e-05
0.00011,0.000245,9.5e-05
0.000115,0.000245,9.5e-05
0.00012,0.000245,9.5e-05
8e-05,0.00025,9.5e-05
8.5e-05,0.00025,9.5e-05
9e-05,0.00025,9.5e-05
9.5e-05,0.00025,9.5e-05
0.0001,0.00025,9.5e-05
0.000105,0.00025,9.5e-05
0.00011,0.00025,9.5e-05
0.000115,0.00025,9.5e-05
0.00012,0.00025,9.5e-05
8e-05,0.000255,9.5e-05
8.5e-05,0.000255,9.5e-05
9e-05,0.000255,9.5e-05
9.5e-05,0.000255,9.5e-05
0.0001,0.000255,9.5e-05
0.000105,0.000255,9.5e-05
0.00011,0.000255,9.5e-05
0.000115,0.000255,9.5e-05
0.00012,0.000255,9.5e-05
8e-05,0.00026,9.5e-05
8.5e-05,0.00026,9.5e-05
9e-05,0.00026,9.5e-05
9.5e-05,0.00026,9.5e-05
0.0001,0.00026,9.5e-05
0.000105,0.00026,9.5e-05
0.00011,0.00026,9.5e-05
0.000115,0.00026,9.5e-05
0.00012,0.00026,9.5e-05
7.5e-05,0.000265,9.5e-05
8e-05,0.000265,9.5e-05
8.5e-05,0.000265,9.5e-05
9e-05,0.000265,9.5e-05
9.5e-05,0.000265,9.5e-05
0.0001,0.000265,9.5e-05
0.000105,0.000265,9.5e-05
0.00011,0.000265,9.5e-05
0.000115,0.000265,9.5e-05
0.00012,0.000265,9.5e-05
7.5e-05,0.00027,9.5e-05
8e-05,0.00027,9.5e-05
8.5e-05,0.00027,9.5e-05
9e-05,0.00027,9.5e-05
9.5e-05,0.00027,9.5e-05
0.0001,0.00027,9.5e-05
0.000105,0.00027,9.5e-05
0.00011,0.00027,9.5e-05
0.000115,0.00027,9.5e-05
0.00012,0.00027,9.5e-05
0.000125,0.00027,9.5e-05
7.5e-05,0.000275,9.5e-05
8e-05,0.000275,9.5e-05
8.5e-05,0.000275,9.5e-05
9e-05,0.000275,9.5e-05
9.5e-05,0.000275,9.5e-05
0.0001,0.000275,9.5e-05
0.000105,0.000275,9.5e-05
0.00011,0.000275,9.5e-05
0.000115,0.000275,9.5e-05
0.00012,0.000275,9.5e-05
0.000125,0.000275,9.5e-05
7.5e-05,0.00028,9.5e-05
8e-05,0.00028,9.5e-05
8.5e-05,0.00028,9.5e-05
9e-05,0.00028,9.5e-05
9.5e-05,0.00028,9.5e-05
0.0001,0.00028,9.5e-05
0.000105,0.00028,9.5e-05
0.00011,0.00028,9.5e-05
0.000115,0.00028,9.5e-05
0.00012,0.00028,9.5e-05
0.000125,0.00028,9.5e-05
7.5e-05,0.000285,9.5e-05
8e-05,0.000285,9.5e-05
8.5e-05,0.000285,9.5e-05
9e-05,0.000285,9.5e-05
9.5e-05,0.000285,9.5e-05
0.0001,0.000285,9.5e-05
0.000105,0.000285,9.5e-05
0.00011,0.000285,9.5e-05
0.000115,0.000285,9.5e-05
0.00012,0.000285,9.5e-05
0.000125,0.000285,9.5e-05
7.5e-05,0.00029,9.5e-05
8e-05,0.00029,9.5e-05
8.5e-05,0.00029,9.5e-05
9e-05,0.00029,9.5e-05
9.5e-05,0.00029,9.5e-05
0.0001,0.00029,9.5e-05
0.000105,0.00029,9.5e-05
0.00011,0.00029,9.5e-05
0.000115,0.00029,9.5e-05
0.00012,0.00029,9.5e-05
0.000125,0.00029,9.5e-05
7.5e-05,0.000295,9.5e-05
8e-05,0.000295,9.5e-05
8.5e-05,0.000295,9.5e-05
9e-05,0.000295,9.5e-05
9.5e-05,0.000295,9.5e-05
0.0001,0.000295,9.5e-05
0.000105,0.000295,9.5e-05
0.00011,0.000295,9.5e-05
0.000115,0.000295,9.5e-05
0.00012,0.000295,9.5e-05
0.000125,0.000295,9.5e-05
7.5e-05,0.0003,9.5e-05
8e-05,0.0003,9.5e-05
8.5e-05,0.0003,9.5e-05
9e-05,0.0003,9.5e-05
9.5e-05,0.0003,9.5e-05
0.0001,0.0003,9.5e-05
0.000105,0.0003,9.5e-05
0.00011,0.0003,9.5e-05
0.000115,0.0003,9.5e-05
0.00012,0.0003,9.5e-05
0.000125,0.0003,9.5e-05
7.5e-05,0.000305,9.5e-05
8e-05,0.000305,9.5e-05
8.5e-05,0.000305,9.5e-05
9e-05,0.000305,9.5e-05
9.5e-05,0.000305,9.5e-05
0.0001,0.000305,9.5e-05
0.000105,0.000305,9.5e-05
0.00011,0.000305,9.5e-05
0.000115,0.000305,9.5e-05
0.00012,0.000305,9.5e-05
0.000125,0.000305,9.5e-05
7.5e-05,0.00031,9.5e-05
8e-05,0.00031,9.5e-05
8.5e-05,0.00031,9.5e-05
9e-05,0.00031,9.5e-05
9.5e-05,0.00031,9.5e-05
0.0001,0.00031,9.5e-05
0.000105,0.00031,9.5e-05
0.00011,0.00031,9.5e-05
0.000115,0.00031,9.5e-05
0.00012,0.00031,9.5e-05
0.000125,0.00031,9.5e-05
7.5e-05,0.000315,9.5e-05
8e-05,0.000315,9.5e-05
8.5e-05,0.000315,9.5e-05
9e-05,0.000315,9.5e-05
9.5e-05,0.000315,9.5e-05
0.0001,0.000315,9.5e-05
0.000105,0.000315,9.5e-05
0.00011,0.000315,9.5e-05
0.000115,0.000315,9.5e-05
0.00012,0.000315,9.5e-05
0.000125,0.000315,9.5e-05
7.5e-05,0.00032,9.5e-05
8e-05,0.00032,9.5e-05
8.5e-05,0.00032,9.5e-05
9e-05,0.00032,9.5e-05
9.5e-05,0.00032,9.5e-05
0.0001,0.00032,9.5e-05
0.000105,0.00032,9.5e-05
0.00011,0.00032,9.5e-05
0.000115,0.00032,9.5e-05
0.00012,0.00032,9.5e-05
0.000125,0.00032,9.5e-05
7.5e-05,0.000325,9.5e-05
8e-05,0.000325,9.5e-05
8.5e-05,0.000325,9.5e-05
9e-05,0.000325,9.5e-05
9.5e-05,0.000325,9.5e-05
0.0001,0.000325,9.5e-05
0.000105,0.000325,9.5e-05
0.00011,0.000325,9.5e-05
0.000115,0.000325,9.5e-05
0.00012,0.000325,9.5e-05
0.000125,0.000325,9.5e-05
7.5e-05,0.00033,9.5e-05
8e-05,0.00033,9.5e-05
8.5e-05,0.00033,9.5e-05
9e-05,0.00033,9.5e-05
9.5e-05,0.00033,9.5e-05
0.0001,0.00033,9.5e-05
0.000105,0.00033,9.5e-05
0.00011,0.00033,9.5e-05
0.000115,0.00033,9.5e-05
0.00012,0.00033,9.5e-05
0.000125,0.00033,9.5e-05
7.5e-05,0.000335,9.5e-05
8e-05,0.000335,9.5e-05
8.5e-05,0.000335,9.5e-05
9e-05,0.000335,9.5e-05
9.5e-05,0.000335,9.5e-05
0.0001,0.000335,9.5e-05
0.000105,0.000335,9.5e-05
0.00011,0.000335,9.5e-05
0.000115,0.000335,9.5e-05
0.00012,0.000335,9.5e-05
0.000125,0.000335,9.5e-05
7.5e-05,0.00034,9.5e-05
8e-05,0.00034,9.5e-05
8.5e-05,0.00034,9.5e-05
9e-05,0.00034,9.5e-05
9.5e-05,0.00034,9.5e-05
0.0001,0.00034,9.5e-05
0.000105,0.00034,9.5e-05
0.00011,0.00034,9.5e-05
0.000115,0.00034,9.5e-05
0.00012,0.00034,9.5e-05
0.000125,0.00034,9.5e-05
7.5e-05,0.000345,9.5e-05
8e-05,0.000345,9.5e-05
8.5e-05,0.000345,9.5e-05
9e-05,0.000345,9.5e-05
9.5e-05,0.000345,9.5e-05
0.0001,0.000345,9.5e-05
0.000105,0.000345,9.5e-05
0.00011,0.000345,9.5e-05
0.000115,0.000345,9.5e-05
0.00012,0.000345,9.5e-05
0.000125,0.000345,9.5e-05
7.5e-05,0.00035,9.5e-05
8e-05,0.00035,9.5e-05
8.5e-05,0.00035,9.5e-05
9e-05,0.00035,9.5e-05
9.5e-05,0.00035,9.5e-05
0.0001,0.00035,9.5e-05
0.000105,0.00035,9.5e-05
0.00011,0.00035,9.5e-05
0.000115,0.00035,9.5e-05
0.00012,0.00035,9.5e-05
0.000125,0.00035,9.5e-05
7.5e-05,0.000355,9.5e-05
8e-05,0.000355,9.5e-05
8.5e-05,0.000355,9.5e-05
9e-05,0.000355,9.5e-05
9.5e-05,0.000355,9.5e-05
0.0001,0.000355,9.5e-05
0.000105,0.000355,9.5e-05
0.00011,0.000355,9.5e-05
0.000115,0.000355,9.5e-05
0.00012,0.000355,9.5e-05
0.000125,0.000355,9.5e-05
7.5e-05,0.00036,9.5e-05
8e-05,0.00036,9.5e-05
8.5e-05,0.00036,9.5e-05
9e-05,0.00036,9.5e-05
9.5e-05,0.00036,9.5e-05
0.0001,0.00036,9.5e-05
0.000105,0.00036,9.5e-05
0.00011,0.00036,9.5e-05
0.000115,0.00036,9.5e-05
0.00012,0.00036,9.5e-05
0.000125,0.00036,9.5e-05
7.5e-05,0.000365,9.5e-05
8e-05,0.000365,9.5e-05
8.5e-05,0.000365,9.5e-05
9e-05,0.000365,9.5e-05
9.5e-05,0.000365,9.5e-05
0.0001,0.000365,9.5e-05
0.000105,0.000365,9.5e-05
0.00011,0.000365,9.5e-05
0.000115,0.000365,9.5e-05
0.00012,0.000365,9.5e-05
7.5e-05,0.00037,9.5e-05
8e-05,0.00037,9.5e-05
8.5e-05,0.00037,9.5e-05
9e-05,0.00037,9.5e-05
9.5e-05,0.00037,9.5e-05
0.0001,0.00037,9.5e-05
0.000105,0.00037,9.5e-05
0.00011,0.00037,9.5e-05
0.000115,0.00037,9.5e-05
0.00012,0.00037,9.5e-05
8e-05,0.000375,9.5e-05
8.5e-05,0.000375,9.5e-05
9e-05,0.000375,9.5e-05
9.5e-05,0.000375,9.5e-05
0.0001,0.000375,9.5e-05
0.000105,0.000375,9.5e-05
0.00011,0.000375,9.5e-05
0.000115,0.000375,9.5e-05
0.00012,0.000375,9.5e-05
8e-05,0.00038,9.5e-05
8.5e-05,0.00038,9.5e-05
9e-05,0.00038,9.5e-05
9.5e-05,0.00038,9.5e-05
0.0001,0.00038,9.5e-05
0.000105,0.00038,9.5e-05
0.00011,0.00038,9.5e-05
0.000115,0.00038,9.5e-05
0.00012,0.00038,9.5e-05
0.000125,0.00038,9.5e-05
8e-05,0.000385,9.5e-05
8.5e-05,0.000385,9.5e-05
9e-05,0.000385,9.5e-05
9.5e-05,0.000385,9.5e-05
0.0001,0.000385,9.5e-05
0.000105,0.000385,9.5e-05
0.00011,0.000385,9.5e-05
0.000115,0.000385,9.5e-05
0.00012,0.000385,9.5e-05
0.000125,0.000385,9.5e-05
8e-05,0.00039,9.5e-05
8.5e-05,0.00039,9.5e-05
9e-05,0.00039,9.5e-05
9.5e-05,0.00039,9.5e-05
0.0001,0.00039,9.5e-05
0.000105,0.00039,9.5e-05
0.00011,0.00039,9.5e-05
0.000115,0.00039,9.5e-05
0.00012,0.00039,9.5e-05
0.000125,0.00039,9.5e-05
8e-05,0.000395,9.5e-05
8.5e-05,0.000395,9.5e-05
9e-05,0.000395,9.5e-05
9.5e-05,0.000395,9.5e-05
0.0001,0.000395,9.5e-05
0.000105,0.000395,9.5e-05
0.00011,0.000395,9.5e-05
0.000115,0.000395,9.5e-05
0.00012,0.000395,9.5e-05
0.000125,0.000395,9.5e-05
7.5e-05,0.0004,9.5e-05
8e-05,0.0004,9.5e-05
8.5e-05,0.0004,9.5e-05
9e-05,0.0004,9.5e-05
9.5e-05,0.0004,9.5e-05
0.0001,0.0004,9.5e-05
0.000105,0.0004,9.5e-05
0.00011,0.0004,9.5e-05
0.000115,0.0004,9.5e-05
0.00012,0.0004,9.5e-05
0.000125,0.0004,9.5e-05
7.5e-05,0.000405,9.5e-05
8e-05,0.000405,9.5e-05
8.5e-05,0.000405,9.5e-05
9e-05,0.000405,9.5e-05
9.5e-05,0.000405,9.5e-05
0.0001,0.000405,9.5e-05
0.000105,0.000405,9.5e-05
0.00011,0.000405,9.5e-05
0.000115,0.000405,9.5e-05
0.00012,0.000405,9.5e-05
0.000125,0.000405,9.5e-05
7.5e-05,0.00041,9.5e-05
8e-05,0.00041,9.5e-05
8.5e-05,0.00041,9.5e-05
9e-05,0.00041,9.5e-05
9.5e-05,0.00041,9.5e-05
0.0001,0.00041,9.5e-05
0.000105,0.00041,9.5e-05
0.00011,0.00041,9.5e-05
0.000115,0.00041,9.5e-05
0.00012,0.00041,9.5e-05
0.000125,0.00041,9.5e-05
8e-05,0.000415,9.5e-05
8.5e-05,0.000415,9.5e-05
9e-05,0.000415,9.5e-05
9.5e-05,0.000415,9.5e-05
0.0001,0.000415,9.5e-05
0.000105,0.000415,9.5e-05
0.00011,0.000415,9.5e-05
0.000115,0.000415,9.5e-05
0.00012,0.000415,9.5e-05
0.000125,0.000415,9.5e-05
8e-05,0.00042,9.5e-05
8.5e-05,0.00042,9.5e-05
9e-05,0.00042,9.5e-05
9.5e-05,0.00042,9.5e-05
0.0001,0.00042,9.5e-05
0.000105,0.00042,9.5e-05
0.00011,0.00042,9.5e-05
0.000115,0.00042,9.5e-05
0.00012,0.00042,9.5e-05
0.000125,0.00042,9.5e-05
8e-05,0.000425,9.5e-05
8.5e-05,0.000425,9.5e-05
9e-05,0.000425,9.5e-05
9.5e-05,0.000425,9.5e-05
0.0001,0.000425,9.5e-05
0.000105,0.000425,9.5e-05
0.00011,0.000425,9.5e-05
0.000115,0.000425,9.5e-05
0.00012,0.000425,9.5e-05
0.000125,0.000425,9.5e-05
8e-05,0.00043,9.5e-05
8.5e-05,0.00043,9.5e-05
9e-05,0.00043,9.5e-05
9.5e-05,0.00043,9.5e-05
0.0001,0.00043,9.5e-05
0.000105,0.00043,9.5e-05
0.00011,0.00043,9.5e-05
0.000115,0.00043,9.5e-05
0.00012,0.00043,9.5e-05
0.000125,0.00043,9.5e-05
8e-05,0.000435,9.5e-05
8.5e-05,0.000435,9.5e-05
9e-05,0.000435,9.5e-05
9.5e-05,0.000435,9.5e-05
0.0001,0.000435,9.5e-05
0.000105,0.000435,9.5e-05
0.00011,0.000435,9.5e-05
0.000115,0.000435,9.5e-05
0.00012,0.000435,9.5e-05
0.000125,0.000435,9.5e-05
8e-05,0.00044,9.5e-05
8.5e-05,0.00044,9.5e-05
9e-05,0.00044,9.5e-05
9.5e-05,0.00044,9.5e-05
0.0001,0.00044,9.5e-05
0.000105,0.00044,9.5e-05
0.00011,0.00044,9.5e-05
0.000115,0.00044,9.5e-05
0.00012,0.00044,9.5e-05
0.000125,0.00044,9.5e-05
8e-05,0.000445,9.5e-05
8.5e-05,0.000445,9.5e-05
9e-05,0.000445,9.5e-05
9.5e-05,0.000445,9.5e-05
0.0001,0.000445,9.5e-05
0.000105,0.000445,9.5e-05
0.00011,0.000445,9.5e-05
0.000115,0.000445,9.5e-05
0.00012,0.000445,9.5e-05
0.000125,0.000445,9.5e-05
7.5e-05,0.00045,9.5e-05
8e-05,0.00045,9.5e-05
8.5e-05,0.00045,9.5e-05
9e-05,0.00045,9.5e-05
9.5e-05,0.00045,9.5e-05
0.0001,0.00045,9.5e-05
0.000105,0.00045,9.5e-05
0.00011,0.00045,9.5e-05
0.000115,0.00045,9.5e-05
0.00012,0.00045,9.5e-05
0.000125,0.00045,9.5e-05
7.5e-05,0.000455,9.5e-05
8e-05,0.000455,9.5e-05
8.5e-05,0.000455,9.5e-05
9e-05,0.000455,9.5e-05
9.5e-05,0.000455,9.5e-05
0.0001,0.000455,9.5e-05
0.000105,0.000455,9.5e-05
0.00011,0.000455,9.5e-05
0.000115,0.000455,9.5e-05
0.00012,0.000455,9.5e-05
0.000125,0.000455,9.5e-05
7.5e-05,0.00046,9.5e-05
8e-05,0.00046,9.5e-05
8.5e-05,0.00046,9.5e-05
9e-05,0.00046,9.5e-05
9.5e-05,0.00046,9.5e-05
0.0001,0.00046,9.5e-05
0.000105,0.00046,9.5e-05
0.00011,0.00046,9.5e-05
0.000115,0.00046,9.5e-05
0.00012,0.00046,9.5e-05
0.000125,0.00046,9.5e-05
7.5e-05,0.000465,9.5e-05
8e-05,0.000465,9.5e-05
8.5e-05,0.000465,9.5e-05
9e-05,0.000465,9.5e-05
9.5e-05,0.000465,9.5e-05
0.0001,0.000465,9.5e-05
0.000105,0.000465,9.5e-05
0.00011,0.000465,9.5e-05
0.000115,0.000465,9.5e-05
0.00012,0.000465,9.5e-05
0.000125,0.000465,9.5e-05
7.5e-05,0.00047,9.5e-05
8e-05,0.00047,9.5e-05
8.5e-05,0.00047,9.5e-05
9e-05,0.00047,9.5e-05
9.5e-05,0.00047,9.5e-05
0.0001,0.00047,9.5e-05
0.000105,0.00047,9.5e-05
0.00011,0.00047,9.5e-05
0.000115,0.00047,9.5e-05
0.00012,0.00047,9.5e-05
0.000125,0.00047,9.5e-05
7.5e-05,0.000475,9.5e-05
8e-05,0.000475,9.5e-05
8.5e-05,0.000475,9.5e-05
9e-05,0.000475,9.5e-05
9.5e-05,0.000475,9.5e-05
0.0001,0.000475,9.5e-05
0.000105,0.000475,9.5e-05
0.00011,0.000475,9.5e-05
0.000115,0.000475,9.5e-05
0.00012,0.000475,9.5e-05
0.000125,0.000475,9.5e-05
7.5e-05,0.00048,9.5e-05
8e-05,0.00048,9.5e-05
8.5e-05,0.00048,9.5e-05
9e-05,0.00048,9.5e-05
9.5e-05,0.00048,9.5e-05
0.0001,0.00048,9.5e-05
0.000105,0.00048,9.5e-05
0.00011,0.00048,9.5e-05
0.000115,0.00048,9.5e-05
0.00012,0.00048,9.5e-05
0.000125,0.00048,9.5e-05
7.5e-05,0.000485,9.5e-05
8e-05,0.000485,9.5e-05
8.5e-05,0.000485,9.5e-05
9e-05,0.000485,9.5e-05
9.5e-05,0.000485,9.5e-05
0.0001,0.000485,9.5e-05
0.000105,0.000485,9.5e-05
0.00011,0.000485,9.5e-05
0.000115,0.000485,9.5e-05
0.00012,0.000485,9.5e-05
0.000125,0.000485,9.5e-05
7.5e-05,0.00049,9.5e-05
8e-05,0.00049,9.5e-05
8.5e-05,0.00049,9.5e-05
9e-05,0.00049,9.5e-05
9.5e-05,0.00049,9.5e-05
0.0001,0.00049,9.5e-05
0.000105,0.00049,9.5e-05
0.00011,0.00049,9.5e-05
0.000115,0.00049,9.5e-05
0.00012,0.00049,9.5e-05
0.000125,0.00049,9.5e-05
7.5e-05,0.000495,9.5e-05
8e-05,0.000495,9.5e-05
8.5e-05,0.000495,9.5e-05
9e-05,0.000495,9.5e-05
9.5e-05,0.000495,9.5e-05
0.0001,0.000495,9.5e-05
0.000105,0.000495,9.5e-05
0.00011,0.000495,9.5e-05
0.000115,0.000495,9.5e-05
0.00012,0.000495,9.5e-05
0.000125,0.000495,9.5e-05
7.5e-05,0.0005,9.5e-05
8e-05,0.0005,9.5e-05
8.5e-05,0.0005,9.5e-05
9e-05,0.0005,9.5e-05
9.5e-05,0.0005,9.5e-05
0.0001,0.0005,9.5e-05
0.000105,0.0005,9.5e-05
0.00011,0.0005,9.5e-05
0.000115,0.0005,9.5e-05
0.00012,0.0005,9.5e-05
0.000125,0.0005,9.5e-05
7.5e-05,0.000505,9.5e-05
8e-05,0.000505,9.5e-05
8.5e-05,0.000505,9.5e-05
9e-05,0.000505,9.5e-05
9.5e-05,0.000505,9.5e-05
0.0001,0.000505,9.5e-05
0.000105,0.000505,9.5e-05
0.00011,0.000505,9.5e-05
0.000115,0.000505,9.5e-05
0.00012,0.000505,9.5e-05
0.000125,0.000505,9.5e-05
7.5e-05,0.00051,9.5e-05
8e-05,0.00051,9.5e-05
8.5e-05,0.00051,9.5e-05
9e-05,0.00051,9.5e-05
9.5e-05,0.00051,9.5e-05
0.0001,0.00051,9.5e-05
0.000105,0.00051,9.5e-05
0.00011,0.00051,9.5e-05
0.000115,0.00051,9.5e-05
0.00012,0.00051,9.5e-05
0.000125,0.00051,9.5e-05
7.5e-05,0.000515,9.5e-05
8e-05,0.000515,9.5e-05
8.5e-05,0.000515,9.5e-05
9e-05,0.000515,9.5e-05
9.5e-05,0.000515,9.5e-05
0.0001,0.000515,9.5e-05
0.000105,0.000515,9.5e-05
0.00011,0.000515,9.5e-05
0.000115,0.000515,9.5e-05
0.00012,0.000515,9.5e-05
0.000125,0.000515,9.5e-05
7.5e-05,0.00052,9.5e-05
8e-05,0.00052,9.5e-05
8.5e-05,0.00052,9.5e-05
9e-05,0.00052,9.5e-05
9.5e-05,0.00052,9.5e-05
0.0001,0.00052,9.5e-05
0.000105,0.00052,9.5e-05
0.00011,0.00052,9.5e-05
0.000115,0.00052,9.5e-05
0.00012,0.00052,9.5e-05
0.000125,0.00052,9.5e-05
8e-05,0.000525,9.5e-05
8.5e-05,0.000525,9.5e-05
9e-05,0.000525,9.5e-05
9.5e-05,0.000525,9.5e-05
0.0001,0.000525,9.5e-05
0.000105,0.000525,9.5e-05
0.00011,0.000525,9.5e-05
0.000115,0.000525,9.5e-05
0.00012,0.000525,9.5e-05
0.000125,0.000525,9.5e-05
8e-05,0.00053,9.5e-05
8.5e-05,0.00053,9.5e-05
9e-05,0.00053,9.5e-05
9.5e-05,0.00053,9.5e-05
0.0001,0.00053,9.5e-05
0.000105,0.00053,9.5e-05
0.00011,0.00053,9.5e-05
0.000115,0.00053,9.5e-05
0.00012,0.00053,9.5e-05
0.000125,0.00053,9.5e-05
8e-05,0.000535,9.5e-05
8.5e-05,0.000535,9.5e-05
9e-05,0.000535,9.5e-05
9.5e-05,0.000535,9.5e-05
0.0001,0.000535,9.5e-05
0.000105,0.000535,9.5e-05
0.00011,0.000535,9.5e-05
0.000115,0.000535,9.5e-05
0.00012,0.000535,9.5e-05
0.000125,0.000535,9.5e-05
8e-05,0.00054,9.5e-05
8.5e-05,0.00054,9.5e-05
9e-05,0.00054,9.5e-05
9.5e-05,0.00054,9.5e-05
0.0001,0.00054,9.5e-05
0.000105,0.00054,9.5e-05
0.00011,0.00054,9.5e-05
0.000115,0.00054,9.5e-05
0.00012,0.00054,9.5e-05
0.000125,0.00054,9.5e-05
8e-05,0.000545,9.5e-05
8.5e-05,0.000545,9.5e-05
9e-05,0.000545,9.5e-05
9.5e-05,0.000545,9.5e-05
0.0001,0.000545,9.5e-05
0.000105,0.000545,9.5e-05
0.00011,0.000545,9.5e-05
0.000115,0.000545,9.5e-05
0.00012,0.000545,9.5e-05
0.000125,0.000545,9.5e-05
8e-05,0.00055,9.5e-05
8.5e-05,0.00055,9.5e-05
9e-05,0.00055,9.5e-05
9.5e-05,0.00055,9.5e-05
0.0001,0.00055,9.5e-05
0.000105,0.00055,9.5e-05
0.00011,0.00055,9.5e-05
0.000115,0.00055,9.5e-05
0.00012,0.00055,9.5e-05
8e-05,0.000555,9.5e-05
8.5e-05,0.000555,9.5e-05
9e-05,0.000555,9.5e-05
9.5e-05,0.000555,9.5e-05
0.0001,0.000555,9.5e-05
0.000105,0.000555,9.5e-05
0.00011,0.000555,9.5e-05
0.000115,0.000555,9.5e-05
0.00012,0.000555,9.5e-05
8e-05,0.00056,9.5e-05
8.5e-05,0.00056,9.5e-05
9e-05,0.00056,9.5e-05
9.5e-05,0.00056,9.5e-05
0.0001,0.00056,9.5e-05
0.000105,0.00056,9.5e-05
0.00011,0.00056,9.5e-05
0.000115,0.00056,9.5e-05
0.00012,0.00056,9.5e-05
8e-05,0.000565,9.5e-05
8.5e-05,0.000565,9.5e-05
9e-05,0.000565,9.5e-05
9.5e-05,0.000565,9.5e-05
0.0001,0.000565,9.5e-05
0.000105,0.000565,9.5e-05
0.00011,0.000565,9.5e-05
0.000115,0.000565,9.5e-05
0.00012,0.000565,9.5e-05
8e-05,0.00057,9.5e-05
8.5e-05,0.00057,9.5e-05
9e-05,0.00057,9.5e-05
9.5e-05,0.00057,9.5e-05
0.0001,0.00057,9.5e-05
0.000105,0.00057,9.5e-05
0.00011,0.00057,9.5e-05
0.000115,0.00057,9.5e-05
0.00012,0.00057,9.5e-05
7.5e-05,0.000575,9.5e-05
8e-05,0.000575,9.5e-05
8.5e-05,0.000575,9.5e-05
9e-05,0.000575,9.5e-05
9.5e-05,0.000575,9.5e-05
0.0001,0.000575,9.5e-05
0.000105,0.000575,9.5e-05
0.00011,0.000575,9.5e-05
0.000115,0.000575,9.5e-05
0.00012,0.000575,9.5e-05
7.5e-05,0.00058,9.5e-05
8e-05,0.00058,9.5e-05
8.5e-05,0.00058,9.5e-05
9e-05,0.00058,9.5e-05
9.5e-05,0.00058,9.5e-05
0.0001,0.00058,9.5e-05
0.000105,0.00058,9.5e-05
0.00011,0.00058,9.5e-05
0.000115,0.00058,9.5e-05
0.00012,0.00058,9.5e-05
7.5e-05,0.000585,9.5e-05
8e-05,0.000585,9.5e-05
8.5e-05,0.000585,9.5e-05
9e-05,0.000585,9.5e-05
9.5e-05,0.000585,9.5e-05
0.0001,0.000585,9.5e-05
0.000105,0.000585,9.5e-05
0.00011,0.000585,9.5e-05
0.000115,0.000585,9.5e-05
0.00012,0.000585,9.5e-05
7.5e-05,0.00059,9.5e-05
8e-05,0.00059,9.5e-05
8.5e-05,0.00059,9.5e-05
9e-05,0.00059,9.5e-05
9.5e-05,0.00059,9.5e-05
0.0001,0.00059,9.5e-05
0.000105,0.00059,9.5e-05
0.00011,0.00059,9.5e-05
0.000115,0.00059,9.5e-05
0.00012,0.00059,9.5e-05
7.5e-05,0.000595,9.5e-05
8e-05,0.000595,9.5e-05
8.5e-05,0.000595,9.5e-05
9e-05,0.000595,9.5e-05
9.5e-05,0.000595,9.5e-05
0.0001,0.000595,9.5e-05
0.000105,0.000595,9.5e-05
0.00011,0.000595,9.5e-05
0.000115,0.000595,9.5e-05
0.00012,0.000595,9.5e-05
7.5e-05,0.0006,9.5e-05
8e-05,0.0006,9.5e-05
8.5e-05,0.0006,9.5e-05
9e-05,0.0006,9.5e-05
9.5e-05,0.0006,9.5e-05
0.0001,0.0006,9.5e-05
0.000105,0.0006,9.5e-05
0.00011,0.0006,9.5e-05
0.000115,0.0006,9.5e-05
0.00012,0.0006,9.5e-05
8e-05,0.000605,9.5e-05
8.5e-05,0.000605,9.5e-05
9e-05,0.000605,9.5e-05
9.5e-05,0.000605,9.5e-05
0.0001,0.000605,9.5e-05
0.000105,0.000605,9.5e-05
0.00011,0.000605,9.5e-05
0.000115,0.000605,9.5e-05
0.00012,0.000605,9.5e-05
8e-05,0.00061,9.5e-05
8.5e-05,0.00061,9.5e-05
9e-05,0.00061,9.5e-05
9.5e-05,0.00061,9.5e-05
0.0001,0.00061,9.5e-05
0.000105,0.00061,9.5e-05
0.00011,0.00061,9.5e-05
0.000115,0.00061,9.5e-05
0.00012,0.00061,9.5e-05
8e-05,0.000615,9.5e-05
8.5e-05,0.000615,9.5e-05
9e-05,0.000615,9.5e-05
9.5e-05,0.000615,9.5e-05
0.0001,0.000615,9.5e-05
0.000105,0.000615,9.5e-05
0.00011,0.000615,9.5e-05
0.000115,0.000615,9.5e-05
0.00012,0.000615,9.5e-05
8e-05,0.00062,9.5e-05
8.5e-05,0.00062,9.5e-05
9e-05,0.00062,9.5e-05
9.5e-05,0.00062,9.5e-05
0.0001,0.00062,9.5e-05
0.000105,0.00062,9.5e-05
0.00011,0.00062,9.5e-05
0.000115,0.00062,9.5e-05
0.00012,0.00062,9.5e-05
8e-05,0.000625,9.5e-05
8.5e-05,0.000625,9.5e-05
9e-05,0.000625,9.5e-05
9.5e-05,0.000625,9.5e-05
0.0001,0.000625,9.5e-05
0.000105,0.000625,9.5e-05
0.00011,0.000625,9.5e-05
0.000115,0.000625,9.5e-05
0.00012,0.000625,9.5e-05
8e-05,0.00063,9.5e-05
8.5e-05,0.00063,9.5e-05
9e-05,0.00063,9.5e-05
9.5e-05,0.00063,9.5e-05
0.0001,0.00063,9.5e-05
0.000105,0.00063,9.5e-05
0.00011,0.00063,9.5e-05
0.000115,0.00063,9.5e-05
0.00012,0.00063,9.5e-05
8e-05,0.000635,9.5e-05
8.5e-05,0.000635,9.5e-05
9e-05,0.000635,9.5e-05
9.5e-05,0.000635,9.5e-05
0.0001,0.000635,9.5e-05
0.000105,0.000635,9.5e-05
0.00011,0.000635,9.5e-05
0.000115,0.000635,9.5e-05
0.00012,0.000635,9.5e-05
8e-05,0.00064,9.5e-05
8.5e-05,0.00064,9.5e-05
9e-05,0.00064,9.5e-05
9.5e-05,0.00064,9.5e-05
0.0001,0.00064,9.5e-05
0.000105,0.00064,9.5e-05
0.00011,0.00064,9.5e-05
0.000115,0.00064,9.5e-05
0.00012,0.00064,9.5e-05
8e-05,0.000645,9.5e-05
8.5e-05,0.000645,9.5e-05
9e-05,0.000645,9.5e-05
9.5e-05,0.000645,9.5e-05
0.0001,0.000645,9.5e-05
0.000105,0.000645,9.5e-05
0.00011,0.000645,9.5e-05
0.000115,0.000645,9.5e-05
0.00012,0.000645,9.5e-05
8e-05,0.00065,9.5e-05
8.5e-05,0.00065,9.5e-05
9e-05,0.00065,9.5e-05
9.5e-05,0.00065,9.5e-05
0.0001,0.00065,9.5e-05
0.000105,0.00065,9.5e-05
0.00011,0.00065,9.5e-05
0.000115,0.00065,9.5e-05
0.00012,0.00065,9.5e-05
8e-05,0.000655,9.5e-05
8.5e-05,0.000655,9.5e-05
9e-05,0.000655,9.5e-05
9.5e-05,0.000655,9.5e-05
0.0001,0.000655,9.5e-05
0.000105,0.000655,9.5e-05
0.00011,0.000655,9.5e-05
0.000115,0.000655,9.5e-05
0.00012,0.000655,9.5e-05
8e-05,0.00066,9.5e-05
8.5e-05,0.00066,9.5e-05
9e-05,0.00066,9.5e-05
9.5e-05,0.00066,9.5e-05
0.0001,0.00066,9.5e-05
0.000105,0.00066,9.5e-05
0.00011,0.00066,9.5e-05
0.000115,0.00066,9.5e-05
0.00012,0.00066,9.5e-05
8e-05,0.000665,9.5e-05
8.5e-05,0.000665,9.5e-05
9e-05,0.000665,9.5e-05
9.5e-05,0.000665,9.5e-05
0.0001,0.000665,9.5e-05
0.000105,0.000665,9.5e-05
0.00011,0.000665,9.5e-05
0.000115,0.000665,9.5e-05
0.00012,0.000665,9.5e-05
8e-05,0.00067,9.5e-05
8.5e-05,0.00067,9.5e-05
9e-05,0.00067,9.5e-05
9.5e-05,0.00067,9.5e-05
0.0001,0.00067,9.5e-05
0.000105,0.00067,9.5e-05
0.00011,0.00067,9.5e-05
0.000115,0.00067,9.5e-05
0.00012,0.00067,9.5e-05
8e-05,0.000675,9.5e-05
8.5e-05,0.000675,9.5e-05
9e-05,0.000675,9.5e-05
9.5e-05,0.000675,9.5e-05
0.0001,0.000675,9.5e-05
0.000105,0.000675,9.5e-05
0.00011,0.000675,9.5e-05
0.000115,0.000675,9.5e-05
0.00012,0.000675,9.5e-05
8e-05,0.00068,9.5e-05
8.5e-05,0.00068,9.5e-05
9e-05,0.00068,9.5e-05
9.5e-05,0.00068,9.5e-05
0.0001,0.00068,9.5e-05
0.000105,0.00068,9.5e-05
0.00011,0.00068,9.5e-05
0.000115,0.00068,9.5e-05
0.00012,0.00068,9.5e-05
8e-05,0.000685,9.5e-05
8.5e-05,0.000685,9.5e-05
9e-05,0.000685,9.5e-05
9.5e-05,0.000685,9.5e-05
0.0001,0.000685,9.5e-05
0.000105,0.000685,9.5e-05
0.00011,0.000685,9.5e-05
0.000115,0.000685,9.5e-05
0.00012,0.000685,9.5e-05
8e-05,0.00069,9.5e-05
8.5e-05,0.00069,9.5e-05
9e-05,0.00069,9.5e-05
9.5e-05,0.00069,9.5e-05
0.0001,0.00069,9.5e-05
0.000105,0.00069,9.5e-05
0.00011,0.00069,9.5e-05
0.000115,0.00069,9.5e-05
0.00012,0.00069,9.5e-05
8.5e-05,0.000695,9.5e-05
9e-05,0.000695,9.5e-05
9.5e-05,0.000695,9.5e-05
0.0001,0.000695,9.5e-05
0.000105,0.000695,9.5e-05
0.00011,0.000695,9.5e-05
0.000115,0.000695,9.5e-05
0.00012,0.000695,9.5e-05
8.5e-05,0.0007,9.5e-05
9e-05,0.0007,9.5e-05
9.5e-05,0.0007,9.5e-05
0.0001,0.0007,9.5e-05
0.000105,0.0007,9.5e-05
0.00011,0.0007,9.5e-05
0.000115,0.0007,9.5e-05
9e-05,0.000705,9.5e-05
9.5e-05,0.000705,9.5e-05
0.0001,0.000705,9.5e-05
0.000105,0.000705,9.5e-05
8.5e-05,1.5e-05,0.0001
9e-05,1.5e-05,0.0001
9.5e-05,1.5e-05,0.0001
0.0001,1.5e-05,0.0001
0.000105,1.5e-05,0.0001
0.00011,1.5e-05,0.0001
8.5e-05,2e-05,0.0001
9e-05,2e-05,0.0001
9.5e-05,2e-05,0.0001
0.0001,2e-05,0.0001
0.000105,2e-05,0.0001
0.00011,2e-05,0.0001
0.000115,2e-05,0.0001
8.5e-05,2.5e-05,0.0001
9e-05,2.5e-05,0.0001
9.5e-05,2.5e-05,0.0001
0.0001,2.5e-05,0.0001
0.000105,2.5e-05,0.0001
0.00011,2.5e-05,0.0001
0.000115,2.5e-05,0.0001
0.00012,2.5e-05,0.0001
8e-05,3e-05,0.0001
8.5e-05,3e-05,0.0001
9e-05,3e-05,0.0001
9.5e-05,3e-05,0.0001
0.0001,3e-05,0.0001
0.000105,3e-05,0.0001
0.00011,3e-05,0.0001
0.000115,3e-05,0.0001
0.00012,3e-05,0.0001
8e-05,3.5e-05,0.0001
8.5e-05,3.5e-05,0.0001
9e-05,3.5e-05,0.0001
9.5e-05,3.5e-05,0.0001
0.0001,3.5e-05,0.0001
0.000105,3.5e-05,0.0001
0.00011,3.5e-05,0.0001
0.000115,3.5e-05,0.0001
0.00012,3.5e-05,0.0001
8e-05,4e-05,0.0001
8.5e-05,4e-05,0.0001
9e-05,4e-05,0.0001
9.5e-05,4e-05,0.0001
0.0001,4e-05,0.0001
0.000105,4e-05,0.0001
0.00011,4e-05,0.0001
0.000115,4e-05,0.0001
0.00012,4e-05,0.0001
0.000125,4e-05,0.0001
8e-05,4.5e-05,0.0001
8.5e-05,4.5e-05,0.0001
9e-05,4.5e-05,0.0001
9.5e-05,4.5e-05,0.0001
0.0001,4.5e-05,0.0001
0.000105,4.5e-05,0.0001
0.00011,4.5e-05,0.0001
0.000115,4.5e-05,0.0001
0.00012,4.5e-05,0.0001
0.000125,4.5e-05,0.0001
7.5e-05,5e-05,0.0001
8e-05,5e-05,0.0001
8.5e-05,5e-05,0.0001
9e-05,5e-05,0.0001
9.5e-05,5e-05,0.0001
0.0001,5e-05,0.0001
0.000105,5e-05,0.0001
0.00011,5e-05,0.0001
0.000115,5e-05,0.0001
0.00012,5e-05,0.0001
0.000125,5e-05,0.0001
7.5e-05,5.5e-05,0.0001
8e-05,5.5e-05,0.0001
8.5e-05,5.5e-05,0.0001
9e-05,5.5e-05,0.0001
9.5e-05,5.5e-05,0.0001
0.0001,5.5e-05,0.0001
0.000105,5.5e-05,0.0001
0.00011,5.5e-05,0.0001
0.000115,5.5e-05,0.0001
0.00012,5.5e-05,0.0001
0.000125,5.5e-05,0.0001
7.5e-05,6e-05,0.0001
8e-05,6e-05,0.0001
8.5e-05,6e-05,0.0001
9e-05,6e-05,0.0001
9.5e-05,6e-05,0.0001
0.0001,6e-05,0.0001
0.000105,6e-05,0.0001
0.00011,6e-05,0.0001
0.000115,6e-05,0.0001
0.00012,6e-05,0.0001
7.5e-05,6.5e-05,0.0001
8e-05,6.5e-05,0.0001
8.5e-05,6.5e-05,0.0001
9e-05,6.5e-05,0.0001
9.5e-05,6.5e-05,0.0001
0.0001,6.5e-05,0.0001
0.000105,6.5e-05,0.0001
0.00011,6.5e-05,0.0001
0.000115,6.5e-05,0.0001
0.00012,6.5e-05,0.0001
0.000125,6.5e-05,0.0001
7.5e-05,7e-05,0.0001
8e-05,7e-05,0.0001
8.5e-05,7e-05,0.0001
9e-05,7e-05,0.0001
9.5e-05,7e-05,0.0001
0.0001,7e-05,0.0001
0.000105,7e-05,0.0001
0.00011,7e-05,0.0001
0.000115,7e-05,0.0001
0.00012,7e-05,0.0001
0.000125,7e-05,0.0001
7.5e-05,7.5e-05,0.0001
8e-05,7.5e-05,0.0001
8.5e-05,7.5e-05,0.0001
9e-05,7.5e-05,0.0001
9.5e-05,7.5e-05,0.0001
0.0001,7.5e-05,0.0001
0.000105,7.5e-05,0.0001
0.00011,7.5e-05,0.0001
0.000115,7.5e-05,0.0001
0.00012,7.5e-05,0.0001
0.000125,7.5e-05,0.0001
7.5e-05,8e-05,0.0001
8e-05,8e-05,0.0001
8.5e-05,8e-05,0.0001
9e-05,8e-05,0.0001
9.5e-05,8e-05,0.0001
0.0001,8e-05,0.0001
0.000105,8e-05,0.0001
0.00011,8e-05,0.0001
0.000115,8e-05,0.0001
0.00012,8e-05,0.0001
0.000125,8e-05,0.0001
7.5e-05,8.5e-05,0.0001
8e-05,8.5e-05,0.0001
8.5e-05,8.5e-05,0.0001
9e-05,8.5e-05,0.0001
9.5e-05,8.5e-05,0.0001
0.0001,8.5e-05,0.0001
0.000105,8.5e-05,0.0001
0.00011,8.5e-05,0.0001
0.000115,8.5e-05,0.0001
0.00012,8.5e-05,0.0001
0.000125,8.5e-05,0.0001
8e-05,9e-05,0.0001
8.5e-05,9e-05,0.0001
9e-05,9e-05,0.0001
9.5e-05,9e-05,0.0001
0.0001,9e-05,0.0001
0.000105,9e-05,0.0001
0.00011,9e-05,0.0001
0.000115,9e-05,0.0001
0.00012,9e-05,0.0001
0.000125,9e-05,0.0001
8e-05,9.5e-05,0.0001
8.5e-05,9.5e-05,0.0001
9e-05,9.5e-05,0.0001
9.5e-05,9.5e-05,0.0001
0.0001,9.5e-05,0.0001
0.000105,9.5e-05,0.0001
0.00011,9.5e-05,0.0001
0.000115,9.5e-05,0.0001
0.00012,9.5e-05,0.0001
0.000125,9.5e-05,0.0001
7.5e-05,0.0001,0.0001
8e-05,0.0001,0.0001
8.5e-05,0.0001,0.0001
9e-05,0.0001,0.0001
9.5e-05,0.0001,0.0001
0.0001,0.0001,0.0001
0.000105,0.0001,0.0001
0.00011,0.0001,0.0001
0.000115,0.0001,0.0001
0.00012,0.0001,0.0001
0.000125,0.0001,0.0001
7.5e-05,0.000105,0.0001
8e-05,0.000105,0.0001
8.5e-05,0.000105,0.0001
9e-05,0.000105,0.0001
9.5e-05,0.000105,0.0001
0.0001,0.000105,0.0001
0.000105,0.000105,0.0001
0.00011,0.000105,0.0001
0.000115,0.000105,0.0001
0.00012,0.000105,0.0001
0.000125,0.000105,0.0001
7.5e-05,0.00011,0.0001
8e-05,0.00011,0.0001
8.5e-05,0.00011,0.0001
9e-05,0.00011,0.0001
9.5e-05,0.00011,0.0001
0.0001,0.00011,0.0001
0.000105,0.00011,0.0001
0.00011,0.00011,0.0001
0.000115,0.00011,0.0001
0.00012,0.00011,0.0001
0.000125,0.00011,0.0001
7.5e-05,0.000115,0.0001
8e-05,0.000115,0.0001
8.5e-05,0.000115,0.0001
9e-05,0.000115,0.0001
9.5e-05,0.000115,0.0001
0.0001,0.000115,0.0001
0.000105,0.000115,0.0001
0.00011,0.000115,0.0001
0.000115,0.000115,0.0001
0.00012,0.000115,0.0001
0.000125,0.000115,0.0001
8e-05,0.00012,0.0001
8.5e-05,0.00012,0.0001
9e-05,0.00012,0.0001
9.5e-05,0.00012,0.0001
0.0001,0.00012,0.0001
0.000105,0.00012,0.0001
0.00011,0.00012,0.0001
0.000115,0.00012,0.0001
0.00012,0.00012,0.0001
0.000125,0.00012,0.0001
8e-05,0.000125,0.0001
8.5e-05,0.000125,0.0001
9e-05,0.000125,0.0001
9.5e-05,0.000125,0.0001
0.0001,0.000125,0.0001
0.000105,0.000125,0.0001
0.00011,0.000125,0.0001
0.000115,0.000125,0.0001
0.00012,0.000125,0.0001
0.000125,0.000125,0.0001
7.5e-05,0.00013,0.0001
8e-05,0.00013,0.0001
8.5e-05,0.00013,0.0001
9e-05,0.00013,0.0001
9.5e-05,0.00013,0.0001
0.0001,0.00013,0.0001
0.000105,0.00013,0.0001
0.00011,0.00013,0.0001
0.000115,0.00013,0.0001
0.00012,0.00013,0.0001
0.000125,0.00013,0.0001
7e-05,0.000135,0.0001
7.5e-05,0.000135,0.0001
8e-05,0.000135,0.0001
8.5e-05,0.000135,0.0001
9e-05,0.000135,0.0001
9.5e-05,0.000135,0.0001
0.0001,0.000135,0.0001
0.000105,0.000135,0.0001
0.00011,0.000135,0.0001
0.000115,0.000135,0.0001
0.00012,0.000135,0.0001
0.000125,0.000135,0.0001
7e-05,0.00014,0.0001
7.5e-05,0.00014,0.0001
8e-05,0.00014,0.0001
8.5e-05,0.00014,0.0001
9e-05,0.00014,0.0001
9.5e-05,0.00014,0.0001
0.0001,0.00014,0.0001
0.000105,0.00014,0.0001
0.00011,0.00014,0.0001
0.000115,0.00014,0.0001
0.00012,0.00014,0.0001
0.000125,0.00014,0.0001
7.5e-05,0.000145,0.0001
8e-05,0.000145,0.0001
8.5e-05,0.000145,0.0001
9e-05,0.000145,0.0001
9.5e-05,0.000145,0.0001
0.0001,0.000145,0.0001
0.000105,0.000145,0.0001
0.00011,0.000145,0.0001
0.000115,0.000145,0.0001
0.00012,0.000145,0.0001
0.000125,0.000145,0.0001
7e-05,0.00015,0.0001
7.5e-05,0.00015,0.0001
8e-05,0.00015,0.0001
8.5e-05,0.00015,0.0001
9e-05,0.00015,0.0001
9.5e-05,0.00015,0.0001
0.0001,0.00015,0.0001
0.000105,0.00015,0.0001
0.00011,0.00015,0.0001
0.000115,0.00015,0.0001
0.00012,0.00015,0.0001
0.000125,0.00015,0.0001
7e-05,0.000155,0.0001
7.5e-05,0.000155,0.0001
8e-05,0.000155,0.0001
8.5e-05,0.000155,0.0001
9e-05,0.000155,0.0001
9.5e-05,0.000155,0.0001
0.0001,0.000155,0.0001
0.000105,0.000155,0.0001
0.00011,0.000155,0.0001
0.000115,0.000155,0.0001
0.00012,0.000155,0.0001
0.000125,0.000155,0.0001
7e-05,0.00016,0.0001
7.5e-05,0.00016,0.0001
8e-05,0.00016,0.0001
8.5e-05,0.00016,0.0001
9e-05,0.00016,0.0001
9.5e-05,0.00016,0.0001
0.0001,0.00016,0.0001
0.000105,0.00016,0.0001
0.00011,0.00016,0.0001
0.000115,0.00016,0.0001
0.00012,0.00016,0.0001
0.000125,0.00016,0.0001
7e-05,0.000165,0.0001
7.5e-05,0.000165,0.0001
8e-05,0.000165,0.0001
8.5e-05,0.000165,0.0001
9e-05,0.000165,0.0001
9.5e-05,0.000165,0.0001
0.0001,0.000165,0.0001
0.000105,0.000165,0.0001
0.00011,0.000165,0.0001
0.000115,0.000165,0.0001
0.00012,0.000165,0.0001
0.000125,0.000165,0.0001
7e-05,0.00017,0.0001
7.5e-05,0.00017,0.0001
8e-05,0.00017,0.0001
8.5e-05,0.00017,0.0001
9e-05,0.00017,0.0001
9.5e-05,0.00017,0.0001
0.0001,0.00017,0.0001
0.000105,0.00017,0.0001
0.00011,0.00017,0.0001
0.000115,0.00017,0.0001
0.00012,0.00017,0.0001
0.000125,0.00017,0.0001
7e-05,0.000175,0.0001
7.5e-05,0.000175,0.0001
8e-05,0.000175,0.0001
8.5e-05,0.000175,0.0001
9e-05,0.000175,0.0001
9.5e-05,0.000175,0.0001
0.0001,0.000175,0.0001
0.000105,0.000175,0.0001
0.00011,0.000175,0.0001
0.000115,0.000175,0.0001
0.00012,0.000175,0.0001
0.000125,0.000175,0.0001
6.5e-05,0.00018,0.0001
7e-05,0.00018,0.0001
7.5e-05,0.00018,0.0001
8e-05,0.00018,0.0001
8.5e-05,0.00018,0.0001
9e-05,0.00018,0.0001
9.5e-05,0.00018,0.0001
0.0001,0.00018,0.0001
0.000105,0.00018,0.0001
0.00011,0.00018,0.0001
0.000115,0.00018,0.0001
0.00012,0.00018,0.0001
0.000125,0.00018,0.0001
6.5e-05,0.000185,0.0001
7e-05,0.000185,0.0001
7.5e-05,0.000185,0.0001
8e-05,0.000185,0.0001
8.5e-05,0.000185,0.0001
9e-05,0.000185,0.0001
9.5e-05,0.000185,0.0001
0.0001,0.000185,0.0001
0.000105,0.000185,0.0001
0.00011,0.000185,0.0001
0.000115,0.000185,0.0001
0.00012,0.000185,0.0001
0.000125,0.000185,0.0001
7e-05,0.00019,0.0001
7.5e-05,0.00019,0.0001
8e-05,0.00019,0.0001
8.5e-05,0.00019,0.0001
9e-05,0.00019,0.0001
9.5e-05,0.00019,0.0001
0.0001,0.00019,0.0001
0.000105,0.00019,0.0001
0.00011,0.00019,0.0001
0.000115,0.00019,0.0001
0.00012,0.00019,0.0001
0.000125,0.00019,0.0001
7e-05,0.000195,0.0001
7.5e-05,0.000195,0.0001
8e-05,0.000195,0.0001
8.5e-05,0.000195,0.0001
9e-05,0.000195,0.0001
9.5e-05,0.000195,0.0001
0.0001,0.000195,0.0001
0.000105,0.000195,0.0001
0.00011,0.000195,0.0001
0.000115,0.000195,0.0001
0.00012,0.000195,0.0001
0.000125,0.000195,0.0001
7.5e-05,0.0002,0.0001
8e-05,0.0002,0.0001
8.5e-05,0.0002,0.0001
9e-05,0.0002,0.0001
9.5e-05,0.0002,0.0001
0.0001,0.0002,0.0001
0.000105,0.0002,0.0001
0.00011,0.0002,0.0001
0.000115,0.0002,0.0001
0.00012,0.0002,0.0001
0.000125,0.0002,0.0001
7.5e-05,0.000205,0.0001
8e-05,0.000205,0.0001
8.5e-05,0.000205,0.0001
9e-05,0.000205,0.0001
9.5e-05,0.000205,0.0001
0.0001,0.000205,0.0001
0.000105,0.000205,0.0001
0.00011,0.000205,0.0001
0.000115,0.000205,0.0001
0.00012,0.000205,0.0001
0.000125,0.000205,0.0001
7e-05,0.00021,0.0001
7.5e-05,0.00021,0.0001
8e-05,0.00021,0.0001
8.5e-05,0.00021,0.0001
9e-05,0.00021,0.0001
9.5e-05,0.00021,0.0001
0.0001,0.00021,0.0001
0.000105,0.00021,0.0001
0.00011,0.00021,0.0001
0.000115,0.00021,0.0001
0.00012,0.00021,0.0001
0.000125,0.00021,0.0001
7e-05,0.000215,0.0001
7.5e-05,0.000215,0.0001
8e-05,0.000215,0.0001
8.5e-05,0.000215,0.0001
9e-05,0.000215,0.0001
9.5e-05,0.000215,0.0001
0.0001,0.000215,0.0001
0.000105,0.000215,0.0001
0.00011,0.000215,0.0001
0.000115,0.000215,0.0001
0.00012,0.000215,0.0001
0.000125,0.000215,0.0001
0.00013,0.000215,0.0001
7.5e-05,0.00022,0.0001
8e-05,0.00022,0.0001
8.5e-05,0.00022,0.0001
9e-05,0.00022,0.0001
9.5e-05,0.00022,0.0001
0.0001,0.00022,0.0001
0.000105,0.00022,0.0001
0.00011,0.00022,0.0001
0.000115,0.00022,0.0001
0.00012,0.00022,0.0001
0.000125,0.00022,0.0001
0.00013,0.00022,0.0001
7.5e-05,0.000225,0.0001
8e-05,0.000225,0.0001
8.5e-05,0.000225,0.0001
9e-05,0.000225,0.0001
9.5e-05,0.000225,0.0001
0.0001,0.000225,0.0001
0.000105,0.000225,0.0001
0.00011,0.000225,0.0001
0.000115,0.000225,0.0001
0.00012,0.000225,0.0001
0.000125,0.000225,0.0001
0.00013,0.000225,0.0001
7.5e-05,0.00023,0.0001
8e-05,0.00023,0.0001
8.5e-05,0.00023,0.0001
9e-05,0.00023,0.0001
9.5e-05,0.00023,0.0001
0.0001,0.00023,0.0001
0.000105,0.00023,0.0001
0.00011,0.00023,0.0001
0.000115,0.00023,0.0001
0.00012,0.00023,0.0001
0.000125,0.00023,0.0001
7.5e-05,0.000235,0.0001
8e-05,0.000235,0.0001
8.5e-05,0.000235,0.0001
9e-05,0.000235,0.0001
9.5e-05,0.000235,0.0001
0.0001,0.000235,0.0001
0.000105,0.000235,0.0001
0.00011,0.000235,0.0001
0.000115,0.000235,0.0001
0.00012,0.000235,0.0001
0.000125,0.000235,0.0001
7.5e-05,0.00024,0.0001
8e-05,0.00024,0.0001
8.5e-05,0.00024,0.0001
9e-05,0.00024,0.0001
9.5e-05,0.00024,0.0001
0.0001,0.00024,0.0001
0.000105,0.00024,0.0001
0.00011,0.00024,0.0001
0.000115,0.00024,0.0001
0.00012,0.00024,0.0001
0.000125,0.00024,0.0001
7.5e-05,0.000245,0.0001
8e-05,0.000245,0.0001
8.5e-05,0.000245,0.0001
9e-05,0.000245,0.0001
9.5e-05,0.000245,0.0001
0.0001,0.000245,0.0001
0.000105,0.000245,0.0001
0.00011,0.000245,0.0001
0.000115,0.000245,0.0001
0.00012,0.000245,0.0001
7.5e-05,0.00025,0.0001
8e-05,0.00025,0.0001
8.5e-05,0.00025,0.0001
9e-05,0.00025,0.0001
9.5e-05,0.00025,0.0001
0.0001,0.00025,0.0001
0.000105,0.00025,0.0001
0.00011,0.00025,0.0001
0.000115,0.00025,0.0001
0.00012,0.00025,0.0001
0.000125,0.00025,0.0001
7.5e-05,0.000255,0.0001
8e-05,0.000255,0.0001
8.5e-05,0.000255,0.0001
9e-05,0.000255,0.0001
9.5e-05,0.000255,0.0001
0.0001,0.000255,0.0001
0.000105,0.000255,0.0001
0.00011,0.000255,0.0001
0.000115,0.000255,0.0001
0.00012,0.000255,0.0001
0.000125,0.000255,0.0001
7.5e-05,0.00026,0.0001
8e-05,0.00026,0.0001
8.5e-05,0.00026,0.0001
9e-05,0.00026,0.0001
9.5e-05,0.00026,0.0001
0.0001,0.00026,0.0001
0.000105,0.00026,0.0001
0.00011,0.00026,0.0001
0.000115,0.00026,0.0001
0.00012,0.00026,0.0001
0.000125,0.00026,0.0001
7e-05,0.000265,0.0001
7.5e-05,0.000265,0.0001
8e-05,0.000265,0.0001
8.5e-05,0.000265,0.0001
9e-05,0.000265,0.0001
9.5e-05,0.000265,0.0001
0.0001,0.000265,0.0001
0.000105,0.000265,0.0001
0.00011,0.000265,0.0001
0.000115,0.000265,0.0001
0.00012,0.000265,0.0001
0.000125,0.000265,0.0001
7e-05,0.00027,0.0001
7.5e-05,0.00027,0.0001
8e-05,0.00027,0.0001
8.5e-05,0.00027,0.0001
9e-05,0.00027,0.0001
9.5e-05,0.00027,0.0001
0.0001,0.00027,0.0001
0.000105,0.00027,0.0001
0.00011,0.00027,0.0001
0.000115,0.00027,0.0001
0.00012,0.00027,0.0001
0.000125,0.00027,0.0001
7e-05,0.000275,0.0001
7.5e-05,0.000275,0.0001
8e-05,0.000275,0.0001
8.5e-05,0.000275,0.0001
9e-05,0.000275,0.0001
9.5e-05,0.000275,0.0001
0.0001,0.000275,0.0001
0.000105,0.000275,0.0001
0.00011,0.000275,0.0001
0.000115,0.000275,0.0001
0.00012,0.000275,0.0001
0.000125,0.000275,0.0001
0.00013,0.000275,0.0001
7.5e-05,0.00028,0.0001
8e-05,0.00028,0.0001
8.5e-05,0.00028,0.0001
9e-05,0.00028,0.0001
9.5e-05,0.00028,0.0001
0.0001,0.00028,0.0001
0.000105,0.00028,0.0001
0.00011,0.00028,0.0001
0.000115,0.00028,0.0001
0.00012,0.00028,0.0001
0.000125,0.00028,0.0001
0.00013,0.00028,0.0001
7e-05,0.000285,0.0001
7.5e-05,0.000285,0.0001
8e-05,0.000285,0.0001
8.5e-05,0.000285,0.0001
9e-05,0.000285,0.0001
9.5e-05,0.000285,0.0001
0.0001,0.000285,0.0001
0.000105,0.000285,0.0001
0.00011,0.000285,0.0001
0.000115,0.000285,0.0001
0.00012,0.000285,0.0001
0.000125,0.000285,0.0001
7e-05,0.00029,0.0001
7.5e-05,0.00029,0.0001
8e-05,0.00029,0.0001
8.5e-05,0.00029,0.0001
9e-05,0.00029,0.0001
9.5e-05,0.00029,0.0001
0.0001,0.00029,0.0001
0.000105,0.00029,0.0001
0.00011,0.00029,0.0001
0.000115,0.00029,0.0001
0.00012,0.00029,0.0001
0.000125,0.00029,0.0001
7e-05,0.000295,0.0001
7.5e-05,0.000295,0.0001
8e-05,0.000295,0.0001
8.5e-05,0.000295,0.0001
9e-05,0.000295,0.0001
9.5e-05,0.000295,0.0001
0.0001,0.000295,0.0001
0.000105,0.000295,0.0001
0.00011,0.000295,0.0001
0.000115,0.000295,0.0001
0.00012,0.000295,0.0001
0.000125,0.000295,0.0001
7.5e-05,0.0003,0.0001
8e-05,0.0003,0.0001
8.5e-05,0.0003,0.0001
9e-05,0.0003,0.0001
9.5e-05,0.0003,0.0001
0.0001,0.0003,0.0001
0.000105,0.0003,0.0001
0.00011,0.0003,0.0001
0.000115,0.0003,0.0001
0.00012,0.0003,0.0001
0.000125,0.0003,0.0001
7.5e-05,0.000305,0.0001
8e-05,0.000305,0.0001
8.5e-05,0.000305,0.0001
9e-05,0.000305,0.0001
9.5e-05,0.000305,0.0001
0.0001,0.000305,0.0001
0.000105,0.000305,0.0001
0.00011,0.000305,0.0001
0.000115,0.000305,0.0001
0.00012,0.000305,0.0001
0.000125,0.000305,0.0001
7.5e-05,0.00031,0.0001
8e-05,0.00031,0.0001
8.5e-05,0.00031,0.0001
9e-05,0.00031,0.0001
9.5e-05,0.00031,0.0001
0.0001,0.00031,0.0001
0.000105,0.00031,0.0001
0.00011,0.00031,0.0001
0.000115,0.00031,0.0001
0.00012,0.00031,0.0001
0.000125,0.00031,0.0001
7.5e-05,0.000315,0.0001
8e-05,0.000315,0.0001
8.5e-05,0.000315,0.0001
9e-05,0.000315,0.0001
9.5e-05,0.000315,0.0001
0.0001,0.000315,0.0001
0.000105,0.000315,0.0001
0.00011,0.000315,0.0001
0.000115,0.000315,0.0001
0.00012,0.000315,0.0001
0.000125,0.000315,0.0001
0.00013,0.000315,0.0001
7.5e-05,0.00032,0.0001
8e-05,0.00032,0.0001
8.5e-05,0.00032,0.0001
9e-05,0.00032,0.0001
9.5e-05,0.00032,0.0001
0.0001,0.00032,0.0001
0.000105,0.00032,0.0001
0.00011,0.00032,0.0001
0.000115,0.00032,0.0001
0.00012,0.00032,0.0001
0.000125,0.00032,0.0001
0.00013,0.00032,0.0001
7.5e-05,0.000325,0.0001
8e-05,0.000325,0.0001
8.5e-05,0.000325,0.0001
9e-05,0.000325,0.0001
9.5e-05,0.000325,0.0001
0.0001,0.000325,0.0001
0.000105,0.000325,0.0001
0.00011,0.000325,0.0001
0.000115,0.000325,0.0001
0.00012,0.000325,0.0001
0.000125,0.000325,0.0001
0.00013,0.000325,0.0001
7e-05,0.00033,0.0001
7.5e-05,0.00033,0.0001
8e-05,0.00033,0.0001
8.5e-05,0.00033,0.0001
9e-05,0.00033,0.0001
9.5e-05,0.00033,0.0001
0.0001,0.00033,0.0001
0.000105,0.00033,0.0001
0.00011,0.00033,0.0001
0.000115,0.00033,0.0001
0.00012,0.00033,0.0001
0.000125,0.00033,0.0001
0.00013,0.00033,0.0001
7e-05,0.000335,0.0001
7.5e-05,0.000335,0.0001
8e-05,0.000335,0.0001
8.5e-05,0.000335,0.0001
9e-05,0.000335,0.0001
9.5e-05,0.000335,0.0001
0.0001,0.000335,0.0001
0.000105,0.000335,0.0001
0.00011,0.000335,0.0001
0.000115,0.000335,0.0001
0.00012,0.000335,0.0001
0.000125,0.000335,0.0001
7.5e-05,0.00034,0.0001
8e-05,0.00034,0.0001
8.5e-05,0.00034,0.0001
9e-05,0.00034,0.0001
9.5e-05,0.00034,0.0001
0.0001,0.00034,0.0001
0.000105,0.00034,0.0001
0.00011,0.00034,0.0001
0.000115,0.00034,0.0001
0.00012,0.00034,0.0001
0.000125,0.00034,0.0001
7e-05,0.000345,0.0001
7.5e-05,0.000345,0.0001
8e-05,0.000345,0.0001
8.5e-05,0.000345,0.0001
9e-05,0.000345,0.0001
9.5e-05,0.000345,0.0001
0.0001,0.000345,0.0001
0.000105,0.000345,0.0001
0.00011,0.000345,0.0001
0.000115,0.000345,0.0001
0.00012,0.000345,0.0001
0.000125,0.000345,0.0001
7e-05,0.00035,0.0001
7.5e-05,0.00035,0.0001
8e-05,0.00035,0.0001
8.5e-05,0.00035,0.0001
9e-05,0.00035,0.0001
9.5e-05,0.00035,0.0001
0.0001,0.00035,0.0001
0.000105,0.00035,0.0001
0.00011,0.00035,0.0001
0.000115,0.00035,0.0001
0.00012,0.00035,0.0001
0.000125,0.00035,0.0001
7e-05,0.000355,0.0001
7.5e-05,0.000355,0.0001
8e-05,0.000355,0.0001
8.5e-05,0.000355,0.0001
9e-05,0.000355,0.0001
9.5e-05,0.000355,0.0001
0.0001,0.000355,0.0001
0.000105,0.000355,0.0001
0.00011,0.000355,0.0001
0.000115,0.000355,0.0001
0.00012,0.000355,0.0001
0.000125,0.000355,0.0001
7e-05,0.00036,0.0001
7.5e-05,0.00036,0.0001
8e-05,0.00036,0.0001
8.5e-05,0.00036,0.0001
9e-05,0.00036,0.0001
9.5e-05,0.00036,0.0001
0.0001,0.00036,0.0001
0.000105,0.00036,0.0001
0.00011,0.00036,0.0001
0.000115,0.00036,0.0001
0.00012,0.00036,0.0001
0.000125,0.00036,0.0001
7e-05,0.000365,0.0001
7.5e-05,0.000365,0.0001
8e-05,0.000365,0.0001
8.5e-05,0.000365,0.0001
9e-05,0.000365,0.0001
9.5e-05,0.000365,0.0001
0.0001,0.000365,0.0001
0.000105,0.000365,0.0001
0.00011,0.000365,0.0001
0.000115,0.000365,0.0001
0.00012,0.000365,0.0001
0.000125,0.000365,0.0001
7.5e-05,0.00037,0.0001
8e-05,0.00037,0.0001
8.5e-05,0.00037,0.0001
9e-05,0.00037,0.0001
9.5e-05,0.00037,0.0001
0.0001,0.00037,0.0001
0.000105,0.00037,0.0001
0.00011,0.00037,0.0001
0.000115,0.00037,0.0001
0.00012,0.00037,0.0001
0.000125,0.00037,0.0001
7.5e-05,0.000375,0.0001
8e-05,0.000375,0.0001
8.5e-05,0.000375,0.0001
9e-05,0.000375,0.0001
9.5e-05,0.000375,0.0001
0.0001,0.000375,0.0001
0.000105,0.000375,0.0001
0.00011,0.000375,0.0001
0.000115,0.000375,0.0001
0.00012,0.000375,0.0001
0.000125,0.000375,0.0001
7.5e-05,0.00038,0.0001
8e-05,0.00038,0.0001
8.5e-05,0.00038,0.0001
9e-05,0.00038,0.0001
9.5e-05,0.00038,0.0001
0.0001,0.00038,0.0001
0.000105,0.00038,0.0001
0.00011,0.00038,0.0001
0.000115,0.00038,0.0001
0.00012,0.00038,0.0001
0.000125,0.00038,0.0001
7.5e-05,0.000385,0.0001
8e-05,0.000385,0.0001
8.5e-05,0.000385,0.0001
9e-05,0.000385,0.0001
9.5e-05,0.000385,0.0001
0.0001,0.000385,0.0001
0.000105,0.000385,0.0001
0.00011,0.000385,0.0001
0.000115,0.000385,0.0001
0.00012,0.000385,0.0001
0.000125,0.000385,0.0001
0.00013,0.000385,0.0001
7.5e-05,0.00039,0.0001
8e-05,0.00039,0.0001
8.5e-05,0.00039,0.0001
9e-05,0.00039,0.0001
9.5e-05,0.00039,0.0001
0.0001,0.00039,0.0001
0.000105,0.00039,0.0001
0.00011,0.00039,0.0001
0.000115,0.00039,0.0001
0.00012,0.00039,0.0001
0.000125,0.00039,0.0001
0.00013,0.00039,0.0001
7.5e-05,0.000395,0.0001
8e-05,0.000395,0.0001
8.5e-05,0.000395,0.0001
9e-05,0.000395,0.0001
9.5e-05,0.000395,0.0001
0.0001,0.000395,0.0001
0.000105,0.000395,0.0001
0.00011,0.000395,0.0001
0.000115,0.000395,0.0001
0.00012,0.000395,0.0001
0.000125,0.000395,0.0001
0.00013,0.000395,0.0001
7e-05,0.0004,0.0001
7.5e-05,0.0004,0.0001
8e-05,0.0004,0.0001
8.5e-05,0.0004,0.0001
9e-05,0.0004,0.0001
9.5e-05,0.0004,0.0001
0.0001,0.0004,0.0001
0.000105,0.0004,0.0001
0.00011,0.0004,0.0001
0.000115,0.0004,0.0001
0.00012,0.0004,0.0001
0.000125,0.0004,0.0001
0.00013,0.0004,0.0001
7e-05,0.000405,0.0001
7.5e-05,0.000405,0.0001
8e-05,0.000405,0.0001
8.5e-05,0.000405,0.0001
9e-05,0.000405,0.0001
9.5e-05,0.000405,0.0001
0.0001,0.000405,0.0001
0.000105,0.000405,0.0001
0.00011,0.000405,0.0001
0.000115,0.000405,0.0001
0.00012,0.000405,0.0001
0.000125,0.000405,0.0001
7.5e-05,0.00041,0.0001
8e-05,0.00041,0.0001
8.5e-05,0.00041,0.0001
9e-05,0.00041,0.0001
9.5e-05,0.00041,0.0001
0.0001,0.00041,0.0001
0.000105,0.00041,0.0001
0.00011,0.00041,0.0001
0.000115,0.00041,0.0001
0.00012,0.00041,0.0001
0.000125,0.00041,0.0001
7.5e-05,0.000415,0.0001
8e-05,0.000415,0.0001
8.5e-05,0.000415,0.0001
9e-05,0.000415,0.0001
9.5e-05,0.000415,0.0001
0.0001,0.000415,0.0001
0.000105,0.000415,0.0001
0.00011,0.000415,0.0001
0.000115,0.000415,0.0001
0.00012,0.000415,0.0001
0.000125,0.000415,0.0001
8e-05,0.00042,0.0001
8.5e-05,0.00042,0.0001
9e-05,0.00042,0.0001
9.5e-05,0.00042,0.0001
0.0001,0.00042,0.0001
0.000105,0.00042,0.0001
0.00011,0.00042,0.0001
0.000115,0.00042,0.0001
0.00012,0.00042,0.0001
0.000125,0.00042,0.0001
7.5e-05,0.000425,0.0001
8e-05,0.000425,0.0001
8.5e-05,0.000425,0.0001
9e-05,0.000425,0.0001
9.5e-05,0.000425,0.0001
0.0001,0.000425,0.0001
0.000105,0.000425,0.0001
0.00011,0.000425,0.0001
0.000115,0.000425,0.0001
0.00012,0.000425,0.0001
0.000125,0.000425,0.0001
7.5e-05,0.00043,0.0001
8e-05,0.00043,0.0001
8.5e-05,0.00043,0.0001
9e-05,0.00043,0.0001
9.5e-05,0.00043,0.0001
0.0001,0.00043,0.0001
0.000105,0.00043,0.0001
0.00011,0.00043,0.0001
0.000115,0.00043,0.0001
0.00012,0.00043,0.0001
0.000125,0.00043,0.0001
7.5e-05,0.000435,0.0001
8e-05,0.000435,0.0001
8.5e-05,0.000435,0.0001
9e-05,0.000435,0.0001
9.5e-05,0.000435,0.0001
0.0001,0.000435,0.0001
0.000105,0.000435,0.0001
0.00011,0.000435,0.0001
0.000115,0.000435,0.0001
0.00012,0.000435,0.0001
0.000125,0.000435,0.0001
7.5e-05,0.00044,0.0001
8e-05,0.00044,0.0001
8.5e-05,0.00044,0.0001
9e-05,0.00044,0.0001
9.5e-05,0.00044,0.0001
0.0001,0.00044,0.0001
0.000105,0.00044,0.0001
0.00011,0.00044,0.0001
0.000115,0.00044,0.0001
0.00012,0.00044,0.0001
0.000125,0.00044,0.0001
7.5e-05,0.000445,0.0001
8e-05,0.000445,0.0001
8.5e-05,0.000445,0.0001
9e-05,0.000445,0.0001
9.5e-05,0.000445,0.0001
0.0001,0.000445,0.0001
0.000105,0.000445,0.0001
0.00011,0.000445,0.0001
0.000115,0.000445,0.0001
0.00012,0.000445,0.0001
0.000125,0.000445,0.0001
0.00013,0.000445,0.0001
7.5e-05,0.00045,0.0001
8e-05,0.00045,0.0001
8.5e-05,0.00045,0.0001
9e-05,0.00045,0.0001
9.5e-05,0.00045,0.0001
0.0001,0.00045,0.0001
0.000105,0.00045,0.0001
0.00011,0.00045,0.0001
0.000115,0.00045,0.0001
0.00012,0.00045,0.0001
0.000125,0.00045,0.0001
0.00013,0.00045,0.0001
7.5e-05,0.000455,0.0001
8e-05,0.000455,0.0001
8.5e-05,0.000455,0.0001
9e-05,0.000455,0.0001
9.5e-05,0.000455,0.0001
0.0001,0.000455,0.0001
0.000105,0.000455,0.0001
0.00011,0.000455,0.0001
0.000115,0.000455,0.0001
0.00012,0.000455,0.0001
0.000125,0.000455,0.0001
0.00013,0.000455,0.0001
7e-05,0.00046,0.0001
7.5e-05,0.00046,0.0001
8e-05,0.00046,0.0001
8.5e-05,0.00046,0.0001
9e-05,0.00046,0.0001
9.5e-05,0.00046,0.0001
0.0001,0.00046,0.0001
0.000105,0.00046,0.0001
0.00011,0.00046,0.0001
0.000115,0.00046,0.0001
0.00012,0.00046,0.0001
0.000125,0.00046,0.0001
0.00013,0.00046,0.0001
7e-05,0.000465,0.0001
7.5e-05,0.000465,0.0001
8e-05,0.000465,0.0001
8.5e-05,0.000465,0.0001
9e-05,0.000465,0.0001
9.5e-05,0.000465,0.0001
0.0001,0.000465,0.0001
0.000105,0.000465,0.0001
0.00011,0.000465,0.0001
0.000115,0.000465,0.0001
0.00012,0.000465,0.0001
0.000125,0.000465,0.0001
0.00013,0.000465,0.0001
7e-05,0.00047,0.0001
7.5e-05,0.00047,0.0001
8e-05,0.00047,0.0001
8.5e-05,0.00047,0.0001
9e-05,0.00047,0.0001
9.5e-05,0.00047,0.0001
0.0001,0.00047,0.0001
0.000105,0.00047,0.0001
0.00011,0.00047,0.0001
0.000115,0.00047,0.0001
0.00012,0.00047,0.0001
0.000125,0.00047,0.0001
0.00013,0.00047,0.0001
7e-05,0.000475,0.0001
7.5e-05,0.000475,0.0001
8e-05,0.000475,0.0001
8.5e-05,0.000475,0.0001
9e-05,0.000475,0.0001
9.5e-05,0.000475,0.0001
0.0001,0.000475,0.0001
0.000105,0.000475,0.0001
0.00011,0.000475,0.0001
0.000115,0.000475,0.0001
0.00012,0.000475,0.0001
0.000125,0.000475,0.0001
0.00013,0.000475,0.0001
7.5e-05,0.00048,0.0001
8e-05,0.00048,0.0001
8.5e-05,0.00048,0.0001
9e-05,0.00048,0.0001
9.5e-05,0.00048,0.0001
0.0001,0.00048,0.0001
0.000105,0.00048,0.0001
0.00011,0.00048,0.0001
0.000115,0.00048,0.0001
0.00012,0.00048,0.0001
0.000125,0.00048,0.0001
0.00013,0.00048,0.0001
7.5e-05,0.000485,0.0001
8e-05,0.000485,0.0001
8.5e-05,0.000485,0.0001
9e-05,0.000485,0.0001
9.5e-05,0.000485,0.0001
0.0001,0.000485,0.0001
0.000105,0.000485,0.0001
0.00011,0.000485,0.0001
0.000115,0.000485,0.0001
0.00012,0.000485,0.0001
0.000125,0.000485,0.0001
7.5e-05,0.00049,0.0001
8e-05,0.00049,0.0001
8.5e-05,0.00049,0.0001
9e-05,0.00049,0.0001
9.5e-05,0.00049,0.0001
0.0001,0.00049,0.0001
0.000105,0.00049,0.0001
0.00011,0.00049,0.0001
0.000115,0.00049,0.0001
0.00012,0.00049,0.0001
0.000125,0.00049,0.0001
7e-05,0.000495,0.0001
7.5e-05,0.000495,0.0001
8e-05,0.000495,0.0001
8.5e-05,0.000495,0.0001
9e-05,0.000495,0.0001
9.5e-05,0.000495,0.0001
0.0001,0.000495,0.0001
0.000105,0.000495,0.0001
0.00011,0.000495,0.0001
0.000115,0.000495,0.0001
0.00012,0.000495,0.0001
0.000125,0.000495,0.0001
7e-05,0.0005,0.0001
7.5e-05,0.0005,0.0001
8e-05,0.0005,0.0001
8.5e-05,0.0005,0.0001
9e-05,0.0005,0.0001
9.5e-05,0.0005,0.0001
0.0001,0.0005,0.0001
0.000105,0.0005,0.0001
0.00011,0.0005,0.0001
0.000115,0.0005,0.0001
0.00012,0.0005,0.0001
0.000125,0.0005,0.0001
0.00013,0.0005,0.0001
7.5e-05,0.000505,0.0001
8e-05,0.000505,0.0001
8.5e-05,0.000505,0.0001
9e-05,0.000505,0.0001
9.5e-05,0.000505,0.0001
0.0001,0.000505,0.0001
0.000105,0.000505,0.0001
0.00011,0.000505,0.0001
0.000115,0.000505,0.0001
0.00012,0.000505,0.0001
0.000125,0.000505,0.0001
0.00013,0.000505,0.0001
7.5e-05,0.00051,0.0001
8e-05,0.00051,0.0001
8.5e-05,0.00051,0.0001
9e-05,0.00051,0.0001
9.5e-05,0.00051,0.0001
0.0001,0.00051,0.0001
0.000105,0.00051,0.0001
0.00011,0.00051,0.0001
0.000115,0.00051,0.0001
0.00012,0.00051,0.0001
0.000125,0.00051,0.0001
0.00013,0.00051,0.0001
7e-05,0.000515,0.0001
7.5e-05,0.000515,0.0001
8e-05,0.000515,0.0001
8.5e-05,0.000515,0.0001
9e-05,0.000515,0.0001
9.5e-05,0.000515,0.0001
0.0001,0.000515,0.0001
0.000105,0.000515,0.0001
0.00011,0.000515,0.0001
0.000115,0.000515,0.0001
0.00012,0.000515,0.0001
0.000125,0.000515,0.0001
0.00013,0.000515,0.0001
7e-05,0.00052,0.0001
7.5e-05,0.00052,0.0001
8e-05,0.00052,0.0001
8.5e-05,0.00052,0.0001
9e-05,0.00052,0.0001
9.5e-05,0.00052,0.0001
0.0001,0.00052,0.0001
0.000105,0.00052,0.0001
0.00011,0.00052,0.0001
0.000115,0.00052,0.0001
0.00012,0.00052,0.0001
0.000125,0.00052,0.0001
7.5e-05,0.000525,0.0001
8e-05,0.000525,0.0001
8.5e-05,0.000525,0.0001
9e-05,0.000525,0.0001
9.5e-05,0.000525,0.0001
0.0001,0.000525,0.0001
0.000105,0.000525,0.0001
0.00011,0.000525,0.0001
0.000115,0.000525,0.0001
0.00012,0.000525,0.0001
0.000125,0.000525,0.0001
0.00013,0.000525,0.0001
7.5e-05,0.00053,0.0001
8e-05,0.00053,0.0001
8.5e-05,0.00053,0.0001
9e-05,0.00053,0.0001
9.5e-05,0.00053,0.0001
0.0001,0.00053,0.0001
0.000105,0.00053,0.0001
0.00011,0.00053,0.0001
0.000115,0.00053,0.0001
0.00012,0.00053,0.0001
0.000125,0.00053,0.0001
0.00013,0.00053,0.0001
7.5e-05,0.000535,0.0001
8e-05,0.000535,0.0001
8.5e-05,0.000535,0.0001
9e-05,0.000535,0.0001
9.5e-05,0.000535,0.0001
0.0001,0.000535,0.0001
0.000105,0.000535,0.0001
0.00011,0.000535,0.0001
0.000115,0.000535,0.0001
0.00012,0.000535,0.0001
0.000125,0.000535,0.0001
0.00013,0.000535,0.0001
7.5e-05,0.00054,0.0001
8e-05,0.00054,0.0001
8.5e-05,0.00054,0.0001
9e-05,0.00054,0.0001
9.5e-05,0.00054,0.0001
0.0001,0.00054,0.0001
0.000105,0.00054,0.0001
0.00011,0.00054,0.0001
0.000115,0.00054,0.0001
0.00012,0.00054,0.0001
0.000125,0.00054,0.0001
0.00013,0.00054,0.0001
7.5e-05,0.000545,0.0001
8e-05,0.000545,0.0001
8.5e-05,0.000545,0.0001
9e-05,0.000545,0.0001
9.5e-05,0.000545,0.0001
0.0001,0.000545,0.0001
0.000105,0.000545,0.0001
0.00011,0.000545,0.0001
0.000115,0.000545,0.0001
0.00012,0.000545,0.0001
0.000125,0.000545,0.0001
0.00013,0.000545,0.0001
7.5e-05,0.00055,0.0001
8e-05,0.00055,0.0001
8.5e-05,0.00055,0.0001
9e-05,0.00055,0.0001
9.5e-05,0.00055,0.0001
0.0001,0.00055,0.0001
0.000105,0.00055,0.0001
0.00011,0.00055,0.0001
0.000115,0.00055,0.0001
0.00012,0.00055,0.0001
0.000125,0.00055,0.0001
0.00013,0.00055,0.0001
7.5e-05,0.000555,0.0001
8e-05,0.000555,0.0001
8.5e-05,0.000555,0.0001
9e-05,0.000555,0.0001
9.5e-05,0.000555,0.0001
0.0001,0.000555,0.0001
0.000105,0.000555,0.0001
0.00011,0.000555,0.0001
0.000115,0.000555,0.0001
0.00012,0.000555,0.0001
0.000125,0.000555,0.0001
7.5e-05,0.00056,0.0001
8e-05,0.00056,0.0001
8.5e-05,0.00056,0.0001
9e-05,0.00056,0.0001
9.5e-05,0.00056,0.0001
0.0001,0.00056,0.0001
0.000105,0.00056,0.0001
0.00011,0.00056,0.0001
0.000115,0.00056,0.0001
0.00012,0.00056,0.0001
0.000125,0.00056,0.0001
7.5e-05,0.000565,0.0001
8e-05,0.000565,0.0001
8.5e-05,0.000565,0.0001
9e-05,0.000565,0.0001
9.5e-05,0.000565,0.0001
0.0001,0.000565,0.0001
0.000105,0.000565,0.0001
0.00011,0.000565,0.0001
0.000115,0.000565,0.0001
0.00012,0.000565,0.0001
0.000125,0.000565,0.0001
7.5e-05,0.00057,0.0001
8e-05,0.00057,0.0001
8.5e-05,0.00057,0.0001
9e-05,0.00057,0.0001
9.5e-05,0.00057,0.0001
0.0001,0.00057,0.0001
0.000105,0.00057,0.0001
0.00011,0.00057,0.0001
0.000115,0.00057,0.0001
0.00012,0.00057,0.0001
0.000125,0.00057,0.0001
7.5e-05,0.000575,0.0001
8e-05,0.000575,0.0001
8.5e-05,0.000575,0.0001
9e-05,0.000575,0.0001
9.5e-05,0.000575,0.0001
0.0001,0.000575,0.0001
0.000105,0.000575,0.0001
0.00011,0.000575,0.0001
0.000115,0.000575,0.0001
0.00012,0.000575,0.0001
7.5e-05,0.00058,0.0001
8e-05,0.00058,0.0001
8.5e-05,0.00058,0.0001
9e-05,0.00058,0.0001
9.5e-05,0.00058,0.0001
0.0001,0.00058,0.0001
0.000105,0.00058,0.0001
0.00011,0.00058,0.0001
0.000115,0.00058,0.0001
0.00012,0.00058,0.0001
7.5e-05,0.000585,0.0001
8e-05,0.000585,0.0001
8.5e-05,0.000585,0.0001
9e-05,0.000585,0.0001
9.5e-05,0.000585,0.0001
0.0001,0.000585,0.0001
0.000105,0.000585,0.0001
0.00011,0.000585,0.0001
0.000115,0.000585,0.0001
0.00012,0.000585,0.0001
7.5e-05,0.00059,0.0001
8e-05,0.00059,0.0001
8.5e-05,0.00059,0.0001
9e-05,0.00059,0.0001
9.5e-05,0.00059,0.0001
0.0001,0.00059,0.0001
0.000105,0.00059,0.0001
0.00011,0.00059,0.0001
0.000115,0.00059,0.0001
0.00012,0.00059,0.0001
0.000125,0.00059,0.0001
7.5e-05,0.000595,0.0001
8e-05,0.000595,0.0001
8.5e-05,0.000595,0.0001
9e-05,0.000595,0.0001
9.5e-05,0.000595,0.0001
0.0001,0.000595,0.0001
0.000105,0.000595,0.0001
0.00011,0.000595,0.0001
0.000115,0.000595,0.0001
0.00012,0.000595,0.0001
0.000125,0.000595,0.0001
7.5e-05,0.0006,0.0001
8e-05,0.0006,0.0001
8.5e-05,0.0006,0.0001
9e-05,0.0006,0.0001
9.5e-05,0.0006,0.0001
0.0001,0.0006,0.0001
0.000105,0.0006,0.0001
0.00011,0.0006,0.0001
0.000115,0.0006,0.0001
0.00012,0.0006,0.0001
0.000125,0.0006,0.0001
7.5e-05,0.000605,0.0001
8e-05,0.000605,0.0001
8.5e-05,0.000605,0.0001
9e-05,0.000605,0.0001
9.5e-05,0.000605,0.0001
0.0001,0.000605,0.0001
0.000105,0.000605,0.0001
0.00011,0.000605,0.0001
0.000115,0.000605,0.0001
0.00012,0.000605,0.0001
0.000125,0.000605,0.0001
7.5e-05,0.00061,0.0001
8e-05,0.00061,0.0001
8.5e-05,0.00061,0.0001
9e-05,0.00061,0.0001
9.5e-05,0.00061,0.0001
0.0001,0.00061,0.0001
0.000105,0.00061,0.0001
0.00011,0.00061,0.0001
0.000115,0.00061,0.0001
0.00012,0.00061,0.0001
0.000125,0.00061,0.0001
7.5e-05,0.000615,0.0001
8e-05,0.000615,0.0001
8.5e-05,0.000615,0.0001
9e-05,0.000615,0.0001
9.5e-05,0.000615,0.0001
0.0001,0.000615,0.0001
0.000105,0.000615,0.0001
0.00011,0.000615,0.0001
0.000115,0.000615,0.0001
0.00012,0.000615,0.0001
0.000125,0.000615,0.0001
7.5e-05,0.00062,0.0001
8e-05,0.00062,0.0001
8.5e-05,0.00062,0.0001
9e-05,0.00062,0.0001
9.5e-05,0.00062,0.0001
0.0001,0.00062,0.0001
0.000105,0.00062,0.0001
0.00011,0.00062,0.0001
0.000115,0.00062,0.0001
0.00012,0.00062,0.0001
0.000125,0.00062,0.0001
7.5e-05,0.000625,0.0001
8e-05,0.000625,0.0001
8.5e-05,0.000625,0.0001
9e-05,0.000625,0.0001
9.5e-05,0.000625,0.0001
0.0001,0.000625,0.0001
0.000105,0.000625,0.0001
0.00011,0.000625,0.0001
0.000115,0.000625,0.0001
0.00012,0.000625,0.0001
0.000125,0.000625,0.0001
7.5e-05,0.00063,0.0001
8e-05,0.00063,0.0001
8.5e-05,0.00063,0.0001
9e-05,0.00063,0.0001
9.5e-05,0.00063,0.0001
0.0001,0.00063,0.0001
0.000105,0.00063,0.0001
0.00011,0.00063,0.0001
0.000115,0.00063,0.0001
0.00012,0.00063,0.0001
0.000125,0.00063,0.0001
7.5e-05,0.000635,0.0001
8e-05,0.000635,0.0001
8.5e-05,0.000635,0.0001
9e-05,0.000635,0.0001
9.5e-05,0.000635,0.0001
0.0001,0.000635,0.0001
0.000105,0.000635,0.0001
0.00011,0.000635,0.0001
0.000115,0.000635,0.0001
0.00012,0.000635,0.0001
0.000125,0.000635,0.0001
7.5e-05,0.00064,0.0001
8e-05,0.00064,0.0001
8.5e-05,0.00064,0.0001
9e-05,0.00064,0.0001
9.5e-05,0.00064,0.0001
0.0001,0.00064,0.0001
0.000105,0.00064,0.0001
0.00011,0.00064,0.0001
0.000115,0.00064,0.0001
0.00012,0.00064,0.0001
0.000125,0.00064,0.0001
8e-05,0.000645,0.0001
8.5e-05,0.000645,0.0001
9e-05,0.000645,0.0001
9.5e-05,0.000645,0.0001
0.0001,0.000645,0.0001
0.000105,0.000645,0.0001
0.00011,0.000645,0.0001
0.000115,0.000645,0.0001
0.00012,0.000645,0.0001
0.000125,0.000645,0.0001
7.5e-05,0.00065,0.0001
8e-05,0.00065,0.0001
8.5e-05,0.00065,0.0001
9e-05,0.00065,0.0001
9.5e-05,0.00065,0.0001
0.0001,0.00065,0.0001
0.000105,0.00065,0.0001
0.00011,0.00065,0.0001
0.000115,0.00065,0.0001
0.00012,0.00065,0.0001
7.5e-05,0.000655,0.0001
8e-05,0.000655,0.0001
8.5e-05,0.000655,0.0001
9e-05,0.000655,0.0001
9.5e-05,0.000655,0.0001
0.0001,0.000655,0.0001
0.000105,0.000655,0.0001
0.00011,0.000655,0.0001
0.000115,0.000655,0.0001
0.00012,0.000655,0.0001
7.5e-05,0.00066,0.0001
8e-05,0.00066,0.0001
8.5e-05,0.00066,0.0001
9e-05,0.00066,0.0001
9.5e-05,0.00066,0.0001
0.0001,0.00066,0.0001
0.000105,0.00066,0.0001
0.00011,0.00066,0.0001
0.000115,0.00066,0.0001
0.00012,0.00066,0.0001
7.5e-05,0.000665,0.0001
8e-05,0.000665,0.0001
8.5e-05,0.000665,0.0001
9e-05,0.000665,0.0001
9.5e-05,0.000665,0.0001
0.0001,0.000665,0.0001
0.000105,0.000665,0.0001
0.00011,0.000665,0.0001
0.000115,0.000665,0.0001
0.00012,0.000665,0.0001
7.5e-05,0.00067,0.0001
8e-05,0.00067,0.0001
8.5e-05,0.00067,0.0001
9e-05,0.00067,0.0001
9.5e-05,0.00067,0.0001
0.0001,0.00067,0.0001
0.000105,0.00067,0.0001
0.00011,0.00067,0.0001
0.000115,0.00067,0.0001
0.00012,0.00067,0.0001
8e-05,0.000675,0.0001
8.5e-05,0.000675,0.0001
9e-05,0.000675,0.0001
9.5e-05,0.000675,0.0001
0.0001,0.000675,0.0001
0.000105,0.000675,0.0001
0.00011,0.000675,0.0001
0.000115,0.000675,0.0001
0.00012,0.000675,0.0001
8e-05,0.00068,0.0001
8.5e-05,0.00068,0.0001
9e-05,0.00068,0.0001
9.5e-05,0.00068,0.0001
0.0001,0.00068,0.0001
0.000105,0.00068,0.0001
0.00011,0.00068,0.0001
0.000115,0.00068,0.0001
0.00012,0.00068,0.0001
8e-05,0.000685,0.0001
8.5e-05,0.000685,0.0001
9e-05,0.000685,0.0001
9.5e-05,0.000685,0.0001
0.0001,0.000685,0.0001
0.000105,0.000685,0.0001
0.00011,0.000685,0.0001
0.000115,0.000685,0.0001
0.00012,0.000685,0.0001
8e-05,0.00069,0.0001
8.5e-05,0.00069,0.0001
9e-05,0.00069,0.0001
9.5e-05,0.00069,0.0001
0.0001,0.00069,0.0001
0.000105,0.00069,0.0001
0.00011,0.00069,0.0001
0.000115,0.00069,0.0001
0.00012,0.00069,0.0001
8e-05,0.000695,0.0001
8.5e-05,0.000695,0.0001
9e-05,0.000695,0.0001
9.5e-05,0.000695,0.0001
0.0001,0.000695,0.0001
0.000105,0.000695,0.0001
0.00011,0.000695,0.0001
0.000115,0.000695,0.0001
0.00012,0.000695,0.0001
8.5e-05,0.0007,0.0001
9e-05,0.0007,0.0001
9.5e-05,0.0007,0.0001
0.0001,0.0007,0.0001
0.000105,0.0007,0.0001
0.00011,0.0007,0.0001
0.000115,0.0007,0.0001
0.00012,0.0007,0.0001
9e-05,0.000705,0.0001
9.5e-05,0.000705,0.0001
0.0001,0.000705,0.0001
0.000105,0.000705,0.0001
9e-05,0.0,0.000105
9.5e-05,0.0,0.000105
0.0001,0.0,0.000105
0.000105,0.0,0.000105
9e-05,5e-06,0.000105
9.5e-05,5e-06,0.000105
0.0001,5e-06,0.000105
0.000105,5e-06,0.000105
0.00011,5e-06,0.000105
8.5e-05,1e-05,0.000105
9e-05,1e-05,0.000105
9.5e-05,1e-05,0.000105
0.0001,1e-05,0.000105
0.000105,1e-05,0.000105
0.00011,1e-05,0.000105
8.5e-05,1.5e-05,0.000105
9e-05,1.5e-05,0.000105
9.5e-05,1.5e-05,0.000105
0.0001,1.5e-05,0.000105
0.000105,1.5e-05,0.000105
0.00011,1.5e-05,0.000105
0.000115,1.5e-05,0.000105
8e-05,2e-05,0.000105
8.5e-05,2e-05,0.000105
9e-05,2e-05,0.000105
9.5e-05,2e-05,0.000105
0.0001,2e-05,0.000105
0.000105,2e-05,0.000105
0.00011,2e-05,0.000105
0.000115,2e-05,0.000105
0.00012,2e-05,0.000105
0.000125,2e-05,0.000105
8e-05,2.5e-05,0.000105
8.5e-05,2.5e-05,0.000105
9e-05,2.5e-05,0.000105
9.5e-05,2.5e-05,0.000105
0.0001,2.5e-05,0.000105
0.000105,2.5e-05,0.000105
0.00011,2.5e-05,0.000105
0.000115,2.5e-05,0.000105
0.00012,2.5e-05,0.000105
0.000125,2.5e-05,0.000105
7.5e-05,3e-05,0.000105
8e-05,3e-05,0.000105
8.5e-05,3e-05,0.000105
9e-05,3e-05,0.000105
9.5e-05,3e-05,0.000105
0.0001,3e-05,0.000105
0.000105,3e-05,0.000105
0.00011,3e-05,0.000105
0.000115,3e-05,0.000105
0.00012,3e-05,0.000105
0.000125,3e-05,0.000105
7.5e-05,3.5e-05,0.000105
8e-05,3.5e-05,0.000105
8.5e-05,3.5e-05,0.000105
9e-05,3.5e-05,0.000105
9.5e-05,3.5e-05,0.000105
0.0001,3.5e-05,0.000105
0.000105,3.5e-05,0.000105
0.00011,3.5e-05,0.000105
0.000115,3.5e-05,0.000105
0.00012,3.5e-05,0.000105
0.000125,3.5e-05,0.000105
7.5e-05,4e-05,0.000105
8e-05,4e-05,0.000105
8.5e-05,4e-05,0.000105
9e-05,4e-05,0.000105
9.5e-05,4e-05,0.000105
0.0001,4e-05,0.000105
0.000105,4e-05,0.000105
0.00011,4e-05,0.000105
0.000115,4e-05,0.000105
0.00012,4e-05,0.000105
0.000125,4e-05,0.000105
0.00013,4e-05,0.000105
7.5e-05,4.5e-05,0.000105
8e-05,4.5e-05,0.000105
8.5e-05,4.5e-05,0.000105
9e-05,4.5e-05,0.000105
9.5e-05,4.5e-05,0.000105
0.0001,4.5e-05,0.000105
0.000105,4.5e-05,0.000105
0.00011,4.5e-05,0.000105
0.000115,4.5e-05,0.000105
0.00012,4.5e-05,0.000105
0.000125,4.5e-05,0.000105
0.00013,4.5e-05,0.000105
7e-05,5e-05,0.000105
7.5e-05,5e-05,0.000105
8e-05,5e-05,0.000105
8.5e-05,5e-05,0.000105
9e-05,5e-05,0.000105
9.5e-05,5e-05,0.000105
0.0001,5e-05,0.000105
0.000105,5e-05,0.000105
0.00011,5e-05,0.000105
0.000115,5e-05,0.000105
0.00012,5e-05,0.000105
0.000125,5e-05,0.000105
0.00013,5e-05,0.000105
7e-05,5.5e-05,0.000105
7.5e-05,5.5e-05,0.000105
8e-05,5.5e-05,0.000105
8.5e-05,5.5e-05,0.000105
9e-05,5.5e-05,0.000105
9.5e-05,5.5e-05,0.000105
0.0001,5.5e-05,0.000105
0.000105,5.5e-05,0.000105
0.00011,5.5e-05,0.000105
0.000115,5.5e-05,0.000105
0.00012,5.5e-05,0.000105
0.000125,5.5e-05,0.000105
0.00013,5.5e-05,0.000105
7e-05,6e-05,0.000105
7.5e-05,6e-05,0.000105
8e-05,6e-05,0.000105
8.5e-05,6e-05,0.000105
9e-05,6e-05,0.000105
9.5e-05,6e-05,0.000105
0.0001,6e-05,0.000105
0.000105,6e-05,0.000105
0.00011,6e-05,0.000105
0.000115,6e-05,0.000105
0.00012,6e-05,0.000105
0.000125,6e-05,0.000105
0.00013,6e-05,0.000105
7e-05,6.5e-05,0.000105
7.5e-05,6.5e-05,0.000105
8e-05,6.5e-05,0.000105
8.5e-05,6.5e-05,0.000105
9e-05,6.5e-05,0.000105
9.5e-05,6.5e-05,0.000105
0.0001,6.5e-05,0.000105
0.000105,6.5e-05,0.000105
0.00011,6.5e-05,0.000105
0.000115,6.5e-05,0.000105
0.00012,6.5e-05,0.000105
0.000125,6.5e-05,0.000105
0.00013,6.5e-05,0.000105
7e-05,7e-05,0.000105
7.5e-05,7e-05,0.000105
8e-05,7e-05,0.000105
8.5e-05,7e-05,0.000105
9e-05,7e-05,0.000105
9.5e-05,7e-05,0.000105
0.0001,7e-05,0.000105
0.000105,7e-05,0.000105
0.00011,7e-05,0.000105
0.000115,7e-05,0.000105
0.00012,7e-05,0.000105
0.000125,7e-05,0.000105
0.00013,7e-05,0.000105
0.000135,7e-05,0.000105
7e-05,7.5e-05,0.000105
7.5e-05,7.5e-05,0.000105
8e-05,7.5e-05,0.000105
8.5e-05,7.5e-05,0.000105
9e-05,7.5e-05,0.000105
9.5e-05,7.5e-05,0.000105
0.0001,7.5e-05,0.000105
0.000105,7.5e-05,0.000105
0.00011,7.5e-05,0.000105
0.000115,7.5e-05,0.000105
0.00012,7.5e-05,0.000105
0.000125,7.5e-05,0.000105
0.00013,7.5e-05,0.000105
0.000135,7.5e-05,0.000105
7e-05,8e-05,0.000105
7.5e-05,8e-05,0.000105
8e-05,8e-05,0.000105
8.5e-05,8e-05,0.000105
9e-05,8e-05,0.000105
9.5e-05,8e-05,0.000105
0.0001,8e-05,0.000105
0.000105,8e-05,0.000105
0.00011,8e-05,0.000105
0.000115,8e-05,0.000105
0.00012,8e-05,0.000105
0.000125,8e-05,0.000105
0.00013,8e-05,0.000105
7e-05,8.5e-05,0.000105
7.5e-05,8.5e-05,0.000105
8e-05,8.5e-05,0.000105
8.5e-05,8.5e-05,0.000105
9e-05,8.5e-05,0.000105
9.5e-05,8.5e-05,0.000105
0.0001,8.5e-05,0.000105
0.000105,8.5e-05,0.000105
0.00011,8.5e-05,0.000105
0.000115,8.5e-05,0.000105
0.00012,8.5e-05,0.000105
0.000125,8.5e-05,0.000105
0.00013,8.5e-05,0.000105
7.5e-05,9e-05,0.000105
8e-05,9e-05,0.000105
8.5e-05,9e-05,0.000105
9e-05,9e-05,0.000105
9.5e-05,9e-05,0.000105
0.0001,9e-05,0.000105
0.000105,9e-05,0.000105
0.00011,9e-05,0.000105
0.000115,9e-05,0.000105
0.00012,9e-05,0.000105
0.000125,9e-05,0.000105
0.00013,9e-05,0.000105
7e-05,9.5e-05,0.000105
7.5e-05,9.5e-05,0.000105
8e-05,9.5e-05,0.000105
8.5e-05,9.5e-05,0.000105
9e-05,9.5e-05,0.000105
9.5e-05,9.5e-05,0.000105
0.0001,9.5e-05,0.000105
0.000105,9.5e-05,0.000105
0.00011,9.5e-05,0.000105
0.000115,9.5e-05,0.000105
0.00012,9.5e-05,0.000105
0.000125,9.5e-05,0.000105
0.00013,9.5e-05,0.000105
7e-05,0.0001,0.000105
7.5e-05,0.0001,0.000105
8e-05,0.0001,0.000105
8.5e-05,0.0001,0.000105
9e-05,0.0001,0.000105
9.5e-05,0.0001,0.000105
0.0001,0.0001,0.000105
0.000105,0.0001,0.000105
0.00011,0.0001,0.000105
0.000115,0.0001,0.000105
0.00012,0.0001,0.000105
0.000125,0.0001,0.000105
0.00013,0.0001,0.000105
7e-05,0.000105,0.000105
7.5e-05,0.000105,0.000105
8e-05,0.000105,0.000105
8.5e-05,0.000105,0.000105
9e-05,0.000105,0.000105
9.5e-05,0.000105,0.000105
0.0001,0.000105,0.000105
0.000105,0.000105,0.000105
0.00011,0.000105,0.000105
0.000115,0.000105,0.000105
0.00012,0.000105,0.000105
0.000125,0.000105,0.000105
0.00013,0.000105,0.000105
7e-05,0.00011,0.000105
7.5e-05,0.00011,0.000105
8e-05,0.00011,0.000105
8.5e-05,0.00011,0.000105
9e-05,0.00011,0.000105
9.5e-05,0.00011,0.000105
0.0001,0.00011,0.000105
0.000105,0.00011,0.000105
0.00011,0.00011,0.000105
0.000115,0.00011,0.000105
0.00012,0.00011,0.000105
0.000125,0.00011,0.000105
0.00013,0.00011,0.000105
7e-05,0.000115,0.000105
7.5e-05,0.000115,0.000105
8e-05,0.000115,0.000105
8.5e-05,0.000115,0.000105
9e-05,0.000115,0.000105
9.5e-05,0.000115,0.000105
0.0001,0.000115,0.000105
0.000105,0.000115,0.000105
0.00011,0.000115,0.000105
0.000115,0.000115,0.000105
0.00012,0.000115,0.000105
0.000125,0.000115,0.000105
0.00013,0.000115,0.000105
7.5e-05,0.00012,0.000105
8e-05,0.00012,0.000105
8.5e-05,0.00012,0.000105
9e-05,0.00012,0.000105
9.5e-05,0.00012,0.000105
0.0001,0.00012,0.000105
0.000105,0.00012,0.000105
0.00011,0.00012,0.000105
0.000115,0.00012,0.000105
0.00012,0.00012,0.000105
0.000125,0.00012,0.000105
0.00013,0.00012,0.000105
7.5e-05,0.000125,0.000105
8e-05,0.000125,0.000105
8.5e-05,0.000125,0.000105
9e-05,0.000125,0.000105
9.5e-05,0.000125,0.000105
0.0001,0.000125,0.000105
0.000105,0.000125,0.000105
0.00011,0.000125,0.000105
0.000115,0.000125,0.000105
0.00012,0.000125,0.000105
0.000125,0.000125,0.000105
0.00013,0.000125,0.000105
7e-05,0.00013,0.000105
7.5e-05,0.00013,0.000105
8e-05,0.00013,0.000105
8.5e-05,0.00013,0.000105
9e-05,0.00013,0.000105
9.5e-05,0.00013,0.000105
0.0001,0.00013,0.000105
0.000105,0.00013,0.000105
0.00011,0.00013,0.000105
0.000115,0.00013,0.000105
0.00012,0.00013,0.000105
0.000125,0.00013,0.000105
0.00013,0.00013,0.000105
7e-05,0.000135,0.000105
7.5e-05,0.000135,0.000105
8e-05,0.000135,0.000105
8.5e-05,0.000135,0.000105
9e-05,0.000135,0.000105
9.5e-05,0.000135,0.000105
0.0001,0.000135,0.000105
0.000105,0.000135,0.000105
0.00011,0.000135,0.000105
0.000115,0.000135,0.000105
0.00012,0.000135,0.000105
0.000125,0.000135,0.000105
0.00013,0.000135,0.000105
7e-05,0.00014,0.000105
7.5e-05,0.00014,0.000105
8e-05,0.00014,0.000105
8.5e-05,0.00014,0.000105
9e-05,0.00014,0.000105
9.5e-05,0.00014,0.000105
0.0001,0.00014,0.000105
0.000105,0.00014,0.000105
0.00011,0.00014,0.000105
0.000115,0.00014,0.000105
0.00012,0.00014,0.000105
0.000125,0.00014,0.000105
0.00013,0.00014,0.000105
0.000135,0.00014,0.000105
7e-05,0.000145,0.000105
7.5e-05,0.000145,0.000105
8e-05,0.000145,0.000105
8.5e-05,0.000145,0.000105
9e-05,0.000145,0.000105
9.5e-05,0.000145,0.000105
0.0001,0.000145,0.000105
0.000105,0.000145,0.000105
0.00011,0.000145,0.000105
0.000115,0.000145,0.000105
0.00012,0.000145,0.000105
0.000125,0.000145,0.000105
0.00013,0.000145,0.000105
0.000135,0.000145,0.000105
7e-05,0.00015,0.000105
7.5e-05,0.00015,0.000105
8e-05,0.00015,0.000105
8.5e-05,0.00015,0.000105
9e-05,0.00015,0.000105
9.5e-05,0.00015,0.000105
0.0001,0.00015,0.000105
0.000105,0.00015,0.000105
0.00011,0.00015,0.000105
0.000115,0.00015,0.000105
0.00012,0.00015,0.000105
0.000125,0.00015,0.000105
0.00013,0.00015,0.000105
0.000135,0.00015,0.000105
6.5e-05,0.000155,0.000105
7e-05,0.000155,0.000105
7.5e-05,0.000155,0.000105
8e-05,0.000155,0.000105
8.5e-05,0.000155,0.000105
9e-05,0.000155,0.000105
9.5e-05,0.000155,0.000105
0.0001,0.000155,0.000105
0.000105,0.000155,0.000105
0.00011,0.000155,0.000105
0.000115,0.000155,0.000105
0.00012,0.000155,0.000105
0.000125,0.000155,0.000105
0.00013,0.000155,0.000105
0.000135,0.000155,0.000105
6.5e-05,0.00016,0.000105
7e-05,0.00016,0.000105
7.5e-05,0.00016,0.000105
8e-05,0.00016,0.000105
8.5e-05,0.00016,0.000105
9e-05,0.00016,0.000105
9.5e-05,0.00016,0.000105
0.0001,0.00016,0.000105
0.000105,0.00016,0.000105
0.00011,0.00016,0.000105
0.000115,0.00016,0.000105
0.00012,0.00016,0.000105
0.000125,0.00016,0.000105
0.00013,0.00016,0.000105
6.5e-05,0.000165,0.000105
7e-05,0.000165,0.000105
7.5e-05,0.000165,0.000105
8e-05,0.000165,0.000105
8.5e-05,0.000165,0.000105
9e-05,0.000165,0.000105
9.5e-05,0.000165,0.000105
0.0001,0.000165,0.000105
0.000105,0.000165,0.000105
0.00011,0.000165,0.000105
0.000115,0.000165,0.000105
0.00012,0.000165,0.000105
0.000125,0.000165,0.000105
0.00013,0.000165,0.000105
6.5e-05,0.00017,0.000105
7e-05,0.00017,0.000105
7.5e-05,0.00017,0.000105
8e-05,0.00017,0.000105
8.5e-05,0.00017,0.000105
9e-05,0.00017,0.000105
9.5e-05,0.00017,0.000105
0.0001,0.00017,0.000105
0.000105,0.00017,0.000105
0.00011,0.00017,0.000105
0.000115,0.00017,0.000105
0.00012,0.00017,0.000105
0.000125,0.00017,0.000105
0.00013,0.00017,0.000105
6.5e-05,0.000175,0.000105
7e-05,0.000175,0.000105
7.5e-05,0.000175,0.000105
8e-05,0.000175,0.000105
8.5e-05,0.000175,0.000105
9e-05,0.000175,0.000105
9.5e-05,0.000175,0.000105
0.0001,0.000175,0.000105
0.000105,0.000175,0.000105
0.00011,0.000175,0.000105
0.000115,0.000175,0.000105
0.00012,0.000175,0.000105
0.000125,0.000175,0.000105
6e-05,0.00018,0.000105
6.5e-05,0.00018,0.000105
7e-05,0.00018,0.000105
7.5e-05,0.00018,0.000105
8e-05,0.00018,0.000105
8.5e-05,0.00018,0.000105
9e-05,0.00018,0.000105
9.5e-05,0.00018,0.000105
0.0001,0.00018,0.000105
0.000105,0.00018,0.000105
0.00011,0.00018,0.000105
0.000115,0.00018,0.000105
0.00012,0.00018,0.000105
0.000125,0.00018,0.000105
6e-05,0.000185,0.000105
6.5e-05,0.000185,0.000105
7e-05,0.000185,0.000105
7.5e-05,0.000185,0.000105
8e-05,0.000185,0.000105
8.5e-05,0.000185,0.000105
9e-05,0.000185,0.000105
9.5e-05,0.000185,0.000105
0.0001,0.000185,0.000105
0.000105,0.000185,0.000105
0.00011,0.000185,0.000105
0.000115,0.000185,0.000105
0.00012,0.000185,0.000105
0.000125,0.000185,0.000105
6.5e-05,0.00019,0.000105
7e-05,0.00019,0.000105
7.5e-05,0.00019,0.000105
8e-05,0.00019,0.000105
8.5e-05,0.00019,0.000105
9e-05,0.00019,0.000105
9.5e-05,0.00019,0.000105
0.0001,0.00019,0.000105
0.000105,0.00019,0.000105
0.00011,0.00019,0.000105
0.000115,0.00019,0.000105
0.00012,0.00019,0.000105
0.000125,0.00019,0.000105
6.5e-05,0.000195,0.000105
7e-05,0.000195,0.000105
7.5e-05,0.000195,0.000105
8e-05,0.000195,0.000105
8.5e-05,0.000195,0.000105
9e-05,0.000195,0.000105
9.5e-05,0.000195,0.000105
0.0001,0.000195,0.000105
0.000105,0.000195,0.000105
0.00011,0.000195,0.000105
0.000115,0.000195,0.000105
0.00012,0.000195,0.000105
0.000125,0.000195,0.000105
0.00013,0.000195,0.000105
7e-05,0.0002,0.000105
7.5e-05,0.0002,0.000105
8e-05,0.0002,0.000105
8.5e-05,0.0002,0.000105
9e-05,0.0002,0.000105
9.5e-05,0.0002,0.000105
0.0001,0.0002,0.000105
0.000105,0.0002,0.000105
0.00011,0.0002,0.000105
0.000115,0.0002,0.000105
0.00012,0.0002,0.000105
0.000125,0.0002,0.000105
0.00013,0.0002,0.000105
7e-05,0.000205,0.000105
7.5e-05,0.000205,0.000105
8e-05,0.000205,0.000105
8.5e-05,0.000205,0.000105
9e-05,0.000205,0.000105
9.5e-05,0.000205,0.000105
0.0001,0.000205,0.000105
0.000105,0.000205,0.000105
0.00011,0.000205,0.000105
0.000115,0.000205,0.000105
0.00012,0.000205,0.000105
0.000125,0.000205,0.000105
0.00013,0.000205,0.000105
7e-05,0.00021,0.000105
7.5e-05,0.00021,0.000105
8e-05,0.00021,0.000105
8.5e-05,0.00021,0.000105
9e-05,0.00021,0.000105
9.5e-05,0.00021,0.000105
0.0001,0.00021,0.000105
0.000105,0.00021,0.000105
0.00011,0.00021,0.000105
0.000115,0.00021,0.000105
0.00012,0.00021,0.000105
0.000125,0.00021,0.000105
0.00013,0.00021,0.000105
7e-05,0.000215,0.000105
7.5e-05,0.000215,0.000105
8e-05,0.000215,0.000105
8.5e-05,0.000215,0.000105
9e-05,0.000215,0.000105
9.5e-05,0.000215,0.000105
0.0001,0.000215,0.000105
0.000105,0.000215,0.000105
0.00011,0.000215,0.000105
0.000115,0.000215,0.000105
0.00012,0.000215,0.000105
0.000125,0.000215,0.000105
0.00013,0.000215,0.000105
7e-05,0.00022,0.000105
7.5e-05,0.00022,0.000105
8e-05,0.00022,0.000105
8.5e-05,0.00022,0.000105
9e-05,0.00022,0.000105
9.5e-05,0.00022,0.000105
0.0001,0.00022,0.000105
0.000105,0.00022,0.000105
0.00011,0.00022,0.000105
0.000115,0.00022,0.000105
0.00012,0.00022,0.000105
0.000125,0.00022,0.000105
0.00013,0.00022,0.000105
7e-05,0.000225,0.000105
7.5e-05,0.000225,0.000105
8e-05,0.000225,0.000105
8.5e-05,0.000225,0.000105
9e-05,0.000225,0.000105
9.5e-05,0.000225,0.000105
0.0001,0.000225,0.000105
0.000105,0.000225,0.000105
0.00011,0.000225,0.000105
0.000115,0.000225,0.000105
0.00012,0.000225,0.000105
0.000125,0.000225,0.000105
0.00013,0.000225,0.000105
7e-05,0.00023,0.000105
7.5e-05,0.00023,0.000105
8e-05,0.00023,0.000105
8.5e-05,0.00023,0.000105
9e-05,0.00023,0.000105
9.5e-05,0.00023,0.000105
0.0001,0.00023,0.000105
0.000105,0.00023,0.000105
0.00011,0.00023,0.000105
0.000115,0.00023,0.000105
0.00012,0.00023,0.000105
0.000125,0.00023,0.000105
0.00013,0.00023,0.000105
7e-05,0.000235,0.000105
7.5e-05,0.000235,0.000105
8e-05,0.000235,0.000105
8.5e-05,0.000235,0.000105
9e-05,0.000235,0.000105
9.5e-05,0.000235,0.000105
0.0001,0.000235,0.000105
0.000105,0.000235,0.000105
0.00011,0.000235,0.000105
0.000115,0.000235,0.000105
0.00012,0.000235,0.000105
0.000125,0.000235,0.000105
0.00013,0.000235,0.000105
7e-05,0.00024,0.000105
7.5e-05,0.00024,0.000105
8e-05,0.00024,0.000105
8.5e-05,0.00024,0.000105
9e-05,0.00024,0.000105
9.5e-05,0.00024,0.000105
0.0001,0.00024,0.000105
0.000105,0.00024,0.000105
0.00011,0.00024,0.000105
0.000115,0.00024,0.000105
0.00012,0.00024,0.000105
0.000125,0.00024,0.000105
0.00013,0.00024,0.000105
7e-05,0.000245,0.000105
7.5e-05,0.000245,0.000105
8e-05,0.000245,0.000105
8.5e-05,0.000245,0.000105
9e-05,0.000245,0.000105
9.5e-05,0.000245,0.000105
0.0001,0.000245,0.000105
0.000105,0.000245,0.000105
0.00011,0.000245,0.000105
0.000115,0.000245,0.000105
0.00012,0.000245,0.000105
0.000125,0.000245,0.000105
7e-05,0.00025,0.000105
7.5e-05,0.00025,0.000105
8e-05,0.00025,0.000105
8.5e-05,0.00025,0.000105
9e-05,0.00025,0.000105
9.5e-05,0.00025,0.000105
0.0001,0.00025,0.000105
0.000105,0.00025,0.000105
0.00011,0.00025,0.000105
0.000115,0.00025,0.000105
0.00012,0.00025,0.000105
0.000125,0.00025,0.000105
7e-05,0.000255,0.000105
7.5e-05,0.000255,0.000105
8e-05,0.000255,0.000105
8.5e-05,0.000255,0.000105
9e-05,0.000255,0.000105
9.5e-05,0.000255,0.000105
0.0001,0.000255,0.000105
0.000105,0.000255,0.000105
0.00011,0.000255,0.000105
0.000115,0.000255,0.000105
0.00012,0.000255,0.000105
0.000125,0.000255,0.000105
7e-05,0.00026,0.000105
7.5e-05,0.00026,0.000105
8e-05,0.00026,0.000105
8.5e-05,0.00026,0.000105
9e-05,0.00026,0.000105
9.5e-05,0.00026,0.000105
0.0001,0.00026,0.000105
0.000105,0.00026,0.000105
0.00011,0.00026,0.000105
0.000115,0.00026,0.000105
0.00012,0.00026,0.000105
0.000125,0.00026,0.000105
6.5e-05,0.000265,0.000105
7e-05,0.000265,0.000105
7.5e-05,0.000265,0.000105
8e-05,0.000265,0.000105
8.5e-05,0.000265,0.000105
9e-05,0.000265,0.000105
9.5e-05,0.000265,0.000105
0.0001,0.000265,0.000105
0.000105,0.000265,0.000105
0.00011,0.000265,0.000105
0.000115,0.000265,0.000105
0.00012,0.000265,0.000105
0.000125,0.000265,0.000105
0.00013,0.000265,0.000105
6.5e-05,0.00027,0.000105
7e-05,0.00027,0.000105
7.5e-05,0.00027,0.000105
8e-05,0.00027,0.000105
8.5e-05,0.00027,0.000105
9e-05,0.00027,0.000105
9.5e-05,0.00027,0.000105
0.0001,0.00027,0.000105
0.000105,0.00027,0.000105
0.00011,0.00027,0.000105
0.000115,0.00027,0.000105
0.00012,0.00027,0.000105
0.000125,0.00027,0.000105
0.00013,0.00027,0.000105
7e-05,0.000275,0.000105
7.5e-05,0.000275,0.000105
8e-05,0.000275,0.000105
8.5e-05,0.000275,0.000105
9e-05,0.000275,0.000105
9.5e-05,0.000275,0.000105
0.0001,0.000275,0.000105
0.000105,0.000275,0.000105
0.00011,0.000275,0.000105
0.000115,0.000275,0.000105
0.00012,0.000275,0.000105
0.000125,0.000275,0.000105
0.00013,0.000275,0.000105
7e-05,0.00028,0.000105
7.5e-05,0.00028,0.000105
8e-05,0.00028,0.000105
8.5e-05,0.00028,0.000105
9e-05,0.00028,0.000105
9.5e-05,0.00028,0.000105
0.0001,0.00028,0.000105
0.000105,0.00028,0.000105
0.00011,0.00028,0.000105
0.000115,0.00028,0.000105
0.00012,0.00028,0.000105
0.000125,0.00028,0.000105
0.00013,0.00028,0.000105
7e-05,0.000285,0.000105
7.5e-05,0.000285,0.000105
8e-05,0.000285,0.000105
8.5e-05,0.000285,0.000105
9e-05,0.000285,0.000105
9.5e-05,0.000285,0.000105
0.0001,0.000285,0.000105
0.000105,0.000285,0.000105
0.00011,0.000285,0.000105
0.000115,0.000285,0.000105
0.00012,0.000285,0.000105
0.000125,0.000285,0.000105
0.00013,0.000285,0.000105
7e-05,0.00029,0.000105
7.5e-05,0.00029,0.000105
8e-05,0.00029,0.000105
8.5e-05,0.00029,0.000105
9e-05,0.00029,0.000105
9.5e-05,0.00029,0.000105
0.0001,0.00029,0.000105
0.000105,0.00029,0.000105
0.00011,0.00029,0.000105
0.000115,0.00029,0.000105
0.00012,0.00029,0.000105
0.000125,0.00029,0.000105
0.00013,0.00029,0.000105
7e-05,0.000295,0.000105
7.5e-05,0.000295,0.000105
8e-05,0.000295,0.000105
8.5e-05,0.000295,0.000105
9e-05,0.000295,0.000105
9.5e-05,0.000295,0.000105
0.0001,0.000295,0.000105
0.000105,0.000295,0.000105
0.00011,0.000295,0.000105
0.000115,0.000295,0.000105
0.00012,0.000295,0.000105
0.000125,0.000295,0.000105
0.00013,0.000295,0.000105
7e-05,0.0003,0.000105
7.5e-05,0.0003,0.000105
8e-05,0.0003,0.000105
8.5e-05,0.0003,0.000105
9e-05,0.0003,0.000105
9.5e-05,0.0003,0.000105
0.0001,0.0003,0.000105
0.000105,0.0003,0.000105
0.00011,0.0003,0.000105
0.000115,0.0003,0.000105
0.00012,0.0003,0.000105
0.000125,0.0003,0.000105
0.00013,0.0003,0.000105
7e-05,0.000305,0.000105
7.5e-05,0.000305,0.000105
8e-05,0.000305,0.000105
8.5e-05,0.000305,0.000105
9e-05,0.000305,0.000105
9.5e-05,0.000305,0.000105
0.0001,0.000305,0.000105
0.000105,0.000305,0.000105
0.00011,0.000305,0.000105
0.000115,0.000305,0.000105
0.00012,0.000305,0.000105
0.000125,0.000305,0.000105
0.00013,0.000305,0.000105
7e-05,0.00031,0.000105
7.5e-05,0.00031,0.000105
8e-05,0.00031,0.000105
8.5e-05,0.00031,0.000105
9e-05,0.00031,0.000105
9.5e-05,0.00031,0.000105
0.0001,0.00031,0.000105
0.000105,0.00031,0.000105
0.00011,0.00031,0.000105
0.000115,0.00031,0.000105
0.00012,0.00031,0.000105
0.000125,0.00031,0.000105
0.00013,0.00031,0.000105
7e-05,0.000315,0.000105
7.5e-05,0.000315,0.000105
8e-05,0.000315,0.000105
8.5e-05,0.000315,0.000105
9e-05,0.000315,0.000105
9.5e-05,0.000315,0.000105
0.0001,0.000315,0.000105
0.000105,0.000315,0.000105
0.00011,0.000315,0.000105
0.000115,0.000315,0.000105
0.00012,0.000315,0.000105
0.000125,0.000315,0.000105
0.00013,0.000315,0.000105
7e-05,0.00032,0.000105
7.5e-05,0.00032,0.000105
8e-05,0.00032,0.000105
8.5e-05,0.00032,0.000105
9e-05,0.00032,0.000105
9.5e-05,0.00032,0.000105
0.0001,0.00032,0.000105
0.000105,0.00032,0.000105
0.00011,0.00032,0.000105
0.000115,0.00032,0.000105
0.00012,0.00032,0.000105
0.000125,0.00032,0.000105
0.00013,0.00032,0.000105
7e-05,0.000325,0.000105
7.5e-05,0.000325,0.000105
8e-05,0.000325,0.000105
8.5e-05,0.000325,0.000105
9e-05,0.000325,0.000105
9.5e-05,0.000325,0.000105
0.0001,0.000325,0.000105
0.000105,0.000325,0.000105
0.00011,0.000325,0.000105
0.000115,0.000325,0.000105
0.00012,0.000325,0.000105
0.000125,0.000325,0.000105
0.00013,0.000325,0.000105
7e-05,0.00033,0.000105
7.5e-05,0.00033,0.000105
8e-05,0.00033,0.000105
8.5e-05,0.00033,0.000105
9e-05,0.00033,0.000105
9.5e-05,0.00033,0.000105
0.0001,0.00033,0.000105
0.000105,0.00033,0.000105
0.00011,0.00033,0.000105
0.000115,0.00033,0.000105
0.00012,0.00033,0.000105
0.000125,0.00033,0.000105
0.00013,0.00033,0.000105
7e-05,0.000335,0.000105
7.5e-05,0.000335,0.000105
8e-05,0.000335,0.000105
8.5e-05,0.000335,0.000105
9e-05,0.000335,0.000105
9.5e-05,0.000335,0.000105
0.0001,0.000335,0.000105
0.000105,0.000335,0.000105
0.00011,0.000335,0.000105
0.000115,0.000335,0.000105
0.00012,0.000335,0.000105
0.000125,0.000335,0.000105
0.00013,0.000335,0.000105
7e-05,0.00034,0.000105
7.5e-05,0.00034,0.000105
8e-05,0.00034,0.000105
8.5e-05,0.00034,0.000105
9e-05,0.00034,0.000105
9.5e-05,0.00034,0.000105
0.0001,0.00034,0.000105
0.000105,0.00034,0.000105
0.00011,0.00034,0.000105
0.000115,0.00034,0.000105
0.00012,0.00034,0.000105
0.000125,0.00034,0.000105
0.00013,0.00034,0.000105
6.5e-05,0.000345,0.000105
7e-05,0.000345,0.000105
7.5e-05,0.000345,0.000105
8e-05,0.000345,0.000105
8.5e-05,0.000345,0.000105
9e-05,0.000345,0.000105
9.5e-05,0.000345,0.000105
0.0001,0.000345,0.000105
0.000105,0.000345,0.000105
0.00011,0.000345,0.000105
0.000115,0.000345,0.000105
0.00012,0.000345,0.000105
0.000125,0.000345,0.000105
0.00013,0.000345,0.000105
0.000135,0.000345,0.000105
6.5e-05,0.00035,0.000105
7e-05,0.00035,0.000105
7.5e-05,0.00035,0.000105
8e-05,0.00035,0.000105
8.5e-05,0.00035,0.000105
9e-05,0.00035,0.000105
9.5e-05,0.00035,0.000105
0.0001,0.00035,0.000105
0.000105,0.00035,0.000105
0.00011,0.00035,0.000105
0.000115,0.00035,0.000105
0.00012,0.00035,0.000105
0.000125,0.00035,0.000105
0.00013,0.00035,0.000105
0.000135,0.00035,0.000105
7e-05,0.000355,0.000105
7.5e-05,0.000355,0.000105
8e-05,0.000355,0.000105
8.5e-05,0.000355,0.000105
9e-05,0.000355,0.000105
9.5e-05,0.000355,0.000105
0.0001,0.000355,0.000105
0.000105,0.000355,0.000105
0.00011,0.000355,0.000105
0.000115,0.000355,0.000105
0.00012,0.000355,0.000105
0.000125,0.000355,0.000105
0.00013,0.000355,0.000105
7e-05,0.00036,0.000105
7.5e-05,0.00036,0.000105
8e-05,0.00036,0.000105
8.5e-05,0.00036,0.000105
9e-05,0.00036,0.000105
9.5e-05,0.00036,0.000105
0.0001,0.00036,0.000105
0.000105,0.00036,0.000105
0.00011,0.00036,0.000105
0.000115,0.00036,0.000105
0.00012,0.00036,0.000105
0.000125,0.00036,0.000105
0.00013,0.00036,0.000105
7e-05,0.000365,0.000105
7.5e-05,0.000365,0.000105
8e-05,0.000365,0.000105
8.5e-05,0.000365,0.000105
9e-05,0.000365,0.000105
9.5e-05,0.000365,0.000105
0.0001,0.000365,0.000105
0.000105,0.000365,0.000105
0.00011,0.000365,0.000105
0.000115,0.000365,0.000105
0.00012,0.000365,0.000105
0.000125,0.000365,0.000105
0.00013,0.000365,0.000105
7e-05,0.00037,0.000105
7.5e-05,0.00037,0.000105
8e-05,0.00037,0.000105
8.5e-05,0.00037,0.000105
9e-05,0.00037,0.000105
9.5e-05,0.00037,0.000105
0.0001,0.00037,0.000105
0.000105,0.00037,0.000105
0.00011,0.00037,0.000105
0.000115,0.00037,0.000105
0.00012,0.00037,0.000105
0.000125,0.00037,0.000105
0.00013,0.00037,0.000105
7e-05,0.000375,0.000105
7.5e-05,0.000375,0.000105
8e-05,0.000375,0.000105
8.5e-05,0.000375,0.000105
9e-05,0.000375,0.000105
9.5e-05,0.000375,0.000105
0.0001,0.000375,0.000105
0.000105,0.000375,0.000105
0.00011,0.000375,0.000105
0.000115,0.000375,0.000105
0.00012,0.000375,0.000105
0.000125,0.000375,0.000105
0.00013,0.000375,0.000105
7e-05,0.00038,0.000105
7.5e-05,0.00038,0.000105
8e-05,0.00038,0.000105
8.5e-05,0.00038,0.000105
9e-05,0.00038,0.000105
9.5e-05,0.00038,0.000105
0.0001,0.00038,0.000105
0.000105,0.00038,0.000105
0.00011,0.00038,0.000105
0.000115,0.00038,0.000105
0.00012,0.00038,0.000105
0.000125,0.00038,0.000105
0.00013,0.00038,0.000105
0.000135,0.00038,0.000105
7e-05,0.000385,0.000105
7.5e-05,0.000385,0.000105
8e-05,0.000385,0.000105
8.5e-05,0.000385,0.000105
9e-05,0.000385,0.000105
9.5e-05,0.000385,0.000105
0.0001,0.000385,0.000105
0.000105,0.000385,0.000105
0.00011,0.000385,0.000105
0.000115,0.000385,0.000105
0.00012,0.000385,0.000105
0.000125,0.000385,0.000105
0.00013,0.000385,0.000105
0.000135,0.000385,0.000105
7e-05,0.00039,0.000105
7.5e-05,0.00039,0.000105
8e-05,0.00039,0.000105
8.5e-05,0.00039,0.000105
9e-05,0.00039,0.000105
9.5e-05,0.00039,0.000105
0.0001,0.00039,0.000105
0.000105,0.00039,0.000105
0.00011,0.00039,0.000105
0.000115,0.00039,0.000105
0.00012,0.00039,0.000105
0.000125,0.00039,0.000105
0.00013,0.00039,0.000105
0.000135,0.00039,0.000105
7e-05,0.000395,0.000105
7.5e-05,0.000395,0.000105
8e-05,0.000395,0.000105
8.5e-05,0.000395,0.000105
9e-05,0.000395,0.000105
9.5e-05,0.000395,0.000105
0.0001,0.000395,0.000105
0.000105,0.000395,0.000105
0.00011,0.000395,0.000105
0.000115,0.000395,0.000105
0.00012,0.000395,0.000105
0.000125,0.000395,0.000105
0.00013,0.000395,0.000105
0.000135,0.000395,0.000105
7e-05,0.0004,0.000105
7.5e-05,0.0004,0.000105
8e-05,0.0004,0.000105
8.5e-05,0.0004,0.000105
9e-05,0.0004,0.000105
9.5e-05,0.0004,0.000105
0.0001,0.0004,0.000105
0.000105,0.0004,0.000105
0.00011,0.0004,0.000105
0.000115,0.0004,0.000105
0.00012,0.0004,0.000105
0.000125,0.0004,0.000105
0.00013,0.0004,0.000105
0.000135,0.0004,0.000105
7e-05,0.000405,0.000105
7.5e-05,0.000405,0.000105
8e-05,0.000405,0.000105
8.5e-05,0.000405,0.000105
9e-05,0.000405,0.000105
9.5e-05,0.000405,0.000105
0.0001,0.000405,0.000105
0.000105,0.000405,0.000105
0.00011,0.000405,0.000105
0.000115,0.000405,0.000105
0.00012,0.000405,0.000105
0.000125,0.000405,0.000105
0.00013,0.000405,0.000105
0.000135,0.000405,0.000105
7e-05,0.00041,0.000105
7.5e-05,0.00041,0.000105
8e-05,0.00041,0.000105
8.5e-05,0.00041,0.000105
9e-05,0.00041,0.000105
9.5e-05,0.00041,0.000105
0.0001,0.00041,0.000105
0.000105,0.00041,0.000105
0.00011,0.00041,0.000105
0.000115,0.00041,0.000105
0.00012,0.00041,0.000105
0.000125,0.00041,0.000105
0.00013,0.00041,0.000105
0.000135,0.00041,0.000105
7e-05,0.000415,0.000105
7.5e-05,0.000415,0.000105
8e-05,0.000415,0.000105
8.5e-05,0.000415,0.000105
9e-05,0.000415,0.000105
9.5e-05,0.000415,0.000105
0.0001,0.000415,0.000105
0.000105,0.000415,0.000105
0.00011,0.000415,0.000105
0.000115,0.000415,0.000105
0.00012,0.000415,0.000105
0.000125,0.000415,0.000105
0.00013,0.000415,0.000105
0.000135,0.000415,0.000105
7e-05,0.00042,0.000105
7.5e-05,0.00042,0.000105
8e-05,0.00042,0.000105
8.5e-05,0.00042,0.000105
9e-05,0.00042,0.000105
9.5e-05,0.00042,0.000105
0.0001,0.00042,0.000105
0.000105,0.00042,0.000105
0.00011,0.00042,0.000105
0.000115,0.00042,0.000105
0.00012,0.00042,0.000105
0.000125,0.00042,0.000105
0.00013,0.00042,0.000105
0.000135,0.00042,0.000105
7.5e-05,0.000425,0.000105
8e-05,0.000425,0.000105
8.5e-05,0.000425,0.000105
9e-05,0.000425,0.000105
9.5e-05,0.000425,0.000105
0.0001,0.000425,0.000105
0.000105,0.000425,0.000105
0.00011,0.000425,0.000105
0.000115,0.000425,0.000105
0.00012,0.000425,0.000105
0.000125,0.000425,0.000105
0.00013,0.000425,0.000105
7.5e-05,0.00043,0.000105
8e-05,0.00043,0.000105
8.5e-05,0.00043,0.000105
9e-05,0.00043,0.000105
9.5e-05,0.00043,0.000105
0.0001,0.00043,0.000105
0.000105,0.00043,0.000105
0.00011,0.00043,0.000105
0.000115,0.00043,0.000105
0.00012,0.00043,0.000105
0.000125,0.00043,0.000105
0.00013,0.00043,0.000105
7.5e-05,0.000435,0.000105
8e-05,0.000435,0.000105
8.5e-05,0.000435,0.000105
9e-05,0.000435,0.000105
9.5e-05,0.000435,0.000105
0.0001,0.000435,0.000105
0.000105,0.000435,0.000105
0.00011,0.000435,0.000105
0.000115,0.000435,0.000105
0.00012,0.000435,0.000105
0.000125,0.000435,0.000105
0.00013,0.000435,0.000105
7e-05,0.00044,0.000105
7.5e-05,0.00044,0.000105
8e-05,0.00044,0.000105
8.5e-05,0.00044,0.000105
9e-05,0.00044,0.000105
9.5e-05,0.00044,0.000105
0.0001,0.00044,0.000105
0.000105,0.00044,0.000105
0.00011,0.00044,0.000105
0.000115,0.00044,0.000105
0.00012,0.00044,0.000105
0.000125,0.00044,0.000105
0.00013,0.00044,0.000105
7e-05,0.000445,0.000105
7.5e-05,0.000445,0.000105
8e-05,0.000445,0.000105
8.5e-05,0.000445,0.000105
9e-05,0.000445,0.000105
9.5e-05,0.000445,0.000105
0.0001,0.000445,0.000105
0.000105,0.000445,0.000105
0.00011,0.000445,0.000105
0.000115,0.000445,0.000105
0.00012,0.000445,0.000105
0.000125,0.000445,0.000105
0.00013,0.000445,0.000105
7e-05,0.00045,0.000105
7.5e-05,0.00045,0.000105
8e-05,0.00045,0.000105
8.5e-05,0.00045,0.000105
9e-05,0.00045,0.000105
9.5e-05,0.00045,0.000105
0.0001,0.00045,0.000105
0.000105,0.00045,0.000105
0.00011,0.00045,0.000105
0.000115,0.00045,0.000105
0.00012,0.00045,0.000105
0.000125,0.00045,0.000105
0.00013,0.00045,0.000105
0.000135,0.00045,0.000105
7e-05,0.000455,0.000105
7.5e-05,0.000455,0.000105
8e-05,0.000455,0.000105
8.5e-05,0.000455,0.000105
9e-05,0.000455,0.000105
9.5e-05,0.000455,0.000105
0.0001,0.000455,0.000105
0.000105,0.000455,0.000105
0.00011,0.000455,0.000105
0.000115,0.000455,0.000105
0.00012,0.000455,0.000105
0.000125,0.000455,0.000105
0.00013,0.000455,0.000105
0.000135,0.000455,0.000105
7e-05,0.00046,0.000105
7.5e-05,0.00046,0.000105
8e-05,0.00046,0.000105
8.5e-05,0.00046,0.000105
9e-05,0.00046,0.000105
9.5e-05,0.00046,0.000105
0.0001,0.00046,0.000105
0.000105,0.00046,0.000105
0.00011,0.00046,0.000105
0.000115,0.00046,0.000105
0.00012,0.00046,0.000105
0.000125,0.00046,0.000105
0.00013,0.00046,0.000105
0.000135,0.00046,0.000105
7e-05,0.000465,0.000105
7.5e-05,0.000465,0.000105
8e-05,0.000465,0.000105
8.5e-05,0.000465,0.000105
9e-05,0.000465,0.000105
9.5e-05,0.000465,0.000105
0.0001,0.000465,0.000105
0.000105,0.000465,0.000105
0.00011,0.000465,0.000105
0.000115,0.000465,0.000105
0.00012,0.000465,0.000105
0.000125,0.000465,0.000105
0.00013,0.000465,0.000105
7e-05,0.00047,0.000105
7.5e-05,0.00047,0.000105
8e-05,0.00047,0.000105
8.5e-05,0.00047,0.000105
9e-05,0.00047,0.000105
9.5e-05,0.00047,0.000105
0.0001,0.00047,0.000105
0.000105,0.00047,0.000105
0.00011,0.00047,0.000105
0.000115,0.00047,0.000105
0.00012,0.00047,0.000105
0.000125,0.00047,0.000105
0.00013,0.00047,0.000105
7e-05,0.000475,0.000105
7.5e-05,0.000475,0.000105
8e-05,0.000475,0.000105
8.5e-05,0.000475,0.000105
9e-05,0.000475,0.000105
9.5e-05,0.000475,0.000105
0.0001,0.000475,0.000105
0.000105,0.000475,0.000105
0.00011,0.000475,0.000105
0.000115,0.000475,0.000105
0.00012,0.000475,0.000105
0.000125,0.000475,0.000105
0.00013,0.000475,0.000105
0.000135,0.000475,0.000105
7.5e-05,0.00048,0.000105
8e-05,0.00048,0.000105
8.5e-05,0.00048,0.000105
9e-05,0.00048,0.000105
9.5e-05,0.00048,0.000105
0.0001,0.00048,0.000105
0.000105,0.00048,0.000105
0.00011,0.00048,0.000105
0.000115,0.00048,0.000105
0.00012,0.00048,0.000105
0.000125,0.00048,0.000105
0.00013,0.00048,0.000105
0.000135,0.00048,0.000105
7.5e-05,0.000485,0.000105
8e-05,0.000485,0.000105
8.5e-05,0.000485,0.000105
9e-05,0.000485,0.000105
9.5e-05,0.000485,0.000105
0.0001,0.000485,0.000105
0.000105,0.000485,0.000105
0.00011,0.000485,0.000105
0.000115,0.000485,0.000105
0.00012,0.000485,0.000105
0.000125,0.000485,0.000105
0.00013,0.000485,0.000105
7e-05,0.00049,0.000105
7.5e-05,0.00049,0.000105
8e-05,0.00049,0.000105
8.5e-05,0.00049,0.000105
9e-05,0.00049,0.000105
9.5e-05,0.00049,0.000105
0.0001,0.00049,0.000105
0.000105,0.00049,0.000105
0.00011,0.00049,0.000105
0.000115,0.00049,0.000105
0.00012,0.00049,0.000105
0.000125,0.00049,0.000105
7e-05,0.000495,0.000105
7.5e-05,0.000495,0.000105
8e-05,0.000495,0.000105
8.5e-05,0.000495,0.000105
9e-05,0.000495,0.000105
9.5e-05,0.000495,0.000105
0.0001,0.000495,0.000105
0.000105,0.000495,0.000105
0.00011,0.000495,0.000105
0.000115,0.000495,0.000105
0.00012,0.000495,0.000105
0.000125,0.000495,0.000105
0.00013,0.000495,0.000105
7e-05,0.0005,0.000105
7.5e-05,0.0005,0.000105
8e-05,0.0005,0.000105
8.5e-05,0.0005,0.000105
9e-05,0.0005,0.000105
9.5e-05,0.0005,0.000105
0.0001,0.0005,0.000105
0.000105,0.0005,0.000105
0.00011,0.0005,0.000105
0.000115,0.0005,0.000105
0.00012,0.0005,0.000105
0.000125,0.0005,0.000105
0.00013,0.0005,0.000105
0.000135,0.0005,0.000105
7e-05,0.000505,0.000105
7.5e-05,0.000505,0.000105
8e-05,0.000505,0.000105
8.5e-05,0.000505,0.000105
9e-05,0.000505,0.000105
9.5e-05,0.000505,0.000105
0.0001,0.000505,0.000105
0.000105,0.000505,0.000105
0.00011,0.000505,0.000105
0.000115,0.000505,0.000105
0.00012,0.000505,0.000105
0.000125,0.000505,0.000105
0.00013,0.000505,0.000105
0.000135,0.000505,0.000105
7e-05,0.00051,0.000105
7.5e-05,0.00051,0.000105
8e-05,0.00051,0.000105
8.5e-05,0.00051,0.000105
9e-05,0.00051,0.000105
9.5e-05,0.00051,0.000105
0.0001,0.00051,0.000105
0.000105,0.00051,0.000105
0.00011,0.00051,0.000105
0.000115,0.00051,0.000105
0.00012,0.00051,0.000105
0.000125,0.00051,0.000105
0.00013,0.00051,0.000105
7e-05,0.000515,0.000105
7.5e-05,0.000515,0.000105
8e-05,0.000515,0.000105
8.5e-05,0.000515,0.000105
9e-05,0.000515,0.000105
9.5e-05,0.000515,0.000105
0.0001,0.000515,0.000105
0.000105,0.000515,0.000105
0.00011,0.000515,0.000105
0.000115,0.000515,0.000105
0.00012,0.000515,0.000105
0.000125,0.000515,0.000105
0.00013,0.000515,0.000105
7e-05,0.00052,0.000105
7.5e-05,0.00052,0.000105
8e-05,0.00052,0.000105
8.5e-05,0.00052,0.000105
9e-05,0.00052,0.000105
9.5e-05,0.00052,0.000105
0.0001,0.00052,0.000105
0.000105,0.00052,0.000105
0.00011,0.00052,0.000105
0.000115,0.00052,0.000105
0.00012,0.00052,0.000105
0.000125,0.00052,0.000105
0.00013,0.00052,0.000105
7e-05,0.000525,0.000105
7.5e-05,0.000525,0.000105
8e-05,0.000525,0.000105
8.5e-05,0.000525,0.000105
9e-05,0.000525,0.000105
9.5e-05,0.000525,0.000105
0.0001,0.000525,0.000105
0.000105,0.000525,0.000105
0.00011,0.000525,0.000105
0.000115,0.000525,0.000105
0.00012,0.000525,0.000105
0.000125,0.000525,0.000105
0.00013,0.000525,0.000105
0.000135,0.000525,0.000105
7e-05,0.00053,0.000105
7.5e-05,0.00053,0.000105
8e-05,0.00053,0.000105
8.5e-05,0.00053,0.000105
9e-05,0.00053,0.000105
9.5e-05,0.00053,0.000105
0.0001,0.00053,0.000105
0.000105,0.00053,0.000105
0.00011,0.00053,0.000105
0.000115,0.00053,0.000105
0.00012,0.00053,0.000105
0.000125,0.00053,0.000105
0.00013,0.00053,0.000105
0.000135,0.00053,0.000105
7e-05,0.000535,0.000105
7.5e-05,0.000535,0.000105
8e-05,0.000535,0.000105
8.5e-05,0.000535,0.000105
9e-05,0.000535,0.000105
9.5e-05,0.000535,0.000105
0.0001,0.000535,0.000105
0.000105,0.000535,0.000105
0.00011,0.000535,0.000105
0.000115,0.000535,0.000105
0.00012,0.000535,0.000105
0.000125,0.000535,0.000105
0.00013,0.000535,0.000105
0.000135,0.000535,0.000105
7e-05,0.00054,0.000105
7.5e-05,0.00054,0.000105
8e-05,0.00054,0.000105
8.5e-05,0.00054,0.000105
9e-05,0.00054,0.000105
9.5e-05,0.00054,0.000105
0.0001,0.00054,0.000105
0.000105,0.00054,0.000105
0.00011,0.00054,0.000105
0.000115,0.00054,0.000105
0.00012,0.00054,0.000105
0.000125,0.00054,0.000105
0.00013,0.00054,0.000105
0.000135,0.00054,0.000105
7e-05,0.000545,0.000105
7.5e-05,0.000545,0.000105
8e-05,0.000545,0.000105
8.5e-05,0.000545,0.000105
9e-05,0.000545,0.000105
9.5e-05,0.000545,0.000105
0.0001,0.000545,0.000105
0.000105,0.000545,0.000105
0.00011,0.000545,0.000105
0.000115,0.000545,0.000105
0.00012,0.000545,0.000105
0.000125,0.000545,0.000105
0.00013,0.000545,0.000105
0.000135,0.000545,0.000105
7e-05,0.00055,0.000105
7.5e-05,0.00055,0.000105
8e-05,0.00055,0.000105
8.5e-05,0.00055,0.000105
9e-05,0.00055,0.000105
9.5e-05,0.00055,0.000105
0.0001,0.00055,0.000105
0.000105,0.00055,0.000105
0.00011,0.00055,0.000105
0.000115,0.00055,0.000105
0.00012,0.00055,0.000105
0.000125,0.00055,0.000105
0.00013,0.00055,0.000105
0.000135,0.00055,0.000105
7e-05,0.000555,0.000105
7.5e-05,0.000555,0.000105
8e-05,0.000555,0.000105
8.5e-05,0.000555,0.000105
9e-05,0.000555,0.000105
9.5e-05,0.000555,0.000105
0.0001,0.000555,0.000105
0.000105,0.000555,0.000105
0.00011,0.000555,0.000105
0.000115,0.000555,0.000105
0.00012,0.000555,0.000105
0.000125,0.000555,0.000105
0.00013,0.000555,0.000105
0.000135,0.000555,0.000105
7e-05,0.00056,0.000105
7.5e-05,0.00056,0.000105
8e-05,0.00056,0.000105
8.5e-05,0.00056,0.000105
9e-05,0.00056,0.000105
9.5e-05,0.00056,0.000105
0.0001,0.00056,0.000105
0.000105,0.00056,0.000105
0.00011,0.00056,0.000105
0.000115,0.00056,0.000105
0.00012,0.00056,0.000105
0.000125,0.00056,0.000105
0.00013,0.00056,0.000105
0.000135,0.00056,0.000105
7e-05,0.000565,0.000105
7.5e-05,0.000565,0.000105
8e-05,0.000565,0.000105
8.5e-05,0.000565,0.000105
9e-05,0.000565,0.000105
9.5e-05,0.000565,0.000105
0.0001,0.000565,0.000105
0.000105,0.000565,0.000105
0.00011,0.000565,0.000105
0.000115,0.000565,0.000105
0.00012,0.000565,0.000105
0.000125,0.000565,0.000105
0.00013,0.000565,0.000105
0.000135,0.000565,0.000105
7e-05,0.00057,0.000105
7.5e-05,0.00057,0.000105
8e-05,0.00057,0.000105
8.5e-05,0.00057,0.000105
9e-05,0.00057,0.000105
9.5e-05,0.00057,0.000105
0.0001,0.00057,0.000105
0.000105,0.00057,0.000105
0.00011,0.00057,0.000105
0.000115,0.00057,0.000105
0.00012,0.00057,0.000105
0.000125,0.00057,0.000105
7e-05,0.000575,0.000105
7.5e-05,0.000575,0.000105
8e-05,0.000575,0.000105
8.5e-05,0.000575,0.000105
9e-05,0.000575,0.000105
9.5e-05,0.000575,0.000105
0.0001,0.000575,0.000105
0.000105,0.000575,0.000105
0.00011,0.000575,0.000105
0.000115,0.000575,0.000105
0.00012,0.000575,0.000105
0.000125,0.000575,0.000105
0.00013,0.000575,0.000105
7e-05,0.00058,0.000105
7.5e-05,0.00058,0.000105
8e-05,0.00058,0.000105
8.5e-05,0.00058,0.000105
9e-05,0.00058,0.000105
9.5e-05,0.00058,0.000105
0.0001,0.00058,0.000105
0.000105,0.00058,0.000105
0.00011,0.00058,0.000105
0.000115,0.00058,0.000105
0.00012,0.00058,0.000105
0.000125,0.00058,0.000105
0.00013,0.00058,0.000105
7e-05,0.000585,0.000105
7.5e-05,0.000585,0.000105
8e-05,0.000585,0.000105
8.5e-05,0.000585,0.000105
9e-05,0.000585,0.000105
9.5e-05,0.000585,0.000105
0.0001,0.000585,0.000105
0.000105,0.000585,0.000105
0.00011,0.000585,0.000105
0.000115,0.000585,0.000105
0.00012,0.000585,0.000105
0.000125,0.000585,0.000105
0.00013,0.000585,0.000105
7e-05,0.00059,0.000105
7.5e-05,0.00059,0.000105
8e-05,0.00059,0.000105
8.5e-05,0.00059,0.000105
9e-05,0.00059,0.000105
9.5e-05,0.00059,0.000105
0.0001,0.00059,0.000105
0.000105,0.00059,0.000105
0.00011,0.00059,0.000105
0.000115,0.00059,0.000105
0.00012,0.00059,0.000105
0.000125,0.00059,0.000105
0.00013,0.00059,0.000105
7e-05,0.000595,0.000105
7.5e-05,0.000595,0.000105
8e-05,0.000595,0.000105
8.5e-05,0.000595,0.000105
9e-05,0.000595,0.000105
9.5e-05,0.000595,0.000105
0.0001,0.000595,0.000105
0.000105,0.000595,0.000105
0.00011,0.000595,0.000105
0.000115,0.000595,0.000105
0.00012,0.000595,0.000105
0.000125,0.000595,0.000105
0.00013,0.000595,0.000105
7e-05,0.0006,0.000105
7.5e-05,0.0006,0.000105
8e-05,0.0006,0.000105
8.5e-05,0.0006,0.000105
9e-05,0.0006,0.000105
9.5e-05,0.0006,0.000105
0.0001,0.0006,0.000105
0.000105,0.0006,0.000105
0.00011,0.0006,0.000105
0.000115,0.0006,0.000105
0.00012,0.0006,0.000105
0.000125,0.0006,0.000105
0.00013,0.0006,0.000105
7e-05,0.000605,0.000105
7.5e-05,0.000605,0.000105
8e-05,0.000605,0.000105
8.5e-05,0.000605,0.000105
9e-05,0.000605,0.000105
9.5e-05,0.000605,0.000105
0.0001,0.000605,0.000105
0.000105,0.000605,0.000105
0.00011,0.000605,0.000105
0.000115,0.000605,0.000105
0.00012,0.000605,0.000105
0.000125,0.000605,0.000105
0.00013,0.000605,0.000105
7e-05,0.00061,0.000105
7.5e-05,0.00061,0.000105
8e-05,0.00061,0.000105
8.5e-05,0.00061,0.000105
9e-05,0.00061,0.000105
9.5e-05,0.00061,0.000105
0.0001,0.00061,0.000105
0.000105,0.00061,0.000105
0.00011,0.00061,0.000105
0.000115,0.00061,0.000105
0.00012,0.00061,0.000105
0.000125,0.00061,0.000105
0.00013,0.00061,0.000105
7e-05,0.000615,0.000105
7.5e-05,0.000615,0.000105
8e-05,0.000615,0.000105
8.5e-05,0.000615,0.000105
9e-05,0.000615,0.000105
9.5e-05,0.000615,0.000105
0.0001,0.000615,0.000105
0.000105,0.000615,0.000105
0.00011,0.000615,0.000105
0.000115,0.000615,0.000105
0.00012,0.000615,0.000105
0.000125,0.000615,0.000105
0.00013,0.000615,0.000105
7e-05,0.00062,0.000105
7.5e-05,0.00062,0.000105
8e-05,0.00062,0.000105
8.5e-05,0.00062,0.000105
9e-05,0.00062,0.000105
9.5e-05,0.00062,0.000105
0.0001,0.00062,0.000105
0.000105,0.00062,0.000105
0.00011,0.00062,0.000105
0.000115,0.00062,0.000105
0.00012,0.00062,0.000105
0.000125,0.00062,0.000105
0.00013,0.00062,0.000105
7e-05,0.000625,0.000105
7.5e-05,0.000625,0.000105
8e-05,0.000625,0.000105
8.5e-05,0.000625,0.000105
9e-05,0.000625,0.000105
9.5e-05,0.000625,0.000105
0.0001,0.000625,0.000105
0.000105,0.000625,0.000105
0.00011,0.000625,0.000105
0.000115,0.000625,0.000105
0.00012,0.000625,0.000105
0.000125,0.000625,0.000105
0.00013,0.000625,0.000105
7e-05,0.00063,0.000105
7.5e-05,0.00063,0.000105
8e-05,0.00063,0.000105
8.5e-05,0.00063,0.000105
9e-05,0.00063,0.000105
9.5e-05,0.00063,0.000105
0.0001,0.00063,0.000105
0.000105,0.00063,0.000105
0.00011,0.00063,0.000105
0.000115,0.00063,0.000105
0.00012,0.00063,0.000105
0.000125,0.00063,0.000105
0.00013,0.00063,0.000105
7e-05,0.000635,0.000105
7.5e-05,0.000635,0.000105
8e-05,0.000635,0.000105
8.5e-05,0.000635,0.000105
9e-05,0.000635,0.000105
9.5e-05,0.000635,0.000105
0.0001,0.000635,0.000105
0.000105,0.000635,0.000105
0.00011,0.000635,0.000105
0.000115,0.000635,0.000105
0.00012,0.000635,0.000105
0.000125,0.000635,0.000105
0.00013,0.000635,0.000105
7e-05,0.00064,0.000105
7.5e-05,0.00064,0.000105
8e-05,0.00064,0.000105
8.5e-05,0.00064,0.000105
9e-05,0.00064,0.000105
9.5e-05,0.00064,0.000105
0.0001,0.00064,0.000105
0.000105,0.00064,0.000105
0.00011,0.00064,0.000105
0.000115,0.00064,0.000105
0.00012,0.00064,0.000105
0.000125,0.00064,0.000105
7e-05,0.000645,0.000105
7.5e-05,0.000645,0.000105
8e-05,0.000645,0.000105
8.5e-05,0.000645,0.000105
9e-05,0.000645,0.000105
9.5e-05,0.000645,0.000105
0.0001,0.000645,0.000105
0.000105,0.000645,0.000105
0.00011,0.000645,0.000105
0.000115,0.000645,0.000105
0.00012,0.000645,0.000105
0.000125,0.000645,0.000105
7e-05,0.00065,0.000105
7.5e-05,0.00065,0.000105
8e-05,0.00065,0.000105
8.5e-05,0.00065,0.000105
9e-05,0.00065,0.000105
9.5e-05,0.00065,0.000105
0.0001,0.00065,0.000105
0.000105,0.00065,0.000105
0.00011,0.00065,0.000105
0.000115,0.00065,0.000105
0.00012,0.00065,0.000105
0.000125,0.00065,0.000105
7e-05,0.000655,0.000105
7.5e-05,0.000655,0.000105
8e-05,0.000655,0.000105
8.5e-05,0.000655,0.000105
9e-05,0.000655,0.000105
9.5e-05,0.000655,0.000105
0.0001,0.000655,0.000105
0.000105,0.000655,0.000105
0.00011,0.000655,0.000105
0.000115,0.000655,0.000105
0.00012,0.000655,0.000105
0.000125,0.000655,0.000105
7.5e-05,0.00066,0.000105
8e-05,0.00066,0.000105
8.5e-05,0.00066,0.000105
9e-05,0.00066,0.000105
9.5e-05,0.00066,0.000105
0.0001,0.00066,0.000105
0.000105,0.00066,0.000105
0.00011,0.00066,0.000105
0.000115,0.00066,0.000105
0.00012,0.00066,0.000105
0.000125,0.00066,0.000105
7.5e-05,0.000665,0.000105
8e-05,0.000665,0.000105
8.5e-05,0.000665,0.000105
9e-05,0.000665,0.000105
9.5e-05,0.000665,0.000105
0.0001,0.000665,0.000105
0.000105,0.000665,0.000105
0.00011,0.000665,0.000105
0.000115,0.000665,0.000105
0.00012,0.000665,0.000105
0.000125,0.000665,0.000105
7e-05,0.00067,0.000105
7.5e-05,0.00067,0.000105
8e-05,0.00067,0.000105
8.5e-05,0.00067,0.000105
9e-05,0.00067,0.000105
9.5e-05,0.00067,0.000105
0.0001,0.00067,0.000105
0.000105,0.00067,0.000105
0.00011,0.00067,0.000105
0.000115,0.00067,0.000105
0.00012,0.00067,0.000105
0.000125,0.00067,0.000105
7e-05,0.000675,0.000105
7.5e-05,0.000675,0.000105
8e-05,0.000675,0.000105
8.5e-05,0.000675,0.000105
9e-05,0.000675,0.000105
9.5e-05,0.000675,0.000105
0.0001,0.000675,0.000105
0.000105,0.000675,0.000105
0.00011,0.000675,0.000105
0.000115,0.000675,0.000105
0.00012,0.000675,0.000105
0.000125,0.000675,0.000105
7e-05,0.00068,0.000105
7.5e-05,0.00068,0.000105
8e-05,0.00068,0.000105
8.5e-05,0.00068,0.000105
9e-05,0.00068,0.000105
9.5e-05,0.00068,0.000105
0.0001,0.00068,0.000105
0.000105,0.00068,0.000105
0.00011,0.00068,0.000105
0.000115,0.00068,0.000105
0.00012,0.00068,0.000105
0.000125,0.00068,0.000105
7e-05,0.000685,0.000105
7.5e-05,0.000685,0.000105
8e-05,0.000685,0.000105
8.5e-05,0.000685,0.000105
9e-05,0.000685,0.000105
9.5e-05,0.000685,0.000105
0.0001,0.000685,0.000105
0.000105,0.000685,0.000105
0.00011,0.000685,0.000105
0.000115,0.000685,0.000105
0.00012,0.000685,0.000105
0.000125,0.000685,0.000105
7.5e-05,0.00069,0.000105
8e-05,0.00069,0.000105
8.5e-05,0.00069,0.000105
9e-05,0.00069,0.000105
9.5e-05,0.00069,0.000105
0.0001,0.00069,0.000105
0.000105,0.00069,0.000105
0.00011,0.00069,0.000105
0.000115,0.00069,0.000105
0.00012,0.00069,0.000105
0.000125,0.00069,0.000105
8e-05,0.000695,0.000105
8.5e-05,0.000695,0.000105
9e-05,0.000695,0.000105
9.5e-05,0.000695,0.000105
0.0001,0.000695,0.000105
0.000105,0.000695,0.000105
0.00011,0.000695,0.000105
0.000115,0.000695,0.000105
0.00012,0.000695,0.000105
8e-05,0.0007,0.000105
8.5e-05,0.0007,0.000105
9e-05,0.0007,0.000105
9.5e-05,0.0007,0.000105
0.0001,0.0007,0.000105
0.000105,0.0007,0.000105
0.00011,0.0007,0.000105
0.000115,0.0007,0.000105
0.00012,0.0007,0.000105
8.5e-05,0.000705,0.000105
9e-05,0.000705,0.000105
9.5e-05,0.000705,0.000105
0.0001,0.000705,0.000105
0.000105,0.000705,0.000105
0.00011,0.000705,0.000105
0.000115,0.000705,0.000105
9.5e-05,0.00071,0.000105
0.0001,0.00071,0.000105
0.000105,0.00071,0.000105
9e-05,0.0,0.00011
9.5e-05,0.0,0.00011
0.0001,0.0,0.00011
0.000105,0.0,0.00011
0.00011,0.0,0.00011
0.000115,0.0,0.00011
8.5e-05,5e-06,0.00011
9e-05,5e-06,0.00011
9.5e-05,5e-06,0.00011
0.0001,5e-06,0.00011
0.000105,5e-06,0.00011
0.00011,5e-06,0.00011
0.000115,5e-06,0.00011
8e-05,1e-05,0.00011
8.5e-05,1e-05,0.00011
9e-05,1e-05,0.00011
9.5e-05,1e-05,0.00011
0.0001,1e-05,0.00011
0.000105,1e-05,0.00011
0.00011,1e-05,0.00011
0.000115,1e-05,0.00011
0.00012,1e-05,0.00011
8e-05,1.5e-05,0.00011
8.5e-05,1.5e-05,0.00011
9e-05,1.5e-05,0.00011
9.5e-05,1.5e-05,0.00011
0.0001,1.5e-05,0.00011
0.000105,1.5e-05,0.00011
0.00011,1.5e-05,0.00011
0.000115,1.5e-05,0.00011
0.00012,1.5e-05,0.00011
8e-05,2e-05,0.00011
8.5e-05,2e-05,0.00011
9e-05,2e-05,0.00011
9.5e-05,2e-05,0.00011
0.0001,2e-05,0.00011
0.000105,2e-05,0.00011
0.00011,2e-05,0.00011
0.000115,2e-05,0.00011
0.00012,2e-05,0.00011
0.000125,2e-05,0.00011
7.5e-05,2.5e-05,0.00011
8e-05,2.5e-05,0.00011
8.5e-05,2.5e-05,0.00011
9e-05,2.5e-05,0.00011
9.5e-05,2.5e-05,0.00011
0.0001,2.5e-05,0.00011
0.000105,2.5e-05,0.00011
0.00011,2.5e-05,0.00011
0.000115,2.5e-05,0.00011
0.00012,2.5e-05,0.00011
0.000125,2.5e-05,0.00011
7.5e-05,3e-05,0.00011
8e-05,3e-05,0.00011
8.5e-05,3e-05,0.00011
9e-05,3e-05,0.00011
9.5e-05,3e-05,0.00011
0.0001,3e-05,0.00011
0.000105,3e-05,0.00011
0.00011,3e-05,0.00011
0.000115,3e-05,0.00011
0.00012,3e-05,0.00011
0.000125,3e-05,0.00011
7.5e-05,3.5e-05,0.00011
8e-05,3.5e-05,0.00011
8.5e-05,3.5e-05,0.00011
9e-05,3.5e-05,0.00011
9.5e-05,3.5e-05,0.00011
0.0001,3.5e-05,0.00011
0.000105,3.5e-05,0.00011
0.00011,3.5e-05,0.00011
0.000115,3.5e-05,0.00011
0.00012,3.5e-05,0.00011
0.000125,3.5e-05,0.00011
0.00013,3.5e-05,0.00011
7e-05,4e-05,0.00011
7.5e-05,4e-05,0.00011
8e-05,4e-05,0.00011
8.5e-05,4e-05,0.00011
9e-05,4e-05,0.00011
9.5e-05,4e-05,0.00011
0.0001,4e-05,0.00011
0.000105,4e-05,0.00011
0.00011,4e-05,0.00011
0.000115,4e-05,0.00011
0.00012,4e-05,0.00011
0.000125,4e-05,0.00011
0.00013,4e-05,0.00011
7e-05,4.5e-05,0.00011
7.5e-05,4.5e-05,0.00011
8e-05,4.5e-05,0.00011
8.5e-05,4.5e-05,0.00011
9e-05,4.5e-05,0.00011
9.5e-05,4.5e-05,0.00011
0.0001,4.5e-05,0.00011
0.000105,4.5e-05,0.00011
0.00011,4.5e-05,0.00011
0.000115,4.5e-05,0.00011
0.00012,4.5e-05,0.00011
0.000125,4.5e-05,0.00011
0.00013,4.5e-05,0.00011
7e-05,5e-05,0.00011
7.5e-05,5e-05,0.00011
8e-05,5e-05,0.00011
8.5e-05,5e-05,0.00011
9e-05,5e-05,0.00011
9.5e-05,5e-05,0.00011
0.0001,5e-05,0.00011
0.000105,5e-05,0.00011
0.00011,5e-05,0.00011
0.000115,5e-05,0.00011
0.00012,5e-05,0.00011
0.000125,5e-05,0.00011
0.00013,5e-05,0.00011
7e-05,5.5e-05,0.00011
7.5e-05,5.5e-05,0.00011
8e-05,5.5e-05,0.00011
8.5e-05,5.5e-05,0.00011
9e-05,5.5e-05,0.00011
9.5e-05,5.5e-05,0.00011
0.0001,5.5e-05,0.00011
0.000105,5.5e-05,0.00011
0.00011,5.5e-05,0.00011
0.000115,5.5e-05,0.00011
0.00012,5.5e-05,0.00011
0.000125,5.5e-05,0.00011
0.00013,5.5e-05,0.00011
7e-05,6e-05,0.00011
7.5e-05,6e-05,0.00011
8e-05,6e-05,0.00011
8.5e-05,6e-05,0.00011
9e-05,6e-05,0.00011
9.5e-05,6e-05,0.00011
0.0001,6e-05,0.00011
0.000105,6e-05,0.00011
0.00011,6e-05,0.00011
0.000115,6e-05,0.00011
0.00012,6e-05,0.00011
0.000125,6e-05,0.00011
0.00013,6e-05,0.00011
7e-05,6.5e-05,0.00011
7.5e-05,6.5e-05,0.00011
8e-05,6.5e-05,0.00011
8.5e-05,6.5e-05,0.00011
9e-05,6.5e-05,0.00011
9.5e-05,6.5e-05,0.00011
0.0001,6.5e-05,0.00011
0.000105,6.5e-05,0.00011
0.00011,6.5e-05,0.00011
0.000115,6.5e-05,0.00011
0.00012,6.5e-05,0.00011
0.000125,6.5e-05,0.00011
0.00013,6.5e-05,0.00011
0.000135,6.5e-05,0.00011
7e-05,7e-05,0.00011
7.5e-05,7e-05,0.00011
8e-05,7e-05,0.00011
8.5e-05,7e-05,0.00011
9e-05,7e-05,0.00011
9.5e-05,7e-05,0.00011
0.0001,7e-05,0.00011
0.000105,7e-05,0.00011
0.00011,7e-05,0.00011
0.000115,7e-05,0.00011
0.00012,7e-05,0.00011
0.000125,7e-05,0.00011
0.00013,7e-05,0.00011
0.000135,7e-05,0.00011
7e-05,7.5e-05,0.00011
7.5e-05,7.5e-05,0.00011
8e-05,7.5e-05,0.00011
8.5e-05,7.5e-05,0.00011
9e-05,7.5e-05,0.00011
9.5e-05,7.5e-05,0.00011
0.0001,7.5e-05,0.00011
0.000105,7.5e-05,0.00011
0.00011,7.5e-05,0.00011
0.000115,7.5e-05,0.00011
0.00012,7.5e-05,0.00011
0.000125,7.5e-05,0.00011
0.00013,7.5e-05,0.00011
0.000135,7.5e-05,0.00011
7e-05,8e-05,0.00011
7.5e-05,8e-05,0.00011
8e-05,8e-05,0.00011
8.5e-05,8e-05,0.00011
9e-05,8e-05,0.00011
9.5e-05,8e-05,0.00011
0.0001,8e-05,0.00011
0.000105,8e-05,0.00011
0.00011,8e-05,0.00011
0.000115,8e-05,0.00011
0.00012,8e-05,0.00011
0.000125,8e-05,0.00011
0.00013,8e-05,0.00011
0.000135,8e-05,0.00011
7e-05,8.5e-05,0.00011
7.5e-05,8.5e-05,0.00011
8e-05,8.5e-05,0.00011
8.5e-05,8.5e-05,0.00011
9e-05,8.5e-05,0.00011
9.5e-05,8.5e-05,0.00011
0.0001,8.5e-05,0.00011
0.000105,8.5e-05,0.00011
0.00011,8.5e-05,0.00011
0.000115,8.5e-05,0.00011
0.00012,8.5e-05,0.00011
0.000125,8.5e-05,0.00011
0.00013,8.5e-05,0.00011
0.000135,8.5e-05,0.00011
7e-05,9e-05,0.00011
7.5e-05,9e-05,0.00011
8e-05,9e-05,0.00011
8.5e-05,9e-05,0.00011
9e-05,9e-05,0.00011
9.5e-05,9e-05,0.00011
0.0001,9e-05,0.00011
0.000105,9e-05,0.00011
0.00011,9e-05,0.00011
0.000115,9e-05,0.00011
0.00012,9e-05,0.00011
0.000125,9e-05,0.00011
0.00013,9e-05,0.00011
0.000135,9e-05,0.00011
7e-05,9.5e-05,0.00011
7.5e-05,9.5e-05,0.00011
8e-05,9.5e-05,0.00011
8.5e-05,9.5e-05,0.00011
9e-05,9.5e-05,0.00011
9.5e-05,9.5e-05,0.00011
0.0001,9.5e-05,0.00011
0.000105,9.5e-05,0.00011
0.00011,9.5e-05,0.00011
0.000115,9.5e-05,0.00011
0.00012,9.5e-05,0.00011
0.000125,9.5e-05,0.00011
0.00013,9.5e-05,0.00011
0.000135,9.5e-05,0.00011
7e-05,0.0001,0.00011
7.5e-05,0.0001,0.00011
8e-05,0.0001,0.00011
8.5e-05,0.0001,0.00011
9e-05,0.0001,0.00011
9.5e-05,0.0001,0.00011
0.0001,0.0001,0.00011
0.000105,0.0001,0.00011
0.00011,0.0001,0.00011
0.000115,0.0001,0.00011
0.00012,0.0001,0.00011
0.000125,0.0001,0.00011
0.00013,0.0001,0.00011
0.000135,0.0001,0.00011
7e-05,0.000105,0.00011
7.5e-05,0.000105,0.00011
8e-05,0.000105,0.00011
8.5e-05,0.000105,0.00011
9e-05,0.000105,0.00011
9.5e-05,0.000105,0.00011
0.0001,0.000105,0.00011
0.000105,0.000105,0.00011
0.00011,0.000105,0.00011
0.000115,0.000105,0.00011
0.00012,0.000105,0.00011
0.000125,0.000105,0.00011
0.00013,0.000105,0.00011
0.000135,0.000105,0.00011
7e-05,0.00011,0.00011
7.5e-05,0.00011,0.00011
8e-05,0.00011,0.00011
8.5e-05,0.00011,0.00011
9e-05,0.00011,0.00011
9.5e-05,0.00011,0.00011
0.0001,0.00011,0.00011
0.000105,0.00011,0.00011
0.00011,0.00011,0.00011
0.000115,0.00011,0.00011
0.00012,0.00011,0.00011
0.000125,0.00011,0.00011
0.00013,0.00011,0.00011
0.000135,0.00011,0.00011
7e-05,0.000115,0.00011
7.5e-05,0.000115,0.00011
8e-05,0.000115,0.00011
8.5e-05,0.000115,0.00011
9e-05,0.000115,0.00011
9.5e-05,0.000115,0.00011
0.0001,0.000115,0.00011
0.000105,0.000115,0.00011
0.00011,0.000115,0.00011
0.000115,0.000115,0.00011
0.00012,0.000115,0.00011
0.000125,0.000115,0.00011
0.00013,0.000115,0.00011
0.000135,0.000115,0.00011
7e-05,0.00012,0.00011
7.5e-05,0.00012,0.00011
8e-05,0.00012,0.00011
8.5e-05,0.00012,0.00011
9e-05,0.00012,0.00011
9.5e-05,0.00012,0.00011
0.0001,0.00012,0.00011
0.000105,0.00012,0.00011
0.00011,0.00012,0.00011
0.000115,0.00012,0.00011
0.00012,0.00012,0.00011
0.000125,0.00012,0.00011
0.00013,0.00012,0.00011
0.000135,0.00012,0.00011
7e-05,0.000125,0.00011
7.5e-05,0.000125,0.00011
8e-05,0.000125,0.00011
8.5e-05,0.000125,0.00011
9e-05,0.000125,0.00011
9.5e-05,0.000125,0.00011
0.0001,0.000125,0.00011
0.000105,0.000125,0.00011
0.00011,0.000125,0.00011
0.000115,0.000125,0.00011
0.00012,0.000125,0.00011
0.000125,0.000125,0.00011
0.00013,0.000125,0.00011
7e-05,0.00013,0.00011
7.5e-05,0.00013,0.00011
8e-05,0.00013,0.00011
8.5e-05,0.00013,0.00011
9e-05,0.00013,0.00011
9.5e-05,0.00013,0.00011
0.0001,0.00013,0.00011
0.000105,0.00013,0.00011
0.00011,0.00013,0.00011
0.000115,0.00013,0.00011
0.00012,0.00013,0.00011
0.000125,0.00013,0.00011
0.00013,0.00013,0.00011
7e-05,0.000135,0.00011
7.5e-05,0.000135,0.00011
8e-05,0.000135,0.00011
8.5e-05,0.000135,0.00011
9e-05,0.000135,0.00011
9.5e-05,0.000135,0.00011
0.0001,0.000135,0.00011
0.000105,0.000135,0.00011
0.00011,0.000135,0.00011
0.000115,0.000135,0.00011
0.00012,0.000135,0.00011
0.000125,0.000135,0.00011
0.00013,0.000135,0.00011
0.000135,0.000135,0.00011
7e-05,0.00014,0.00011
7.5e-05,0.00014,0.00011
8e-05,0.00014,0.00011
8.5e-05,0.00014,0.00011
9e-05,0.00014,0.00011
9.5e-05,0.00014,0.00011
0.0001,0.00014,0.00011
0.000105,0.00014,0.00011
0.00011,0.00014,0.00011
0.000115,0.00014,0.00011
0.00012,0.00014,0.00011
0.000125,0.00014,0.00011
0.00013,0.00014,0.00011
0.000135,0.00014,0.00011
7e-05,0.000145,0.00011
7.5e-05,0.000145,0.00011
8e-05,0.000145,0.00011
8.5e-05,0.000145,0.00011
9e-05,0.000145,0.00011
9.5e-05,0.000145,0.00011
0.0001,0.000145,0.00011
0.000105,0.000145,0.00011
0.00011,0.000145,0.00011
0.000115,0.000145,0.00011
0.00012,0.000145,0.00011
0.000125,0.000145,0.00011
0.00013,0.000145,0.00011
0.000135,0.000145,0.00011
6.5e-05,0.00015,0.00011
7e-05,0.00015,0.00011
7.5e-05,0.00015,0.00011
8e-05,0.00015,0.00011
8.5e-05,0.00015,0.00011
9e-05,0.00015,0.00011
9.5e-05,0.00015,0.00011
0.0001,0.00015,0.00011
0.000105,0.00015,0.00011
0.00011,0.00015,0.00011
0.000115,0.00015,0.00011
0.00012,0.00015,0.00011
0.000125,0.00015,0.00011
0.00013,0.00015,0.00011
0.000135,0.00015,0.00011
6.5e-05,0.000155,0.00011
7e-05,0.000155,0.00011
7.5e-05,0.000155,0.00011
8e-05,0.000155,0.00011
8.5e-05,0.000155,0.00011
9e-05,0.000155,0.00011
9.5e-05,0.000155,0.00011
0.0001,0.000155,0.00011
0.000105,0.000155,0.00011
0.00011,0.000155,0.00011
0.000115,0.000155,0.00011
0.00012,0.000155,0.00011
0.000125,0.000155,0.00011
0.00013,0.000155,0.00011
0.000135,0.000155,0.00011
6.5e-05,0.00016,0.00011
7e-05,0.00016,0.00011
7.5e-05,0.00016,0.00011
8e-05,0.00016,0.00011
8.5e-05,0.00016,0.00011
9e-05,0.00016,0.00011
9.5e-05,0.00016,0.00011
0.0001,0.00016,0.00011
0.000105,0.00016,0.00011
0.00011,0.00016,0.00011
0.000115,0.00016,0.00011
0.00012,0.00016,0.00011
0.000125,0.00016,0.00011
0.00013,0.00016,0.00011
0.000135,0.00016,0.00011
6.5e-05,0.000165,0.00011
7e-05,0.000165,0.00011
7.5e-05,0.000165,0.00011
8e-05,0.000165,0.00011
8.5e-05,0.000165,0.00011
9e-05,0.000165,0.00011
9.5e-05,0.000165,0.00011
0.0001,0.000165,0.00011
0.000105,0.000165,0.00011
0.00011,0.000165,0.00011
0.000115,0.000165,0.00011
0.00012,0.000165,0.00011
0.000125,0.000165,0.00011
0.00013,0.000165,0.00011
6.5e-05,0.00017,0.00011
7e-05,0.00017,0.00011
7.5e-05,0.00017,0.00011
8e-05,0.00017,0.00011
8.5e-05,0.00017,0.00011
9e-05,0.00017,0.00011
9.5e-05,0.00017,0.00011
0.0001,0.00017,0.00011
0.000105,0.00017,0.00011
0.00011,0.00017,0.00011
0.000115,0.00017,0.00011
0.00012,0.00017,0.00011
0.000125,0.00017,0.00011
0.00013,0.00017,0.00011
6.5e-05,0.000175,0.00011
7e-05,0.000175,0.00011
7.5e-05,0.000175,0.00011
8e-05,0.000175,0.00011
8.5e-05,0.000175,0.00011
9e-05,0.000175,0.00011
9.5e-05,0.000175,0.00011
0.0001,0.000175,0.00011
0.000105,0.000175,0.00011
0.00011,0.000175,0.00011
0.000115,0.000175,0.00011
0.00012,0.000175,0.00011
0.000125,0.000175,0.00011
0.00013,0.000175,0.00011
6e-05,0.00018,0.00011
6.5e-05,0.00018,0.00011
7e-05,0.00018,0.00011
7.5e-05,0.00018,0.00011
8e-05,0.00018,0.00011
8.5e-05,0.00018,0.00011
9e-05,0.00018,0.00011
9.5e-05,0.00018,0.00011
0.0001,0.00018,0.00011
0.000105,0.00018,0.00011
0.00011,0.00018,0.00011
0.000115,0.00018,0.00011
0.00012,0.00018,0.00011
0.000125,0.00018,0.00011
0.00013,0.00018,0.00011
6e-05,0.000185,0.00011
6.5e-05,0.000185,0.00011
7e-05,0.000185,0.00011
7.5e-05,0.000185,0.00011
8e-05,0.000185,0.00011
8.5e-05,0.000185,0.00011
9e-05,0.000185,0.00011
9.5e-05,0.000185,0.00011
0.0001,0.000185,0.00011
0.000105,0.000185,0.00011
0.00011,0.000185,0.00011
0.000115,0.000185,0.00011
0.00012,0.000185,0.00011
0.000125,0.000185,0.00011
0.00013,0.000185,0.00011
6.5e-05,0.00019,0.00011
7e-05,0.00019,0.00011
7.5e-05,0.00019,0.00011
8e-05,0.00019,0.00011
8.5e-05,0.00019,0.00011
9e-05,0.00019,0.00011
9.5e-05,0.00019,0.00011
0.0001,0.00019,0.00011
0.000105,0.00019,0.00011
0.00011,0.00019,0.00011
0.000115,0.00019,0.00011
0.00012,0.00019,0.00011
0.000125,0.00019,0.00011
0.00013,0.00019,0.00011
6.5e-05,0.000195,0.00011
7e-05,0.000195,0.00011
7.5e-05,0.000195,0.00011
8e-05,0.000195,0.00011
8.5e-05,0.000195,0.00011
9e-05,0.000195,0.00011
9.5e-05,0.000195,0.00011
0.0001,0.000195,0.00011
0.000105,0.000195,0.00011
0.00011,0.000195,0.00011
0.000115,0.000195,0.00011
0.00012,0.000195,0.00011
0.000125,0.000195,0.00011
0.00013,0.000195,0.00011
6.5e-05,0.0002,0.00011
7e-05,0.0002,0.00011
7.5e-05,0.0002,0.00011
8e-05,0.0002,0.00011
8.5e-05,0.0002,0.00011
9e-05,0.0002,0.00011
9.5e-05,0.0002,0.00011
0.0001,0.0002,0.00011
0.000105,0.0002,0.00011
0.00011,0.0002,0.00011
0.000115,0.0002,0.00011
0.00012,0.0002,0.00011
0.000125,0.0002,0.00011
0.00013,0.0002,0.00011
6.5e-05,0.000205,0.00011
7e-05,0.000205,0.00011
7.5e-05,0.000205,0.00011
8e-05,0.000205,0.00011
8.5e-05,0.000205,0.00011
9e-05,0.000205,0.00011
9.5e-05,0.000205,0.00011
0.0001,0.000205,0.00011
0.000105,0.000205,0.00011
0.00011,0.000205,0.00011
0.000115,0.000205,0.00011
0.00012,0.000205,0.00011
0.000125,0.000205,0.00011
0.00013,0.000205,0.00011
0.000135,0.000205,0.00011
6.5e-05,0.00021,0.00011
7e-05,0.00021,0.00011
7.5e-05,0.00021,0.00011
8e-05,0.00021,0.00011
8.5e-05,0.00021,0.00011
9e-05,0.00021,0.00011
9.5e-05,0.00021,0.00011
0.0001,0.00021,0.00011
0.000105,0.00021,0.00011
0.00011,0.00021,0.00011
0.000115,0.00021,0.00011
0.00012,0.00021,0.00011
0.000125,0.00021,0.00011
0.00013,0.00021,0.00011
0.000135,0.00021,0.00011
6.5e-05,0.000215,0.00011
7e-05,0.000215,0.00011
7.5e-05,0.000215,0.00011
8e-05,0.000215,0.00011
8.5e-05,0.000215,0.00011
9e-05,0.000215,0.00011
9.5e-05,0.000215,0.00011
0.0001,0.000215,0.00011
0.000105,0.000215,0.00011
0.00011,0.000215,0.00011
0.000115,0.000215,0.00011
0.00012,0.000215,0.00011
0.000125,0.000215,0.00011
0.00013,0.000215,0.00011
0.000135,0.000215,0.00011
6.5e-05,0.00022,0.00011
7e-05,0.00022,0.00011
7.5e-05,0.00022,0.00011
8e-05,0.00022,0.00011
8.5e-05,0.00022,0.00011
9e-05,0.00022,0.00011
9.5e-05,0.00022,0.00011
0.0001,0.00022,0.00011
0.000105,0.00022,0.00011
0.00011,0.00022,0.00011
0.000115,0.00022,0.00011
0.00012,0.00022,0.00011
0.000125,0.00022,0.00011
0.00013,0.00022,0.00011
0.000135,0.00022,0.00011
6.5e-05,0.000225,0.00011
7e-05,0.000225,0.00011
7.5e-05,0.000225,0.00011
8e-05,0.000225,0.00011
8.5e-05,0.000225,0.00011
9e-05,0.000225,0.00011
9.5e-05,0.000225,0.00011
0.0001,0.000225,0.00011
0.000105,0.000225,0.00011
0.00011,0.000225,0.00011
0.000115,0.000225,0.00011
0.00012,0.000225,0.00011
0.000125,0.000225,0.00011
0.00013,0.000225,0.00011
0.000135,0.000225,0.00011
6.5e-05,0.00023,0.00011
7e-05,0.00023,0.00011
7.5e-05,0.00023,0.00011
8e-05,0.00023,0.00011
8.5e-05,0.00023,0.00011
9e-05,0.00023,0.00011
9.5e-05,0.00023,0.00011
0.0001,0.00023,0.00011
0.000105,0.00023,0.00011
0.00011,0.00023,0.00011
0.000115,0.00023,0.00011
0.00012,0.00023,0.00011
0.000125,0.00023,0.00011
0.00013,0.00023,0.00011
0.000135,0.00023,0.00011
6.5e-05,0.000235,0.00011
7e-05,0.000235,0.00011
7.5e-05,0.000235,0.00011
8e-05,0.000235,0.00011
8.5e-05,0.000235,0.00011
9e-05,0.000235,0.00011
9.5e-05,0.000235,0.00011
0.0001,0.000235,0.00011
0.000105,0.000235,0.00011
0.00011,0.000235,0.00011
0.000115,0.000235,0.00011
0.00012,0.000235,0.00011
0.000125,0.000235,0.00011
0.00013,0.000235,0.00011
6.5e-05,0.00024,0.00011
7e-05,0.00024,0.00011
7.5e-05,0.00024,0.00011
8e-05,0.00024,0.00011
8.5e-05,0.00024,0.00011
9e-05,0.00024,0.00011
9.5e-05,0.00024,0.00011
0.0001,0.00024,0.00011
0.000105,0.00024,0.00011
0.00011,0.00024,0.00011
0.000115,0.00024,0.00011
0.00012,0.00024,0.00011
0.000125,0.00024,0.00011
0.00013,0.00024,0.00011
6.5e-05,0.000245,0.00011
7e-05,0.000245,0.00011
7.5e-05,0.000245,0.00011
8e-05,0.000245,0.00011
8.5e-05,0.000245,0.00011
9e-05,0.000245,0.00011
9.5e-05,0.000245,0.00011
0.0001,0.000245,0.00011
0.000105,0.000245,0.00011
0.00011,0.000245,0.00011
0.000115,0.000245,0.00011
0.00012,0.000245,0.00011
0.000125,0.000245,0.00011
0.00013,0.000245,0.00011
7e-05,0.00025,0.00011
7.5e-05,0.00025,0.00011
8e-05,0.00025,0.00011
8.5e-05,0.00025,0.00011
9e-05,0.00025,0.00011
9.5e-05,0.00025,0.00011
0.0001,0.00025,0.00011
0.000105,0.00025,0.00011
0.00011,0.00025,0.00011
0.000115,0.00025,0.00011
0.00012,0.00025,0.00011
0.000125,0.00025,0.00011
0.00013,0.00025,0.00011
7e-05,0.000255,0.00011
7.5e-05,0.000255,0.00011
8e-05,0.000255,0.00011
8.5e-05,0.000255,0.00011
9e-05,0.000255,0.00011
9.5e-05,0.000255,0.00011
0.0001,0.000255,0.00011
0.000105,0.000255,0.00011
0.00011,0.000255,0.00011
0.000115,0.000255,0.00011
0.00012,0.000255,0.00011
0.000125,0.000255,0.00011
7e-05,0.00026,0.00011
7.5e-05,0.00026,0.00011
8e-05,0.00026,0.00011
8.5e-05,0.00026,0.00011
9e-05,0.00026,0.00011
9.5e-05,0.00026,0.00011
0.0001,0.00026,0.00011
0.000105,0.00026,0.00011
0.00011,0.00026,0.00011
0.000115,0.00026,0.00011
0.00012,0.00026,0.00011
0.000125,0.00026,0.00011
6.5e-05,0.000265,0.00011
7e-05,0.000265,0.00011
7.5e-05,0.000265,0.00011
8e-05,0.000265,0.00011
8.5e-05,0.000265,0.00011
9e-05,0.000265,0.00011
9.5e-05,0.000265,0.00011
0.0001,0.000265,0.00011
0.000105,0.000265,0.00011
0.00011,0.000265,0.00011
0.000115,0.000265,0.00011
0.00012,0.000265,0.00011
0.000125,0.000265,0.00011
0.00013,0.000265,0.00011
6.5e-05,0.00027,0.00011
7e-05,0.00027,0.00011
7.5e-05,0.00027,0.00011
8e-05,0.00027,0.00011
8.5e-05,0.00027,0.00011
9e-05,0.00027,0.00011
9.5e-05,0.00027,0.00011
0.0001,0.00027,0.00011
0.000105,0.00027,0.00011
0.00011,0.00027,0.00011
0.000115,0.00027,0.00011
0.00012,0.00027,0.00011
0.000125,0.00027,0.00011
0.00013,0.00027,0.00011
6.5e-05,0.000275,0.00011
7e-05,0.000275,0.00011
7.5e-05,0.000275,0.00011
8e-05,0.000275,0.00011
8.5e-05,0.000275,0.00011
9e-05,0.000275,0.00011
9.5e-05,0.000275,0.00011
0.0001,0.000275,0.00011
0.000105,0.000275,0.00011
0.00011,0.000275,0.00011
0.000115,0.000275,0.00011
0.00012,0.000275,0.00011
0.000125,0.000275,0.00011
0.00013,0.000275,0.00011
6.5e-05,0.00028,0.00011
7e-05,0.00028,0.00011
7.5e-05,0.00028,0.00011
8e-05,0.00028,0.00011
8.5e-05,0.00028,0.00011
9e-05,0.00028,0.00011
9.5e-05,0.00028,0.00011
0.0001,0.00028,0.00011
0.000105,0.00028,0.00011
0.00011,0.00028,0.00011
0.000115,0.00028,0.00011
0.00012,0.00028,0.00011
0.000125,0.00028,0.00011
0.00013,0.00028,0.00011
6.5e-05,0.000285,0.00011
7e-05,0.000285,0.00011
7.5e-05,0.000285,0.00011
8e-05,0.000285,0.00011
8.5e-05,0.000285,0.00011
9e-05,0.000285,0.00011
9.5e-05,0.000285,0.00011
0.0001,0.000285,0.00011
0.000105,0.000285,0.00011
0.00011,0.000285,0.00011
0.000115,0.000285,0.00011
0.00012,0.000285,0.00011
0.000125,0.000285,0.00011
0.00013,0.000285,0.00011
6.5e-05,0.00029,0.00011
7e-05,0.00029,0.00011
7.5e-05,0.00029,0.00011
8e-05,0.00029,0.00011
8.5e-05,0.00029,0.00011
9e-05,0.00029,0.00011
9.5e-05,0.00029,0.00011
0.0001,0.00029,0.00011
0.000105,0.00029,0.00011
0.00011,0.00029,0.00011
0.000115,0.00029,0.00011
0.00012,0.00029,0.00011
0.000125,0.00029,0.00011
0.00013,0.00029,0.00011
7e-05,0.000295,0.00011
7.5e-05,0.000295,0.00011
8e-05,0.000295,0.00011
8.5e-05,0.000295,0.00011
9e-05,0.000295,0.00011
9.5e-05,0.000295,0.00011
0.0001,0.000295,0.00011
0.000105,0.000295,0.00011
0.00011,0.000295,0.00011
0.000115,0.000295,0.00011
0.00012,0.000295,0.00011
0.000125,0.000295,0.00011
0.00013,0.000295,0.00011
6.5e-05,0.0003,0.00011
7e-05,0.0003,0.00011
7.5e-05,0.0003,0.00011
8e-05,0.0003,0.00011
8.5e-05,0.0003,0.00011
9e-05,0.0003,0.00011
9.5e-05,0.0003,0.00011
0.0001,0.0003,0.00011
0.000105,0.0003,0.00011
0.00011,0.0003,0.00011
0.000115,0.0003,0.00011
0.00012,0.0003,0.00011
0.000125,0.0003,0.00011
0.00013,0.0003,0.00011
6.5e-05,0.000305,0.00011
7e-05,0.000305,0.00011
7.5e-05,0.000305,0.00011
8e-05,0.000305,0.00011
8.5e-05,0.000305,0.00011
9e-05,0.000305,0.00011
9.5e-05,0.000305,0.00011
0.0001,0.000305,0.00011
0.000105,0.000305,0.00011
0.00011,0.000305,0.00011
0.000115,0.000305,0.00011
0.00012,0.000305,0.00011
0.000125,0.000305,0.00011
0.00013,0.000305,0.00011
0.000135,0.000305,0.00011
6.5e-05,0.00031,0.00011
7e-05,0.00031,0.00011
7.5e-05,0.00031,0.00011
8e-05,0.00031,0.00011
8.5e-05,0.00031,0.00011
9e-05,0.00031,0.00011
9.5e-05,0.00031,0.00011
0.0001,0.00031,0.00011
0.000105,0.00031,0.00011
0.00011,0.00031,0.00011
0.000115,0.00031,0.00011
0.00012,0.00031,0.00011
0.000125,0.00031,0.00011
0.00013,0.00031,0.00011
0.000135,0.00031,0.00011
6.5e-05,0.000315,0.00011
7e-05,0.000315,0.00011
7.5e-05,0.000315,0.00011
8e-05,0.000315,0.00011
8.5e-05,0.000315,0.00011
9e-05,0.000315,0.00011
9.5e-05,0.000315,0.00011
0.0001,0.000315,0.00011
0.000105,0.000315,0.00011
0.00011,0.000315,0.00011
0.000115,0.000315,0.00011
0.00012,0.000315,0.00011
0.000125,0.000315,0.00011
0.00013,0.000315,0.00011
6.5e-05,0.00032,0.00011
7e-05,0.00032,0.00011
7.5e-05,0.00032,0.00011
8e-05,0.00032,0.00011
8.5e-05,0.00032,0.00011
9e-05,0.00032,0.00011
9.5e-05,0.00032,0.00011
0.0001,0.00032,0.00011
0.000105,0.00032,0.00011
0.00011,0.00032,0.00011
0.000115,0.00032,0.00011
0.00012,0.00032,0.00011
0.000125,0.00032,0.00011
0.00013,0.00032,0.00011
6.5e-05,0.000325,0.00011
7e-05,0.000325,0.00011
7.5e-05,0.000325,0.00011
8e-05,0.000325,0.00011
8.5e-05,0.000325,0.00011
9e-05,0.000325,0.00011
9.5e-05,0.000325,0.00011
0.0001,0.000325,0.00011
0.000105,0.000325,0.00011
0.00011,0.000325,0.00011
0.000115,0.000325,0.00011
0.00012,0.000325,0.00011
0.000125,0.000325,0.00011
0.00013,0.000325,0.00011
0.000135,0.000325,0.00011
6.5e-05,0.00033,0.00011
7e-05,0.00033,0.00011
7.5e-05,0.00033,0.00011
8e-05,0.00033,0.00011
8.5e-05,0.00033,0.00011
9e-05,0.00033,0.00011
9.5e-05,0.00033,0.00011
0.0001,0.00033,0.00011
0.000105,0.00033,0.00011
0.00011,0.00033,0.00011
0.000115,0.00033,0.00011
0.00012,0.00033,0.00011
0.000125,0.00033,0.00011
0.00013,0.00033,0.00011
0.000135,0.00033,0.00011
6.5e-05,0.000335,0.00011
7e-05,0.000335,0.00011
7.5e-05,0.000335,0.00011
8e-05,0.000335,0.00011
8.5e-05,0.000335,0.00011
9e-05,0.000335,0.00011
9.5e-05,0.000335,0.00011
0.0001,0.000335,0.00011
0.000105,0.000335,0.00011
0.00011,0.000335,0.00011
0.000115,0.000335,0.00011
0.00012,0.000335,0.00011
0.000125,0.000335,0.00011
0.00013,0.000335,0.00011
0.000135,0.000335,0.00011
6.5e-05,0.00034,0.00011
7e-05,0.00034,0.00011
7.5e-05,0.00034,0.00011
8e-05,0.00034,0.00011
8.5e-05,0.00034,0.00011
9e-05,0.00034,0.00011
9.5e-05,0.00034,0.00011
0.0001,0.00034,0.00011
0.000105,0.00034,0.00011
0.00011,0.00034,0.00011
0.000115,0.00034,0.00011
0.00012,0.00034,0.00011
0.000125,0.00034,0.00011
0.00013,0.00034,0.00011
0.000135,0.00034,0.00011
6.5e-05,0.000345,0.00011
7e-05,0.000345,0.00011
7.5e-05,0.000345,0.00011
8e-05,0.000345,0.00011
8.5e-05,0.000345,0.00011
9e-05,0.000345,0.00011
9.5e-05,0.000345,0.00011
0.0001,0.000345,0.00011
0.000105,0.000345,0.00011
0.00011,0.000345,0.00011
0.000115,0.000345,0.00011
0.00012,0.000345,0.00011
0.000125,0.000345,0.00011
0.00013,0.000345,0.00011
0.000135,0.000345,0.00011
6.5e-05,0.00035,0.00011
7e-05,0.00035,0.00011
7.5e-05,0.00035,0.00011
8e-05,0.00035,0.00011
8.5e-05,0.00035,0.00011
9e-05,0.00035,0.00011
9.5e-05,0.00035,0.00011
0.0001,0.00035,0.00011
0.000105,0.00035,0.00011
0.00011,0.00035,0.00011
0.000115,0.00035,0.00011
0.00012,0.00035,0.00011
0.000125,0.00035,0.00011
0.00013,0.00035,0.00011
0.000135,0.00035,0.00011
6.5e-05,0.000355,0.00011
7e-05,0.000355,0.00011
7.5e-05,0.000355,0.00011
8e-05,0.000355,0.00011
8.5e-05,0.000355,0.00011
9e-05,0.000355,0.00011
9.5e-05,0.000355,0.00011
0.0001,0.000355,0.00011
0.000105,0.000355,0.00011
0.00011,0.000355,0.00011
0.000115,0.000355,0.00011
0.00012,0.000355,0.00011
0.000125,0.000355,0.00011
0.00013,0.000355,0.00011
0.000135,0.000355,0.00011
6.5e-05,0.00036,0.00011
7e-05,0.00036,0.00011
7.5e-05,0.00036,0.00011
8e-05,0.00036,0.00011
8.5e-05,0.00036,0.00011
9e-05,0.00036,0.00011
9.5e-05,0.00036,0.00011
0.0001,0.00036,0.00011
0.000105,0.00036,0.00011
0.00011,0.00036,0.00011
0.000115,0.00036,0.00011
0.00012,0.00036,0.00011
0.000125,0.00036,0.00011
0.00013,0.00036,0.00011
6.5e-05,0.000365,0.00011
7e-05,0.000365,0.00011
7.5e-05,0.000365,0.00011
8e-05,0.000365,0.00011
8.5e-05,0.000365,0.00011
9e-05,0.000365,0.00011
9.5e-05,0.000365,0.00011
0.0001,0.000365,0.00011
0.000105,0.000365,0.00011
0.00011,0.000365,0.00011
0.000115,0.000365,0.00011
0.00012,0.000365,0.00011
0.000125,0.000365,0.00011
0.00013,0.000365,0.00011
6.5e-05,0.00037,0.00011
7e-05,0.00037,0.00011
7.5e-05,0.00037,0.00011
8e-05,0.00037,0.00011
8.5e-05,0.00037,0.00011
9e-05,0.00037,0.00011
9.5e-05,0.00037,0.00011
0.0001,0.00037,0.00011
0.000105,0.00037,0.00011
0.00011,0.00037,0.00011
0.000115,0.00037,0.00011
0.00012,0.00037,0.00011
0.000125,0.00037,0.00011
0.00013,0.00037,0.00011
7e-05,0.000375,0.00011
7.5e-05,0.000375,0.00011
8e-05,0.000375,0.00011
8.5e-05,0.000375,0.00011
9e-05,0.000375,0.00011
9.5e-05,0.000375,0.00011
0.0001,0.000375,0.00011
0.000105,0.000375,0.00011
0.00011,0.000375,0.00011
0.000115,0.000375,0.00011
0.00012,0.000375,0.00011
0.000125,0.000375,0.00011
0.00013,0.000375,0.00011
0.000135,0.000375,0.00011
7e-05,0.00038,0.00011
7.5e-05,0.00038,0.00011
8e-05,0.00038,0.00011
8.5e-05,0.00038,0.00011
9e-05,0.00038,0.00011
9.5e-05,0.00038,0.00011
0.0001,0.00038,0.00011
0.000105,0.00038,0.00011
0.00011,0.00038,0.00011
0.000115,0.00038,0.00011
0.00012,0.00038,0.00011
0.000125,0.00038,0.00011
0.00013,0.00038,0.00011
0.000135,0.00038,0.00011
7e-05,0.000385,0.00011
7.5e-05,0.000385,0.00011
8e-05,0.000385,0.00011
8.5e-05,0.000385,0.00011
9e-05,0.000385,0.00011
9.5e-05,0.000385,0.00011
0.0001,0.000385,0.00011
0.000105,0.000385,0.00011
0.00011,0.000385,0.00011
0.000115,0.000385,0.00011
0.00012,0.000385,0.00011
0.000125,0.000385,0.00011
0.00013,0.000385,0.00011
0.000135,0.000385,0.00011
7e-05,0.00039,0.00011
7.5e-05,0.00039,0.00011
8e-05,0.00039,0.00011
8.5e-05,0.00039,0.00011
9e-05,0.00039,0.00011
9.5e-05,0.00039,0.00011
0.0001,0.00039,0.00011
0.000105,0.00039,0.00011
0.00011,0.00039,0.00011
0.000115,0.00039,0.00011
0.00012,0.00039,0.00011
0.000125,0.00039,0.00011
0.00013,0.00039,0.00011
0.000135,0.00039,0.00011
6.5e-05,0.000395,0.00011
7e-05,0.000395,0.00011
7.5e-05,0.000395,0.00011
8e-05,0.000395,0.00011
8.5e-05,0.000395,0.00011
9e-05,0.000395,0.00011
9.5e-05,0.000395,0.00011
0.0001,0.000395,0.00011
0.000105,0.000395,0.00011
0.00011,0.000395,0.00011
0.000115,0.000395,0.00011
0.00012,0.000395,0.00011
0.000125,0.000395,0.00011
0.00013,0.000395,0.00011
0.000135,0.000395,0.00011
6.5e-05,0.0004,0.00011
7e-05,0.0004,0.00011
7.5e-05,0.0004,0.00011
8e-05,0.0004,0.00011
8.5e-05,0.0004,0.00011
9e-05,0.0004,0.00011
9.5e-05,0.0004,0.00011
0.0001,0.0004,0.00011
0.000105,0.0004,0.00011
0.00011,0.0004,0.00011
0.000115,0.0004,0.00011
0.00012,0.0004,0.00011
0.000125,0.0004,0.00011
0.00013,0.0004,0.00011
0.000135,0.0004,0.00011
0.00014,0.0004,0.00011
6.5e-05,0.000405,0.00011
7e-05,0.000405,0.00011
7.5e-05,0.000405,0.00011
8e-05,0.000405,0.00011
8.5e-05,0.000405,0.00011
9e-05,0.000405,0.00011
9.5e-05,0.000405,0.00011
0.0001,0.000405,0.00011
0.000105,0.000405,0.00011
0.00011,0.000405,0.00011
0.000115,0.000405,0.00011
0.00012,0.000405,0.00011
0.000125,0.000405,0.00011
0.00013,0.000405,0.00011
0.000135,0.000405,0.00011
0.00014,0.000405,0.00011
7e-05,0.00041,0.00011
7.5e-05,0.00041,0.00011
8e-05,0.00041,0.00011
8.5e-05,0.00041,0.00011
9e-05,0.00041,0.00011
9.5e-05,0.00041,0.00011
0.0001,0.00041,0.00011
0.000105,0.00041,0.00011
0.00011,0.00041,0.00011
0.000115,0.00041,0.00011
0.00012,0.00041,0.00011
0.000125,0.00041,0.00011
0.00013,0.00041,0.00011
0.000135,0.00041,0.00011
7e-05,0.000415,0.00011
7.5e-05,0.000415,0.00011
8e-05,0.000415,0.00011
8.5e-05,0.000415,0.00011
9e-05,0.000415,0.00011
9.5e-05,0.000415,0.00011
0.0001,0.000415,0.00011
0.000105,0.000415,0.00011
0.00011,0.000415,0.00011
0.000115,0.000415,0.00011
0.00012,0.000415,0.00011
0.000125,0.000415,0.00011
0.00013,0.000415,0.00011
0.000135,0.000415,0.00011
7e-05,0.00042,0.00011
7.5e-05,0.00042,0.00011
8e-05,0.00042,0.00011
8.5e-05,0.00042,0.00011
9e-05,0.00042,0.00011
9.5e-05,0.00042,0.00011
0.0001,0.00042,0.00011
0.000105,0.00042,0.00011
0.00011,0.00042,0.00011
0.000115,0.00042,0.00011
0.00012,0.00042,0.00011
0.000125,0.00042,0.00011
0.00013,0.00042,0.00011
0.000135,0.00042,0.00011
7e-05,0.000425,0.00011
7.5e-05,0.000425,0.00011
8e-05,0.000425,0.00011
8.5e-05,0.000425,0.00011
9e-05,0.000425,0.00011
9.5e-05,0.000425,0.00011
0.0001,0.000425,0.00011
0.000105,0.000425,0.00011
0.00011,0.000425,0.00011
0.000115,0.000425,0.00011
0.00012,0.000425,0.00011
0.000125,0.000425,0.00011
0.00013,0.000425,0.00011
0.000135,0.000425,0.00011
7e-05,0.00043,0.00011
7.5e-05,0.00043,0.00011
8e-05,0.00043,0.00011
8.5e-05,0.00043,0.00011
9e-05,0.00043,0.00011
9.5e-05,0.00043,0.00011
0.0001,0.00043,0.00011
0.000105,0.00043,0.00011
0.00011,0.00043,0.00011
0.000115,0.00043,0.00011
0.00012,0.00043,0.00011
0.000125,0.00043,0.00011
0.00013,0.00043,0.00011
7e-05,0.000435,0.00011
7.5e-05,0.000435,0.00011
8e-05,0.000435,0.00011
8.5e-05,0.000435,0.00011
9e-05,0.000435,0.00011
9.5e-05,0.000435,0.00011
0.0001,0.000435,0.00011
0.000105,0.000435,0.00011
0.00011,0.000435,0.00011
0.000115,0.000435,0.00011
0.00012,0.000435,0.00011
0.000125,0.000435,0.00011
0.00013,0.000435,0.00011
7e-05,0.00044,0.00011
7.5e-05,0.00044,0.00011
8e-05,0.00044,0.00011
8.5e-05,0.00044,0.00011
9e-05,0.00044,0.00011
9.5e-05,0.00044,0.00011
0.0001,0.00044,0.00011
0.000105,0.00044,0.00011
0.00011,0.00044,0.00011
0.000115,0.00044,0.00011
0.00012,0.00044,0.00011
0.000125,0.00044,0.00011
0.00013,0.00044,0.00011
0.000135,0.00044,0.00011
7e-05,0.000445,0.00011
7.5e-05,0.000445,0.00011
8e-05,0.000445,0.00011
8.5e-05,0.000445,0.00011
9e-05,0.000445,0.00011
9.5e-05,0.000445,0.00011
0.0001,0.000445,0.00011
0.000105,0.000445,0.00011
0.00011,0.000445,0.00011
0.000115,0.000445,0.00011
0.00012,0.000445,0.00011
0.000125,0.000445,0.00011
0.00013,0.000445,0.00011
0.000135,0.000445,0.00011
7e-05,0.00045,0.00011
7.5e-05,0.00045,0.00011
8e-05,0.00045,0.00011
8.5e-05,0.00045,0.00011
9e-05,0.00045,0.00011
9.5e-05,0.00045,0.00011
0.0001,0.00045,0.00011
0.000105,0.00045,0.00011
0.00011,0.00045,0.00011
0.000115,0.00045,0.00011
0.00012,0.00045,0.00011
0.000125,0.00045,0.00011
0.00013,0.00045,0.00011
0.000135,0.00045,0.00011
7e-05,0.000455,0.00011
7.5e-05,0.000455,0.00011
8e-05,0.000455,0.00011
8.5e-05,0.000455,0.00011
9e-05,0.000455,0.00011
9.5e-05,0.000455,0.00011
0.0001,0.000455,0.00011
0.000105,0.000455,0.00011
0.00011,0.000455,0.00011
0.000115,0.000455,0.00011
0.00012,0.000455,0.00011
0.000125,0.000455,0.00011
0.00013,0.000455,0.00011
0.000135,0.000455,0.00011
7e-05,0.00046,0.00011
7.5e-05,0.00046,0.00011
8e-05,0.00046,0.00011
8.5e-05,0.00046,0.00011
9e-05,0.00046,0.00011
9.5e-05,0.00046,0.00011
0.0001,0.00046,0.00011
0.000105,0.00046,0.00011
0.00011,0.00046,0.00011
0.000115,0.00046,0.00011
0.00012,0.00046,0.00011
0.000125,0.00046,0.00011
0.00013,0.00046,0.00011
0.000135,0.00046,0.00011
6.5e-05,0.000465,0.00011
7e-05,0.000465,0.00011
7.5e-05,0.000465,0.00011
8e-05,0.000465,0.00011
8.5e-05,0.000465,0.00011
9e-05,0.000465,0.00011
9.5e-05,0.000465,0.00011
0.0001,0.000465,0.00011
0.000105,0.000465,0.00011
0.00011,0.000465,0.00011
0.000115,0.000465,0.00011
0.00012,0.000465,0.00011
0.000125,0.000465,0.00011
0.00013,0.000465,0.00011
0.000135,0.000465,0.00011
6.5e-05,0.00047,0.00011
7e-05,0.00047,0.00011
7.5e-05,0.00047,0.00011
8e-05,0.00047,0.00011
8.5e-05,0.00047,0.00011
9e-05,0.00047,0.00011
9.5e-05,0.00047,0.00011
0.0001,0.00047,0.00011
0.000105,0.00047,0.00011
0.00011,0.00047,0.00011
0.000115,0.00047,0.00011
0.00012,0.00047,0.00011
0.000125,0.00047,0.00011
0.00013,0.00047,0.00011
6.5e-05,0.000475,0.00011
7e-05,0.000475,0.00011
7.5e-05,0.000475,0.00011
8e-05,0.000475,0.00011
8.5e-05,0.000475,0.00011
9e-05,0.000475,0.00011
9.5e-05,0.000475,0.00011
0.0001,0.000475,0.00011
0.000105,0.000475,0.00011
0.00011,0.000475,0.00011
0.000115,0.000475,0.00011
0.00012,0.000475,0.00011
0.000125,0.000475,0.00011
0.00013,0.000475,0.00011
0.000135,0.000475,0.00011
7e-05,0.00048,0.00011
7.5e-05,0.00048,0.00011
8e-05,0.00048,0.00011
8.5e-05,0.00048,0.00011
9e-05,0.00048,0.00011
9.5e-05,0.00048,0.00011
0.0001,0.00048,0.00011
0.000105,0.00048,0.00011
0.00011,0.00048,0.00011
0.000115,0.00048,0.00011
0.00012,0.00048,0.00011
0.000125,0.00048,0.00011
0.00013,0.00048,0.00011
0.000135,0.00048,0.00011
7e-05,0.000485,0.00011
7.5e-05,0.000485,0.00011
8e-05,0.000485,0.00011
8.5e-05,0.000485,0.00011
9e-05,0.000485,0.00011
9.5e-05,0.000485,0.00011
0.0001,0.000485,0.00011
0.000105,0.000485,0.00011
0.00011,0.000485,0.00011
0.000115,0.000485,0.00011
0.00012,0.000485,0.00011
0.000125,0.000485,0.00011
0.00013,0.000485,0.00011
7e-05,0.00049,0.00011
7.5e-05,0.00049,0.00011
8e-05,0.00049,0.00011
8.5e-05,0.00049,0.00011
9e-05,0.00049,0.00011
9.5e-05,0.00049,0.00011
0.0001,0.00049,0.00011
0.000105,0.00049,0.00011
0.00011,0.00049,0.00011
0.000115,0.00049,0.00011
0.00012,0.00049,0.00011
0.000125,0.00049,0.00011
0.00013,0.00049,0.00011
7e-05,0.000495,0.00011
7.5e-05,0.000495,0.00011
8e-05,0.000495,0.00011
8.5e-05,0.000495,0.00011
9e-05,0.000495,0.00011
9.5e-05,0.000495,0.00011
0.0001,0.000495,0.00011
0.000105,0.000495,0.00011
0.00011,0.000495,0.00011
0.000115,0.000495,0.00011
0.00012,0.000495,0.00011
0.000125,0.000495,0.00011
0.00013,0.000495,0.00011
0.000135,0.000495,0.00011
7e-05,0.0005,0.00011
7.5e-05,0.0005,0.00011
8e-05,0.0005,0.00011
8.5e-05,0.0005,0.00011
9e-05,0.0005,0.00011
9.5e-05,0.0005,0.00011
0.0001,0.0005,0.00011
0.000105,0.0005,0.00011
0.00011,0.0005,0.00011
0.000115,0.0005,0.00011
0.00012,0.0005,0.00011
0.000125,0.0005,0.00011
0.00013,0.0005,0.00011
0.000135,0.0005,0.00011
7e-05,0.000505,0.00011
7.5e-05,0.000505,0.00011
8e-05,0.000505,0.00011
8.5e-05,0.000505,0.00011
9e-05,0.000505,0.00011
9.5e-05,0.000505,0.00011
0.0001,0.000505,0.00011
0.000105,0.000505,0.00011
0.00011,0.000505,0.00011
0.000115,0.000505,0.00011
0.00012,0.000505,0.00011
0.000125,0.000505,0.00011
0.00013,0.000505,0.00011
0.000135,0.000505,0.00011
7e-05,0.00051,0.00011
7.5e-05,0.00051,0.00011
8e-05,0.00051,0.00011
8.5e-05,0.00051,0.00011
9e-05,0.00051,0.00011
9.5e-05,0.00051,0.00011
0.0001,0.00051,0.00011
0.000105,0.00051,0.00011
0.00011,0.00051,0.00011
0.000115,0.00051,0.00011
0.00012,0.00051,0.00011
0.000125,0.00051,0.00011
0.00013,0.00051,0.00011
0.000135,0.00051,0.00011
7e-05,0.000515,0.00011
7.5e-05,0.000515,0.00011
8e-05,0.000515,0.00011
8.5e-05,0.000515,0.00011
9e-05,0.000515,0.00011
9.5e-05,0.000515,0.00011
0.0001,0.000515,0.00011
0.000105,0.000515,0.00011
0.00011,0.000515,0.00011
0.000115,0.000515,0.00011
0.00012,0.000515,0.00011
0.000125,0.000515,0.00011
0.00013,0.000515,0.00011
0.000135,0.000515,0.00011
7e-05,0.00052,0.00011
7.5e-05,0.00052,0.00011
8e-05,0.00052,0.00011
8.5e-05,0.00052,0.00011
9e-05,0.00052,0.00011
9.5e-05,0.00052,0.00011
0.0001,0.00052,0.00011
0.000105,0.00052,0.00011
0.00011,0.00052,0.00011
0.000115,0.00052,0.00011
0.00012,0.00052,0.00011
0.000125,0.00052,0.00011
0.00013,0.00052,0.00011
0.000135,0.00052,0.00011
7e-05,0.000525,0.00011
7.5e-05,0.000525,0.00011
8e-05,0.000525,0.00011
8.5e-05,0.000525,0.00011
9e-05,0.000525,0.00011
9.5e-05,0.000525,0.00011
0.0001,0.000525,0.00011
0.000105,0.000525,0.00011
0.00011,0.000525,0.00011
0.000115,0.000525,0.00011
0.00012,0.000525,0.00011
0.000125,0.000525,0.00011
0.00013,0.000525,0.00011
0.000135,0.000525,0.00011
6.5e-05,0.00053,0.00011
7e-05,0.00053,0.00011
7.5e-05,0.00053,0.00011
8e-05,0.00053,0.00011
8.5e-05,0.00053,0.00011
9e-05,0.00053,0.00011
9.5e-05,0.00053,0.00011
0.0001,0.00053,0.00011
0.000105,0.00053,0.00011
0.00011,0.00053,0.00011
0.000115,0.00053,0.00011
0.00012,0.00053,0.00011
0.000125,0.00053,0.00011
0.00013,0.00053,0.00011
0.000135,0.00053,0.00011
6.5e-05,0.000535,0.00011
7e-05,0.000535,0.00011
7.5e-05,0.000535,0.00011
8e-05,0.000535,0.00011
8.5e-05,0.000535,0.00011
9e-05,0.000535,0.00011
9.5e-05,0.000535,0.00011
0.0001,0.000535,0.00011
0.000105,0.000535,0.00011
0.00011,0.000535,0.00011
0.000115,0.000535,0.00011
0.00012,0.000535,0.00011
0.000125,0.000535,0.00011
0.00013,0.000535,0.00011
0.000135,0.000535,0.00011
6.5e-05,0.00054,0.00011
7e-05,0.00054,0.00011
7.5e-05,0.00054,0.00011
8e-05,0.00054,0.00011
8.5e-05,0.00054,0.00011
9e-05,0.00054,0.00011
9.5e-05,0.00054,0.00011
0.0001,0.00054,0.00011
0.000105,0.00054,0.00011
0.00011,0.00054,0.00011
0.000115,0.00054,0.00011
0.00012,0.00054,0.00011
0.000125,0.00054,0.00011
0.00013,0.00054,0.00011
0.000135,0.00054,0.00011
7e-05,0.000545,0.00011
7.5e-05,0.000545,0.00011
8e-05,0.000545,0.00011
8.5e-05,0.000545,0.00011
9e-05,0.000545,0.00011
9.5e-05,0.000545,0.00011
0.0001,0.000545,0.00011
0.000105,0.000545,0.00011
0.00011,0.000545,0.00011
0.000115,0.000545,0.00011
0.00012,0.000545,0.00011
0.000125,0.000545,0.00011
0.00013,0.000545,0.00011
0.000135,0.000545,0.00011
7e-05,0.00055,0.00011
7.5e-05,0.00055,0.00011
8e-05,0.00055,0.00011
8.5e-05,0.00055,0.00011
9e-05,0.00055,0.00011
9.5e-05,0.00055,0.00011
0.0001,0.00055,0.00011
0.000105,0.00055,0.00011
0.00011,0.00055,0.00011
0.000115,0.00055,0.00011
0.00012,0.00055,0.00011
0.000125,0.00055,0.00011
0.00013,0.00055,0.00011
0.000135,0.00055,0.00011
7e-05,0.000555,0.00011
7.5e-05,0.000555,0.00011
8e-05,0.000555,0.00011
8.5e-05,0.000555,0.00011
9e-05,0.000555,0.00011
9.5e-05,0.000555,0.00011
0.0001,0.000555,0.00011
0.000105,0.000555,0.00011
0.00011,0.000555,0.00011
0.000115,0.000555,0.00011
0.00012,0.000555,0.00011
0.000125,0.000555,0.00011
0.00013,0.000555,0.00011
0.000135,0.000555,0.00011
7e-05,0.00056,0.00011
7.5e-05,0.00056,0.00011
8e-05,0.00056,0.00011
8.5e-05,0.00056,0.00011
9e-05,0.00056,0.00011
9.5e-05,0.00056,0.00011
0.0001,0.00056,0.00011
0.000105,0.00056,0.00011
0.00011,0.00056,0.00011
0.000115,0.00056,0.00011
0.00012,0.00056,0.00011
0.000125,0.00056,0.00011
0.00013,0.00056,0.00011
0.000135,0.00056,0.00011
7e-05,0.000565,0.00011
7.5e-05,0.000565,0.00011
8e-05,0.000565,0.00011
8.5e-05,0.000565,0.00011
9e-05,0.000565,0.00011
9.5e-05,0.000565,0.00011
0.0001,0.000565,0.00011
0.000105,0.000565,0.00011
0.00011,0.000565,0.00011
0.000115,0.000565,0.00011
0.00012,0.000565,0.00011
0.000125,0.000565,0.00011
0.00013,0.000565,0.00011
0.000135,0.000565,0.00011
7e-05,0.00057,0.00011
7.5e-05,0.00057,0.00011
8e-05,0.00057,0.00011
8.5e-05,0.00057,0.00011
9e-05,0.00057,0.00011
9.5e-05,0.00057,0.00011
0.0001,0.00057,0.00011
0.000105,0.00057,0.00011
0.00011,0.00057,0.00011
0.000115,0.00057,0.00011
0.00012,0.00057,0.00011
0.000125,0.00057,0.00011
0.00013,0.00057,0.00011
0.000135,0.00057,0.00011
7e-05,0.000575,0.00011
7.5e-05,0.000575,0.00011
8e-05,0.000575,0.00011
8.5e-05,0.000575,0.00011
9e-05,0.000575,0.00011
9.5e-05,0.000575,0.00011
0.0001,0.000575,0.00011
0.000105,0.000575,0.00011
0.00011,0.000575,0.00011
0.000115,0.000575,0.00011
0.00012,0.000575,0.00011
0.000125,0.000575,0.00011
0.00013,0.000575,0.00011
7e-05,0.00058,0.00011
7.5e-05,0.00058,0.00011
8e-05,0.00058,0.00011
8.5e-05,0.00058,0.00011
9e-05,0.00058,0.00011
9.5e-05,0.00058,0.00011
0.0001,0.00058,0.00011
0.000105,0.00058,0.00011
0.00011,0.00058,0.00011
0.000115,0.00058,0.00011
0.00012,0.00058,0.00011
0.000125,0.00058,0.00011
0.00013,0.00058,0.00011
7e-05,0.000585,0.00011
7.5e-05,0.000585,0.00011
8e-05,0.000585,0.00011
8.5e-05,0.000585,0.00011
9e-05,0.000585,0.00011
9.5e-05,0.000585,0.00011
0.0001,0.000585,0.00011
0.000105,0.000585,0.00011
0.00011,0.000585,0.00011
0.000115,0.000585,0.00011
0.00012,0.000585,0.00011
0.000125,0.000585,0.00011
0.00013,0.000585,0.00011
7e-05,0.00059,0.00011
7.5e-05,0.00059,0.00011
8e-05,0.00059,0.00011
8.5e-05,0.00059,0.00011
9e-05,0.00059,0.00011
9.5e-05,0.00059,0.00011
0.0001,0.00059,0.00011
0.000105,0.00059,0.00011
0.00011,0.00059,0.00011
0.000115,0.00059,0.00011
0.00012,0.00059,0.00011
0.000125,0.00059,0.00011
0.00013,0.00059,0.00011
7e-05,0.000595,0.00011
7.5e-05,0.000595,0.00011
8e-05,0.000595,0.00011
8.5e-05,0.000595,0.00011
9e-05,0.000595,0.00011
9.5e-05,0.000595,0.00011
0.0001,0.000595,0.00011
0.000105,0.000595,0.00011
0.00011,0.000595,0.00011
0.000115,0.000595,0.00011
0.00012,0.000595,0.00011
0.000125,0.000595,0.00011
0.00013,0.000595,0.00011
7e-05,0.0006,0.00011
7.5e-05,0.0006,0.00011
8e-05,0.0006,0.00011
8.5e-05,0.0006,0.00011
9e-05,0.0006,0.00011
9.5e-05,0.0006,0.00011
0.0001,0.0006,0.00011
0.000105,0.0006,0.00011
0.00011,0.0006,0.00011
0.000115,0.0006,0.00011
0.00012,0.0006,0.00011
0.000125,0.0006,0.00011
0.00013,0.0006,0.00011
7e-05,0.000605,0.00011
7.5e-05,0.000605,0.00011
8e-05,0.000605,0.00011
8.5e-05,0.000605,0.00011
9e-05,0.000605,0.00011
9.5e-05,0.000605,0.00011
0.0001,0.000605,0.00011
0.000105,0.000605,0.00011
0.00011,0.000605,0.00011
0.000115,0.000605,0.00011
0.00012,0.000605,0.00011
0.000125,0.000605,0.00011
0.00013,0.000605,0.00011
7e-05,0.00061,0.00011
7.5e-05,0.00061,0.00011
8e-05,0.00061,0.00011
8.5e-05,0.00061,0.00011
9e-05,0.00061,0.00011
9.5e-05,0.00061,0.00011
0.0001,0.00061,0.00011
0.000105,0.00061,0.00011
0.00011,0.00061,0.00011
0.000115,0.00061,0.00011
0.00012,0.00061,0.00011
0.000125,0.00061,0.00011
0.00013,0.00061,0.00011
7e-05,0.000615,0.00011
7.5e-05,0.000615,0.00011
8e-05,0.000615,0.00011
8.5e-05,0.000615,0.00011
9e-05,0.000615,0.00011
9.5e-05,0.000615,0.00011
0.0001,0.000615,0.00011
0.000105,0.000615,0.00011
0.00011,0.000615,0.00011
0.000115,0.000615,0.00011
0.00012,0.000615,0.00011
0.000125,0.000615,0.00011
0.00013,0.000615,0.00011
7e-05,0.00062,0.00011
7.5e-05,0.00062,0.00011
8e-05,0.00062,0.00011
8.5e-05,0.00062,0.00011
9e-05,0.00062,0.00011
9.5e-05,0.00062,0.00011
0.0001,0.00062,0.00011
0.000105,0.00062,0.00011
0.00011,0.00062,0.00011
0.000115,0.00062,0.00011
0.00012,0.00062,0.00011
0.000125,0.00062,0.00011
0.00013,0.00062,0.00011
6.5e-05,0.000625,0.00011
7e-05,0.000625,0.00011
7.5e-05,0.000625,0.00011
8e-05,0.000625,0.00011
8.5e-05,0.000625,0.00011
9e-05,0.000625,0.00011
9.5e-05,0.000625,0.00011
0.0001,0.000625,0.00011
0.000105,0.000625,0.00011
0.00011,0.000625,0.00011
0.000115,0.000625,0.00011
0.00012,0.000625,0.00011
0.000125,0.000625,0.00011
0.00013,0.000625,0.00011
6.5e-05,0.00063,0.00011
7e-05,0.00063,0.00011
7.5e-05,0.00063,0.00011
8e-05,0.00063,0.00011
8.5e-05,0.00063,0.00011
9e-05,0.00063,0.00011
9.5e-05,0.00063,0.00011
0.0001,0.00063,0.00011
0.000105,0.00063,0.00011
0.00011,0.00063,0.00011
0.000115,0.00063,0.00011
0.00012,0.00063,0.00011
0.000125,0.00063,0.00011
0.00013,0.00063,0.00011
6.5e-05,0.000635,0.00011
7e-05,0.000635,0.00011
7.5e-05,0.000635,0.00011
8e-05,0.000635,0.00011
8.5e-05,0.000635,0.00011
9e-05,0.000635,0.00011
9.5e-05,0.000635,0.00011
0.0001,0.000635,0.00011
0.000105,0.000635,0.00011
0.00011,0.000635,0.00011
0.000115,0.000635,0.00011
0.00012,0.000635,0.00011
0.000125,0.000635,0.00011
0.00013,0.000635,0.00011
6.5e-05,0.00064,0.00011
7e-05,0.00064,0.00011
7.5e-05,0.00064,0.00011
8e-05,0.00064,0.00011
8.5e-05,0.00064,0.00011
9e-05,0.00064,0.00011
9.5e-05,0.00064,0.00011
0.0001,0.00064,0.00011
0.000105,0.00064,0.00011
0.00011,0.00064,0.00011
0.000115,0.00064,0.00011
0.00012,0.00064,0.00011
0.000125,0.00064,0.00011
0.00013,0.00064,0.00011
7e-05,0.000645,0.00011
7.5e-05,0.000645,0.00011
8e-05,0.000645,0.00011
8.5e-05,0.000645,0.00011
9e-05,0.000645,0.00011
9.5e-05,0.000645,0.00011
0.0001,0.000645,0.00011
0.000105,0.000645,0.00011
0.00011,0.000645,0.00011
0.000115,0.000645,0.00011
0.00012,0.000645,0.00011
0.000125,0.000645,0.00011
0.00013,0.000645,0.00011
7e-05,0.00065,0.00011
7.5e-05,0.00065,0.00011
8e-05,0.00065,0.00011
8.5e-05,0.00065,0.00011
9e-05,0.00065,0.00011
9.5e-05,0.00065,0.00011
0.0001,0.00065,0.00011
0.000105,0.00065,0.00011
0.00011,0.00065,0.00011
0.000115,0.00065,0.00011
0.00012,0.00065,0.00011
0.000125,0.00065,0.00011
0.00013,0.00065,0.00011
7e-05,0.000655,0.00011
7.5e-05,0.000655,0.00011
8e-05,0.000655,0.00011
8.5e-05,0.000655,0.00011
9e-05,0.000655,0.00011
9.5e-05,0.000655,0.00011
0.0001,0.000655,0.00011
0.000105,0.000655,0.00011
0.00011,0.000655,0.00011
0.000115,0.000655,0.00011
0.00012,0.000655,0.00011
0.000125,0.000655,0.00011
0.00013,0.000655,0.00011
7e-05,0.00066,0.00011
7.5e-05,0.00066,0.00011
8e-05,0.00066,0.00011
8.5e-05,0.00066,0.00011
9e-05,0.00066,0.00011
9.5e-05,0.00066,0.00011
0.0001,0.00066,0.00011
0.000105,0.00066,0.00011
0.00011,0.00066,0.00011
0.000115,0.00066,0.00011
0.00012,0.00066,0.00011
0.000125,0.00066,0.00011
0.00013,0.00066,0.00011
7e-05,0.000665,0.00011
7.5e-05,0.000665,0.00011
8e-05,0.000665,0.00011
8.5e-05,0.000665,0.00011
9e-05,0.000665,0.00011
9.5e-05,0.000665,0.00011
0.0001,0.000665,0.00011
0.000105,0.000665,0.00011
0.00011,0.000665,0.00011
0.000115,0.000665,0.00011
0.00012,0.000665,0.00011
0.000125,0.000665,0.00011
0.00013,0.000665,0.00011
7e-05,0.00067,0.00011
7.5e-05,0.00067,0.00011
8e-05,0.00067,0.00011
8.5e-05,0.00067,0.00011
9e-05,0.00067,0.00011
9.5e-05,0.00067,0.00011
0.0001,0.00067,0.00011
0.000105,0.00067,0.00011
0.00011,0.00067,0.00011
0.000115,0.00067,0.00011
0.00012,0.00067,0.00011
0.000125,0.00067,0.00011
0.00013,0.00067,0.00011
7e-05,0.000675,0.00011
7.5e-05,0.000675,0.00011
8e-05,0.000675,0.00011
8.5e-05,0.000675,0.00011
9e-05,0.000675,0.00011
9.5e-05,0.000675,0.00011
0.0001,0.000675,0.00011
0.000105,0.000675,0.00011
0.00011,0.000675,0.00011
0.000115,0.000675,0.00011
0.00012,0.000675,0.00011
0.000125,0.000675,0.00011
0.00013,0.000675,0.00011
7e-05,0.00068,0.00011
7.5e-05,0.00068,0.00011
8e-05,0.00068,0.00011
8.5e-05,0.00068,0.00011
9e-05,0.00068,0.00011
9.5e-05,0.00068,0.00011
0.0001,0.00068,0.00011
0.000105,0.00068,0.00011
0.00011,0.00068,0.00011
0.000115,0.00068,0.00011
0.00012,0.00068,0.00011
0.000125,0.00068,0.00011
0.00013,0.00068,0.00011
7e-05,0.000685,0.00011
7.5e-05,0.000685,0.00011
8e-05,0.000685,0.00011
8.5e-05,0.000685,0.00011
9e-05,0.000685,0.00011
9.5e-05,0.000685,0.00011
0.0001,0.000685,0.00011
0.000105,0.000685,0.00011
0.00011,0.000685,0.00011
0.000115,0.000685,0.00011
0.00012,0.000685,0.00011
0.000125,0.000685,0.00011
0.00013,0.000685,0.00011
7e-05,0.00069,0.00011
7.5e-05,0.00069,0.00011
8e-05,0.00069,0.00011
8.5e-05,0.00069,0.00011
9e-05,0.00069,0.00011
9.5e-05,0.00069,0.00011
0.0001,0.00069,0.00011
0.000105,0.00069,0.00011
0.00011,0.00069,0.00011
0.000115,0.00069,0.00011
0.00012,0.00069,0.00011
0.000125,0.00069,0.00011
7.5e-05,0.000695,0.00011
8e-05,0.000695,0.00011
8.5e-05,0.000695,0.00011
9e-05,0.000695,0.00011
9.5e-05,0.000695,0.00011
0.0001,0.000695,0.00011
0.000105,0.000695,0.00011
0.00011,0.000695,0.00011
0.000115,0.000695,0.00011
0.00012,0.000695,0.00011
0.000125,0.000695,0.00011
7.5e-05,0.0007,0.00011
8e-05,0.0007,0.00011
8.5e-05,0.0007,0.00011
9e-05,0.0007,0.00011
9.5e-05,0.0007,0.00011
0.0001,0.0007,0.00011
0.000105,0.0007,0.00011
0.00011,0.0007,0.00011
0.000115,0.0007,0.00011
0.00012,0.0007,0.00011
0.000125,0.0007,0.00011
8e-05,0.000705,0.00011
8.5e-05,0.000705,0.00011
9e-05,0.000705,0.00011
9.5e-05,0.000705,0.00011
0.0001,0.000705,0.00011
0.000105,0.000705,0.00011
0.00011,0.000705,0.00011
0.000115,0.000705,0.00011
0.00012,0.000705,0.00011
9e-05,0.00071,0.00011
9.5e-05,0.00071,0.00011
0.0001,0.00071,0.00011
0.000105,0.00071,0.00011
0.00011,0.00071,0.00011
0.000115,0.00071,0.00011
0.0001,0.000715,0.00011
0.000105,0.000715,0.00011
8.5e-05,0.0,0.000115
9e-05,0.0,0.000115
9.5e-05,0.0,0.000115
0.0001,0.0,0.000115
0.000105,0.0,0.000115
0.00011,0.0,0.000115
0.000115,0.0,0.000115
0.00012,0.0,0.000115
8e-05,5e-06,0.000115
8.5e-05,5e-06,0.000115
9e-05,5e-06,0.000115
9.5e-05,5e-06,0.000115
0.0001,5e-06,0.000115
0.000105,5e-06,0.000115
0.00011,5e-06,0.000115
0.000115,5e-06,0.000115
0.00012,5e-06,0.000115
8e-05,1e-05,0.000115
8.5e-05,1e-05,0.000115
9e-05,1e-05,0.000115
9.5e-05,1e-05,0.000115
0.0001,1e-05,0.000115
0.000105,1e-05,0.000115
0.00011,1e-05,0.000115
0.000115,1e-05,0.000115
0.00012,1e-05,0.000115
8e-05,1.5e-05,0.000115
8.5e-05,1.5e-05,0.000115
9e-05,1.5e-05,0.000115
9.5e-05,1.5e-05,0.000115
0.0001,1.5e-05,0.000115
0.000105,1.5e-05,0.000115
0.00011,1.5e-05,0.000115
0.000115,1.5e-05,0.000115
0.00012,1.5e-05,0.000115
0.000125,1.5e-05,0.000115
7.5e-05,2e-05,0.000115
8e-05,2e-05,0.000115
8.5e-05,2e-05,0.000115
9e-05,2e-05,0.000115
9.5e-05,2e-05,0.000115
0.0001,2e-05,0.000115
0.000105,2e-05,0.000115
0.00011,2e-05,0.000115
0.000115,2e-05,0.000115
0.00012,2e-05,0.000115
0.000125,2e-05,0.000115
7.5e-05,2.5e-05,0.000115
8e-05,2.5e-05,0.000115
8.5e-05,2.5e-05,0.000115
9e-05,2.5e-05,0.000115
9.5e-05,2.5e-05,0.000115
0.0001,2.5e-05,0.000115
0.000105,2.5e-05,0.000115
0.00011,2.5e-05,0.000115
0.000115,2.5e-05,0.000115
0.00012,2.5e-05,0.000115
0.000125,2.5e-05,0.000115
7e-05,3e-05,0.000115
7.5e-05,3e-05,0.000115
8e-05,3e-05,0.000115
8.5e-05,3e-05,0.000115
9e-05,3e-05,0.000115
9.5e-05,3e-05,0.000115
0.0001,3e-05,0.000115
0.000105,3e-05,0.000115
0.00011,3e-05,0.000115
0.000115,3e-05,0.000115
0.00012,3e-05,0.000115
0.000125,3e-05,0.000115
7e-05,3.5e-05,0.000115
7.5e-05,3.5e-05,0.000115
8e-05,3.5e-05,0.000115
8.5e-05,3.5e-05,0.000115
9e-05,3.5e-05,0.000115
9.5e-05,3.5e-05,0.000115
0.0001,3.5e-05,0.000115
0.000105,3.5e-05,0.000115
0.00011,3.5e-05,0.000115
0.000115,3.5e-05,0.000115
0.00012,3.5e-05,0.000115
0.000125,3.5e-05,0.000115
0.00013,3.5e-05,0.000115
7e-05,4e-05,0.000115
7.5e-05,4e-05,0.000115
8e-05,4e-05,0.000115
8.5e-05,4e-05,0.000115
9e-05,4e-05,0.000115
9.5e-05,4e-05,0.000115
0.0001,4e-05,0.000115
0.000105,4e-05,0.000115
0.00011,4e-05,0.000115
0.000115,4e-05,0.000115
0.00012,4e-05,0.000115
0.000125,4e-05,0.000115
0.00013,4e-05,0.000115
6.5e-05,4.5e-05,0.000115
7e-05,4.5e-05,0.000115
7.5e-05,4.5e-05,0.000115
8e-05,4.5e-05,0.000115
8.5e-05,4.5e-05,0.000115
9e-05,4.5e-05,0.000115
9.5e-05,4.5e-05,0.000115
0.0001,4.5e-05,0.000115
0.000105,4.5e-05,0.000115
0.00011,4.5e-05,0.000115
0.000115,4.5e-05,0.000115
0.00012,4.5e-05,0.000115
0.000125,4.5e-05,0.000115
0.00013,4.5e-05,0.000115
0.000135,4.5e-05,0.000115
6.5e-05,5e-05,0.000115
7e-05,5e-05,0.000115
7.5e-05,5e-05,0.000115
8e-05,5e-05,0.000115
8.5e-05,5e-05,0.000115
9e-05,5e-05,0.000115
9.5e-05,5e-05,0.000115
0.0001,5e-05,0.000115
0.000105,5e-05,0.000115
0.00011,5e-05,0.000115
0.000115,5e-05,0.000115
0.00012,5e-05,0.000115
0.000125,5e-05,0.000115
0.00013,5e-05,0.000115
0.000135,5e-05,0.000115
6.5e-05,5.5e-05,0.000115
7e-05,5.5e-05,0.000115
7.5e-05,5.5e-05,0.000115
8e-05,5.5e-05,0.000115
8.5e-05,5.5e-05,0.000115
9e-05,5.5e-05,0.000115
9.5e-05,5.5e-05,0.000115
0.0001,5.5e-05,0.000115
0.000105,5.5e-05,0.000115
0.00011,5.5e-05,0.000115
0.000115,5.5e-05,0.000115
0.00012,5.5e-05,0.000115
0.000125,5.5e-05,0.000115
0.00013,5.5e-05,0.000115
0.000135,5.5e-05,0.000115
6.5e-05,6e-05,0.000115
7e-05,6e-05,0.000115
7.5e-05,6e-05,0.000115
8e-05,6e-05,0.000115
8.5e-05,6e-05,0.000115
9e-05,6e-05,0.000115
9.5e-05,6e-05,0.000115
0.0001,6e-05,0.000115
0.000105,6e-05,0.000115
0.00011,6e-05,0.000115
0.000115,6e-05,0.000115
0.00012,6e-05,0.000115
0.000125,6e-05,0.000115
0.00013,6e-05,0.000115
0.000135,6e-05,0.000115
6.5e-05,6.5e-05,0.000115
7e-05,6.5e-05,0.000115
7.5e-05,6.5e-05,0.000115
8e-05,6.5e-05,0.000115
8.5e-05,6.5e-05,0.000115
9e-05,6.5e-05,0.000115
9.5e-05,6.5e-05,0.000115
0.0001,6.5e-05,0.000115
0.000105,6.5e-05,0.000115
0.00011,6.5e-05,0.000115
0.000115,6.5e-05,0.000115
0.00012,6.5e-05,0.000115
0.000125,6.5e-05,0.000115
0.00013,6.5e-05,0.000115
0.000135,6.5e-05,0.000115
6.5e-05,7e-05,0.000115
7e-05,7e-05,0.000115
7.5e-05,7e-05,0.000115
8e-05,7e-05,0.000115
8.5e-05,7e-05,0.000115
9e-05,7e-05,0.000115
9.5e-05,7e-05,0.000115
0.0001,7e-05,0.000115
0.000105,7e-05,0.000115
0.00011,7e-05,0.000115
0.000115,7e-05,0.000115
0.00012,7e-05,0.000115
0.000125,7e-05,0.000115
0.00013,7e-05,0.000115
0.000135,7e-05,0.000115
7e-05,7.5e-05,0.000115
7.5e-05,7.5e-05,0.000115
8e-05,7.5e-05,0.000115
8.5e-05,7.5e-05,0.000115
9e-05,7.5e-05,0.000115
9.5e-05,7.5e-05,0.000115
0.0001,7.5e-05,0.000115
0.000105,7.5e-05,0.000115
0.00011,7.5e-05,0.000115
0.000115,7.5e-05,0.000115
0.00012,7.5e-05,0.000115
0.000125,7.5e-05,0.000115
0.00013,7.5e-05,0.000115
0.000135,7.5e-05,0.000115
7e-05,8e-05,0.000115
7.5e-05,8e-05,0.000115
8e-05,8e-05,0.000115
8.5e-05,8e-05,0.000115
9e-05,8e-05,0.000115
9.5e-05,8e-05,0.000115
0.0001,8e-05,0.000115
0.000105,8e-05,0.000115
0.00011,8e-05,0.000115
0.000115,8e-05,0.000115
0.00012,8e-05,0.000115
0.000125,8e-05,0.000115
0.00013,8e-05,0.000115
0.000135,8e-05,0.000115
7e-05,8.5e-05,0.000115
7.5e-05,8.5e-05,0.000115
8e-05,8.5e-05,0.000115
8.5e-05,8.5e-05,0.000115
9e-05,8.5e-05,0.000115
9.5e-05,8.5e-05,0.000115
0.0001,8.5e-05,0.000115
0.000105,8.5e-05,0.000115
0.00011,8.5e-05,0.000115
0.000115,8.5e-05,0.000115
0.00012,8.5e-05,0.000115
0.000125,8.5e-05,0.000115
0.00013,8.5e-05,0.000115
0.000135,8.5e-05,0.000115
7e-05,9e-05,0.000115
7.5e-05,9e-05,0.000115
8e-05,9e-05,0.000115
8.5e-05,9e-05,0.000115
9e-05,9e-05,0.000115
9.5e-05,9e-05,0.000115
0.0001,9e-05,0.000115
0.000105,9e-05,0.000115
0.00011,9e-05,0.000115
0.000115,9e-05,0.000115
0.00012,9e-05,0.000115
0.000125,9e-05,0.000115
0.00013,9e-05,0.000115
0.000135,9e-05,0.000115
7e-05,9.5e-05,0.000115
7.5e-05,9.5e-05,0.000115
8e-05,9.5e-05,0.000115
8.5e-05,9.5e-05,0.000115
9e-05,9.5e-05,0.000115
9.5e-05,9.5e-05,0.000115
0.0001,9.5e-05,0.000115
0.000105,9.5e-05,0.000115
0.00011,9.5e-05,0.000115
0.000115,9.5e-05,0.000115
0.00012,9.5e-05,0.000115
0.000125,9.5e-05,0.000115
0.00013,9.5e-05,0.000115
0.000135,9.5e-05,0.000115
7e-05,0.0001,0.000115
7.5e-05,0.0001,0.000115
8e-05,0.0001,0.000115
8.5e-05,0.0001,0.000115
9e-05,0.0001,0.000115
9.5e-05,0.0001,0.000115
0.0001,0.0001,0.000115
0.000105,0.0001,0.000115
0.00011,0.0001,0.000115
0.000115,0.0001,0.000115
0.00012,0.0001,0.000115
0.000125,0.0001,0.000115
0.00013,0.0001,0.000115
0.000135,0.0001,0.000115
7e-05,0.000105,0.000115
7.5e-05,0.000105,0.000115
8e-05,0.000105,0.000115
8.5e-05,0.000105,0.000115
9e-05,0.000105,0.000115
9.5e-05,0.000105,0.000115
0.0001,0.000105,0.000115
0.000105,0.000105,0.000115
0.00011,0.000105,0.000115
0.000115,0.000105,0.000115
0.00012,0.000105,0.000115
0.000125,0.000105,0.000115
0.00013,0.000105,0.000115
0.000135,0.000105,0.000115
7e-05,0.00011,0.000115
7.5e-05,0.00011,0.000115
8e-05,0.00011,0.000115
8.5e-05,0.00011,0.000115
9e-05,0.00011,0.000115
9.5e-05,0.00011,0.000115
0.0001,0.00011,0.000115
0.000105,0.00011,0.000115
0.00011,0.00011,0.000115
0.000115,0.00011,0.000115
0.00012,0.00011,0.000115
0.000125,0.00011,0.000115
0.00013,0.00011,0.000115
0.000135,0.00011,0.000115
7e-05,0.000115,0.000115
7.5e-05,0.000115,0.000115
8e-05,0.000115,0.000115
8.5e-05,0.000115,0.000115
9e-05,0.000115,0.000115
9.5e-05,0.000115,0.000115
0.0001,0.000115,0.000115
0.000105,0.000115,0.000115
0.00011,0.000115,0.000115
0.000115,0.000115,0.000115
0.00012,0.000115,0.000115
0.000125,0.000115,0.000115
0.00013,0.000115,0.000115
0.000135,0.000115,0.000115
7e-05,0.00012,0.000115
7.5e-05,0.00012,0.000115
8e-05,0.00012,0.000115
8.5e-05,0.00012,0.000115
9e-05,0.00012,0.000115
9.5e-05,0.00012,0.000115
0.0001,0.00012,0.000115
0.000105,0.00012,0.000115
0.00011,0.00012,0.000115
0.000115,0.00012,0.000115
0.00012,0.00012,0.000115
0.000125,0.00012,0.000115
0.00013,0.00012,0.000115
0.000135,0.00012,0.000115
7e-05,0.000125,0.000115
7.5e-05,0.000125,0.000115
8e-05,0.000125,0.000115
8.5e-05,0.000125,0.000115
9e-05,0.000125,0.000115
9.5e-05,0.000125,0.000115
0.0001,0.000125,0.000115
0.000105,0.000125,0.000115
0.00011,0.000125,0.000115
0.000115,0.000125,0.000115
0.00012,0.000125,0.000115
0.000125,0.000125,0.000115
0.00013,0.000125,0.000115
0.000135,0.000125,0.000115
7e-05,0.00013,0.000115
7.5e-05,0.00013,0.000115
8e-05,0.00013,0.000115
8.5e-05,0.00013,0.000115
9e-05,0.00013,0.000115
9.5e-05,0.00013,0.000115
0.0001,0.00013,0.000115
0.000105,0.00013,0.000115
0.00011,0.00013,0.000115
0.000115,0.00013,0.000115
0.00012,0.00013,0.000115
0.000125,0.00013,0.000115
0.00013,0.00013,0.000115
0.000135,0.00013,0.000115
7e-05,0.000135,0.000115
7.5e-05,0.000135,0.000115
8e-05,0.000135,0.000115
8.5e-05,0.000135,0.000115
9e-05,0.000135,0.000115
9.5e-05,0.000135,0.000115
0.0001,0.000135,0.000115
0.000105,0.000135,0.000115
0.00011,0.000135,0.000115
0.000115,0.000135,0.000115
0.00012,0.000135,0.000115
0.000125,0.000135,0.000115
0.00013,0.000135,0.000115
0.000135,0.000135,0.000115
7e-05,0.00014,0.000115
7.5e-05,0.00014,0.000115
8e-05,0.00014,0.000115
8.5e-05,0.00014,0.000115
9e-05,0.00014,0.000115
9.5e-05,0.00014,0.000115
0.0001,0.00014,0.000115
0.000105,0.00014,0.000115
0.00011,0.00014,0.000115
0.000115,0.00014,0.000115
0.00012,0.00014,0.000115
0.000125,0.00014,0.000115
0.00013,0.00014,0.000115
0.000135,0.00014,0.000115
6.5e-05,0.000145,0.000115
7e-05,0.000145,0.000115
7.5e-05,0.000145,0.000115
8e-05,0.000145,0.000115
8.5e-05,0.000145,0.000115
9e-05,0.000145,0.000115
9.5e-05,0.000145,0.000115
0.0001,0.000145,0.000115
0.000105,0.000145,0.000115
0.00011,0.000145,0.000115
0.000115,0.000145,0.000115
0.00012,0.000145,0.000115
0.000125,0.000145,0.000115
0.00013,0.000145,0.000115
0.000135,0.000145,0.000115
6.5e-05,0.00015,0.000115
7e-05,0.00015,0.000115
7.5e-05,0.00015,0.000115
8e-05,0.00015,0.000115
8.5e-05,0.00015,0.000115
9e-05,0.00015,0.000115
9.5e-05,0.00015,0.000115
0.0001,0.00015,0.000115
0.000105,0.00015,0.000115
0.00011,0.00015,0.000115
0.000115,0.00015,0.000115
0.00012,0.00015,0.000115
0.000125,0.00015,0.000115
0.00013,0.00015,0.000115
0.000135,0.00015,0.000115
6.5e-05,0.000155,0.000115
7e-05,0.000155,0.000115
7.5e-05,0.000155,0.000115
8e-05,0.000155,0.000115
8.5e-05,0.000155,0.000115
9e-05,0.000155,0.000115
9.5e-05,0.000155,0.000115
0.0001,0.000155,0.000115
0.000105,0.000155,0.000115
0.00011,0.000155,0.000115
0.000115,0.000155,0.000115
0.00012,0.000155,0.000115
0.000125,0.000155,0.000115
0.00013,0.000155,0.000115
0.000135,0.000155,0.000115
6.5e-05,0.00016,0.000115
7e-05,0.00016,0.000115
7.5e-05,0.00016,0.000115
8e-05,0.00016,0.000115
8.5e-05,0.00016,0.000115
9e-05,0.00016,0.000115
9.5e-05,0.00016,0.000115
0.0001,0.00016,0.000115
0.000105,0.00016,0.000115
0.00011,0.00016,0.000115
0.000115,0.00016,0.000115
0.00012,0.00016,0.000115
0.000125,0.00016,0.000115
0.00013,0.00016,0.000115
0.000135,0.00016,0.000115
6.5e-05,0.000165,0.000115
7e-05,0.000165,0.000115
7.5e-05,0.000165,0.000115
8e-05,0.000165,0.000115
8.5e-05,0.000165,0.000115
9e-05,0.000165,0.000115
9.5e-05,0.000165,0.000115
0.0001,0.000165,0.000115
0.000105,0.000165,0.000115
0.00011,0.000165,0.000115
0.000115,0.000165,0.000115
0.00012,0.000165,0.000115
0.000125,0.000165,0.000115
0.00013,0.000165,0.000115
0.000135,0.000165,0.000115
6.5e-05,0.00017,0.000115
7e-05,0.00017,0.000115
7.5e-05,0.00017,0.000115
8e-05,0.00017,0.000115
8.5e-05,0.00017,0.000115
9e-05,0.00017,0.000115
9.5e-05,0.00017,0.000115
0.0001,0.00017,0.000115
0.000105,0.00017,0.000115
0.00011,0.00017,0.000115
0.000115,0.00017,0.000115
0.00012,0.00017,0.000115
0.000125,0.00017,0.000115
0.00013,0.00017,0.000115
6.5e-05,0.000175,0.000115
7e-05,0.000175,0.000115
7.5e-05,0.000175,0.000115
8e-05,0.000175,0.000115
8.5e-05,0.000175,0.000115
9e-05,0.000175,0.000115
9.5e-05,0.000175,0.000115
0.0001,0.000175,0.000115
0.000105,0.000175,0.000115
0.00011,0.000175,0.000115
0.000115,0.000175,0.000115
0.00012,0.000175,0.000115
0.000125,0.000175,0.000115
0.00013,0.000175,0.000115
6.5e-05,0.00018,0.000115
7e-05,0.00018,0.000115
7.5e-05,0.00018,0.000115
8e-05,0.00018,0.000115
8.5e-05,0.00018,0.000115
9e-05,0.00018,0.000115
9.5e-05,0.00018,0.000115
0.0001,0.00018,0.000115
0.000105,0.00018,0.000115
0.00011,0.00018,0.000115
0.000115,0.00018,0.000115
0.00012,0.00018,0.000115
0.000125,0.00018,0.000115
0.00013,0.00018,0.000115
6e-05,0.000185,0.000115
6.5e-05,0.000185,0.000115
7e-05,0.000185,0.000115
7.5e-05,0.000185,0.000115
8e-05,0.000185,0.000115
8.5e-05,0.000185,0.000115
9e-05,0.000185,0.000115
9.5e-05,0.000185,0.000115
0.0001,0.000185,0.000115
0.000105,0.000185,0.000115
0.00011,0.000185,0.000115
0.000115,0.000185,0.000115
0.00012,0.000185,0.000115
0.000125,0.000185,0.000115
0.00013,0.000185,0.000115
6e-05,0.00019,0.000115
6.5e-05,0.00019,0.000115
7e-05,0.00019,0.000115
7.5e-05,0.00019,0.000115
8e-05,0.00019,0.000115
8.5e-05,0.00019,0.000115
9e-05,0.00019,0.000115
9.5e-05,0.00019,0.000115
0.0001,0.00019,0.000115
0.000105,0.00019,0.000115
0.00011,0.00019,0.000115
0.000115,0.00019,0.000115
0.00012,0.00019,0.000115
0.000125,0.00019,0.000115
0.00013,0.00019,0.000115
6.5e-05,0.000195,0.000115
7e-05,0.000195,0.000115
7.5e-05,0.000195,0.000115
8e-05,0.000195,0.000115
8.5e-05,0.000195,0.000115
9e-05,0.000195,0.000115
9.5e-05,0.000195,0.000115
0.0001,0.000195,0.000115
0.000105,0.000195,0.000115
0.00011,0.000195,0.000115
0.000115,0.000195,0.000115
0.00012,0.000195,0.000115
0.000125,0.000195,0.000115
0.00013,0.000195,0.000115
6.5e-05,0.0002,0.000115
7e-05,0.0002,0.000115
7.5e-05,0.0002,0.000115
8e-05,0.0002,0.000115
8.5e-05,0.0002,0.000115
9e-05,0.0002,0.000115
9.5e-05,0.0002,0.000115
0.0001,0.0002,0.000115
0.000105,0.0002,0.000115
0.00011,0.0002,0.000115
0.000115,0.0002,0.000115
0.00012,0.0002,0.000115
0.000125,0.0002,0.000115
0.00013,0.0002,0.000115
0.000135,0.0002,0.000115
6.5e-05,0.000205,0.000115
7e-05,0.000205,0.000115
7.5e-05,0.000205,0.000115
8e-05,0.000205,0.000115
8.5e-05,0.000205,0.000115
9e-05,0.000205,0.000115
9.5e-05,0.000205,0.000115
0.0001,0.000205,0.000115
0.000105,0.000205,0.000115
0.00011,0.000205,0.000115
0.000115,0.000205,0.000115
0.00012,0.000205,0.000115
0.000125,0.000205,0.000115
0.00013,0.000205,0.000115
0.000135,0.000205,0.000115
6.5e-05,0.00021,0.000115
7e-05,0.00021,0.000115
7.5e-05,0.00021,0.000115
8e-05,0.00021,0.000115
8.5e-05,0.00021,0.000115
9e-05,0.00021,0.000115
9.5e-05,0.00021,0.000115
0.0001,0.00021,0.000115
0.000105,0.00021,0.000115
0.00011,0.00021,0.000115
0.000115,0.00021,0.000115
0.00012,0.00021,0.000115
0.000125,0.00021,0.000115
0.00013,0.00021,0.000115
0.000135,0.00021,0.000115
6.5e-05,0.000215,0.000115
7e-05,0.000215,0.000115
7.5e-05,0.000215,0.000115
8e-05,0.000215,0.000115
8.5e-05,0.000215,0.000115
9e-05,0.000215,0.000115
9.5e-05,0.000215,0.000115
0.0001,0.000215,0.000115
0.000105,0.000215,0.000115
0.00011,0.000215,0.000115
0.000115,0.000215,0.000115
0.00012,0.000215,0.000115
0.000125,0.000215,0.000115
0.00013,0.000215,0.000115
0.000135,0.000215,0.000115
6.5e-05,0.00022,0.000115
7e-05,0.00022,0.000115
7.5e-05,0.00022,0.000115
8e-05,0.00022,0.000115
8.5e-05,0.00022,0.000115
9e-05,0.00022,0.000115
9.5e-05,0.00022,0.000115
0.0001,0.00022,0.000115
0.000105,0.00022,0.000115
0.00011,0.00022,0.000115
0.000115,0.00022,0.000115
0.00012,0.00022,0.000115
0.000125,0.00022,0.000115
0.00013,0.00022,0.000115
0.000135,0.00022,0.000115
6e-05,0.000225,0.000115
6.5e-05,0.000225,0.000115
7e-05,0.000225,0.000115
7.5e-05,0.000225,0.000115
8e-05,0.000225,0.000115
8.5e-05,0.000225,0.000115
9e-05,0.000225,0.000115
9.5e-05,0.000225,0.000115
0.0001,0.000225,0.000115
0.000105,0.000225,0.000115
0.00011,0.000225,0.000115
0.000115,0.000225,0.000115
0.00012,0.000225,0.000115
0.000125,0.000225,0.000115
0.00013,0.000225,0.000115
0.000135,0.000225,0.000115
6e-05,0.00023,0.000115
6.5e-05,0.00023,0.000115
7e-05,0.00023,0.000115
7.5e-05,0.00023,0.000115
8e-05,0.00023,0.000115
8.5e-05,0.00023,0.000115
9e-05,0.00023,0.000115
9.5e-05,0.00023,0.000115
0.0001,0.00023,0.000115
0.000105,0.00023,0.000115
0.00011,0.00023,0.000115
0.000115,0.00023,0.000115
0.00012,0.00023,0.000115
0.000125,0.00023,0.000115
0.00013,0.00023,0.000115
0.000135,0.00023,0.000115
6.5e-05,0.000235,0.000115
7e-05,0.000235,0.000115
7.5e-05,0.000235,0.000115
8e-05,0.000235,0.000115
8.5e-05,0.000235,0.000115
9e-05,0.000235,0.000115
9.5e-05,0.000235,0.000115
0.0001,0.000235,0.000115
0.000105,0.000235,0.000115
0.00011,0.000235,0.000115
0.000115,0.000235,0.000115
0.00012,0.000235,0.000115
0.000125,0.000235,0.000115
0.00013,0.000235,0.000115
0.000135,0.000235,0.000115
6.5e-05,0.00024,0.000115
7e-05,0.00024,0.000115
7.5e-05,0.00024,0.000115
8e-05,0.00024,0.000115
8.5e-05,0.00024,0.000115
9e-05,0.00024,0.000115
9.5e-05,0.00024,0.000115
0.0001,0.00024,0.000115
0.000105,0.00024,0.000115
0.00011,0.00024,0.000115
0.000115,0.00024,0.000115
0.00012,0.00024,0.000115
0.000125,0.00024,0.000115
0.00013,0.00024,0.000115
6.5e-05,0.000245,0.000115
7e-05,0.000245,0.000115
7.5e-05,0.000245,0.000115
8e-05,0.000245,0.000115
8.5e-05,0.000245,0.000115
9e-05,0.000245,0.000115
9.5e-05,0.000245,0.000115
0.0001,0.000245,0.000115
0.000105,0.000245,0.000115
0.00011,0.000245,0.000115
0.000115,0.000245,0.000115
0.00012,0.000245,0.000115
0.000125,0.000245,0.000115
0.00013,0.000245,0.000115
6.5e-05,0.00025,0.000115
7e-05,0.00025,0.000115
7.5e-05,0.00025,0.000115
8e-05,0.00025,0.000115
8.5e-05,0.00025,0.000115
9e-05,0.00025,0.000115
9.5e-05,0.00025,0.000115
0.0001,0.00025,0.000115
0.000105,0.00025,0.000115
0.00011,0.00025,0.000115
0.000115,0.00025,0.000115
0.00012,0.00025,0.000115
0.000125,0.00025,0.000115
0.00013,0.00025,0.000115
6.5e-05,0.000255,0.000115
7e-05,0.000255,0.000115
7.5e-05,0.000255,0.000115
8e-05,0.000255,0.000115
8.5e-05,0.000255,0.000115
9e-05,0.000255,0.000115
9.5e-05,0.000255,0.000115
0.0001,0.000255,0.000115
0.000105,0.000255,0.000115
0.00011,0.000255,0.000115
0.000115,0.000255,0.000115
0.00012,0.000255,0.000115
0.000125,0.000255,0.000115
0.00013,0.000255,0.000115
6.5e-05,0.00026,0.000115
7e-05,0.00026,0.000115
7.5e-05,0.00026,0.000115
8e-05,0.00026,0.000115
8.5e-05,0.00026,0.000115
9e-05,0.00026,0.000115
9.5e-05,0.00026,0.000115
0.0001,0.00026,0.000115
0.000105,0.00026,0.000115
0.00011,0.00026,0.000115
0.000115,0.00026,0.000115
0.00012,0.00026,0.000115
0.000125,0.00026,0.000115
0.00013,0.00026,0.000115
6e-05,0.000265,0.000115
6.5e-05,0.000265,0.000115
7e-05,0.000265,0.000115
7.5e-05,0.000265,0.000115
8e-05,0.000265,0.000115
8.5e-05,0.000265,0.000115
9e-05,0.000265,0.000115
9.5e-05,0.000265,0.000115
0.0001,0.000265,0.000115
0.000105,0.000265,0.000115
0.00011,0.000265,0.000115
0.000115,0.000265,0.000115
0.00012,0.000265,0.000115
0.000125,0.000265,0.000115
0.00013,0.000265,0.000115
0.000135,0.000265,0.000115
6e-05,0.00027,0.000115
6.5e-05,0.00027,0.000115
7e-05,0.00027,0.000115
7.5e-05,0.00027,0.000115
8e-05,0.00027,0.000115
8.5e-05,0.00027,0.000115
9e-05,0.00027,0.000115
9.5e-05,0.00027,0.000115
0.0001,0.00027,0.000115
0.000105,0.00027,0.000115
0.00011,0.00027,0.000115
0.000115,0.00027,0.000115
0.00012,0.00027,0.000115
0.000125,0.00027,0.000115
0.00013,0.00027,0.000115
0.000135,0.00027,0.000115
6.5e-05,0.000275,0.000115
7e-05,0.000275,0.000115
7.5e-05,0.000275,0.000115
8e-05,0.000275,0.000115
8.5e-05,0.000275,0.000115
9e-05,0.000275,0.000115
9.5e-05,0.000275,0.000115
0.0001,0.000275,0.000115
0.000105,0.000275,0.000115
0.00011,0.000275,0.000115
0.000115,0.000275,0.000115
0.00012,0.000275,0.000115
0.000125,0.000275,0.000115
0.00013,0.000275,0.000115
0.000135,0.000275,0.000115
6.5e-05,0.00028,0.000115
7e-05,0.00028,0.000115
7.5e-05,0.00028,0.000115
8e-05,0.00028,0.000115
8.5e-05,0.00028,0.000115
9e-05,0.00028,0.000115
9.5e-05,0.00028,0.000115
0.0001,0.00028,0.000115
0.000105,0.00028,0.000115
0.00011,0.00028,0.000115
0.000115,0.00028,0.000115
0.00012,0.00028,0.000115
0.000125,0.00028,0.000115
0.00013,0.00028,0.000115
0.000135,0.00028,0.000115
6e-05,0.000285,0.000115
6.5e-05,0.000285,0.000115
7e-05,0.000285,0.000115
7.5e-05,0.000285,0.000115
8e-05,0.000285,0.000115
8.5e-05,0.000285,0.000115
9e-05,0.000285,0.000115
9.5e-05,0.000285,0.000115
0.0001,0.000285,0.000115
0.000105,0.000285,0.000115
0.00011,0.000285,0.000115
0.000115,0.000285,0.000115
0.00012,0.000285,0.000115
0.000125,0.000285,0.000115
0.00013,0.000285,0.000115
0.000135,0.000285,0.000115
6e-05,0.00029,0.000115
6.5e-05,0.00029,0.000115
7e-05,0.00029,0.000115
7.5e-05,0.00029,0.000115
8e-05,0.00029,0.000115
8.5e-05,0.00029,0.000115
9e-05,0.00029,0.000115
9.5e-05,0.00029,0.000115
0.0001,0.00029,0.000115
0.000105,0.00029,0.000115
0.00011,0.00029,0.000115
0.000115,0.00029,0.000115
0.00012,0.00029,0.000115
0.000125,0.00029,0.000115
0.00013,0.00029,0.000115
0.000135,0.00029,0.000115
6e-05,0.000295,0.000115
6.5e-05,0.000295,0.000115
7e-05,0.000295,0.000115
7.5e-05,0.000295,0.000115
8e-05,0.000295,0.000115
8.5e-05,0.000295,0.000115
9e-05,0.000295,0.000115
9.5e-05,0.000295,0.000115
0.0001,0.000295,0.000115
0.000105,0.000295,0.000115
0.00011,0.000295,0.000115
0.000115,0.000295,0.000115
0.00012,0.000295,0.000115
0.000125,0.000295,0.000115
0.00013,0.000295,0.000115
0.000135,0.000295,0.000115
6.5e-05,0.0003,0.000115
7e-05,0.0003,0.000115
7.5e-05,0.0003,0.000115
8e-05,0.0003,0.000115
8.5e-05,0.0003,0.000115
9e-05,0.0003,0.000115
9.5e-05,0.0003,0.000115
0.0001,0.0003,0.000115
0.000105,0.0003,0.000115
0.00011,0.0003,0.000115
0.000115,0.0003,0.000115
0.00012,0.0003,0.000115
0.000125,0.0003,0.000115
0.00013,0.0003,0.000115
0.000135,0.0003,0.000115
6.5e-05,0.000305,0.000115
7e-05,0.000305,0.000115
7.5e-05,0.000305,0.000115
8e-05,0.000305,0.000115
8.5e-05,0.000305,0.000115
9e-05,0.000305,0.000115
9.5e-05,0.000305,0.000115
0.0001,0.000305,0.000115
0.000105,0.000305,0.000115
0.00011,0.000305,0.000115
0.000115,0.000305,0.000115
0.00012,0.000305,0.000115
0.000125,0.000305,0.000115
0.00013,0.000305,0.000115
0.000135,0.000305,0.000115
6.5e-05,0.00031,0.000115
7e-05,0.00031,0.000115
7.5e-05,0.00031,0.000115
8e-05,0.00031,0.000115
8.5e-05,0.00031,0.000115
9e-05,0.00031,0.000115
9.5e-05,0.00031,0.000115
0.0001,0.00031,0.000115
0.000105,0.00031,0.000115
0.00011,0.00031,0.000115
0.000115,0.00031,0.000115
0.00012,0.00031,0.000115
0.000125,0.00031,0.000115
0.00013,0.00031,0.000115
0.000135,0.00031,0.000115
6.5e-05,0.000315,0.000115
7e-05,0.000315,0.000115
7.5e-05,0.000315,0.000115
8e-05,0.000315,0.000115
8.5e-05,0.000315,0.000115
9e-05,0.000315,0.000115
9.5e-05,0.000315,0.000115
0.0001,0.000315,0.000115
0.000105,0.000315,0.000115
0.00011,0.000315,0.000115
0.000115,0.000315,0.000115
0.00012,0.000315,0.000115
0.000125,0.000315,0.000115
0.00013,0.000315,0.000115
0.000135,0.000315,0.000115
6.5e-05,0.00032,0.000115
7e-05,0.00032,0.000115
7.5e-05,0.00032,0.000115
8e-05,0.00032,0.000115
8.5e-05,0.00032,0.000115
9e-05,0.00032,0.000115
9.5e-05,0.00032,0.000115
0.0001,0.00032,0.000115
0.000105,0.00032,0.000115
0.00011,0.00032,0.000115
0.000115,0.00032,0.000115
0.00012,0.00032,0.000115
0.000125,0.00032,0.000115
0.00013,0.00032,0.000115
0.000135,0.00032,0.000115
6.5e-05,0.000325,0.000115
7e-05,0.000325,0.000115
7.5e-05,0.000325,0.000115
8e-05,0.000325,0.000115
8.5e-05,0.000325,0.000115
9e-05,0.000325,0.000115
9.5e-05,0.000325,0.000115
0.0001,0.000325,0.000115
0.000105,0.000325,0.000115
0.00011,0.000325,0.000115
0.000115,0.000325,0.000115
0.00012,0.000325,0.000115
0.000125,0.000325,0.000115
0.00013,0.000325,0.000115
0.000135,0.000325,0.000115
6.5e-05,0.00033,0.000115
7e-05,0.00033,0.000115
7.5e-05,0.00033,0.000115
8e-05,0.00033,0.000115
8.5e-05,0.00033,0.000115
9e-05,0.00033,0.000115
9.5e-05,0.00033,0.000115
0.0001,0.00033,0.000115
0.000105,0.00033,0.000115
0.00011,0.00033,0.000115
0.000115,0.00033,0.000115
0.00012,0.00033,0.000115
0.000125,0.00033,0.000115
0.00013,0.00033,0.000115
0.000135,0.00033,0.000115
6.5e-05,0.000335,0.000115
7e-05,0.000335,0.000115
7.5e-05,0.000335,0.000115
8e-05,0.000335,0.000115
8.5e-05,0.000335,0.000115
9e-05,0.000335,0.000115
9.5e-05,0.000335,0.000115
0.0001,0.000335,0.000115
0.000105,0.000335,0.000115
0.00011,0.000335,0.000115
0.000115,0.000335,0.000115
0.00012,0.000335,0.000115
0.000125,0.000335,0.000115
0.00013,0.000335,0.000115
0.000135,0.000335,0.000115
6e-05,0.00034,0.000115
6.5e-05,0.00034,0.000115
7e-05,0.00034,0.000115
7.5e-05,0.00034,0.000115
8e-05,0.00034,0.000115
8.5e-05,0.00034,0.000115
9e-05,0.00034,0.000115
9.5e-05,0.00034,0.000115
0.0001,0.00034,0.000115
0.000105,0.00034,0.000115
0.00011,0.00034,0.000115
0.000115,0.00034,0.000115
0.00012,0.00034,0.000115
0.000125,0.00034,0.000115
0.00013,0.00034,0.000115
0.000135,0.00034,0.000115
6e-05,0.000345,0.000115
6.5e-05,0.000345,0.000115
7e-05,0.000345,0.000115
7.5e-05,0.000345,0.000115
8e-05,0.000345,0.000115
8.5e-05,0.000345,0.000115
9e-05,0.000345,0.000115
9.5e-05,0.000345,0.000115
0.0001,0.000345,0.000115
0.000105,0.000345,0.000115
0.00011,0.000345,0.000115
0.000115,0.000345,0.000115
0.00012,0.000345,0.000115
0.000125,0.000345,0.000115
0.00013,0.000345,0.000115
0.000135,0.000345,0.000115
6e-05,0.00035,0.000115
6.5e-05,0.00035,0.000115
7e-05,0.00035,0.000115
7.5e-05,0.00035,0.000115
8e-05,0.00035,0.000115
8.5e-05,0.00035,0.000115
9e-05,0.00035,0.000115
9.5e-05,0.00035,0.000115
0.0001,0.00035,0.000115
0.000105,0.00035,0.000115
0.00011,0.00035,0.000115
0.000115,0.00035,0.000115
0.00012,0.00035,0.000115
0.000125,0.00035,0.000115
0.00013,0.00035,0.000115
0.000135,0.00035,0.000115
6e-05,0.000355,0.000115
6.5e-05,0.000355,0.000115
7e-05,0.000355,0.000115
7.5e-05,0.000355,0.000115
8e-05,0.000355,0.000115
8.5e-05,0.000355,0.000115
9e-05,0.000355,0.000115
9.5e-05,0.000355,0.000115
0.0001,0.000355,0.000115
0.000105,0.000355,0.000115
0.00011,0.000355,0.000115
0.000115,0.000355,0.000115
0.00012,0.000355,0.000115
0.000125,0.000355,0.000115
0.00013,0.000355,0.000115
0.000135,0.000355,0.000115
6e-05,0.00036,0.000115
6.5e-05,0.00036,0.000115
7e-05,0.00036,0.000115
7.5e-05,0.00036,0.000115
8e-05,0.00036,0.000115
8.5e-05,0.00036,0.000115
9e-05,0.00036,0.000115
9.5e-05,0.00036,0.000115
0.0001,0.00036,0.000115
0.000105,0.00036,0.000115
0.00011,0.00036,0.000115
0.000115,0.00036,0.000115
0.00012,0.00036,0.000115
0.000125,0.00036,0.000115
0.00013,0.00036,0.000115
0.000135,0.00036,0.000115
6.5e-05,0.000365,0.000115
7e-05,0.000365,0.000115
7.5e-05,0.000365,0.000115
8e-05,0.000365,0.000115
8.5e-05,0.000365,0.000115
9e-05,0.000365,0.000115
9.5e-05,0.000365,0.000115
0.0001,0.000365,0.000115
0.000105,0.000365,0.000115
0.00011,0.000365,0.000115
0.000115,0.000365,0.000115
0.00012,0.000365,0.000115
0.000125,0.000365,0.000115
0.00013,0.000365,0.000115
6.5e-05,0.00037,0.000115
7e-05,0.00037,0.000115
7.5e-05,0.00037,0.000115
8e-05,0.00037,0.000115
8.5e-05,0.00037,0.000115
9e-05,0.00037,0.000115
9.5e-05,0.00037,0.000115
0.0001,0.00037,0.000115
0.000105,0.00037,0.000115
0.00011,0.00037,0.000115
0.000115,0.00037,0.000115
0.00012,0.00037,0.000115
0.000125,0.00037,0.000115
0.00013,0.00037,0.000115
0.000135,0.00037,0.000115
6.5e-05,0.000375,0.000115
7e-05,0.000375,0.000115
7.5e-05,0.000375,0.000115
8e-05,0.000375,0.000115
8.5e-05,0.000375,0.000115
9e-05,0.000375,0.000115
9.5e-05,0.000375,0.000115
0.0001,0.000375,0.000115
0.000105,0.000375,0.000115
0.00011,0.000375,0.000115
0.000115,0.000375,0.000115
0.00012,0.000375,0.000115
0.000125,0.000375,0.000115
0.00013,0.000375,0.000115
0.000135,0.000375,0.000115
6.5e-05,0.00038,0.000115
7e-05,0.00038,0.000115
7.5e-05,0.00038,0.000115
8e-05,0.00038,0.000115
8.5e-05,0.00038,0.000115
9e-05,0.00038,0.000115
9.5e-05,0.00038,0.000115
0.0001,0.00038,0.000115
0.000105,0.00038,0.000115
0.00011,0.00038,0.000115
0.000115,0.00038,0.000115
0.00012,0.00038,0.000115
0.000125,0.00038,0.000115
0.00013,0.00038,0.000115
0.000135,0.00038,0.000115
7e-05,0.000385,0.000115
7.5e-05,0.000385,0.000115
8e-05,0.000385,0.000115
8.5e-05,0.000385,0.000115
9e-05,0.000385,0.000115
9.5e-05,0.000385,0.000115
0.0001,0.000385,0.000115
0.000105,0.000385,0.000115
0.00011,0.000385,0.000115
0.000115,0.000385,0.000115
0.00012,0.000385,0.000115
0.000125,0.000385,0.000115
0.00013,0.000385,0.000115
0.000135,0.000385,0.000115
6.5e-05,0.00039,0.000115
7e-05,0.00039,0.000115
7.5e-05,0.00039,0.000115
8e-05,0.00039,0.000115
8.5e-05,0.00039,0.000115
9e-05,0.00039,0.000115
9.5e-05,0.00039,0.000115
0.0001,0.00039,0.000115
0.000105,0.00039,0.000115
0.00011,0.00039,0.000115
0.000115,0.00039,0.000115
0.00012,0.00039,0.000115
0.000125,0.00039,0.000115
0.00013,0.00039,0.000115
0.000135,0.00039,0.000115
6.5e-05,0.000395,0.000115
7e-05,0.000395,0.000115
7.5e-05,0.000395,0.000115
8e-05,0.000395,0.000115
8.5e-05,0.000395,0.000115
9e-05,0.000395,0.000115
9.5e-05,0.000395,0.000115
0.0001,0.000395,0.000115
0.000105,0.000395,0.000115
0.00011,0.000395,0.000115
0.000115,0.000395,0.000115
0.00012,0.000395,0.000115
0.000125,0.000395,0.000115
0.00013,0.000395,0.000115
0.000135,0.000395,0.000115
0.00014,0.000395,0.000115
6.5e-05,0.0004,0.000115
7e-05,0.0004,0.000115
7.5e-05,0.0004,0.000115
8e-05,0.0004,0.000115
8.5e-05,0.0004,0.000115
9e-05,0.0004,0.000115
9.5e-05,0.0004,0.000115
0.0001,0.0004,0.000115
0.000105,0.0004,0.000115
0.00011,0.0004,0.000115
0.000115,0.0004,0.000115
0.00012,0.0004,0.000115
0.000125,0.0004,0.000115
0.00013,0.0004,0.000115
0.000135,0.0004,0.000115
0.00014,0.0004,0.000115
6.5e-05,0.000405,0.000115
7e-05,0.000405,0.000115
7.5e-05,0.000405,0.000115
8e-05,0.000405,0.000115
8.5e-05,0.000405,0.000115
9e-05,0.000405,0.000115
9.5e-05,0.000405,0.000115
0.0001,0.000405,0.000115
0.000105,0.000405,0.000115
0.00011,0.000405,0.000115
0.000115,0.000405,0.000115
0.00012,0.000405,0.000115
0.000125,0.000405,0.000115
0.00013,0.000405,0.000115
0.000135,0.000405,0.000115
0.00014,0.000405,0.000115
6.5e-05,0.00041,0.000115
7e-05,0.00041,0.000115
7.5e-05,0.00041,0.000115
8e-05,0.00041,0.000115
8.5e-05,0.00041,0.000115
9e-05,0.00041,0.000115
9.5e-05,0.00041,0.000115
0.0001,0.00041,0.000115
0.000105,0.00041,0.000115
0.00011,0.00041,0.000115
0.000115,0.00041,0.000115
0.00012,0.00041,0.000115
0.000125,0.00041,0.000115
0.00013,0.00041,0.000115
0.000135,0.00041,0.000115
0.00014,0.00041,0.000115
7e-05,0.000415,0.000115
7.5e-05,0.000415,0.000115
8e-05,0.000415,0.000115
8.5e-05,0.000415,0.000115
9e-05,0.000415,0.000115
9.5e-05,0.000415,0.000115
0.0001,0.000415,0.000115
0.000105,0.000415,0.000115
0.00011,0.000415,0.000115
0.000115,0.000415,0.000115
0.00012,0.000415,0.000115
0.000125,0.000415,0.000115
0.00013,0.000415,0.000115
0.000135,0.000415,0.000115
0.00014,0.000415,0.000115
7e-05,0.00042,0.000115
7.5e-05,0.00042,0.000115
8e-05,0.00042,0.000115
8.5e-05,0.00042,0.000115
9e-05,0.00042,0.000115
9.5e-05,0.00042,0.000115
0.0001,0.00042,0.000115
0.000105,0.00042,0.000115
0.00011,0.00042,0.000115
0.000115,0.00042,0.000115
0.00012,0.00042,0.000115
0.000125,0.00042,0.000115
0.00013,0.00042,0.000115
0.000135,0.00042,0.000115
7e-05,0.000425,0.000115
7.5e-05,0.000425,0.000115
8e-05,0.000425,0.000115
8.5e-05,0.000425,0.000115
9e-05,0.000425,0.000115
9.5e-05,0.000425,0.000115
0.0001,0.000425,0.000115
0.000105,0.000425,0.000115
0.00011,0.000425,0.000115
0.000115,0.000425,0.000115
0.00012,0.000425,0.000115
0.000125,0.000425,0.000115
0.00013,0.000425,0.000115
0.000135,0.000425,0.000115
7e-05,0.00043,0.000115
7.5e-05,0.00043,0.000115
8e-05,0.00043,0.000115
8.5e-05,0.00043,0.000115
9e-05,0.00043,0.000115
9.5e-05,0.00043,0.000115
0.0001,0.00043,0.000115
0.000105,0.00043,0.000115
0.00011,0.00043,0.000115
0.000115,0.00043,0.000115
0.00012,0.00043,0.000115
0.000125,0.00043,0.000115
0.00013,0.00043,0.000115
6.5e-05,0.000435,0.000115
7e-05,0.000435,0.000115
7.5e-05,0.000435,0.000115
8e-05,0.000435,0.000115
8.5e-05,0.000435,0.000115
9e-05,0.000435,0.000115
9.5e-05,0.000435,0.000115
0.0001,0.000435,0.000115
0.000105,0.000435,0.000115
0.00011,0.000435,0.000115
0.000115,0.000435,0.000115
0.00012,0.000435,0.000115
0.000125,0.000435,0.000115
0.00013,0.000435,0.000115
0.000135,0.000435,0.000115
6.5e-05,0.00044,0.000115
7e-05,0.00044,0.000115
7.5e-05,0.00044,0.000115
8e-05,0.00044,0.000115
8.5e-05,0.00044,0.000115
9e-05,0.00044,0.000115
9.5e-05,0.00044,0.000115
0.0001,0.00044,0.000115
0.000105,0.00044,0.000115
0.00011,0.00044,0.000115
0.000115,0.00044,0.000115
0.00012,0.00044,0.000115
0.000125,0.00044,0.000115
0.00013,0.00044,0.000115
0.000135,0.00044,0.000115
6.5e-05,0.000445,0.000115
7e-05,0.000445,0.000115
7.5e-05,0.000445,0.000115
8e-05,0.000445,0.000115
8.5e-05,0.000445,0.000115
9e-05,0.000445,0.000115
9.5e-05,0.000445,0.000115
0.0001,0.000445,0.000115
0.000105,0.000445,0.000115
0.00011,0.000445,0.000115
0.000115,0.000445,0.000115
0.00012,0.000445,0.000115
0.000125,0.000445,0.000115
0.00013,0.000445,0.000115
0.000135,0.000445,0.000115
6.5e-05,0.00045,0.000115
7e-05,0.00045,0.000115
7.5e-05,0.00045,0.000115
8e-05,0.00045,0.000115
8.5e-05,0.00045,0.000115
9e-05,0.00045,0.000115
9.5e-05,0.00045,0.000115
0.0001,0.00045,0.000115
0.000105,0.00045,0.000115
0.00011,0.00045,0.000115
0.000115,0.00045,0.000115
0.00012,0.00045,0.000115
0.000125,0.00045,0.000115
0.00013,0.00045,0.000115
0.000135,0.00045,0.000115
0.00014,0.00045,0.000115
6.5e-05,0.000455,0.000115
7e-05,0.000455,0.000115
7.5e-05,0.000455,0.000115
8e-05,0.000455,0.000115
8.5e-05,0.000455,0.000115
9e-05,0.000455,0.000115
9.5e-05,0.000455,0.000115
0.0001,0.000455,0.000115
0.000105,0.000455,0.000115
0.00011,0.000455,0.000115
0.000115,0.000455,0.000115
0.00012,0.000455,0.000115
0.000125,0.000455,0.000115
0.00013,0.000455,0.000115
0.000135,0.000455,0.000115
0.00014,0.000455,0.000115
6.5e-05,0.00046,0.000115
7e-05,0.00046,0.000115
7.5e-05,0.00046,0.000115
8e-05,0.00046,0.000115
8.5e-05,0.00046,0.000115
9e-05,0.00046,0.000115
9.5e-05,0.00046,0.000115
0.0001,0.00046,0.000115
0.000105,0.00046,0.000115
0.00011,0.00046,0.000115
0.000115,0.00046,0.000115
0.00012,0.00046,0.000115
0.000125,0.00046,0.000115
0.00013,0.00046,0.000115
0.000135,0.00046,0.000115
6.5e-05,0.000465,0.000115
7e-05,0.000465,0.000115
7.5e-05,0.000465,0.000115
8e-05,0.000465,0.000115
8.5e-05,0.000465,0.000115
9e-05,0.000465,0.000115
9.5e-05,0.000465,0.000115
0.0001,0.000465,0.000115
0.000105,0.000465,0.000115
0.00011,0.000465,0.000115
0.000115,0.000465,0.000115
0.00012,0.000465,0.000115
0.000125,0.000465,0.000115
0.00013,0.000465,0.000115
0.000135,0.000465,0.000115
6.5e-05,0.00047,0.000115
7e-05,0.00047,0.000115
7.5e-05,0.00047,0.000115
8e-05,0.00047,0.000115
8.5e-05,0.00047,0.000115
9e-05,0.00047,0.000115
9.5e-05,0.00047,0.000115
0.0001,0.00047,0.000115
0.000105,0.00047,0.000115
0.00011,0.00047,0.000115
0.000115,0.00047,0.000115
0.00012,0.00047,0.000115
0.000125,0.00047,0.000115
0.00013,0.00047,0.000115
6.5e-05,0.000475,0.000115
7e-05,0.000475,0.000115
7.5e-05,0.000475,0.000115
8e-05,0.000475,0.000115
8.5e-05,0.000475,0.000115
9e-05,0.000475,0.000115
9.5e-05,0.000475,0.000115
0.0001,0.000475,0.000115
0.000105,0.000475,0.000115
0.00011,0.000475,0.000115
0.000115,0.000475,0.000115
0.00012,0.000475,0.000115
0.000125,0.000475,0.000115
0.00013,0.000475,0.000115
0.000135,0.000475,0.000115
7e-05,0.00048,0.000115
7.5e-05,0.00048,0.000115
8e-05,0.00048,0.000115
8.5e-05,0.00048,0.000115
9e-05,0.00048,0.000115
9.5e-05,0.00048,0.000115
0.0001,0.00048,0.000115
0.000105,0.00048,0.000115
0.00011,0.00048,0.000115
0.000115,0.00048,0.000115
0.00012,0.00048,0.000115
0.000125,0.00048,0.000115
0.00013,0.00048,0.000115
0.000135,0.00048,0.000115
6.5e-05,0.000485,0.000115
7e-05,0.000485,0.000115
7.5e-05,0.000485,0.000115
8e-05,0.000485,0.000115
8.5e-05,0.000485,0.000115
9e-05,0.000485,0.000115
9.5e-05,0.000485,0.000115
0.0001,0.000485,0.000115
0.000105,0.000485,0.000115
0.00011,0.000485,0.000115
0.000115,0.000485,0.000115
0.00012,0.000485,0.000115
0.000125,0.000485,0.000115
0.00013,0.000485,0.000115
0.000135,0.000485,0.000115
6.5e-05,0.00049,0.000115
7e-05,0.00049,0.000115
7.5e-05,0.00049,0.000115
8e-05,0.00049,0.000115
8.5e-05,0.00049,0.000115
9e-05,0.00049,0.000115
9.5e-05,0.00049,0.000115
0.0001,0.00049,0.000115
0.000105,0.00049,0.000115
0.00011,0.00049,0.000115
0.000115,0.00049,0.000115
0.00012,0.00049,0.000115
0.000125,0.00049,0.000115
0.00013,0.00049,0.000115
0.000135,0.00049,0.000115
6.5e-05,0.000495,0.000115
7e-05,0.000495,0.000115
7.5e-05,0.000495,0.000115
8e-05,0.000495,0.000115
8.5e-05,0.000495,0.000115
9e-05,0.000495,0.000115
9.5e-05,0.000495,0.000115
0.0001,0.000495,0.000115
0.000105,0.000495,0.000115
0.00011,0.000495,0.000115
0.000115,0.000495,0.000115
0.00012,0.000495,0.000115
0.000125,0.000495,0.000115
0.00013,0.000495,0.000115
0.000135,0.000495,0.000115
6.5e-05,0.0005,0.000115
7e-05,0.0005,0.000115
7.5e-05,0.0005,0.000115
8e-05,0.0005,0.000115
8.5e-05,0.0005,0.000115
9e-05,0.0005,0.000115
9.5e-05,0.0005,0.000115
0.0001,0.0005,0.000115
0.000105,0.0005,0.000115
0.00011,0.0005,0.000115
0.000115,0.0005,0.000115
0.00012,0.0005,0.000115
0.000125,0.0005,0.000115
0.00013,0.0005,0.000115
0.000135,0.0005,0.000115
6.5e-05,0.000505,0.000115
7e-05,0.000505,0.000115
7.5e-05,0.000505,0.000115
8e-05,0.000505,0.000115
8.5e-05,0.000505,0.000115
9e-05,0.000505,0.000115
9.5e-05,0.000505,0.000115
0.0001,0.000505,0.000115
0.000105,0.000505,0.000115
0.00011,0.000505,0.000115
0.000115,0.000505,0.000115
0.00012,0.000505,0.000115
0.000125,0.000505,0.000115
0.00013,0.000505,0.000115
0.000135,0.000505,0.000115
6.5e-05,0.00051,0.000115
7e-05,0.00051,0.000115
7.5e-05,0.00051,0.000115
8e-05,0.00051,0.000115
8.5e-05,0.00051,0.000115
9e-05,0.00051,0.000115
9.5e-05,0.00051,0.000115
0.0001,0.00051,0.000115
0.000105,0.00051,0.000115
0.00011,0.00051,0.000115
0.000115,0.00051,0.000115
0.00012,0.00051,0.000115
0.000125,0.00051,0.000115
0.00013,0.00051,0.000115
0.000135,0.00051,0.000115
6.5e-05,0.000515,0.000115
7e-05,0.000515,0.000115
7.5e-05,0.000515,0.000115
8e-05,0.000515,0.000115
8.5e-05,0.000515,0.000115
9e-05,0.000515,0.000115
9.5e-05,0.000515,0.000115
0.0001,0.000515,0.000115
0.000105,0.000515,0.000115
0.00011,0.000515,0.000115
0.000115,0.000515,0.000115
0.00012,0.000515,0.000115
0.000125,0.000515,0.000115
0.00013,0.000515,0.000115
0.000135,0.000515,0.000115
6.5e-05,0.00052,0.000115
7e-05,0.00052,0.000115
7.5e-05,0.00052,0.000115
8e-05,0.00052,0.000115
8.5e-05,0.00052,0.000115
9e-05,0.00052,0.000115
9.5e-05,0.00052,0.000115
0.0001,0.00052,0.000115
0.000105,0.00052,0.000115
0.00011,0.00052,0.000115
0.000115,0.00052,0.000115
0.00012,0.00052,0.000115
0.000125,0.00052,0.000115
0.00013,0.00052,0.000115
0.000135,0.00052,0.000115
6.5e-05,0.000525,0.000115
7e-05,0.000525,0.000115
7.5e-05,0.000525,0.000115
8e-05,0.000525,0.000115
8.5e-05,0.000525,0.000115
9e-05,0.000525,0.000115
9.5e-05,0.000525,0.000115
0.0001,0.000525,0.000115
0.000105,0.000525,0.000115
0.00011,0.000525,0.000115
0.000115,0.000525,0.000115
0.00012,0.000525,0.000115
0.000125,0.000525,0.000115
0.00013,0.000525,0.000115
0.000135,0.000525,0.000115
6.5e-05,0.00053,0.000115
7e-05,0.00053,0.000115
7.5e-05,0.00053,0.000115
8e-05,0.00053,0.000115
8.5e-05,0.00053,0.000115
9e-05,0.00053,0.000115
9.5e-05,0.00053,0.000115
0.0001,0.00053,0.000115
0.000105,0.00053,0.000115
0.00011,0.00053,0.000115
0.000115,0.00053,0.000115
0.00012,0.00053,0.000115
0.000125,0.00053,0.000115
0.00013,0.00053,0.000115
0.000135,0.00053,0.000115
6.5e-05,0.000535,0.000115
7e-05,0.000535,0.000115
7.5e-05,0.000535,0.000115
8e-05,0.000535,0.000115
8.5e-05,0.000535,0.000115
9e-05,0.000535,0.000115
9.5e-05,0.000535,0.000115
0.0001,0.000535,0.000115
0.000105,0.000535,0.000115
0.00011,0.000535,0.000115
0.000115,0.000535,0.000115
0.00012,0.000535,0.000115
0.000125,0.000535,0.000115
0.00013,0.000535,0.000115
0.000135,0.000535,0.000115
0.00014,0.000535,0.000115
6.5e-05,0.00054,0.000115
7e-05,0.00054,0.000115
7.5e-05,0.00054,0.000115
8e-05,0.00054,0.000115
8.5e-05,0.00054,0.000115
9e-05,0.00054,0.000115
9.5e-05,0.00054,0.000115
0.0001,0.00054,0.000115
0.000105,0.00054,0.000115
0.00011,0.00054,0.000115
0.000115,0.00054,0.000115
0.00012,0.00054,0.000115
0.000125,0.00054,0.000115
0.00013,0.00054,0.000115
0.000135,0.00054,0.000115
0.00014,0.00054,0.000115
6.5e-05,0.000545,0.000115
7e-05,0.000545,0.000115
7.5e-05,0.000545,0.000115
8e-05,0.000545,0.000115
8.5e-05,0.000545,0.000115
9e-05,0.000545,0.000115
9.5e-05,0.000545,0.000115
0.0001,0.000545,0.000115
0.000105,0.000545,0.000115
0.00011,0.000545,0.000115
0.000115,0.000545,0.000115
0.00012,0.000545,0.000115
0.000125,0.000545,0.000115
0.00013,0.000545,0.000115
0.000135,0.000545,0.000115
6.5e-05,0.00055,0.000115
7e-05,0.00055,0.000115
7.5e-05,0.00055,0.000115
8e-05,0.00055,0.000115
8.5e-05,0.00055,0.000115
9e-05,0.00055,0.000115
9.5e-05,0.00055,0.000115
0.0001,0.00055,0.000115
0.000105,0.00055,0.000115
0.00011,0.00055,0.000115
0.000115,0.00055,0.000115
0.00012,0.00055,0.000115
0.000125,0.00055,0.000115
0.00013,0.00055,0.000115
0.000135,0.00055,0.000115
6.5e-05,0.000555,0.000115
7e-05,0.000555,0.000115
7.5e-05,0.000555,0.000115
8e-05,0.000555,0.000115
8.5e-05,0.000555,0.000115
9e-05,0.000555,0.000115
9.5e-05,0.000555,0.000115
0.0001,0.000555,0.000115
0.000105,0.000555,0.000115
0.00011,0.000555,0.000115
0.000115,0.000555,0.000115
0.00012,0.000555,0.000115
0.000125,0.000555,0.000115
0.00013,0.000555,0.000115
0.000135,0.000555,0.000115
6.5e-05,0.00056,0.000115
7e-05,0.00056,0.000115
7.5e-05,0.00056,0.000115
8e-05,0.00056,0.000115
8.5e-05,0.00056,0.000115
9e-05,0.00056,0.000115
9.5e-05,0.00056,0.000115
0.0001,0.00056,0.000115
0.000105,0.00056,0.000115
0.00011,0.00056,0.000115
0.000115,0.00056,0.000115
0.00012,0.00056,0.000115
0.000125,0.00056,0.000115
0.00013,0.00056,0.000115
0.000135,0.00056,0.000115
6.5e-05,0.000565,0.000115
7e-05,0.000565,0.000115
7.5e-05,0.000565,0.000115
8e-05,0.000565,0.000115
8.5e-05,0.000565,0.000115
9e-05,0.000565,0.000115
9.5e-05,0.000565,0.000115
0.0001,0.000565,0.000115
0.000105,0.000565,0.000115
0.00011,0.000565,0.000115
0.000115,0.000565,0.000115
0.00012,0.000565,0.000115
0.000125,0.000565,0.000115
0.00013,0.000565,0.000115
0.000135,0.000565,0.000115
6.5e-05,0.00057,0.000115
7e-05,0.00057,0.000115
7.5e-05,0.00057,0.000115
8e-05,0.00057,0.000115
8.5e-05,0.00057,0.000115
9e-05,0.00057,0.000115
9.5e-05,0.00057,0.000115
0.0001,0.00057,0.000115
0.000105,0.00057,0.000115
0.00011,0.00057,0.000115
0.000115,0.00057,0.000115
0.00012,0.00057,0.000115
0.000125,0.00057,0.000115
0.00013,0.00057,0.000115
0.000135,0.00057,0.000115
6.5e-05,0.000575,0.000115
7e-05,0.000575,0.000115
7.5e-05,0.000575,0.000115
8e-05,0.000575,0.000115
8.5e-05,0.000575,0.000115
9e-05,0.000575,0.000115
9.5e-05,0.000575,0.000115
0.0001,0.000575,0.000115
0.000105,0.000575,0.000115
0.00011,0.000575,0.000115
0.000115,0.000575,0.000115
0.00012,0.000575,0.000115
0.000125,0.000575,0.000115
0.00013,0.000575,0.000115
0.000135,0.000575,0.000115
6.5e-05,0.00058,0.000115
7e-05,0.00058,0.000115
7.5e-05,0.00058,0.000115
8e-05,0.00058,0.000115
8.5e-05,0.00058,0.000115
9e-05,0.00058,0.000115
9.5e-05,0.00058,0.000115
0.0001,0.00058,0.000115
0.000105,0.00058,0.000115
0.00011,0.00058,0.000115
0.000115,0.00058,0.000115
0.00012,0.00058,0.000115
0.000125,0.00058,0.000115
0.00013,0.00058,0.000115
6.5e-05,0.000585,0.000115
7e-05,0.000585,0.000115
7.5e-05,0.000585,0.000115
8e-05,0.000585,0.000115
8.5e-05,0.000585,0.000115
9e-05,0.000585,0.000115
9.5e-05,0.000585,0.000115
0.0001,0.000585,0.000115
0.000105,0.000585,0.000115
0.00011,0.000585,0.000115
0.000115,0.000585,0.000115
0.00012,0.000585,0.000115
0.000125,0.000585,0.000115
0.00013,0.000585,0.000115
0.000135,0.000585,0.000115
6.5e-05,0.00059,0.000115
7e-05,0.00059,0.000115
7.5e-05,0.00059,0.000115
8e-05,0.00059,0.000115
8.5e-05,0.00059,0.000115
9e-05,0.00059,0.000115
9.5e-05,0.00059,0.000115
0.0001,0.00059,0.000115
0.000105,0.00059,0.000115
0.00011,0.00059,0.000115
0.000115,0.00059,0.000115
0.00012,0.00059,0.000115
0.000125,0.00059,0.000115
0.00013,0.00059,0.000115
0.000135,0.00059,0.000115
7e-05,0.000595,0.000115
7.5e-05,0.000595,0.000115
8e-05,0.000595,0.000115
8.5e-05,0.000595,0.000115
9e-05,0.000595,0.000115
9.5e-05,0.000595,0.000115
0.0001,0.000595,0.000115
0.000105,0.000595,0.000115
0.00011,0.000595,0.000115
0.000115,0.000595,0.000115
0.00012,0.000595,0.000115
0.000125,0.000595,0.000115
0.00013,0.000595,0.000115
0.000135,0.000595,0.000115
7e-05,0.0006,0.000115
7.5e-05,0.0006,0.000115
8e-05,0.0006,0.000115
8.5e-05,0.0006,0.000115
9e-05,0.0006,0.000115
9.5e-05,0.0006,0.000115
0.0001,0.0006,0.000115
0.000105,0.0006,0.000115
0.00011,0.0006,0.000115
0.000115,0.0006,0.000115
0.00012,0.0006,0.000115
0.000125,0.0006,0.000115
0.00013,0.0006,0.000115
7e-05,0.000605,0.000115
7.5e-05,0.000605,0.000115
8e-05,0.000605,0.000115
8.5e-05,0.000605,0.000115
9e-05,0.000605,0.000115
9.5e-05,0.000605,0.000115
0.0001,0.000605,0.000115
0.000105,0.000605,0.000115
0.00011,0.000605,0.000115
0.000115,0.000605,0.000115
0.00012,0.000605,0.000115
0.000125,0.000605,0.000115
0.00013,0.000605,0.000115
7e-05,0.00061,0.000115
7.5e-05,0.00061,0.000115
8e-05,0.00061,0.000115
8.5e-05,0.00061,0.000115
9e-05,0.00061,0.000115
9.5e-05,0.00061,0.000115
0.0001,0.00061,0.000115
0.000105,0.00061,0.000115
0.00011,0.00061,0.000115
0.000115,0.00061,0.000115
0.00012,0.00061,0.000115
0.000125,0.00061,0.000115
0.00013,0.00061,0.000115
7e-05,0.000615,0.000115
7.5e-05,0.000615,0.000115
8e-05,0.000615,0.000115
8.5e-05,0.000615,0.000115
9e-05,0.000615,0.000115
9.5e-05,0.000615,0.000115
0.0001,0.000615,0.000115
0.000105,0.000615,0.000115
0.00011,0.000615,0.000115
0.000115,0.000615,0.000115
0.00012,0.000615,0.000115
0.000125,0.000615,0.000115
0.00013,0.000615,0.000115
7e-05,0.00062,0.000115
7.5e-05,0.00062,0.000115
8e-05,0.00062,0.000115
8.5e-05,0.00062,0.000115
9e-05,0.00062,0.000115
9.5e-05,0.00062,0.000115
0.0001,0.00062,0.000115
0.000105,0.00062,0.000115
0.00011,0.00062,0.000115
0.000115,0.00062,0.000115
0.00012,0.00062,0.000115
0.000125,0.00062,0.000115
0.00013,0.00062,0.000115
6.5e-05,0.000625,0.000115
7e-05,0.000625,0.000115
7.5e-05,0.000625,0.000115
8e-05,0.000625,0.000115
8.5e-05,0.000625,0.000115
9e-05,0.000625,0.000115
9.5e-05,0.000625,0.000115
0.0001,0.000625,0.000115
0.000105,0.000625,0.000115
0.00011,0.000625,0.000115
0.000115,0.000625,0.000115
0.00012,0.000625,0.000115
0.000125,0.000625,0.000115
0.00013,0.000625,0.000115
0.000135,0.000625,0.000115
6.5e-05,0.00063,0.000115
7e-05,0.00063,0.000115
7.5e-05,0.00063,0.000115
8e-05,0.00063,0.000115
8.5e-05,0.00063,0.000115
9e-05,0.00063,0.000115
9.5e-05,0.00063,0.000115
0.0001,0.00063,0.000115
0.000105,0.00063,0.000115
0.00011,0.00063,0.000115
0.000115,0.00063,0.000115
0.00012,0.00063,0.000115
0.000125,0.00063,0.000115
0.00013,0.00063,0.000115
0.000135,0.00063,0.000115
6.5e-05,0.000635,0.000115
7e-05,0.000635,0.000115
7.5e-05,0.000635,0.000115
8e-05,0.000635,0.000115
8.5e-05,0.000635,0.000115
9e-05,0.000635,0.000115
9.5e-05,0.000635,0.000115
0.0001,0.000635,0.000115
0.000105,0.000635,0.000115
0.00011,0.000635,0.000115
0.000115,0.000635,0.000115
0.00012,0.000635,0.000115
0.000125,0.000635,0.000115
0.00013,0.000635,0.000115
0.000135,0.000635,0.000115
6.5e-05,0.00064,0.000115
7e-05,0.00064,0.000115
7.5e-05,0.00064,0.000115
8e-05,0.00064,0.000115
8.5e-05,0.00064,0.000115
9e-05,0.00064,0.000115
9.5e-05,0.00064,0.000115
0.0001,0.00064,0.000115
0.000105,0.00064,0.000115
0.00011,0.00064,0.000115
0.000115,0.00064,0.000115
0.00012,0.00064,0.000115
0.000125,0.00064,0.000115
0.00013,0.00064,0.000115
7e-05,0.000645,0.000115
7.5e-05,0.000645,0.000115
8e-05,0.000645,0.000115
8.5e-05,0.000645,0.000115
9e-05,0.000645,0.000115
9.5e-05,0.000645,0.000115
0.0001,0.000645,0.000115
0.000105,0.000645,0.000115
0.00011,0.000645,0.000115
0.000115,0.000645,0.000115
0.00012,0.000645,0.000115
0.000125,0.000645,0.000115
0.00013,0.000645,0.000115
7e-05,0.00065,0.000115
7.5e-05,0.00065,0.000115
8e-05,0.00065,0.000115
8.5e-05,0.00065,0.000115
9e-05,0.00065,0.000115
9.5e-05,0.00065,0.000115
0.0001,0.00065,0.000115
0.000105,0.00065,0.000115
0.00011,0.00065,0.000115
0.000115,0.00065,0.000115
0.00012,0.00065,0.000115
0.000125,0.00065,0.000115
0.00013,0.00065,0.000115
7e-05,0.000655,0.000115
7.5e-05,0.000655,0.000115
8e-05,0.000655,0.000115
8.5e-05,0.000655,0.000115
9e-05,0.000655,0.000115
9.5e-05,0.000655,0.000115
0.0001,0.000655,0.000115
0.000105,0.000655,0.000115
0.00011,0.000655,0.000115
0.000115,0.000655,0.000115
0.00012,0.000655,0.000115
0.000125,0.000655,0.000115
0.00013,0.000655,0.000115
7e-05,0.00066,0.000115
7.5e-05,0.00066,0.000115
8e-05,0.00066,0.000115
8.5e-05,0.00066,0.000115
9e-05,0.00066,0.000115
9.5e-05,0.00066,0.000115
0.0001,0.00066,0.000115
0.000105,0.00066,0.000115
0.00011,0.00066,0.000115
0.000115,0.00066,0.000115
0.00012,0.00066,0.000115
0.000125,0.00066,0.000115
0.00013,0.00066,0.000115
0.000135,0.00066,0.000115
7e-05,0.000665,0.000115
7.5e-05,0.000665,0.000115
8e-05,0.000665,0.000115
8.5e-05,0.000665,0.000115
9e-05,0.000665,0.000115
9.5e-05,0.000665,0.000115
0.0001,0.000665,0.000115
0.000105,0.000665,0.000115
0.00011,0.000665,0.000115
0.000115,0.000665,0.000115
0.00012,0.000665,0.000115
0.000125,0.000665,0.000115
0.00013,0.000665,0.000115
0.000135,0.000665,0.000115
6.5e-05,0.00067,0.000115
7e-05,0.00067,0.000115
7.5e-05,0.00067,0.000115
8e-05,0.00067,0.000115
8.5e-05,0.00067,0.000115
9e-05,0.00067,0.000115
9.5e-05,0.00067,0.000115
0.0001,0.00067,0.000115
0.000105,0.00067,0.000115
0.00011,0.00067,0.000115
0.000115,0.00067,0.000115
0.00012,0.00067,0.000115
0.000125,0.00067,0.000115
0.00013,0.00067,0.000115
0.000135,0.00067,0.000115
6.5e-05,0.000675,0.000115
7e-05,0.000675,0.000115
7.5e-05,0.000675,0.000115
8e-05,0.000675,0.000115
8.5e-05,0.000675,0.000115
9e-05,0.000675,0.000115
9.5e-05,0.000675,0.000115
0.0001,0.000675,0.000115
0.000105,0.000675,0.000115
0.00011,0.000675,0.000115
0.000115,0.000675,0.000115
0.00012,0.000675,0.000115
0.000125,0.000675,0.000115
0.00013,0.000675,0.000115
0.000135,0.000675,0.000115
6.5e-05,0.00068,0.000115
7e-05,0.00068,0.000115
7.5e-05,0.00068,0.000115
8e-05,0.00068,0.000115
8.5e-05,0.00068,0.000115
9e-05,0.00068,0.000115
9.5e-05,0.00068,0.000115
0.0001,0.00068,0.000115
0.000105,0.00068,0.000115
0.00011,0.00068,0.000115
0.000115,0.00068,0.000115
0.00012,0.00068,0.000115
0.000125,0.00068,0.000115
0.00013,0.00068,0.000115
0.000135,0.00068,0.000115
6.5e-05,0.000685,0.000115
7e-05,0.000685,0.000115
7.5e-05,0.000685,0.000115
8e-05,0.000685,0.000115
8.5e-05,0.000685,0.000115
9e-05,0.000685,0.000115
9.5e-05,0.000685,0.000115
0.0001,0.000685,0.000115
0.000105,0.000685,0.000115
0.00011,0.000685,0.000115
0.000115,0.000685,0.000115
0.00012,0.000685,0.000115
0.000125,0.000685,0.000115
0.00013,0.000685,0.000115
6.5e-05,0.00069,0.000115
7e-05,0.00069,0.000115
7.5e-05,0.00069,0.000115
8e-05,0.00069,0.000115
8.5e-05,0.00069,0.000115
9e-05,0.00069,0.000115
9.5e-05,0.00069,0.000115
0.0001,0.00069,0.000115
0.000105,0.00069,0.000115
0.00011,0.00069,0.000115
0.000115,0.00069,0.000115
0.00012,0.00069,0.000115
0.000125,0.00069,0.000115
7e-05,0.000695,0.000115
7.5e-05,0.000695,0.000115
8e-05,0.000695,0.000115
8.5e-05,0.000695,0.000115
9e-05,0.000695,0.000115
9.5e-05,0.000695,0.000115
0.0001,0.000695,0.000115
0.000105,0.000695,0.000115
0.00011,0.000695,0.000115
0.000115,0.000695,0.000115
0.00012,0.000695,0.000115
0.000125,0.000695,0.000115
0.00013,0.000695,0.000115
7.5e-05,0.0007,0.000115
8e-05,0.0007,0.000115
8.5e-05,0.0007,0.000115
9e-05,0.0007,0.000115
9.5e-05,0.0007,0.000115
0.0001,0.0007,0.000115
0.000105,0.0007,0.000115
0.00011,0.0007,0.000115
0.000115,0.0007,0.000115
0.00012,0.0007,0.000115
0.000125,0.0007,0.000115
0.00013,0.0007,0.000115
7.5e-05,0.000705,0.000115
8e-05,0.000705,0.000115
8.5e-05,0.000705,0.000115
9e-05,0.000705,0.000115
9.5e-05,0.000705,0.000115
0.0001,0.000705,0.000115
0.000105,0.000705,0.000115
0.00011,0.000705,0.000115
0.000115,0.000705,0.000115
0.00012,0.000705,0.000115
0.000125,0.000705,0.000115
8.5e-05,0.00071,0.000115
9e-05,0.00071,0.000115
9.5e-05,0.00071,0.000115
0.0001,0.00071,0.000115
0.000105,0.00071,0.000115
0.00011,0.00071,0.000115
0.000115,0.00071,0.000115
0.00012,0.00071,0.000115
9e-05,0.000715,0.000115
9.5e-05,0.000715,0.000115
0.0001,0.000715,0.000115
0.000105,0.000715,0.000115
0.00011,0.000715,0.000115
0.000115,0.000715,0.000115
9.5e-05,0.00072,0.000115
0.0001,0.00072,0.000115
0.000105,0.00072,0.000115
0.00011,0.00072,0.000115
8e-05,0.0,0.00012
8.5e-05,0.0,0.00012
9e-05,0.0,0.00012
9.5e-05,0.0,0.00012
0.0001,0.0,0.00012
0.000105,0.0,0.00012
0.00011,0.0,0.00012
0.000115,0.0,0.00012
0.00012,0.0,0.00012
0.000125,0.0,0.00012
0.00013,0.0,0.00012
8e-05,5e-06,0.00012
8.5e-05,5e-06,0.00012
9e-05,5e-06,0.00012
9.5e-05,5e-06,0.00012
0.0001,5e-06,0.00012
0.000105,5e-06,0.00012
0.00011,5e-06,0.00012
0.000115,5e-06,0.00012
0.00012,5e-06,0.00012
0.000125,5e-06,0.00012
0.00013,5e-06,0.00012
7.5e-05,1e-05,0.00012
8e-05,1e-05,0.00012
8.5e-05,1e-05,0.00012
9e-05,1e-05,0.00012
9.5e-05,1e-05,0.00012
0.0001,1e-05,0.00012
0.000105,1e-05,0.00012
0.00011,1e-05,0.00012
0.000115,1e-05,0.00012
0.00012,1e-05,0.00012
0.000125,1e-05,0.00012
7.5e-05,1.5e-05,0.00012
8e-05,1.5e-05,0.00012
8.5e-05,1.5e-05,0.00012
9e-05,1.5e-05,0.00012
9.5e-05,1.5e-05,0.00012
0.0001,1.5e-05,0.00012
0.000105,1.5e-05,0.00012
0.00011,1.5e-05,0.00012
0.000115,1.5e-05,0.00012
0.00012,1.5e-05,0.00012
0.000125,1.5e-05,0.00012
7.5e-05,2e-05,0.00012
8e-05,2e-05,0.00012
8.5e-05,2e-05,0.00012
9e-05,2e-05,0.00012
9.5e-05,2e-05,0.00012
0.0001,2e-05,0.00012
0.000105,2e-05,0.00012
0.00011,2e-05,0.00012
0.000115,2e-05,0.00012
0.00012,2e-05,0.00012
0.000125,2e-05,0.00012
0.00013,2e-05,0.00012
7e-05,2.5e-05,0.00012
7.5e-05,2.5e-05,0.00012
8e-05,2.5e-05,0.00012
8.5e-05,2.5e-05,0.00012
9e-05,2.5e-05,0.00012
9.5e-05,2.5e-05,0.00012
0.0001,2.5e-05,0.00012
0.000105,2.5e-05,0.00012
0.00011,2.5e-05,0.00012
0.000115,2.5e-05,0.00012
0.00012,2.5e-05,0.00012
0.000125,2.5e-05,0.00012
0.00013,2.5e-05,0.00012
6.5e-05,3e-05,0.00012
7e-05,3e-05,0.00012
7.5e-05,3e-05,0.00012
8e-05,3e-05,0.00012
8.5e-05,3e-05,0.00012
9e-05,3e-05,0.00012
9.5e-05,3e-05,0.00012
0.0001,3e-05,0.00012
0.000105,3e-05,0.00012
0.00011,3e-05,0.00012
0.000115,3e-05,0.00012
0.00012,3e-05,0.00012
0.000125,3e-05,0.00012
0.00013,3e-05,0.00012
6.5e-05,3.5e-05,0.00012
7e-05,3.5e-05,0.00012
7.5e-05,3.5e-05,0.00012
8e-05,3.5e-05,0.00012
8.5e-05,3.5e-05,0.00012
9e-05,3.5e-05,0.00012
9.5e-05,3.5e-05,0.00012
0.0001,3.5e-05,0.00012
0.000105,3.5e-05,0.00012
0.00011,3.5e-05,0.00012
0.000115,3.5e-05,0.00012
0.00012,3.5e-05,0.00012
0.000125,3.5e-05,0.00012
0.00013,3.5e-05,0.00012
6e-05,4e-05,0.00012
6.5e-05,4e-05,0.00012
7e-05,4e-05,0.00012
7.5e-05,4e-05,0.00012
8e-05,4e-05,0.00012
8.5e-05,4e-05,0.00012
9e-05,4e-05,0.00012
9.5e-05,4e-05,0.00012
0.0001,4e-05,0.00012
0.000105,4e-05,0.00012
0.00011,4e-05,0.00012
0.000115,4e-05,0.00012
0.00012,4e-05,0.00012
0.000125,4e-05,0.00012
0.00013,4e-05,0.00012
6e-05,4.5e-05,0.00012
6.5e-05,4.5e-05,0.00012
7e-05,4.5e-05,0.00012
7.5e-05,4.5e-05,0.00012
8e-05,4.5e-05,0.00012
8.5e-05,4.5e-05,0.00012
9e-05,4.5e-05,0.00012
9.5e-05,4.5e-05,0.00012
0.0001,4.5e-05,0.00012
0.000105,4.5e-05,0.00012
0.00011,4.5e-05,0.00012
0.000115,4.5e-05,0.00012
0.00012,4.5e-05,0.00012
0.000125,4.5e-05,0.00012
0.00013,4.5e-05,0.00012
0.000135,4.5e-05,0.00012
6.5e-05,5e-05,0.00012
7e-05,5e-05,0.00012
7.5e-05,5e-05,0.00012
8e-05,5e-05,0.00012
8.5e-05,5e-05,0.00012
9e-05,5e-05,0.00012
9.5e-05,5e-05,0.00012
0.0001,5e-05,0.00012
0.000105,5e-05,0.00012
0.00011,5e-05,0.00012
0.000115,5e-05,0.00012
0.00012,5e-05,0.00012
0.000125,5e-05,0.00012
0.00013,5e-05,0.00012
0.000135,5e-05,0.00012
6.5e-05,5.5e-05,0.00012
7e-05,5.5e-05,0.00012
7.5e-05,5.5e-05,0.00012
8e-05,5.5e-05,0.00012
8.5e-05,5.5e-05,0.00012
9e-05,5.5e-05,0.00012
9.5e-05,5.5e-05,0.00012
0.0001,5.5e-05,0.00012
0.000105,5.5e-05,0.00012
0.00011,5.5e-05,0.00012
0.000115,5.5e-05,0.00012
0.00012,5.5e-05,0.00012
0.000125,5.5e-05,0.00012
0.00013,5.5e-05,0.00012
0.000135,5.5e-05,0.00012
6.5e-05,6e-05,0.00012
7e-05,6e-05,0.00012
7.5e-05,6e-05,0.00012
8e-05,6e-05,0.00012
8.5e-05,6e-05,0.00012
9e-05,6e-05,0.00012
9.5e-05,6e-05,0.00012
0.0001,6e-05,0.00012
0.000105,6e-05,0.00012
0.00011,6e-05,0.00012
0.000115,6e-05,0.00012
0.00012,6e-05,0.00012
0.000125,6e-05,0.00012
0.00013,6e-05,0.00012
0.000135,6e-05,0.00012
6.5e-05,6.5e-05,0.00012
7e-05,6.5e-05,0.00012
7.5e-05,6.5e-05,0.00012
8e-05,6.5e-05,0.00012
8.5e-05,6.5e-05,0.00012
9e-05,6.5e-05,0.00012
9.5e-05,6.5e-05,0.00012
0.0001,6.5e-05,0.00012
0.000105,6.5e-05,0.00012
0.00011,6.5e-05,0.00012
0.000115,6.5e-05,0.00012
0.00012,6.5e-05,0.00012
0.000125,6.5e-05,0.00012
0.00013,6.5e-05,0.00012
0.000135,6.5e-05,0.00012
6.5e-05,7e-05,0.00012
7e-05,7e-05,0.00012
7.5e-05,7e-05,0.00012
8e-05,7e-05,0.00012
8.5e-05,7e-05,0.00012
9e-05,7e-05,0.00012
9.5e-05,7e-05,0.00012
0.0001,7e-05,0.00012
0.000105,7e-05,0.00012
0.00011,7e-05,0.00012
0.000115,7e-05,0.00012
0.00012,7e-05,0.00012
0.000125,7e-05,0.00012
0.00013,7e-05,0.00012
0.000135,7e-05,0.00012
6.5e-05,7.5e-05,0.00012
7e-05,7.5e-05,0.00012
7.5e-05,7.5e-05,0.00012
8e-05,7.5e-05,0.00012
8.5e-05,7.5e-05,0.00012
9e-05,7.5e-05,0.00012
9.5e-05,7.5e-05,0.00012
0.0001,7.5e-05,0.00012
0.000105,7.5e-05,0.00012
0.00011,7.5e-05,0.00012
0.000115,7.5e-05,0.00012
0.00012,7.5e-05,0.00012
0.000125,7.5e-05,0.00012
0.00013,7.5e-05,0.00012
0.000135,7.5e-05,0.00012
6.5e-05,8e-05,0.00012
7e-05,8e-05,0.00012
7.5e-05,8e-05,0.00012
8e-05,8e-05,0.00012
8.5e-05,8e-05,0.00012
9e-05,8e-05,0.00012
9.5e-05,8e-05,0.00012
0.0001,8e-05,0.00012
0.000105,8e-05,0.00012
0.00011,8e-05,0.00012
0.000115,8e-05,0.00012
0.00012,8e-05,0.00012
0.000125,8e-05,0.00012
0.00013,8e-05,0.00012
0.000135,8e-05,0.00012
6.5e-05,8.5e-05,0.00012
7e-05,8.5e-05,0.00012
7.5e-05,8.5e-05,0.00012
8e-05,8.5e-05,0.00012
8.5e-05,8.5e-05,0.00012
9e-05,8.5e-05,0.00012
9.5e-05,8.5e-05,0.00012
0.0001,8.5e-05,0.00012
0.000105,8.5e-05,0.00012
0.00011,8.5e-05,0.00012
0.000115,8.5e-05,0.00012
0.00012,8.5e-05,0.00012
0.000125,8.5e-05,0.00012
0.00013,8.5e-05,0.00012
0.000135,8.5e-05,0.00012
6.5e-05,9e-05,0.00012
7e-05,9e-05,0.00012
7.5e-05,9e-05,0.00012
8e-05,9e-05,0.00012
8.5e-05,9e-05,0.00012
9e-05,9e-05,0.00012
9.5e-05,9e-05,0.00012
0.0001,9e-05,0.00012
0.000105,9e-05,0.00012
0.00011,9e-05,0.00012
0.000115,9e-05,0.00012
0.00012,9e-05,0.00012
0.000125,9e-05,0.00012
0.00013,9e-05,0.00012
0.000135,9e-05,0.00012
6.5e-05,9.5e-05,0.00012
7e-05,9.5e-05,0.00012
7.5e-05,9.5e-05,0.00012
8e-05,9.5e-05,0.00012
8.5e-05,9.5e-05,0.00012
9e-05,9.5e-05,0.00012
9.5e-05,9.5e-05,0.00012
0.0001,9.5e-05,0.00012
0.000105,9.5e-05,0.00012
0.00011,9.5e-05,0.00012
0.000115,9.5e-05,0.00012
0.00012,9.5e-05,0.00012
0.000125,9.5e-05,0.00012
0.00013,9.5e-05,0.00012
0.000135,9.5e-05,0.00012
6.5e-05,0.0001,0.00012
7e-05,0.0001,0.00012
7.5e-05,0.0001,0.00012
8e-05,0.0001,0.00012
8.5e-05,0.0001,0.00012
9e-05,0.0001,0.00012
9.5e-05,0.0001,0.00012
0.0001,0.0001,0.00012
0.000105,0.0001,0.00012
0.00011,0.0001,0.00012
0.000115,0.0001,0.00012
0.00012,0.0001,0.00012
0.000125,0.0001,0.00012
0.00013,0.0001,0.00012
0.000135,0.0001,0.00012
6.5e-05,0.000105,0.00012
7e-05,0.000105,0.00012
7.5e-05,0.000105,0.00012
8e-05,0.000105,0.00012
8.5e-05,0.000105,0.00012
9e-05,0.000105,0.00012
9.5e-05,0.000105,0.00012
0.0001,0.000105,0.00012
0.000105,0.000105,0.00012
0.00011,0.000105,0.00012
0.000115,0.000105,0.00012
0.00012,0.000105,0.00012
0.000125,0.000105,0.00012
0.00013,0.000105,0.00012
0.000135,0.000105,0.00012
7e-05,0.00011,0.00012
7.5e-05,0.00011,0.00012
8e-05,0.00011,0.00012
8.5e-05,0.00011,0.00012
9e-05,0.00011,0.00012
9.5e-05,0.00011,0.00012
0.0001,0.00011,0.00012
0.000105,0.00011,0.00012
0.00011,0.00011,0.00012
0.000115,0.00011,0.00012
0.00012,0.00011,0.00012
0.000125,0.00011,0.00012
0.00013,0.00011,0.00012
0.000135,0.00011,0.00012
7e-05,0.000115,0.00012
7.5e-05,0.000115,0.00012
8e-05,0.000115,0.00012
8.5e-05,0.000115,0.00012
9e-05,0.000115,0.00012
9.5e-05,0.000115,0.00012
0.0001,0.000115,0.00012
0.000105,0.000115,0.00012
0.00011,0.000115,0.00012
0.000115,0.000115,0.00012
0.00012,0.000115,0.00012
0.000125,0.000115,0.00012
0.00013,0.000115,0.00012
0.000135,0.000115,0.00012
0.00014,0.000115,0.00012
7e-05,0.00012,0.00012
7.5e-05,0.00012,0.00012
8e-05,0.00012,0.00012
8.5e-05,0.00012,0.00012
9e-05,0.00012,0.00012
9.5e-05,0.00012,0.00012
0.0001,0.00012,0.00012
0.000105,0.00012,0.00012
0.00011,0.00012,0.00012
0.000115,0.00012,0.00012
0.00012,0.00012,0.00012
0.000125,0.00012,0.00012
0.00013,0.00012,0.00012
0.000135,0.00012,0.00012
0.00014,0.00012,0.00012
7e-05,0.000125,0.00012
7.5e-05,0.000125,0.00012
8e-05,0.000125,0.00012
8.5e-05,0.000125,0.00012
9e-05,0.000125,0.00012
9.5e-05,0.000125,0.00012
0.0001,0.000125,0.00012
0.000105,0.000125,0.00012
0.00011,0.000125,0.00012
0.000115,0.000125,0.00012
0.00012,0.000125,0.00012
0.000125,0.000125,0.00012
0.00013,0.000125,0.00012
0.000135,0.000125,0.00012
7e-05,0.00013,0.00012
7.5e-05,0.00013,0.00012
8e-05,0.00013,0.00012
8.5e-05,0.00013,0.00012
9e-05,0.00013,0.00012
9.5e-05,0.00013,0.00012
0.0001,0.00013,0.00012
0.000105,0.00013,0.00012
0.00011,0.00013,0.00012
0.000115,0.00013,0.00012
0.00012,0.00013,0.00012
0.000125,0.00013,0.00012
0.00013,0.00013,0.00012
0.000135,0.00013,0.00012
6.5e-05,0.000135,0.00012
7e-05,0.000135,0.00012
7.5e-05,0.000135,0.00012
8e-05,0.000135,0.00012
8.5e-05,0.000135,0.00012
9e-05,0.000135,0.00012
9.5e-05,0.000135,0.00012
0.0001,0.000135,0.00012
0.000105,0.000135,0.00012
0.00011,0.000135,0.00012
0.000115,0.000135,0.00012
0.00012,0.000135,0.00012
0.000125,0.000135,0.00012
0.00013,0.000135,0.00012
0.000135,0.000135,0.00012
0.00014,0.000135,0.00012
6.5e-05,0.00014,0.00012
7e-05,0.00014,0.00012
7.5e-05,0.00014,0.00012
8e-05,0.00014,0.00012
8.5e-05,0.00014,0.00012
9e-05,0.00014,0.00012
9.5e-05,0.00014,0.00012
0.0001,0.00014,0.00012
0.000105,0.00014,0.00012
0.00011,0.00014,0.00012
0.000115,0.00014,0.00012
0.00012,0.00014,0.00012
0.000125,0.00014,0.00012
0.00013,0.00014,0.00012
0.000135,0.00014,0.00012
0.00014,0.00014,0.00012
6.5e-05,0.000145,0.00012
7e-05,0.000145,0.00012
7.5e-05,0.000145,0.00012
8e-05,0.000145,0.00012
8.5e-05,0.000145,0.00012
9e-05,0.000145,0.00012
9.5e-05,0.000145,0.00012
0.0001,0.000145,0.00012
0.000105,0.000145,0.00012
0.00011,0.000145,0.00012
0.000115,0.000145,0.00012
0.00012,0.000145,0.00012
0.000125,0.000145,0.00012
0.00013,0.000145,0.00012
0.000135,0.000145,0.00012
0.00014,0.000145,0.00012
6.5e-05,0.00015,0.00012
7e-05,0.00015,0.00012
7.5e-05,0.00015,0.00012
8e-05,0.00015,0.00012
8.5e-05,0.00015,0.00012
9e-05,0.00015,0.00012
9.5e-05,0.00015,0.00012
0.0001,0.00015,0.00012
0.000105,0.00015,0.00012
0.00011,0.00015,0.00012
0.000115,0.00015,0.00012
0.00012,0.00015,0.00012
0.000125,0.00015,0.00012
0.00013,0.00015,0.00012
0.000135,0.00015,0.00012
6.5e-05,0.000155,0.00012
7e-05,0.000155,0.00012
7.5e-05,0.000155,0.00012
8e-05,0.000155,0.00012
8.5e-05,0.000155,0.00012
9e-05,0.000155,0.00012
9.5e-05,0.000155,0.00012
0.0001,0.000155,0.00012
0.000105,0.000155,0.00012
0.00011,0.000155,0.00012
0.000115,0.000155,0.00012
0.00012,0.000155,0.00012
0.000125,0.000155,0.00012
0.00013,0.000155,0.00012
0.000135,0.000155,0.00012
6.5e-05,0.00016,0.00012
7e-05,0.00016,0.00012
7.5e-05,0.00016,0.00012
8e-05,0.00016,0.00012
8.5e-05,0.00016,0.00012
9e-05,0.00016,0.00012
9.5e-05,0.00016,0.00012
0.0001,0.00016,0.00012
0.000105,0.00016,0.00012
0.00011,0.00016,0.00012
0.000115,0.00016,0.00012
0.00012,0.00016,0.00012
0.000125,0.00016,0.00012
0.00013,0.00016,0.00012
0.000135,0.00016,0.00012
6.5e-05,0.000165,0.00012
7e-05,0.000165,0.00012
7.5e-05,0.000165,0.00012
8e-05,0.000165,0.00012
8.5e-05,0.000165,0.00012
9e-05,0.000165,0.00012
9.5e-05,0.000165,0.00012
0.0001,0.000165,0.00012
0.000105,0.000165,0.00012
0.00011,0.000165,0.00012
0.000115,0.000165,0.00012
0.00012,0.000165,0.00012
0.000125,0.000165,0.00012
0.00013,0.000165,0.00012
0.000135,0.000165,0.00012
6.5e-05,0.00017,0.00012
7e-05,0.00017,0.00012
7.5e-05,0.00017,0.00012
8e-05,0.00017,0.00012
8.5e-05,0.00017,0.00012
9e-05,0.00017,0.00012
9.5e-05,0.00017,0.00012
0.0001,0.00017,0.00012
0.000105,0.00017,0.00012
0.00011,0.00017,0.00012
0.000115,0.00017,0.00012
0.00012,0.00017,0.00012
0.000125,0.00017,0.00012
0.00013,0.00017,0.00012
0.000135,0.00017,0.00012
6.5e-05,0.000175,0.00012
7e-05,0.000175,0.00012
7.5e-05,0.000175,0.00012
8e-05,0.000175,0.00012
8.5e-05,0.000175,0.00012
9e-05,0.000175,0.00012
9.5e-05,0.000175,0.00012
0.0001,0.000175,0.00012
0.000105,0.000175,0.00012
0.00011,0.000175,0.00012
0.000115,0.000175,0.00012
0.00012,0.000175,0.00012
0.000125,0.000175,0.00012
0.00013,0.000175,0.00012
0.000135,0.000175,0.00012
6.5e-05,0.00018,0.00012
7e-05,0.00018,0.00012
7.5e-05,0.00018,0.00012
8e-05,0.00018,0.00012
8.5e-05,0.00018,0.00012
9e-05,0.00018,0.00012
9.5e-05,0.00018,0.00012
0.0001,0.00018,0.00012
0.000105,0.00018,0.00012
0.00011,0.00018,0.00012
0.000115,0.00018,0.00012
0.00012,0.00018,0.00012
0.000125,0.00018,0.00012
0.00013,0.00018,0.00012
6e-05,0.000185,0.00012
6.5e-05,0.000185,0.00012
7e-05,0.000185,0.00012
7.5e-05,0.000185,0.00012
8e-05,0.000185,0.00012
8.5e-05,0.000185,0.00012
9e-05,0.000185,0.00012
9.5e-05,0.000185,0.00012
0.0001,0.000185,0.00012
0.000105,0.000185,0.00012
0.00011,0.000185,0.00012
0.000115,0.000185,0.00012
0.00012,0.000185,0.00012
0.000125,0.000185,0.00012
0.00013,0.000185,0.00012
6e-05,0.00019,0.00012
6.5e-05,0.00019,0.00012
7e-05,0.00019,0.00012
7.5e-05,0.00019,0.00012
8e-05,0.00019,0.00012
8.5e-05,0.00019,0.00012
9e-05,0.00019,0.00012
9.5e-05,0.00019,0.00012
0.0001,0.00019,0.00012
0.000105,0.00019,0.00012
0.00011,0.00019,0.00012
0.000115,0.00019,0.00012
0.00012,0.00019,0.00012
0.000125,0.00019,0.00012
0.00013,0.00019,0.00012
6e-05,0.000195,0.00012
6.5e-05,0.000195,0.00012
7e-05,0.000195,0.00012
7.5e-05,0.000195,0.00012
8e-05,0.000195,0.00012
8.5e-05,0.000195,0.00012
9e-05,0.000195,0.00012
9.5e-05,0.000195,0.00012
0.0001,0.000195,0.00012
0.000105,0.000195,0.00012
0.00011,0.000195,0.00012
0.000115,0.000195,0.00012
0.00012,0.000195,0.00012
0.000125,0.000195,0.00012
0.00013,0.000195,0.00012
6.5e-05,0.0002,0.00012
7e-05,0.0002,0.00012
7.5e-05,0.0002,0.00012
8e-05,0.0002,0.00012
8.5e-05,0.0002,0.00012
9e-05,0.0002,0.00012
9.5e-05,0.0002,0.00012
0.0001,0.0002,0.00012
0.000105,0.0002,0.00012
0.00011,0.0002,0.00012
0.000115,0.0002,0.00012
0.00012,0.0002,0.00012
0.000125,0.0002,0.00012
0.00013,0.0002,0.00012
0.000135,0.0002,0.00012
6.5e-05,0.000205,0.00012
7e-05,0.000205,0.00012
7.5e-05,0.000205,0.00012
8e-05,0.000205,0.00012
8.5e-05,0.000205,0.00012
9e-05,0.000205,0.00012
9.5e-05,0.000205,0.00012
0.0001,0.000205,0.00012
0.000105,0.000205,0.00012
0.00011,0.000205,0.00012
0.000115,0.000205,0.00012
0.00012,0.000205,0.00012
0.000125,0.000205,0.00012
0.00013,0.000205,0.00012
0.000135,0.000205,0.00012
6e-05,0.00021,0.00012
6.5e-05,0.00021,0.00012
7e-05,0.00021,0.00012
7.5e-05,0.00021,0.00012
8e-05,0.00021,0.00012
8.5e-05,0.00021,0.00012
9e-05,0.00021,0.00012
9.5e-05,0.00021,0.00012
0.0001,0.00021,0.00012
0.000105,0.00021,0.00012
0.00011,0.00021,0.00012
0.000115,0.00021,0.00012
0.00012,0.00021,0.00012
0.000125,0.00021,0.00012
0.00013,0.00021,0.00012
0.000135,0.00021,0.00012
6e-05,0.000215,0.00012
6.5e-05,0.000215,0.00012
7e-05,0.000215,0.00012
7.5e-05,0.000215,0.00012
8e-05,0.000215,0.00012
8.5e-05,0.000215,0.00012
9e-05,0.000215,0.00012
9.5e-05,0.000215,0.00012
0.0001,0.000215,0.00012
0.000105,0.000215,0.00012
0.00011,0.000215,0.00012
0.000115,0.000215,0.00012
0.00012,0.000215,0.00012
0.000125,0.000215,0.00012
0.00013,0.000215,0.00012
0.000135,0.000215,0.00012
6e-05,0.00022,0.00012
6.5e-05,0.00022,0.00012
7e-05,0.00022,0.00012
7.5e-05,0.00022,0.00012
8e-05,0.00022,0.00012
8.5e-05,0.00022,0.00012
9e-05,0.00022,0.00012
9.5e-05,0.00022,0.00012
0.0001,0.00022,0.00012
0.000105,0.00022,0.00012
0.00011,0.00022,0.00012
0.000115,0.00022,0.00012
0.00012,0.00022,0.00012
0.000125,0.00022,0.00012
0.00013,0.00022,0.00012
0.000135,0.00022,0.00012
6e-05,0.000225,0.00012
6.5e-05,0.000225,0.00012
7e-05,0.000225,0.00012
7.5e-05,0.000225,0.00012
8e-05,0.000225,0.00012
8.5e-05,0.000225,0.00012
9e-05,0.000225,0.00012
9.5e-05,0.000225,0.00012
0.0001,0.000225,0.00012
0.000105,0.000225,0.00012
0.00011,0.000225,0.00012
0.000115,0.000225,0.00012
0.00012,0.000225,0.00012
0.000125,0.000225,0.00012
0.00013,0.000225,0.00012
0.000135,0.000225,0.00012
6e-05,0.00023,0.00012
6.5e-05,0.00023,0.00012
7e-05,0.00023,0.00012
7.5e-05,0.00023,0.00012
8e-05,0.00023,0.00012
8.5e-05,0.00023,0.00012
9e-05,0.00023,0.00012
9.5e-05,0.00023,0.00012
0.0001,0.00023,0.00012
0.000105,0.00023,0.00012
0.00011,0.00023,0.00012
0.000115,0.00023,0.00012
0.00012,0.00023,0.00012
0.000125,0.00023,0.00012
0.00013,0.00023,0.00012
0.000135,0.00023,0.00012
6.5e-05,0.000235,0.00012
7e-05,0.000235,0.00012
7.5e-05,0.000235,0.00012
8e-05,0.000235,0.00012
8.5e-05,0.000235,0.00012
9e-05,0.000235,0.00012
9.5e-05,0.000235,0.00012
0.0001,0.000235,0.00012
0.000105,0.000235,0.00012
0.00011,0.000235,0.00012
0.000115,0.000235,0.00012
0.00012,0.000235,0.00012
0.000125,0.000235,0.00012
0.00013,0.000235,0.00012
0.000135,0.000235,0.00012
6.5e-05,0.00024,0.00012
7e-05,0.00024,0.00012
7.5e-05,0.00024,0.00012
8e-05,0.00024,0.00012
8.5e-05,0.00024,0.00012
9e-05,0.00024,0.00012
9.5e-05,0.00024,0.00012
0.0001,0.00024,0.00012
0.000105,0.00024,0.00012
0.00011,0.00024,0.00012
0.000115,0.00024,0.00012
0.00012,0.00024,0.00012
0.000125,0.00024,0.00012
0.00013,0.00024,0.00012
0.000135,0.00024,0.00012
6.5e-05,0.000245,0.00012
7e-05,0.000245,0.00012
7.5e-05,0.000245,0.00012
8e-05,0.000245,0.00012
8.5e-05,0.000245,0.00012
9e-05,0.000245,0.00012
9.5e-05,0.000245,0.00012
0.0001,0.000245,0.00012
0.000105,0.000245,0.00012
0.00011,0.000245,0.00012
0.000115,0.000245,0.00012
0.00012,0.000245,0.00012
0.000125,0.000245,0.00012
0.00013,0.000245,0.00012
0.000135,0.000245,0.00012
6.5e-05,0.00025,0.00012
7e-05,0.00025,0.00012
7.5e-05,0.00025,0.00012
8e-05,0.00025,0.00012
8.5e-05,0.00025,0.00012
9e-05,0.00025,0.00012
9.5e-05,0.00025,0.00012
0.0001,0.00025,0.00012
0.000105,0.00025,0.00012
0.00011,0.00025,0.00012
0.000115,0.00025,0.00012
0.00012,0.00025,0.00012
0.000125,0.00025,0.00012
0.00013,0.00025,0.00012
0.000135,0.00025,0.00012
6.5e-05,0.000255,0.00012
7e-05,0.000255,0.00012
7.5e-05,0.000255,0.00012
8e-05,0.000255,0.00012
8.5e-05,0.000255,0.00012
9e-05,0.000255,0.00012
9.5e-05,0.000255,0.00012
0.0001,0.000255,0.00012
0.000105,0.000255,0.00012
0.00011,0.000255,0.00012
0.000115,0.000255,0.00012
0.00012,0.000255,0.00012
0.000125,0.000255,0.00012
0.00013,0.000255,0.00012
0.000135,0.000255,0.00012
6.5e-05,0.00026,0.00012
7e-05,0.00026,0.00012
7.5e-05,0.00026,0.00012
8e-05,0.00026,0.00012
8.5e-05,0.00026,0.00012
9e-05,0.00026,0.00012
9.5e-05,0.00026,0.00012
0.0001,0.00026,0.00012
0.000105,0.00026,0.00012
0.00011,0.00026,0.00012
0.000115,0.00026,0.00012
0.00012,0.00026,0.00012
0.000125,0.00026,0.00012
0.00013,0.00026,0.00012
0.000135,0.00026,0.00012
6e-05,0.000265,0.00012
6.5e-05,0.000265,0.00012
7e-05,0.000265,0.00012
7.5e-05,0.000265,0.00012
8e-05,0.000265,0.00012
8.5e-05,0.000265,0.00012
9e-05,0.000265,0.00012
9.5e-05,0.000265,0.00012
0.0001,0.000265,0.00012
0.000105,0.000265,0.00012
0.00011,0.000265,0.00012
0.000115,0.000265,0.00012
0.00012,0.000265,0.00012
0.000125,0.000265,0.00012
0.00013,0.000265,0.00012
0.000135,0.000265,0.00012
6e-05,0.00027,0.00012
6.5e-05,0.00027,0.00012
7e-05,0.00027,0.00012
7.5e-05,0.00027,0.00012
8e-05,0.00027,0.00012
8.5e-05,0.00027,0.00012
9e-05,0.00027,0.00012
9.5e-05,0.00027,0.00012
0.0001,0.00027,0.00012
0.000105,0.00027,0.00012
0.00011,0.00027,0.00012
0.000115,0.00027,0.00012
0.00012,0.00027,0.00012
0.000125,0.00027,0.00012
0.00013,0.00027,0.00012
0.000135,0.00027,0.00012
6e-05,0.000275,0.00012
6.5e-05,0.000275,0.00012
7e-05,0.000275,0.00012
7.5e-05,0.000275,0.00012
8e-05,0.000275,0.00012
8.5e-05,0.000275,0.00012
9e-05,0.000275,0.00012
9.5e-05,0.000275,0.00012
0.0001,0.000275,0.00012
0.000105,0.000275,0.00012
0.00011,0.000275,0.00012
0.000115,0.000275,0.00012
0.00012,0.000275,0.00012
0.000125,0.000275,0.00012
0.00013,0.000275,0.00012
0.000135,0.000275,0.00012
6e-05,0.00028,0.00012
6.5e-05,0.00028,0.00012
7e-05,0.00028,0.00012
7.5e-05,0.00028,0.00012
8e-05,0.00028,0.00012
8.5e-05,0.00028,0.00012
9e-05,0.00028,0.00012
9.5e-05,0.00028,0.00012
0.0001,0.00028,0.00012
0.000105,0.00028,0.00012
0.00011,0.00028,0.00012
0.000115,0.00028,0.00012
0.00012,0.00028,0.00012
0.000125,0.00028,0.00012
0.00013,0.00028,0.00012
0.000135,0.00028,0.00012
6e-05,0.000285,0.00012
6.5e-05,0.000285,0.00012
7e-05,0.000285,0.00012
7.5e-05,0.000285,0.00012
8e-05,0.000285,0.00012
8.5e-05,0.000285,0.00012
9e-05,0.000285,0.00012
9.5e-05,0.000285,0.00012
0.0001,0.000285,0.00012
0.000105,0.000285,0.00012
0.00011,0.000285,0.00012
0.000115,0.000285,0.00012
0.00012,0.000285,0.00012
0.000125,0.000285,0.00012
0.00013,0.000285,0.00012
0.000135,0.000285,0.00012
6e-05,0.00029,0.00012
6.5e-05,0.00029,0.00012
7e-05,0.00029,0.00012
7.5e-05,0.00029,0.00012
8e-05,0.00029,0.00012
8.5e-05,0.00029,0.00012
9e-05,0.00029,0.00012
9.5e-05,0.00029,0.00012
0.0001,0.00029,0.00012
0.000105,0.00029,0.00012
0.00011,0.00029,0.00012
0.000115,0.00029,0.00012
0.00012,0.00029,0.00012
0.000125,0.00029,0.00012
0.00013,0.00029,0.00012
0.000135,0.00029,0.00012
6e-05,0.000295,0.00012
6.5e-05,0.000295,0.00012
7e-05,0.000295,0.00012
7.5e-05,0.000295,0.00012
8e-05,0.000295,0.00012
8.5e-05,0.000295,0.00012
9e-05,0.000295,0.00012
9.5e-05,0.000295,0.00012
0.0001,0.000295,0.00012
0.000105,0.000295,0.00012
0.00011,0.000295,0.00012
0.000115,0.000295,0.00012
0.00012,0.000295,0.00012
0.000125,0.000295,0.00012
0.00013,0.000295,0.00012
0.000135,0.000295,0.00012
6e-05,0.0003,0.00012
6.5e-05,0.0003,0.00012
7e-05,0.0003,0.00012
7.5e-05,0.0003,0.00012
8e-05,0.0003,0.00012
8.5e-05,0.0003,0.00012
9e-05,0.0003,0.00012
9.5e-05,0.0003,0.00012
0.0001,0.0003,0.00012
0.000105,0.0003,0.00012
0.00011,0.0003,0.00012
0.000115,0.0003,0.00012
0.00012,0.0003,0.00012
0.000125,0.0003,0.00012
0.00013,0.0003,0.00012
0.000135,0.0003,0.00012
6e-05,0.000305,0.00012
6.5e-05,0.000305,0.00012
7e-05,0.000305,0.00012
7.5e-05,0.000305,0.00012
8e-05,0.000305,0.00012
8.5e-05,0.000305,0.00012
9e-05,0.000305,0.00012
9.5e-05,0.000305,0.00012
0.0001,0.000305,0.00012
0.000105,0.000305,0.00012
0.00011,0.000305,0.00012
0.000115,0.000305,0.00012
0.00012,0.000305,0.00012
0.000125,0.000305,0.00012
0.00013,0.000305,0.00012
0.000135,0.000305,0.00012
6.5e-05,0.00031,0.00012
7e-05,0.00031,0.00012
7.5e-05,0.00031,0.00012
8e-05,0.00031,0.00012
8.5e-05,0.00031,0.00012
9e-05,0.00031,0.00012
9.5e-05,0.00031,0.00012
0.0001,0.00031,0.00012
0.000105,0.00031,0.00012
0.00011,0.00031,0.00012
0.000115,0.00031,0.00012
0.00012,0.00031,0.00012
0.000125,0.00031,0.00012
0.00013,0.00031,0.00012
0.000135,0.00031,0.00012
6.5e-05,0.000315,0.00012
7e-05,0.000315,0.00012
7.5e-05,0.000315,0.00012
8e-05,0.000315,0.00012
8.5e-05,0.000315,0.00012
9e-05,0.000315,0.00012
9.5e-05,0.000315,0.00012
0.0001,0.000315,0.00012
0.000105,0.000315,0.00012
0.00011,0.000315,0.00012
0.000115,0.000315,0.00012
0.00012,0.000315,0.00012
0.000125,0.000315,0.00012
0.00013,0.000315,0.00012
0.000135,0.000315,0.00012
6.5e-05,0.00032,0.00012
7e-05,0.00032,0.00012
7.5e-05,0.00032,0.00012
8e-05,0.00032,0.00012
8.5e-05,0.00032,0.00012
9e-05,0.00032,0.00012
9.5e-05,0.00032,0.00012
0.0001,0.00032,0.00012
0.000105,0.00032,0.00012
0.00011,0.00032,0.00012
0.000115,0.00032,0.00012
0.00012,0.00032,0.00012
0.000125,0.00032,0.00012
0.00013,0.00032,0.00012
0.000135,0.00032,0.00012
6.5e-05,0.000325,0.00012
7e-05,0.000325,0.00012
7.5e-05,0.000325,0.00012
8e-05,0.000325,0.00012
8.5e-05,0.000325,0.00012
9e-05,0.000325,0.00012
9.5e-05,0.000325,0.00012
0.0001,0.000325,0.00012
0.000105,0.000325,0.00012
0.00011,0.000325,0.00012
0.000115,0.000325,0.00012
0.00012,0.000325,0.00012
0.000125,0.000325,0.00012
0.00013,0.000325,0.00012
0.000135,0.000325,0.00012
6.5e-05,0.00033,0.00012
7e-05,0.00033,0.00012
7.5e-05,0.00033,0.00012
8e-05,0.00033,0.00012
8.5e-05,0.00033,0.00012
9e-05,0.00033,0.00012
9.5e-05,0.00033,0.00012
0.0001,0.00033,0.00012
0.000105,0.00033,0.00012
0.00011,0.00033,0.00012
0.000115,0.00033,0.00012
0.00012,0.00033,0.00012
0.000125,0.00033,0.00012
0.00013,0.00033,0.00012
0.000135,0.00033,0.00012
6e-05,0.000335,0.00012
6.5e-05,0.000335,0.00012
7e-05,0.000335,0.00012
7.5e-05,0.000335,0.00012
8e-05,0.000335,0.00012
8.5e-05,0.000335,0.00012
9e-05,0.000335,0.00012
9.5e-05,0.000335,0.00012
0.0001,0.000335,0.00012
0.000105,0.000335,0.00012
0.00011,0.000335,0.00012
0.000115,0.000335,0.00012
0.00012,0.000335,0.00012
0.000125,0.000335,0.00012
0.00013,0.000335,0.00012
0.000135,0.000335,0.00012
6e-05,0.00034,0.00012
6.5e-05,0.00034,0.00012
7e-05,0.00034,0.00012
7.5e-05,0.00034,0.00012
8e-05,0.00034,0.00012
8.5e-05,0.00034,0.00012
9e-05,0.00034,0.00012
9.5e-05,0.00034,0.00012
0.0001,0.00034,0.00012
0.000105,0.00034,0.00012
0.00011,0.00034,0.00012
0.000115,0.00034,0.00012
0.00012,0.00034,0.00012
0.000125,0.00034,0.00012
0.00013,0.00034,0.00012
0.000135,0.00034,0.00012
6e-05,0.000345,0.00012
6.5e-05,0.000345,0.00012
7e-05,0.000345,0.00012
7.5e-05,0.000345,0.00012
8e-05,0.000345,0.00012
8.5e-05,0.000345,0.00012
9e-05,0.000345,0.00012
9.5e-05,0.000345,0.00012
0.0001,0.000345,0.00012
0.000105,0.000345,0.00012
0.00011,0.000345,0.00012
0.000115,0.000345,0.00012
0.00012,0.000345,0.00012
0.000125,0.000345,0.00012
0.00013,0.000345,0.00012
0.000135,0.000345,0.00012
6e-05,0.00035,0.00012
6.5e-05,0.00035,0.00012
7e-05,0.00035,0.00012
7.5e-05,0.00035,0.00012
8e-05,0.00035,0.00012
8.5e-05,0.00035,0.00012
9e-05,0.00035,0.00012
9.5e-05,0.00035,0.00012
0.0001,0.00035,0.00012
0.000105,0.00035,0.00012
0.00011,0.00035,0.00012
0.000115,0.00035,0.00012
0.00012,0.00035,0.00012
0.000125,0.00035,0.00012
0.00013,0.00035,0.00012
0.000135,0.00035,0.00012
6e-05,0.000355,0.00012
6.5e-05,0.000355,0.00012
7e-05,0.000355,0.00012
7.5e-05,0.000355,0.00012
8e-05,0.000355,0.00012
8.5e-05,0.000355,0.00012
9e-05,0.000355,0.00012
9.5e-05,0.000355,0.00012
0.0001,0.000355,0.00012
0.000105,0.000355,0.00012
0.00011,0.000355,0.00012
0.000115,0.000355,0.00012
0.00012,0.000355,0.00012
0.000125,0.000355,0.00012
0.00013,0.000355,0.00012
0.000135,0.000355,0.00012
6e-05,0.00036,0.00012
6.5e-05,0.00036,0.00012
7e-05,0.00036,0.00012
7.5e-05,0.00036,0.00012
8e-05,0.00036,0.00012
8.5e-05,0.00036,0.00012
9e-05,0.00036,0.00012
9.5e-05,0.00036,0.00012
0.0001,0.00036,0.00012
0.000105,0.00036,0.00012
0.00011,0.00036,0.00012
0.000115,0.00036,0.00012
0.00012,0.00036,0.00012
0.000125,0.00036,0.00012
0.00013,0.00036,0.00012
0.000135,0.00036,0.00012
6e-05,0.000365,0.00012
6.5e-05,0.000365,0.00012
7e-05,0.000365,0.00012
7.5e-05,0.000365,0.00012
8e-05,0.000365,0.00012
8.5e-05,0.000365,0.00012
9e-05,0.000365,0.00012
9.5e-05,0.000365,0.00012
0.0001,0.000365,0.00012
0.000105,0.000365,0.00012
0.00011,0.000365,0.00012
0.000115,0.000365,0.00012
0.00012,0.000365,0.00012
0.000125,0.000365,0.00012
0.00013,0.000365,0.00012
0.000135,0.000365,0.00012
6.5e-05,0.00037,0.00012
7e-05,0.00037,0.00012
7.5e-05,0.00037,0.00012
8e-05,0.00037,0.00012
8.5e-05,0.00037,0.00012
9e-05,0.00037,0.00012
9.5e-05,0.00037,0.00012
0.0001,0.00037,0.00012
0.000105,0.00037,0.00012
0.00011,0.00037,0.00012
0.000115,0.00037,0.00012
0.00012,0.00037,0.00012
0.000125,0.00037,0.00012
0.00013,0.00037,0.00012
0.000135,0.00037,0.00012
6.5e-05,0.000375,0.00012
7e-05,0.000375,0.00012
7.5e-05,0.000375,0.00012
8e-05,0.000375,0.00012
8.5e-05,0.000375,0.00012
9e-05,0.000375,0.00012
9.5e-05,0.000375,0.00012
0.0001,0.000375,0.00012
0.000105,0.000375,0.00012
0.00011,0.000375,0.00012
0.000115,0.000375,0.00012
0.00012,0.000375,0.00012
0.000125,0.000375,0.00012
0.00013,0.000375,0.00012
0.000135,0.000375,0.00012
6.5e-05,0.00038,0.00012
7e-05,0.00038,0.00012
7.5e-05,0.00038,0.00012
8e-05,0.00038,0.00012
8.5e-05,0.00038,0.00012
9e-05,0.00038,0.00012
9.5e-05,0.00038,0.00012
0.0001,0.00038,0.00012
0.000105,0.00038,0.00012
0.00011,0.00038,0.00012
0.000115,0.00038,0.00012
0.00012,0.00038,0.00012
0.000125,0.00038,0.00012
0.00013,0.00038,0.00012
0.000135,0.00038,0.00012
6.5e-05,0.000385,0.00012
7e-05,0.000385,0.00012
7.5e-05,0.000385,0.00012
8e-05,0.000385,0.00012
8.5e-05,0.000385,0.00012
9e-05,0.000385,0.00012
9.5e-05,0.000385,0.00012
0.0001,0.000385,0.00012
0.000105,0.000385,0.00012
0.00011,0.000385,0.00012
0.000115,0.000385,0.00012
0.00012,0.000385,0.00012
0.000125,0.000385,0.00012
0.00013,0.000385,0.00012
0.000135,0.000385,0.00012
6.5e-05,0.00039,0.00012
7e-05,0.00039,0.00012
7.5e-05,0.00039,0.00012
8e-05,0.00039,0.00012
8.5e-05,0.00039,0.00012
9e-05,0.00039,0.00012
9.5e-05,0.00039,0.00012
0.0001,0.00039,0.00012
0.000105,0.00039,0.00012
0.00011,0.00039,0.00012
0.000115,0.00039,0.00012
0.00012,0.00039,0.00012
0.000125,0.00039,0.00012
0.00013,0.00039,0.00012
0.000135,0.00039,0.00012
0.00014,0.00039,0.00012
6.5e-05,0.000395,0.00012
7e-05,0.000395,0.00012
7.5e-05,0.000395,0.00012
8e-05,0.000395,0.00012
8.5e-05,0.000395,0.00012
9e-05,0.000395,0.00012
9.5e-05,0.000395,0.00012
0.0001,0.000395,0.00012
0.000105,0.000395,0.00012
0.00011,0.000395,0.00012
0.000115,0.000395,0.00012
0.00012,0.000395,0.00012
0.000125,0.000395,0.00012
0.00013,0.000395,0.00012
0.000135,0.000395,0.00012
0.00014,0.000395,0.00012
6.5e-05,0.0004,0.00012
7e-05,0.0004,0.00012
7.5e-05,0.0004,0.00012
8e-05,0.0004,0.00012
8.5e-05,0.0004,0.00012
9e-05,0.0004,0.00012
9.5e-05,0.0004,0.00012
0.0001,0.0004,0.00012
0.000105,0.0004,0.00012
0.00011,0.0004,0.00012
0.000115,0.0004,0.00012
0.00012,0.0004,0.00012
0.000125,0.0004,0.00012
0.00013,0.0004,0.00012
0.000135,0.0004,0.00012
0.00014,0.0004,0.00012
0.000145,0.0004,0.00012
6.5e-05,0.000405,0.00012
7e-05,0.000405,0.00012
7.5e-05,0.000405,0.00012
8e-05,0.000405,0.00012
8.5e-05,0.000405,0.00012
9e-05,0.000405,0.00012
9.5e-05,0.000405,0.00012
0.0001,0.000405,0.00012
0.000105,0.000405,0.00012
0.00011,0.000405,0.00012
0.000115,0.000405,0.00012
0.00012,0.000405,0.00012
0.000125,0.000405,0.00012
0.00013,0.000405,0.00012
0.000135,0.000405,0.00012
0.00014,0.000405,0.00012
0.000145,0.000405,0.00012
6.5e-05,0.00041,0.00012
7e-05,0.00041,0.00012
7.5e-05,0.00041,0.00012
8e-05,0.00041,0.00012
8.5e-05,0.00041,0.00012
9e-05,0.00041,0.00012
9.5e-05,0.00041,0.00012
0.0001,0.00041,0.00012
0.000105,0.00041,0.00012
0.00011,0.00041,0.00012
0.000115,0.00041,0.00012
0.00012,0.00041,0.00012
0.000125,0.00041,0.00012
0.00013,0.00041,0.00012
0.000135,0.00041,0.00012
0.00014,0.00041,0.00012
0.000145,0.00041,0.00012
6.5e-05,0.000415,0.00012
7e-05,0.000415,0.00012
7.5e-05,0.000415,0.00012
8e-05,0.000415,0.00012
8.5e-05,0.000415,0.00012
9e-05,0.000415,0.00012
9.5e-05,0.000415,0.00012
0.0001,0.000415,0.00012
0.000105,0.000415,0.00012
0.00011,0.000415,0.00012
0.000115,0.000415,0.00012
0.00012,0.000415,0.00012
0.000125,0.000415,0.00012
0.00013,0.000415,0.00012
0.000135,0.000415,0.00012
0.00014,0.000415,0.00012
0.000145,0.000415,0.00012
6.5e-05,0.00042,0.00012
7e-05,0.00042,0.00012
7.5e-05,0.00042,0.00012
8e-05,0.00042,0.00012
8.5e-05,0.00042,0.00012
9e-05,0.00042,0.00012
9.5e-05,0.00042,0.00012
0.0001,0.00042,0.00012
0.000105,0.00042,0.00012
0.00011,0.00042,0.00012
0.000115,0.00042,0.00012
0.00012,0.00042,0.00012
0.000125,0.00042,0.00012
0.00013,0.00042,0.00012
0.000135,0.00042,0.00012
0.00014,0.00042,0.00012
0.000145,0.00042,0.00012
6.5e-05,0.000425,0.00012
7e-05,0.000425,0.00012
7.5e-05,0.000425,0.00012
8e-05,0.000425,0.00012
8.5e-05,0.000425,0.00012
9e-05,0.000425,0.00012
9.5e-05,0.000425,0.00012
0.0001,0.000425,0.00012
0.000105,0.000425,0.00012
0.00011,0.000425,0.00012
0.000115,0.000425,0.00012
0.00012,0.000425,0.00012
0.000125,0.000425,0.00012
0.00013,0.000425,0.00012
0.000135,0.000425,0.00012
0.00014,0.000425,0.00012
6.5e-05,0.00043,0.00012
7e-05,0.00043,0.00012
7.5e-05,0.00043,0.00012
8e-05,0.00043,0.00012
8.5e-05,0.00043,0.00012
9e-05,0.00043,0.00012
9.5e-05,0.00043,0.00012
0.0001,0.00043,0.00012
0.000105,0.00043,0.00012
0.00011,0.00043,0.00012
0.000115,0.00043,0.00012
0.00012,0.00043,0.00012
0.000125,0.00043,0.00012
0.00013,0.00043,0.00012
0.000135,0.00043,0.00012
0.00014,0.00043,0.00012
6.5e-05,0.000435,0.00012
7e-05,0.000435,0.00012
7.5e-05,0.000435,0.00012
8e-05,0.000435,0.00012
8.5e-05,0.000435,0.00012
9e-05,0.000435,0.00012
9.5e-05,0.000435,0.00012
0.0001,0.000435,0.00012
0.000105,0.000435,0.00012
0.00011,0.000435,0.00012
0.000115,0.000435,0.00012
0.00012,0.000435,0.00012
0.000125,0.000435,0.00012
0.00013,0.000435,0.00012
0.000135,0.000435,0.00012
6.5e-05,0.00044,0.00012
7e-05,0.00044,0.00012
7.5e-05,0.00044,0.00012
8e-05,0.00044,0.00012
8.5e-05,0.00044,0.00012
9e-05,0.00044,0.00012
9.5e-05,0.00044,0.00012
0.0001,0.00044,0.00012
0.000105,0.00044,0.00012
0.00011,0.00044,0.00012
0.000115,0.00044,0.00012
0.00012,0.00044,0.00012
0.000125,0.00044,0.00012
0.00013,0.00044,0.00012
0.000135,0.00044,0.00012
6.5e-05,0.000445,0.00012
7e-05,0.000445,0.00012
7.5e-05,0.000445,0.00012
8e-05,0.000445,0.00012
8.5e-05,0.000445,0.00012
9e-05,0.000445,0.00012
9.5e-05,0.000445,0.00012
0.0001,0.000445,0.00012
0.000105,0.000445,0.00012
0.00011,0.000445,0.00012
0.000115,0.000445,0.00012
0.00012,0.000445,0.00012
0.000125,0.000445,0.00012
0.00013,0.000445,0.00012
0.000135,0.000445,0.00012
6.5e-05,0.00045,0.00012
7e-05,0.00045,0.00012
7.5e-05,0.00045,0.00012
8e-05,0.00045,0.00012
8.5e-05,0.00045,0.00012
9e-05,0.00045,0.00012
9.5e-05,0.00045,0.00012
0.0001,0.00045,0.00012
0.000105,0.00045,0.00012
0.00011,0.00045,0.00012
0.000115,0.00045,0.00012
0.00012,0.00045,0.00012
0.000125,0.00045,0.00012
0.00013,0.00045,0.00012
0.000135,0.00045,0.00012
0.00014,0.00045,0.00012
6.5e-05,0.000455,0.00012
7e-05,0.000455,0.00012
7.5e-05,0.000455,0.00012
8e-05,0.000455,0.00012
8.5e-05,0.000455,0.00012
9e-05,0.000455,0.00012
9.5e-05,0.000455,0.00012
0.0001,0.000455,0.00012
0.000105,0.000455,0.00012
0.00011,0.000455,0.00012
0.000115,0.000455,0.00012
0.00012,0.000455,0.00012
0.000125,0.000455,0.00012
0.00013,0.000455,0.00012
0.000135,0.000455,0.00012
0.00014,0.000455,0.00012
6.5e-05,0.00046,0.00012
7e-05,0.00046,0.00012
7.5e-05,0.00046,0.00012
8e-05,0.00046,0.00012
8.5e-05,0.00046,0.00012
9e-05,0.00046,0.00012
9.5e-05,0.00046,0.00012
0.0001,0.00046,0.00012
0.000105,0.00046,0.00012
0.00011,0.00046,0.00012
0.000115,0.00046,0.00012
0.00012,0.00046,0.00012
0.000125,0.00046,0.00012
0.00013,0.00046,0.00012
0.000135,0.00046,0.00012
0.00014,0.00046,0.00012
6.5e-05,0.000465,0.00012
7e-05,0.000465,0.00012
7.5e-05,0.000465,0.00012
8e-05,0.000465,0.00012
8.5e-05,0.000465,0.00012
9e-05,0.000465,0.00012
9.5e-05,0.000465,0.00012
0.0001,0.000465,0.00012
0.000105,0.000465,0.00012
0.00011,0.000465,0.00012
0.000115,0.000465,0.00012
0.00012,0.000465,0.00012
0.000125,0.000465,0.00012
0.00013,0.000465,0.00012
0.000135,0.000465,0.00012
6.5e-05,0.00047,0.00012
7e-05,0.00047,0.00012
7.5e-05,0.00047,0.00012
8e-05,0.00047,0.00012
8.5e-05,0.00047,0.00012
9e-05,0.00047,0.00012
9.5e-05,0.00047,0.00012
0.0001,0.00047,0.00012
0.000105,0.00047,0.00012
0.00011,0.00047,0.00012
0.000115,0.00047,0.00012
0.00012,0.00047,0.00012
0.000125,0.00047,0.00012
0.00013,0.00047,0.00012
0.000135,0.00047,0.00012
6.5e-05,0.000475,0.00012
7e-05,0.000475,0.00012
7.5e-05,0.000475,0.00012
8e-05,0.000475,0.00012
8.5e-05,0.000475,0.00012
9e-05,0.000475,0.00012
9.5e-05,0.000475,0.00012
0.0001,0.000475,0.00012
0.000105,0.000475,0.00012
0.00011,0.000475,0.00012
0.000115,0.000475,0.00012
0.00012,0.000475,0.00012
0.000125,0.000475,0.00012
0.00013,0.000475,0.00012
0.000135,0.000475,0.00012
6.5e-05,0.00048,0.00012
7e-05,0.00048,0.00012
7.5e-05,0.00048,0.00012
8e-05,0.00048,0.00012
8.5e-05,0.00048,0.00012
9e-05,0.00048,0.00012
9.5e-05,0.00048,0.00012
0.0001,0.00048,0.00012
0.000105,0.00048,0.00012
0.00011,0.00048,0.00012
0.000115,0.00048,0.00012
0.00012,0.00048,0.00012
0.000125,0.00048,0.00012
0.00013,0.00048,0.00012
0.000135,0.00048,0.00012
6.5e-05,0.000485,0.00012
7e-05,0.000485,0.00012
7.5e-05,0.000485,0.00012
8e-05,0.000485,0.00012
8.5e-05,0.000485,0.00012
9e-05,0.000485,0.00012
9.5e-05,0.000485,0.00012
0.0001,0.000485,0.00012
0.000105,0.000485,0.00012
0.00011,0.000485,0.00012
0.000115,0.000485,0.00012
0.00012,0.000485,0.00012
0.000125,0.000485,0.00012
0.00013,0.000485,0.00012
0.000135,0.000485,0.00012
6.5e-05,0.00049,0.00012
7e-05,0.00049,0.00012
7.5e-05,0.00049,0.00012
8e-05,0.00049,0.00012
8.5e-05,0.00049,0.00012
9e-05,0.00049,0.00012
9.5e-05,0.00049,0.00012
0.0001,0.00049,0.00012
0.000105,0.00049,0.00012
0.00011,0.00049,0.00012
0.000115,0.00049,0.00012
0.00012,0.00049,0.00012
0.000125,0.00049,0.00012
0.00013,0.00049,0.00012
0.000135,0.00049,0.00012
6.5e-05,0.000495,0.00012
7e-05,0.000495,0.00012
7.5e-05,0.000495,0.00012
8e-05,0.000495,0.00012
8.5e-05,0.000495,0.00012
9e-05,0.000495,0.00012
9.5e-05,0.000495,0.00012
0.0001,0.000495,0.00012
0.000105,0.000495,0.00012
0.00011,0.000495,0.00012
0.000115,0.000495,0.00012
0.00012,0.000495,0.00012
0.000125,0.000495,0.00012
0.00013,0.000495,0.00012
0.000135,0.000495,0.00012
0.00014,0.000495,0.00012
6e-05,0.0005,0.00012
6.5e-05,0.0005,0.00012
7e-05,0.0005,0.00012
7.5e-05,0.0005,0.00012
8e-05,0.0005,0.00012
8.5e-05,0.0005,0.00012
9e-05,0.0005,0.00012
9.5e-05,0.0005,0.00012
0.0001,0.0005,0.00012
0.000105,0.0005,0.00012
0.00011,0.0005,0.00012
0.000115,0.0005,0.00012
0.00012,0.0005,0.00012
0.000125,0.0005,0.00012
0.00013,0.0005,0.00012
0.000135,0.0005,0.00012
0.00014,0.0005,0.00012
6e-05,0.000505,0.00012
6.5e-05,0.000505,0.00012
7e-05,0.000505,0.00012
7.5e-05,0.000505,0.00012
8e-05,0.000505,0.00012
8.5e-05,0.000505,0.00012
9e-05,0.000505,0.00012
9.5e-05,0.000505,0.00012
0.0001,0.000505,0.00012
0.000105,0.000505,0.00012
0.00011,0.000505,0.00012
0.000115,0.000505,0.00012
0.00012,0.000505,0.00012
0.000125,0.000505,0.00012
0.00013,0.000505,0.00012
0.000135,0.000505,0.00012
6.5e-05,0.00051,0.00012
7e-05,0.00051,0.00012
7.5e-05,0.00051,0.00012
8e-05,0.00051,0.00012
8.5e-05,0.00051,0.00012
9e-05,0.00051,0.00012
9.5e-05,0.00051,0.00012
0.0001,0.00051,0.00012
0.000105,0.00051,0.00012
0.00011,0.00051,0.00012
0.000115,0.00051,0.00012
0.00012,0.00051,0.00012
0.000125,0.00051,0.00012
0.00013,0.00051,0.00012
0.000135,0.00051,0.00012
6.5e-05,0.000515,0.00012
7e-05,0.000515,0.00012
7.5e-05,0.000515,0.00012
8e-05,0.000515,0.00012
8.5e-05,0.000515,0.00012
9e-05,0.000515,0.00012
9.5e-05,0.000515,0.00012
0.0001,0.000515,0.00012
0.000105,0.000515,0.00012
0.00011,0.000515,0.00012
0.000115,0.000515,0.00012
0.00012,0.000515,0.00012
0.000125,0.000515,0.00012
0.00013,0.000515,0.00012
0.000135,0.000515,0.00012
6.5e-05,0.00052,0.00012
7e-05,0.00052,0.00012
7.5e-05,0.00052,0.00012
8e-05,0.00052,0.00012
8.5e-05,0.00052,0.00012
9e-05,0.00052,0.00012
9.5e-05,0.00052,0.00012
0.0001,0.00052,0.00012
0.000105,0.00052,0.00012
0.00011,0.00052,0.00012
0.000115,0.00052,0.00012
0.00012,0.00052,0.00012
0.000125,0.00052,0.00012
0.00013,0.00052,0.00012
0.000135,0.00052,0.00012
6.5e-05,0.000525,0.00012
7e-05,0.000525,0.00012
7.5e-05,0.000525,0.00012
8e-05,0.000525,0.00012
8.5e-05,0.000525,0.00012
9e-05,0.000525,0.00012
9.5e-05,0.000525,0.00012
0.0001,0.000525,0.00012
0.000105,0.000525,0.00012
0.00011,0.000525,0.00012
0.000115,0.000525,0.00012
0.00012,0.000525,0.00012
0.000125,0.000525,0.00012
0.00013,0.000525,0.00012
0.000135,0.000525,0.00012
0.00014,0.000525,0.00012
6.5e-05,0.00053,0.00012
7e-05,0.00053,0.00012
7.5e-05,0.00053,0.00012
8e-05,0.00053,0.00012
8.5e-05,0.00053,0.00012
9e-05,0.00053,0.00012
9.5e-05,0.00053,0.00012
0.0001,0.00053,0.00012
0.000105,0.00053,0.00012
0.00011,0.00053,0.00012
0.000115,0.00053,0.00012
0.00012,0.00053,0.00012
0.000125,0.00053,0.00012
0.00013,0.00053,0.00012
0.000135,0.00053,0.00012
0.00014,0.00053,0.00012
6e-05,0.000535,0.00012
6.5e-05,0.000535,0.00012
7e-05,0.000535,0.00012
7.5e-05,0.000535,0.00012
8e-05,0.000535,0.00012
8.5e-05,0.000535,0.00012
9e-05,0.000535,0.00012
9.5e-05,0.000535,0.00012
0.0001,0.000535,0.00012
0.000105,0.000535,0.00012
0.00011,0.000535,0.00012
0.000115,0.000535,0.00012
0.00012,0.000535,0.00012
0.000125,0.000535,0.00012
0.00013,0.000535,0.00012
0.000135,0.000535,0.00012
0.00014,0.000535,0.00012
6e-05,0.00054,0.00012
6.5e-05,0.00054,0.00012
7e-05,0.00054,0.00012
7.5e-05,0.00054,0.00012
8e-05,0.00054,0.00012
8.5e-05,0.00054,0.00012
9e-05,0.00054,0.00012
9.5e-05,0.00054,0.00012
0.0001,0.00054,0.00012
0.000105,0.00054,0.00012
0.00011,0.00054,0.00012
0.000115,0.00054,0.00012
0.00012,0.00054,0.00012
0.000125,0.00054,0.00012
0.00013,0.00054,0.00012
0.000135,0.00054,0.00012
0.00014,0.00054,0.00012
6.5e-05,0.000545,0.00012
7e-05,0.000545,0.00012
7.5e-05,0.000545,0.00012
8e-05,0.000545,0.00012
8.5e-05,0.000545,0.00012
9e-05,0.000545,0.00012
9.5e-05,0.000545,0.00012
0.0001,0.000545,0.00012
0.000105,0.000545,0.00012
0.00011,0.000545,0.00012
0.000115,0.000545,0.00012
0.00012,0.000545,0.00012
0.000125,0.000545,0.00012
0.00013,0.000545,0.00012
0.000135,0.000545,0.00012
0.00014,0.000545,0.00012
6.5e-05,0.00055,0.00012
7e-05,0.00055,0.00012
7.5e-05,0.00055,0.00012
8e-05,0.00055,0.00012
8.5e-05,0.00055,0.00012
9e-05,0.00055,0.00012
9.5e-05,0.00055,0.00012
0.0001,0.00055,0.00012
0.000105,0.00055,0.00012
0.00011,0.00055,0.00012
0.000115,0.00055,0.00012
0.00012,0.00055,0.00012
0.000125,0.00055,0.00012
0.00013,0.00055,0.00012
0.000135,0.00055,0.00012
6.5e-05,0.000555,0.00012
7e-05,0.000555,0.00012
7.5e-05,0.000555,0.00012
8e-05,0.000555,0.00012
8.5e-05,0.000555,0.00012
9e-05,0.000555,0.00012
9.5e-05,0.000555,0.00012
0.0001,0.000555,0.00012
0.000105,0.000555,0.00012
0.00011,0.000555,0.00012
0.000115,0.000555,0.00012
0.00012,0.000555,0.00012
0.000125,0.000555,0.00012
0.00013,0.000555,0.00012
0.000135,0.000555,0.00012
6.5e-05,0.00056,0.00012
7e-05,0.00056,0.00012
7.5e-05,0.00056,0.00012
8e-05,0.00056,0.00012
8.5e-05,0.00056,0.00012
9e-05,0.00056,0.00012
9.5e-05,0.00056,0.00012
0.0001,0.00056,0.00012
0.000105,0.00056,0.00012
0.00011,0.00056,0.00012
0.000115,0.00056,0.00012
0.00012,0.00056,0.00012
0.000125,0.00056,0.00012
0.00013,0.00056,0.00012
0.000135,0.00056,0.00012
6.5e-05,0.000565,0.00012
7e-05,0.000565,0.00012
7.5e-05,0.000565,0.00012
8e-05,0.000565,0.00012
8.5e-05,0.000565,0.00012
9e-05,0.000565,0.00012
9.5e-05,0.000565,0.00012
0.0001,0.000565,0.00012
0.000105,0.000565,0.00012
0.00011,0.000565,0.00012
0.000115,0.000565,0.00012
0.00012,0.000565,0.00012
0.000125,0.000565,0.00012
0.00013,0.000565,0.00012
0.000135,0.000565,0.00012
6.5e-05,0.00057,0.00012
7e-05,0.00057,0.00012
7.5e-05,0.00057,0.00012
8e-05,0.00057,0.00012
8.5e-05,0.00057,0.00012
9e-05,0.00057,0.00012
9.5e-05,0.00057,0.00012
0.0001,0.00057,0.00012
0.000105,0.00057,0.00012
0.00011,0.00057,0.00012
0.000115,0.00057,0.00012
0.00012,0.00057,0.00012
0.000125,0.00057,0.00012
0.00013,0.00057,0.00012
0.000135,0.00057,0.00012
6.5e-05,0.000575,0.00012
7e-05,0.000575,0.00012
7.5e-05,0.000575,0.00012
8e-05,0.000575,0.00012
8.5e-05,0.000575,0.00012
9e-05,0.000575,0.00012
9.5e-05,0.000575,0.00012
0.0001,0.000575,0.00012
0.000105,0.000575,0.00012
0.00011,0.000575,0.00012
0.000115,0.000575,0.00012
0.00012,0.000575,0.00012
0.000125,0.000575,0.00012
0.00013,0.000575,0.00012
0.000135,0.000575,0.00012
6.5e-05,0.00058,0.00012
7e-05,0.00058,0.00012
7.5e-05,0.00058,0.00012
8e-05,0.00058,0.00012
8.5e-05,0.00058,0.00012
9e-05,0.00058,0.00012
9.5e-05,0.00058,0.00012
0.0001,0.00058,0.00012
0.000105,0.00058,0.00012
0.00011,0.00058,0.00012
0.000115,0.00058,0.00012
0.00012,0.00058,0.00012
0.000125,0.00058,0.00012
0.00013,0.00058,0.00012
0.000135,0.00058,0.00012
6.5e-05,0.000585,0.00012
7e-05,0.000585,0.00012
7.5e-05,0.000585,0.00012
8e-05,0.000585,0.00012
8.5e-05,0.000585,0.00012
9e-05,0.000585,0.00012
9.5e-05,0.000585,0.00012
0.0001,0.000585,0.00012
0.000105,0.000585,0.00012
0.00011,0.000585,0.00012
0.000115,0.000585,0.00012
0.00012,0.000585,0.00012
0.000125,0.000585,0.00012
0.00013,0.000585,0.00012
0.000135,0.000585,0.00012
6.5e-05,0.00059,0.00012
7e-05,0.00059,0.00012
7.5e-05,0.00059,0.00012
8e-05,0.00059,0.00012
8.5e-05,0.00059,0.00012
9e-05,0.00059,0.00012
9.5e-05,0.00059,0.00012
0.0001,0.00059,0.00012
0.000105,0.00059,0.00012
0.00011,0.00059,0.00012
0.000115,0.00059,0.00012
0.00012,0.00059,0.00012
0.000125,0.00059,0.00012
0.00013,0.00059,0.00012
0.000135,0.00059,0.00012
7e-05,0.000595,0.00012
7.5e-05,0.000595,0.00012
8e-05,0.000595,0.00012
8.5e-05,0.000595,0.00012
9e-05,0.000595,0.00012
9.5e-05,0.000595,0.00012
0.0001,0.000595,0.00012
0.000105,0.000595,0.00012
0.00011,0.000595,0.00012
0.000115,0.000595,0.00012
0.00012,0.000595,0.00012
0.000125,0.000595,0.00012
0.00013,0.000595,0.00012
0.000135,0.000595,0.00012
7e-05,0.0006,0.00012
7.5e-05,0.0006,0.00012
8e-05,0.0006,0.00012
8.5e-05,0.0006,0.00012
9e-05,0.0006,0.00012
9.5e-05,0.0006,0.00012
0.0001,0.0006,0.00012
0.000105,0.0006,0.00012
0.00011,0.0006,0.00012
0.000115,0.0006,0.00012
0.00012,0.0006,0.00012
0.000125,0.0006,0.00012
0.00013,0.0006,0.00012
0.000135,0.0006,0.00012
6.5e-05,0.000605,0.00012
7e-05,0.000605,0.00012
7.5e-05,0.000605,0.00012
8e-05,0.000605,0.00012
8.5e-05,0.000605,0.00012
9e-05,0.000605,0.00012
9.5e-05,0.000605,0.00012
0.0001,0.000605,0.00012
0.000105,0.000605,0.00012
0.00011,0.000605,0.00012
0.000115,0.000605,0.00012
0.00012,0.000605,0.00012
0.000125,0.000605,0.00012
0.00013,0.000605,0.00012
0.000135,0.000605,0.00012
6.5e-05,0.00061,0.00012
7e-05,0.00061,0.00012
7.5e-05,0.00061,0.00012
8e-05,0.00061,0.00012
8.5e-05,0.00061,0.00012
9e-05,0.00061,0.00012
9.5e-05,0.00061,0.00012
0.0001,0.00061,0.00012
0.000105,0.00061,0.00012
0.00011,0.00061,0.00012
0.000115,0.00061,0.00012
0.00012,0.00061,0.00012
0.000125,0.00061,0.00012
0.00013,0.00061,0.00012
0.000135,0.00061,0.00012
6.5e-05,0.000615,0.00012
7e-05,0.000615,0.00012
7.5e-05,0.000615,0.00012
8e-05,0.000615,0.00012
8.5e-05,0.000615,0.00012
9e-05,0.000615,0.00012
9.5e-05,0.000615,0.00012
0.0001,0.000615,0.00012
0.000105,0.000615,0.00012
0.00011,0.000615,0.00012
0.000115,0.000615,0.00012
0.00012,0.000615,0.00012
0.000125,0.000615,0.00012
0.00013,0.000615,0.00012
0.000135,0.000615,0.00012
6.5e-05,0.00062,0.00012
7e-05,0.00062,0.00012
7.5e-05,0.00062,0.00012
8e-05,0.00062,0.00012
8.5e-05,0.00062,0.00012
9e-05,0.00062,0.00012
9.5e-05,0.00062,0.00012
0.0001,0.00062,0.00012
0.000105,0.00062,0.00012
0.00011,0.00062,0.00012
0.000115,0.00062,0.00012
0.00012,0.00062,0.00012
0.000125,0.00062,0.00012
0.00013,0.00062,0.00012
0.000135,0.00062,0.00012
6.5e-05,0.000625,0.00012
7e-05,0.000625,0.00012
7.5e-05,0.000625,0.00012
8e-05,0.000625,0.00012
8.5e-05,0.000625,0.00012
9e-05,0.000625,0.00012
9.5e-05,0.000625,0.00012
0.0001,0.000625,0.00012
0.000105,0.000625,0.00012
0.00011,0.000625,0.00012
0.000115,0.000625,0.00012
0.00012,0.000625,0.00012
0.000125,0.000625,0.00012
0.00013,0.000625,0.00012
0.000135,0.000625,0.00012
6.5e-05,0.00063,0.00012
7e-05,0.00063,0.00012
7.5e-05,0.00063,0.00012
8e-05,0.00063,0.00012
8.5e-05,0.00063,0.00012
9e-05,0.00063,0.00012
9.5e-05,0.00063,0.00012
0.0001,0.00063,0.00012
0.000105,0.00063,0.00012
0.00011,0.00063,0.00012
0.000115,0.00063,0.00012
0.00012,0.00063,0.00012
0.000125,0.00063,0.00012
0.00013,0.00063,0.00012
0.000135,0.00063,0.00012
6.5e-05,0.000635,0.00012
7e-05,0.000635,0.00012
7.5e-05,0.000635,0.00012
8e-05,0.000635,0.00012
8.5e-05,0.000635,0.00012
9e-05,0.000635,0.00012
9.5e-05,0.000635,0.00012
0.0001,0.000635,0.00012
0.000105,0.000635,0.00012
0.00011,0.000635,0.00012
0.000115,0.000635,0.00012
0.00012,0.000635,0.00012
0.000125,0.000635,0.00012
0.00013,0.000635,0.00012
0.000135,0.000635,0.00012
6.5e-05,0.00064,0.00012
7e-05,0.00064,0.00012
7.5e-05,0.00064,0.00012
8e-05,0.00064,0.00012
8.5e-05,0.00064,0.00012
9e-05,0.00064,0.00012
9.5e-05,0.00064,0.00012
0.0001,0.00064,0.00012
0.000105,0.00064,0.00012
0.00011,0.00064,0.00012
0.000115,0.00064,0.00012
0.00012,0.00064,0.00012
0.000125,0.00064,0.00012
0.00013,0.00064,0.00012
0.000135,0.00064,0.00012
6.5e-05,0.000645,0.00012
7e-05,0.000645,0.00012
7.5e-05,0.000645,0.00012
8e-05,0.000645,0.00012
8.5e-05,0.000645,0.00012
9e-05,0.000645,0.00012
9.5e-05,0.000645,0.00012
0.0001,0.000645,0.00012
0.000105,0.000645,0.00012
0.00011,0.000645,0.00012
0.000115,0.000645,0.00012
0.00012,0.000645,0.00012
0.000125,0.000645,0.00012
0.00013,0.000645,0.00012
0.000135,0.000645,0.00012
6.5e-05,0.00065,0.00012
7e-05,0.00065,0.00012
7.5e-05,0.00065,0.00012
8e-05,0.00065,0.00012
8.5e-05,0.00065,0.00012
9e-05,0.00065,0.00012
9.5e-05,0.00065,0.00012
0.0001,0.00065,0.00012
0.000105,0.00065,0.00012
0.00011,0.00065,0.00012
0.000115,0.00065,0.00012
0.00012,0.00065,0.00012
0.000125,0.00065,0.00012
0.00013,0.00065,0.00012
0.000135,0.00065,0.00012
6.5e-05,0.000655,0.00012
7e-05,0.000655,0.00012
7.5e-05,0.000655,0.00012
8e-05,0.000655,0.00012
8.5e-05,0.000655,0.00012
9e-05,0.000655,0.00012
9.5e-05,0.000655,0.00012
0.0001,0.000655,0.00012
0.000105,0.000655,0.00012
0.00011,0.000655,0.00012
0.000115,0.000655,0.00012
0.00012,0.000655,0.00012
0.000125,0.000655,0.00012
0.00013,0.000655,0.00012
0.000135,0.000655,0.00012
6.5e-05,0.00066,0.00012
7e-05,0.00066,0.00012
7.5e-05,0.00066,0.00012
8e-05,0.00066,0.00012
8.5e-05,0.00066,0.00012
9e-05,0.00066,0.00012
9.5e-05,0.00066,0.00012
0.0001,0.00066,0.00012
0.000105,0.00066,0.00012
0.00011,0.00066,0.00012
0.000115,0.00066,0.00012
0.00012,0.00066,0.00012
0.000125,0.00066,0.00012
0.00013,0.00066,0.00012
0.000135,0.00066,0.00012
6.5e-05,0.000665,0.00012
7e-05,0.000665,0.00012
7.5e-05,0.000665,0.00012
8e-05,0.000665,0.00012
8.5e-05,0.000665,0.00012
9e-05,0.000665,0.00012
9.5e-05,0.000665,0.00012
0.0001,0.000665,0.00012
0.000105,0.000665,0.00012
0.00011,0.000665,0.00012
0.000115,0.000665,0.00012
0.00012,0.000665,0.00012
0.000125,0.000665,0.00012
0.00013,0.000665,0.00012
0.000135,0.000665,0.00012
0.00014,0.000665,0.00012
6.5e-05,0.00067,0.00012
7e-05,0.00067,0.00012
7.5e-05,0.00067,0.00012
8e-05,0.00067,0.00012
8.5e-05,0.00067,0.00012
9e-05,0.00067,0.00012
9.5e-05,0.00067,0.00012
0.0001,0.00067,0.00012
0.000105,0.00067,0.00012
0.00011,0.00067,0.00012
0.000115,0.00067,0.00012
0.00012,0.00067,0.00012
0.000125,0.00067,0.00012
0.00013,0.00067,0.00012
0.000135,0.00067,0.00012
0.00014,0.00067,0.00012
6.5e-05,0.000675,0.00012
7e-05,0.000675,0.00012
7.5e-05,0.000675,0.00012
8e-05,0.000675,0.00012
8.5e-05,0.000675,0.00012
9e-05,0.000675,0.00012
9.5e-05,0.000675,0.00012
0.0001,0.000675,0.00012
0.000105,0.000675,0.00012
0.00011,0.000675,0.00012
0.000115,0.000675,0.00012
0.00012,0.000675,0.00012
0.000125,0.000675,0.00012
0.00013,0.000675,0.00012
0.000135,0.000675,0.00012
6.5e-05,0.00068,0.00012
7e-05,0.00068,0.00012
7.5e-05,0.00068,0.00012
8e-05,0.00068,0.00012
8.5e-05,0.00068,0.00012
9e-05,0.00068,0.00012
9.5e-05,0.00068,0.00012
0.0001,0.00068,0.00012
0.000105,0.00068,0.00012
0.00011,0.00068,0.00012
0.000115,0.00068,0.00012
0.00012,0.00068,0.00012
0.000125,0.00068,0.00012
0.00013,0.00068,0.00012
0.000135,0.00068,0.00012
6.5e-05,0.000685,0.00012
7e-05,0.000685,0.00012
7.5e-05,0.000685,0.00012
8e-05,0.000685,0.00012
8.5e-05,0.000685,0.00012
9e-05,0.000685,0.00012
9.5e-05,0.000685,0.00012
0.0001,0.000685,0.00012
0.000105,0.000685,0.00012
0.00011,0.000685,0.00012
0.000115,0.000685,0.00012
0.00012,0.000685,0.00012
0.000125,0.000685,0.00012
0.00013,0.000685,0.00012
0.000135,0.000685,0.00012
6.5e-05,0.00069,0.00012
7e-05,0.00069,0.00012
7.5e-05,0.00069,0.00012
8e-05,0.00069,0.00012
8.5e-05,0.00069,0.00012
9e-05,0.00069,0.00012
9.5e-05,0.00069,0.00012
0.0001,0.00069,0.00012
0.000105,0.00069,0.00012
0.00011,0.00069,0.00012
0.000115,0.00069,0.00012
0.00012,0.00069,0.00012
0.000125,0.00069,0.00012
0.00013,0.00069,0.00012
0.000135,0.00069,0.00012
7e-05,0.000695,0.00012
7.5e-05,0.000695,0.00012
8e-05,0.000695,0.00012
8.5e-05,0.000695,0.00012
9e-05,0.000695,0.00012
9.5e-05,0.000695,0.00012
0.0001,0.000695,0.00012
0.000105,0.000695,0.00012
0.00011,0.000695,0.00012
0.000115,0.000695,0.00012
0.00012,0.000695,0.00012
0.000125,0.000695,0.00012
0.00013,0.000695,0.00012
0.000135,0.000695,0.00012
7.5e-05,0.0007,0.00012
8e-05,0.0007,0.00012
8.5e-05,0.0007,0.00012
9e-05,0.0007,0.00012
9.5e-05,0.0007,0.00012
0.0001,0.0007,0.00012
0.000105,0.0007,0.00012
0.00011,0.0007,0.00012
0.000115,0.0007,0.00012
0.00012,0.0007,0.00012
0.000125,0.0007,0.00012
0.00013,0.0007,0.00012
7.5e-05,0.000705,0.00012
8e-05,0.000705,0.00012
8.5e-05,0.000705,0.00012
9e-05,0.000705,0.00012
9.5e-05,0.000705,0.00012
0.0001,0.000705,0.00012
0.000105,0.000705,0.00012
0.00011,0.000705,0.00012
0.000115,0.000705,0.00012
0.00012,0.000705,0.00012
0.000125,0.000705,0.00012
0.00013,0.000705,0.00012
8.5e-05,0.00071,0.00012
9e-05,0.00071,0.00012
9.5e-05,0.00071,0.00012
0.0001,0.00071,0.00012
0.000105,0.00071,0.00012
0.00011,0.00071,0.00012
0.000115,0.00071,0.00012
0.00012,0.00071,0.00012
0.000125,0.00071,0.00012
8.5e-05,0.000715,0.00012
9e-05,0.000715,0.00012
9.5e-05,0.000715,0.00012
0.0001,0.000715,0.00012
0.000105,0.000715,0.00012
0.00011,0.000715,0.00012
0.000115,0.000715,0.00012
0.00012,0.000715,0.00012
9e-05,0.00072,0.00012
9.5e-05,0.00072,0.00012
0.0001,0.00072,0.00012
0.000105,0.00072,0.00012
0.00011,0.00072,0.00012
0.000115,0.00072,0.00012
7.5e-05,0.0,0.000125
8e-05,0.0,0.000125
8.5e-05,0.0,0.000125
9e-05,0.0,0.000125
9.5e-05,0.0,0.000125
0.0001,0.0,0.000125
0.000105,0.0,0.000125
0.00011,0.0,0.000125
0.000115,0.0,0.000125
0.00012,0.0,0.000125
0.000125,0.0,0.000125
0.00013,0.0,0.000125
7.5e-05,5e-06,0.000125
8e-05,5e-06,0.000125
8.5e-05,5e-06,0.000125
9e-05,5e-06,0.000125
9.5e-05,5e-06,0.000125
0.0001,5e-06,0.000125
0.000105,5e-06,0.000125
0.00011,5e-06,0.000125
0.000115,5e-06,0.000125
0.00012,5e-06,0.000125
0.000125,5e-06,0.000125
0.00013,5e-06,0.000125
7.5e-05,1e-05,0.000125
8e-05,1e-05,0.000125
8.5e-05,1e-05,0.000125
9e-05,1e-05,0.000125
9.5e-05,1e-05,0.000125
0.0001,1e-05,0.000125
0.000105,1e-05,0.000125
0.00011,1e-05,0.000125
0.000115,1e-05,0.000125
0.00012,1e-05,0.000125
0.000125,1e-05,0.000125
7.5e-05,1.5e-05,0.000125
8e-05,1.5e-05,0.000125
8.5e-05,1.5e-05,0.000125
9e-05,1.5e-05,0.000125
9.5e-05,1.5e-05,0.000125
0.0001,1.5e-05,0.000125
0.000105,1.5e-05,0.000125
0.00011,1.5e-05,0.000125
0.000115,1.5e-05,0.000125
0.00012,1.5e-05,0.000125
0.000125,1.5e-05,0.000125
7e-05,2e-05,0.000125
7.5e-05,2e-05,0.000125
8e-05,2e-05,0.000125
8.5e-05,2e-05,0.000125
9e-05,2e-05,0.000125
9.5e-05,2e-05,0.000125
0.0001,2e-05,0.000125
0.000105,2e-05,0.000125
0.00011,2e-05,0.000125
0.000115,2e-05,0.000125
0.00012,2e-05,0.000125
0.000125,2e-05,0.000125
0.00013,2e-05,0.000125
6.5e-05,2.5e-05,0.000125
7e-05,2.5e-05,0.000125
7.5e-05,2.5e-05,0.000125
8e-05,2.5e-05,0.000125
8.5e-05,2.5e-05,0.000125
9e-05,2.5e-05,0.000125
9.5e-05,2.5e-05,0.000125
0.0001,2.5e-05,0.000125
0.000105,2.5e-05,0.000125
0.00011,2.5e-05,0.000125
0.000115,2.5e-05,0.000125
0.00012,2.5e-05,0.000125
0.000125,2.5e-05,0.000125
0.00013,2.5e-05,0.000125
6.5e-05,3e-05,0.000125
7e-05,3e-05,0.000125
7.5e-05,3e-05,0.000125
8e-05,3e-05,0.000125
8.5e-05,3e-05,0.000125
9e-05,3e-05,0.000125
9.5e-05,3e-05,0.000125
0.0001,3e-05,0.000125
0.000105,3e-05,0.000125
0.00011,3e-05,0.000125
0.000115,3e-05,0.000125
0.00012,3e-05,0.000125
0.000125,3e-05,0.000125
0.00013,3e-05,0.000125
6.5e-05,3.5e-05,0.000125
7e-05,3.5e-05,0.000125
7.5e-05,3.5e-05,0.000125
8e-05,3.5e-05,0.000125
8.5e-05,3.5e-05,0.000125
9e-05,3.5e-05,0.000125
9.5e-05,3.5e-05,0.000125
0.0001,3.5e-05,0.000125
0.000105,3.5e-05,0.000125
0.00011,3.5e-05,0.000125
0.000115,3.5e-05,0.000125
0.00012,3.5e-05,0.000125
0.000125,3.5e-05,0.000125
0.00013,3.5e-05,0.000125
0.000135,3.5e-05,0.000125
6e-05,4e-05,0.000125
6.5e-05,4e-05,0.000125
7e-05,4e-05,0.000125
7.5e-05,4e-05,0.000125
8e-05,4e-05,0.000125
8.5e-05,4e-05,0.000125
9e-05,4e-05,0.000125
9.5e-05,4e-05,0.000125
0.0001,4e-05,0.000125
0.000105,4e-05,0.000125
0.00011,4e-05,0.000125
0.000115,4e-05,0.000125
0.00012,4e-05,0.000125
0.000125,4e-05,0.000125
0.00013,4e-05,0.000125
0.000135,4e-05,0.000125
6e-05,4.5e-05,0.000125
6.5e-05,4.5e-05,0.000125
7e-05,4.5e-05,0.000125
7.5e-05,4.5e-05,0.000125
8e-05,4.5e-05,0.000125
8.5e-05,4.5e-05,0.000125
9e-05,4.5e-05,0.000125
9.5e-05,4.5e-05,0.000125
0.0001,4.5e-05,0.000125
0.000105,4.5e-05,0.000125
0.00011,4.5e-05,0.000125
0.000115,4.5e-05,0.000125
0.00012,4.5e-05,0.000125
0.000125,4.5e-05,0.000125
0.00013,4.5e-05,0.000125
0.000135,4.5e-05,0.000125
6.5e-05,5e-05,0.000125
7e-05,5e-05,0.000125
7.5e-05,5e-05,0.000125
8e-05,5e-05,0.000125
8.5e-05,5e-05,0.000125
9e-05,5e-05,0.000125
9.5e-05,5e-05,0.000125
0.0001,5e-05,0.000125
0.000105,5e-05,0.000125
0.00011,5e-05,0.000125
0.000115,5e-05,0.000125
0.00012,5e-05,0.000125
0.000125,5e-05,0.000125
0.00013,5e-05,0.000125
0.000135,5e-05,0.000125
6.5e-05,5.5e-05,0.000125
7e-05,5.5e-05,0.000125
7.5e-05,5.5e-05,0.000125
8e-05,5.5e-05,0.000125
8.5e-05,5.5e-05,0.000125
9e-05,5.5e-05,0.000125
9.5e-05,5.5e-05,0.000125
0.0001,5.5e-05,0.000125
0.000105,5.5e-05,0.000125
0.00011,5.5e-05,0.000125
0.000115,5.5e-05,0.000125
0.00012,5.5e-05,0.000125
0.000125,5.5e-05,0.000125
0.00013,5.5e-05,0.000125
0.000135,5.5e-05,0.000125
6.5e-05,6e-05,0.000125
7e-05,6e-05,0.000125
7.5e-05,6e-05,0.000125
8e-05,6e-05,0.000125
8.5e-05,6e-05,0.000125
9e-05,6e-05,0.000125
9.5e-05,6e-05,0.000125
0.0001,6e-05,0.000125
0.000105,6e-05,0.000125
0.00011,6e-05,0.000125
0.000115,6e-05,0.000125
0.00012,6e-05,0.000125
0.000125,6e-05,0.000125
0.00013,6e-05,0.000125
0.000135,6e-05,0.000125
6.5e-05,6.5e-05,0.000125
7e-05,6.5e-05,0.000125
7.5e-05,6.5e-05,0.000125
8e-05,6.5e-05,0.000125
8.5e-05,6.5e-05,0.000125
9e-05,6.5e-05,0.000125
9.5e-05,6.5e-05,0.000125
0.0001,6.5e-05,0.000125
0.000105,6.5e-05,0.000125
0.00011,6.5e-05,0.000125
0.000115,6.5e-05,0.000125
0.00012,6.5e-05,0.000125
0.000125,6.5e-05,0.000125
0.00013,6.5e-05,0.000125
0.000135,6.5e-05,0.000125
6.5e-05,7e-05,0.000125
7e-05,7e-05,0.000125
7.5e-05,7e-05,0.000125
8e-05,7e-05,0.000125
8.5e-05,7e-05,0.000125
9e-05,7e-05,0.000125
9.5e-05,7e-05,0.000125
0.0001,7e-05,0.000125
0.000105,7e-05,0.000125
0.00011,7e-05,0.000125
0.000115,7e-05,0.000125
0.00012,7e-05,0.000125
0.000125,7e-05,0.000125
0.00013,7e-05,0.000125
0.000135,7e-05,0.000125
6.5e-05,7.5e-05,0.000125
7e-05,7.5e-05,0.000125
7.5e-05,7.5e-05,0.000125
8e-05,7.5e-05,0.000125
8.5e-05,7.5e-05,0.000125
9e-05,7.5e-05,0.000125
9.5e-05,7.5e-05,0.000125
0.0001,7.5e-05,0.000125
0.000105,7.5e-05,0.000125
0.00011,7.5e-05,0.000125
0.000115,7.5e-05,0.000125
0.00012,7.5e-05,0.000125
0.000125,7.5e-05,0.000125
0.00013,7.5e-05,0.000125
0.000135,7.5e-05,0.000125
6.5e-05,8e-05,0.000125
7e-05,8e-05,0.000125
7.5e-05,8e-05,0.000125
8e-05,8e-05,0.000125
8.5e-05,8e-05,0.000125
9e-05,8e-05,0.000125
9.5e-05,8e-05,0.000125
0.0001,8e-05,0.000125
0.000105,8e-05,0.000125
0.00011,8e-05,0.000125
0.000115,8e-05,0.000125
0.00012,8e-05,0.000125
0.000125,8e-05,0.000125
0.00013,8e-05,0.000125
0.000135,8e-05,0.000125
6e-05,8.5e-05,0.000125
6.5e-05,8.5e-05,0.000125
7e-05,8.5e-05,0.000125
7.5e-05,8.5e-05,0.000125
8e-05,8.5e-05,0.000125
8.5e-05,8.5e-05,0.000125
9e-05,8.5e-05,0.000125
9.5e-05,8.5e-05,0.000125
0.0001,8.5e-05,0.000125
0.000105,8.5e-05,0.000125
0.00011,8.5e-05,0.000125
0.000115,8.5e-05,0.000125
0.00012,8.5e-05,0.000125
0.000125,8.5e-05,0.000125
0.00013,8.5e-05,0.000125
0.000135,8.5e-05,0.000125
6e-05,9e-05,0.000125
6.5e-05,9e-05,0.000125
7e-05,9e-05,0.000125
7.5e-05,9e-05,0.000125
8e-05,9e-05,0.000125
8.5e-05,9e-05,0.000125
9e-05,9e-05,0.000125
9.5e-05,9e-05,0.000125
0.0001,9e-05,0.000125
0.000105,9e-05,0.000125
0.00011,9e-05,0.000125
0.000115,9e-05,0.000125
0.00012,9e-05,0.000125
0.000125,9e-05,0.000125
0.00013,9e-05,0.000125
0.000135,9e-05,0.000125
6.5e-05,9.5e-05,0.000125
7e-05,9.5e-05,0.000125
7.5e-05,9.5e-05,0.000125
8e-05,9.5e-05,0.000125
8.5e-05,9.5e-05,0.000125
9e-05,9.5e-05,0.000125
9.5e-05,9.5e-05,0.000125
0.0001,9.5e-05,0.000125
0.000105,9.5e-05,0.000125
0.00011,9.5e-05,0.000125
0.000115,9.5e-05,0.000125
0.00012,9.5e-05,0.000125
0.000125,9.5e-05,0.000125
0.00013,9.5e-05,0.000125
0.000135,9.5e-05,0.000125
6.5e-05,0.0001,0.000125
7e-05,0.0001,0.000125
7.5e-05,0.0001,0.000125
8e-05,0.0001,0.000125
8.5e-05,0.0001,0.000125
9e-05,0.0001,0.000125
9.5e-05,0.0001,0.000125
0.0001,0.0001,0.000125
0.000105,0.0001,0.000125
0.00011,0.0001,0.000125
0.000115,0.0001,0.000125
0.00012,0.0001,0.000125
0.000125,0.0001,0.000125
0.00013,0.0001,0.000125
0.000135,0.0001,0.000125
6.5e-05,0.000105,0.000125
7e-05,0.000105,0.000125
7.5e-05,0.000105,0.000125
8e-05,0.000105,0.000125
8.5e-05,0.000105,0.000125
9e-05,0.000105,0.000125
9.5e-05,0.000105,0.000125
0.0001,0.000105,0.000125
0.000105,0.000105,0.000125
0.00011,0.000105,0.000125
0.000115,0.000105,0.000125
0.00012,0.000105,0.000125
0.000125,0.000105,0.000125
0.00013,0.000105,0.000125
0.000135,0.000105,0.000125
6.5e-05,0.00011,0.000125
7e-05,0.00011,0.000125
7.5e-05,0.00011,0.000125
8e-05,0.00011,0.000125
8.5e-05,0.00011,0.000125
9e-05,0.00011,0.000125
9.5e-05,0.00011,0.000125
0.0001,0.00011,0.000125
0.000105,0.00011,0.000125
0.00011,0.00011,0.000125
0.000115,0.00011,0.000125
0.00012,0.00011,0.000125
0.000125,0.00011,0.000125
0.00013,0.00011,0.000125
0.000135,0.00011,0.000125
6.5e-05,0.000115,0.000125
7e-05,0.000115,0.000125
7.5e-05,0.000115,0.000125
8e-05,0.000115,0.000125
8.5e-05,0.000115,0.000125
9e-05,0.000115,0.000125
9.5e-05,0.000115,0.000125
0.0001,0.000115,0.000125
0.000105,0.000115,0.000125
0.00011,0.000115,0.000125
0.000115,0.000115,0.000125
0.00012,0.000115,0.000125
0.000125,0.000115,0.000125
0.00013,0.000115,0.000125
0.000135,0.000115,0.000125
0.00014,0.000115,0.000125
6.5e-05,0.00012,0.000125
7e-05,0.00012,0.000125
7.5e-05,0.00012,0.000125
8e-05,0.00012,0.000125
8.5e-05,0.00012,0.000125
9e-05,0.00012,0.000125
9.5e-05,0.00012,0.000125
0.0001,0.00012,0.000125
0.000105,0.00012,0.000125
0.00011,0.00012,0.000125
0.000115,0.00012,0.000125
0.00012,0.00012,0.000125
0.000125,0.00012,0.000125
0.00013,0.00012,0.000125
0.000135,0.00012,0.000125
0.00014,0.00012,0.000125
6.5e-05,0.000125,0.000125
7e-05,0.000125,0.000125
7.5e-05,0.000125,0.000125
8e-05,0.000125,0.000125
8.5e-05,0.000125,0.000125
9e-05,0.000125,0.000125
9.5e-05,0.000125,0.000125
0.0001,0.000125,0.000125
0.000105,0.000125,0.000125
0.00011,0.000125,0.000125
0.000115,0.000125,0.000125
0.00012,0.000125,0.000125
0.000125,0.000125,0.000125
0.00013,0.000125,0.000125
0.000135,0.000125,0.000125
0.00014,0.000125,0.000125
6.5e-05,0.00013,0.000125
7e-05,0.00013,0.000125
7.5e-05,0.00013,0.000125
8e-05,0.00013,0.000125
8.5e-05,0.00013,0.000125
9e-05,0.00013,0.000125
9.5e-05,0.00013,0.000125
0.0001,0.00013,0.000125
0.000105,0.00013,0.000125
0.00011,0.00013,0.000125
0.000115,0.00013,0.000125
0.00012,0.00013,0.000125
0.000125,0.00013,0.000125
0.00013,0.00013,0.000125
0.000135,0.00013,0.000125
0.00014,0.00013,0.000125
6.5e-05,0.000135,0.000125
7e-05,0.000135,0.000125
7.5e-05,0.000135,0.000125
8e-05,0.000135,0.000125
8.5e-05,0.000135,0.000125
9e-05,0.000135,0.000125
9.5e-05,0.000135,0.000125
0.0001,0.000135,0.000125
0.000105,0.000135,0.000125
0.00011,0.000135,0.000125
0.000115,0.000135,0.000125
0.00012,0.000135,0.000125
0.000125,0.000135,0.000125
0.00013,0.000135,0.000125
0.000135,0.000135,0.000125
0.00014,0.000135,0.000125
6.5e-05,0.00014,0.000125
7e-05,0.00014,0.000125
7.5e-05,0.00014,0.000125
8e-05,0.00014,0.000125
8.5e-05,0.00014,0.000125
9e-05,0.00014,0.000125
9.5e-05,0.00014,0.000125
0.0001,0.00014,0.000125
0.000105,0.00014,0.000125
0.00011,0.00014,0.000125
0.000115,0.00014,0.000125
0.00012,0.00014,0.000125
0.000125,0.00014,0.000125
0.00013,0.00014,0.000125
0.000135,0.00014,0.000125
0.00014,0.00014,0.000125
6.5e-05,0.000145,0.000125
7e-05,0.000145,0.000125
7.5e-05,0.000145,0.000125
8e-05,0.000145,0.000125
8.5e-05,0.000145,0.000125
9e-05,0.000145,0.000125
9.5e-05,0.000145,0.000125
0.0001,0.000145,0.000125
0.000105,0.000145,0.000125
0.00011,0.000145,0.000125
0.000115,0.000145,0.000125
0.00012,0.000145,0.000125
0.000125,0.000145,0.000125
0.00013,0.000145,0.000125
0.000135,0.000145,0.000125
0.00014,0.000145,0.000125
6.5e-05,0.00015,0.000125
7e-05,0.00015,0.000125
7.5e-05,0.00015,0.000125
8e-05,0.00015,0.000125
8.5e-05,0.00015,0.000125
9e-05,0.00015,0.000125
9.5e-05,0.00015,0.000125
0.0001,0.00015,0.000125
0.000105,0.00015,0.000125
0.00011,0.00015,0.000125
0.000115,0.00015,0.000125
0.00012,0.00015,0.000125
0.000125,0.00015,0.000125
0.00013,0.00015,0.000125
0.000135,0.00015,0.000125
0.00014,0.00015,0.000125
6e-05,0.000155,0.000125
6.5e-05,0.000155,0.000125
7e-05,0.000155,0.000125
7.5e-05,0.000155,0.000125
8e-05,0.000155,0.000125
8.5e-05,0.000155,0.000125
9e-05,0.000155,0.000125
9.5e-05,0.000155,0.000125
0.0001,0.000155,0.000125
0.000105,0.000155,0.000125
0.00011,0.000155,0.000125
0.000115,0.000155,0.000125
0.00012,0.000155,0.000125
0.000125,0.000155,0.000125
0.00013,0.000155,0.000125
0.000135,0.000155,0.000125
6e-05,0.00016,0.000125
6.5e-05,0.00016,0.000125
7e-05,0.00016,0.000125
7.5e-05,0.00016,0.000125
8e-05,0.00016,0.000125
8.5e-05,0.00016,0.000125
9e-05,0.00016,0.000125
9.5e-05,0.00016,0.000125
0.0001,0.00016,0.000125
0.000105,0.00016,0.000125
0.00011,0.00016,0.000125
0.000115,0.00016,0.000125
0.00012,0.00016,0.000125
0.000125,0.00016,0.000125
0.00013,0.00016,0.000125
0.000135,0.00016,0.000125
6.5e-05,0.000165,0.000125
7e-05,0.000165,0.000125
7.5e-05,0.000165,0.000125
8e-05,0.000165,0.000125
8.5e-05,0.000165,0.000125
9e-05,0.000165,0.000125
9.5e-05,0.000165,0.000125
0.0001,0.000165,0.000125
0.000105,0.000165,0.000125
0.00011,0.000165,0.000125
0.000115,0.000165,0.000125
0.00012,0.000165,0.000125
0.000125,0.000165,0.000125
0.00013,0.000165,0.000125
0.000135,0.000165,0.000125
6.5e-05,0.00017,0.000125
7e-05,0.00017,0.000125
7.5e-05,0.00017,0.000125
8e-05,0.00017,0.000125
8.5e-05,0.00017,0.000125
9e-05,0.00017,0.000125
9.5e-05,0.00017,0.000125
0.0001,0.00017,0.000125
0.000105,0.00017,0.000125
0.00011,0.00017,0.000125
0.000115,0.00017,0.000125
0.00012,0.00017,0.000125
0.000125,0.00017,0.000125
0.00013,0.00017,0.000125
0.000135,0.00017,0.000125
6.5e-05,0.000175,0.000125
7e-05,0.000175,0.000125
7.5e-05,0.000175,0.000125
8e-05,0.000175,0.000125
8.5e-05,0.000175,0.000125
9e-05,0.000175,0.000125
9.5e-05,0.000175,0.000125
0.0001,0.000175,0.000125
0.000105,0.000175,0.000125
0.00011,0.000175,0.000125
0.000115,0.000175,0.000125
0.00012,0.000175,0.000125
0.000125,0.000175,0.000125
0.00013,0.000175,0.000125
0.000135,0.000175,0.000125
6.5e-05,0.00018,0.000125
7e-05,0.00018,0.000125
7.5e-05,0.00018,0.000125
8e-05,0.00018,0.000125
8.5e-05,0.00018,0.000125
9e-05,0.00018,0.000125
9.5e-05,0.00018,0.000125
0.0001,0.00018,0.000125
0.000105,0.00018,0.000125
0.00011,0.00018,0.000125
0.000115,0.00018,0.000125
0.00012,0.00018,0.000125
0.000125,0.00018,0.000125
0.00013,0.00018,0.000125
0.000135,0.00018,0.000125
6e-05,0.000185,0.000125
6.5e-05,0.000185,0.000125
7e-05,0.000185,0.000125
7.5e-05,0.000185,0.000125
8e-05,0.000185,0.000125
8.5e-05,0.000185,0.000125
9e-05,0.000185,0.000125
9.5e-05,0.000185,0.000125
0.0001,0.000185,0.000125
0.000105,0.000185,0.000125
0.00011,0.000185,0.000125
0.000115,0.000185,0.000125
0.00012,0.000185,0.000125
0.000125,0.000185,0.000125
0.00013,0.000185,0.000125
0.000135,0.000185,0.000125
6e-05,0.00019,0.000125
6.5e-05,0.00019,0.000125
7e-05,0.00019,0.000125
7.5e-05,0.00019,0.000125
8e-05,0.00019,0.000125
8.5e-05,0.00019,0.000125
9e-05,0.00019,0.000125
9.5e-05,0.00019,0.000125
0.0001,0.00019,0.000125
0.000105,0.00019,0.000125
0.00011,0.00019,0.000125
0.000115,0.00019,0.000125
0.00012,0.00019,0.000125
0.000125,0.00019,0.000125
0.00013,0.00019,0.000125
0.000135,0.00019,0.000125
6e-05,0.000195,0.000125
6.5e-05,0.000195,0.000125
7e-05,0.000195,0.000125
7.5e-05,0.000195,0.000125
8e-05,0.000195,0.000125
8.5e-05,0.000195,0.000125
9e-05,0.000195,0.000125
9.5e-05,0.000195,0.000125
0.0001,0.000195,0.000125
0.000105,0.000195,0.000125
0.00011,0.000195,0.000125
0.000115,0.000195,0.000125
0.00012,0.000195,0.000125
0.000125,0.000195,0.000125
0.00013,0.000195,0.000125
0.000135,0.000195,0.000125
5.5e-05,0.0002,0.000125
6e-05,0.0002,0.000125
6.5e-05,0.0002,0.000125
7e-05,0.0002,0.000125
7.5e-05,0.0002,0.000125
8e-05,0.0002,0.000125
8.5e-05,0.0002,0.000125
9e-05,0.0002,0.000125
9.5e-05,0.0002,0.000125
0.0001,0.0002,0.000125
0.000105,0.0002,0.000125
0.00011,0.0002,0.000125
0.000115,0.0002,0.000125
0.00012,0.0002,0.000125
0.000125,0.0002,0.000125
0.00013,0.0002,0.000125
0.000135,0.0002,0.000125
5.5e-05,0.000205,0.000125
6e-05,0.000205,0.000125
6.5e-05,0.000205,0.000125
7e-05,0.000205,0.000125
7.5e-05,0.000205,0.000125
8e-05,0.000205,0.000125
8.5e-05,0.000205,0.000125
9e-05,0.000205,0.000125
9.5e-05,0.000205,0.000125
0.0001,0.000205,0.000125
0.000105,0.000205,0.000125
0.00011,0.000205,0.000125
0.000115,0.000205,0.000125
0.00012,0.000205,0.000125
0.000125,0.000205,0.000125
0.00013,0.000205,0.000125
0.000135,0.000205,0.000125
6e-05,0.00021,0.000125
6.5e-05,0.00021,0.000125
7e-05,0.00021,0.000125
7.5e-05,0.00021,0.000125
8e-05,0.00021,0.000125
8.5e-05,0.00021,0.000125
9e-05,0.00021,0.000125
9.5e-05,0.00021,0.000125
0.0001,0.00021,0.000125
0.000105,0.00021,0.000125
0.00011,0.00021,0.000125
0.000115,0.00021,0.000125
0.00012,0.00021,0.000125
0.000125,0.00021,0.000125
0.00013,0.00021,0.000125
0.000135,0.00021,0.000125
6e-05,0.000215,0.000125
6.5e-05,0.000215,0.000125
7e-05,0.000215,0.000125
7.5e-05,0.000215,0.000125
8e-05,0.000215,0.000125
8.5e-05,0.000215,0.000125
9e-05,0.000215,0.000125
9.5e-05,0.000215,0.000125
0.0001,0.000215,0.000125
0.000105,0.000215,0.000125
0.00011,0.000215,0.000125
0.000115,0.000215,0.000125
0.00012,0.000215,0.000125
0.000125,0.000215,0.000125
0.00013,0.000215,0.000125
0.000135,0.000215,0.000125
5.5e-05,0.00022,0.000125
6e-05,0.00022,0.000125
6.5e-05,0.00022,0.000125
7e-05,0.00022,0.000125
7.5e-05,0.00022,0.000125
8e-05,0.00022,0.000125
8.5e-05,0.00022,0.000125
9e-05,0.00022,0.000125
9.5e-05,0.00022,0.000125
0.0001,0.00022,0.000125
0.000105,0.00022,0.000125
0.00011,0.00022,0.000125
0.000115,0.00022,0.000125
0.00012,0.00022,0.000125
0.000125,0.00022,0.000125
0.00013,0.00022,0.000125
0.000135,0.00022,0.000125
5e-05,0.000225,0.000125
5.5e-05,0.000225,0.000125
6e-05,0.000225,0.000125
6.5e-05,0.000225,0.000125
7e-05,0.000225,0.000125
7.5e-05,0.000225,0.000125
8e-05,0.000225,0.000125
8.5e-05,0.000225,0.000125
9e-05,0.000225,0.000125
9.5e-05,0.000225,0.000125
0.0001,0.000225,0.000125
0.000105,0.000225,0.000125
0.00011,0.000225,0.000125
0.000115,0.000225,0.000125
0.00012,0.000225,0.000125
0.000125,0.000225,0.000125
0.00013,0.000225,0.000125
0.000135,0.000225,0.000125
5e-05,0.00023,0.000125
5.5e-05,0.00023,0.000125
6e-05,0.00023,0.000125
6.5e-05,0.00023,0.000125
7e-05,0.00023,0.000125
7.5e-05,0.00023,0.000125
8e-05,0.00023,0.000125
8.5e-05,0.00023,0.000125
9e-05,0.00023,0.000125
9.5e-05,0.00023,0.000125
0.0001,0.00023,0.000125
0.000105,0.00023,0.000125
0.00011,0.00023,0.000125
0.000115,0.00023,0.000125
0.00012,0.00023,0.000125
0.000125,0.00023,0.000125
0.00013,0.00023,0.000125
0.000135,0.00023,0.000125
5e-05,0.000235,0.000125
5.5e-05,0.000235,0.000125
6e-05,0.000235,0.000125
6.5e-05,0.000235,0.000125
7e-05,0.000235,0.000125
7.5e-05,0.000235,0.000125
8e-05,0.000235,0.000125
8.5e-05,0.000235,0.000125
9e-05,0.000235,0.000125
9.5e-05,0.000235,0.000125
0.0001,0.000235,0.000125
0.000105,0.000235,0.000125
0.00011,0.000235,0.000125
0.000115,0.000235,0.000125
0.00012,0.000235,0.000125
0.000125,0.000235,0.000125
0.00013,0.000235,0.000125
0.000135,0.000235,0.000125
5.5e-05,0.00024,0.000125
6e-05,0.00024,0.000125
6.5e-05,0.00024,0.000125
7e-05,0.00024,0.000125
7.5e-05,0.00024,0.000125
8e-05,0.00024,0.000125
8.5e-05,0.00024,0.000125
9e-05,0.00024,0.000125
9.5e-05,0.00024,0.000125
0.0001,0.00024,0.000125
0.000105,0.00024,0.000125
0.00011,0.00024,0.000125
0.000115,0.00024,0.000125
0.00012,0.00024,0.000125
0.000125,0.00024,0.000125
0.00013,0.00024,0.000125
0.000135,0.00024,0.000125
5.5e-05,0.000245,0.000125
6e-05,0.000245,0.000125
6.5e-05,0.000245,0.000125
7e-05,0.000245,0.000125
7.5e-05,0.000245,0.000125
8e-05,0.000245,0.000125
8.5e-05,0.000245,0.000125
9e-05,0.000245,0.000125
9.5e-05,0.000245,0.000125
0.0001,0.000245,0.000125
0.000105,0.000245,0.000125
0.00011,0.000245,0.000125
0.000115,0.000245,0.000125
0.00012,0.000245,0.000125
0.000125,0.000245,0.000125
0.00013,0.000245,0.000125
0.000135,0.000245,0.000125
6.5e-05,0.00025,0.000125
7e-05,0.00025,0.000125
7.5e-05,0.00025,0.000125
8e-05,0.00025,0.000125
8.5e-05,0.00025,0.000125
9e-05,0.00025,0.000125
9.5e-05,0.00025,0.000125
0.0001,0.00025,0.000125
0.000105,0.00025,0.000125
0.00011,0.00025,0.000125
0.000115,0.00025,0.000125
0.00012,0.00025,0.000125
0.000125,0.00025,0.000125
0.00013,0.00025,0.000125
0.000135,0.00025,0.000125
6.5e-05,0.000255,0.000125
7e-05,0.000255,0.000125
7.5e-05,0.000255,0.000125
8e-05,0.000255,0.000125
8.5e-05,0.000255,0.000125
9e-05,0.000255,0.000125
9.5e-05,0.000255,0.000125
0.0001,0.000255,0.000125
0.000105,0.000255,0.000125
0.00011,0.000255,0.000125
0.000115,0.000255,0.000125
0.00012,0.000255,0.000125
0.000125,0.000255,0.000125
0.00013,0.000255,0.000125
0.000135,0.000255,0.000125
6.5e-05,0.00026,0.000125
7e-05,0.00026,0.000125
7.5e-05,0.00026,0.000125
8e-05,0.00026,0.000125
8.5e-05,0.00026,0.000125
9e-05,0.00026,0.000125
9.5e-05,0.00026,0.000125
0.0001,0.00026,0.000125
0.000105,0.00026,0.000125
0.00011,0.00026,0.000125
0.000115,0.00026,0.000125
0.00012,0.00026,0.000125
0.000125,0.00026,0.000125
0.00013,0.00026,0.000125
0.000135,0.00026,0.000125
6e-05,0.000265,0.000125
6.5e-05,0.000265,0.000125
7e-05,0.000265,0.000125
7.5e-05,0.000265,0.000125
8e-05,0.000265,0.000125
8.5e-05,0.000265,0.000125
9e-05,0.000265,0.000125
9.5e-05,0.000265,0.000125
0.0001,0.000265,0.000125
0.000105,0.000265,0.000125
0.00011,0.000265,0.000125
0.000115,0.000265,0.000125
0.00012,0.000265,0.000125
0.000125,0.000265,0.000125
0.00013,0.000265,0.000125
0.000135,0.000265,0.000125
6e-05,0.00027,0.000125
6.5e-05,0.00027,0.000125
7e-05,0.00027,0.000125
7.5e-05,0.00027,0.000125
8e-05,0.00027,0.000125
8.5e-05,0.00027,0.000125
9e-05,0.00027,0.000125
9.5e-05,0.00027,0.000125
0.0001,0.00027,0.000125
0.000105,0.00027,0.000125
0.00011,0.00027,0.000125
0.000115,0.00027,0.000125
0.00012,0.00027,0.000125
0.000125,0.00027,0.000125
0.00013,0.00027,0.000125
0.000135,0.00027,0.000125
6e-05,0.000275,0.000125
6.5e-05,0.000275,0.000125
7e-05,0.000275,0.000125
7.5e-05,0.000275,0.000125
8e-05,0.000275,0.000125
8.5e-05,0.000275,0.000125
9e-05,0.000275,0.000125
9.5e-05,0.000275,0.000125
0.0001,0.000275,0.000125
0.000105,0.000275,0.000125
0.00011,0.000275,0.000125
0.000115,0.000275,0.000125
0.00012,0.000275,0.000125
0.000125,0.000275,0.000125
0.00013,0.000275,0.000125
0.000135,0.000275,0.000125
0.00014,0.000275,0.000125
6e-05,0.00028,0.000125
6.5e-05,0.00028,0.000125
7e-05,0.00028,0.000125
7.5e-05,0.00028,0.000125
8e-05,0.00028,0.000125
8.5e-05,0.00028,0.000125
9e-05,0.00028,0.000125
9.5e-05,0.00028,0.000125
0.0001,0.00028,0.000125
0.000105,0.00028,0.000125
0.00011,0.00028,0.000125
0.000115,0.00028,0.000125
0.00012,0.00028,0.000125
0.000125,0.00028,0.000125
0.00013,0.00028,0.000125
0.000135,0.00028,0.000125
0.00014,0.00028,0.000125
6e-05,0.000285,0.000125
6.5e-05,0.000285,0.000125
7e-05,0.000285,0.000125
7.5e-05,0.000285,0.000125
8e-05,0.000285,0.000125
8.5e-05,0.000285,0.000125
9e-05,0.000285,0.000125
9.5e-05,0.000285,0.000125
0.0001,0.000285,0.000125
0.000105,0.000285,0.000125
0.00011,0.000285,0.000125
0.000115,0.000285,0.000125
0.00012,0.000285,0.000125
0.000125,0.000285,0.000125
0.00013,0.000285,0.000125
0.000135,0.000285,0.000125
0.00014,0.000285,0.000125
6e-05,0.00029,0.000125
6.5e-05,0.00029,0.000125
7e-05,0.00029,0.000125
7.5e-05,0.00029,0.000125
8e-05,0.00029,0.000125
8.5e-05,0.00029,0.000125
9e-05,0.00029,0.000125
9.5e-05,0.00029,0.000125
0.0001,0.00029,0.000125
0.000105,0.00029,0.000125
0.00011,0.00029,0.000125
0.000115,0.00029,0.000125
0.00012,0.00029,0.000125
0.000125,0.00029,0.000125
0.00013,0.00029,0.000125
0.000135,0.00029,0.000125
0.00014,0.00029,0.000125
6e-05,0.000295,0.000125
6.5e-05,0.000295,0.000125
7e-05,0.000295,0.000125
7.5e-05,0.000295,0.000125
8e-05,0.000295,0.000125
8.5e-05,0.000295,0.000125
9e-05,0.000295,0.000125
9.5e-05,0.000295,0.000125
0.0001,0.000295,0.000125
0.000105,0.000295,0.000125
0.00011,0.000295,0.000125
0.000115,0.000295,0.000125
0.00012,0.000295,0.000125
0.000125,0.000295,0.000125
0.00013,0.000295,0.000125
0.000135,0.000295,0.000125
6e-05,0.0003,0.000125
6.5e-05,0.0003,0.000125
7e-05,0.0003,0.000125
7.5e-05,0.0003,0.000125
8e-05,0.0003,0.000125
8.5e-05,0.0003,0.000125
9e-05,0.0003,0.000125
9.5e-05,0.0003,0.000125
0.0001,0.0003,0.000125
0.000105,0.0003,0.000125
0.00011,0.0003,0.000125
0.000115,0.0003,0.000125
0.00012,0.0003,0.000125
0.000125,0.0003,0.000125
0.00013,0.0003,0.000125
0.000135,0.0003,0.000125
6e-05,0.000305,0.000125
6.5e-05,0.000305,0.000125
7e-05,0.000305,0.000125
7.5e-05,0.000305,0.000125
8e-05,0.000305,0.000125
8.5e-05,0.000305,0.000125
9e-05,0.000305,0.000125
9.5e-05,0.000305,0.000125
0.0001,0.000305,0.000125
0.000105,0.000305,0.000125
0.00011,0.000305,0.000125
0.000115,0.000305,0.000125
0.00012,0.000305,0.000125
0.000125,0.000305,0.000125
0.00013,0.000305,0.000125
0.000135,0.000305,0.000125
6e-05,0.00031,0.000125
6.5e-05,0.00031,0.000125
7e-05,0.00031,0.000125
7.5e-05,0.00031,0.000125
8e-05,0.00031,0.000125
8.5e-05,0.00031,0.000125
9e-05,0.00031,0.000125
9.5e-05,0.00031,0.000125
0.0001,0.00031,0.000125
0.000105,0.00031,0.000125
0.00011,0.00031,0.000125
0.000115,0.00031,0.000125
0.00012,0.00031,0.000125
0.000125,0.00031,0.000125
0.00013,0.00031,0.000125
0.000135,0.00031,0.000125
6e-05,0.000315,0.000125
6.5e-05,0.000315,0.000125
7e-05,0.000315,0.000125
7.5e-05,0.000315,0.000125
8e-05,0.000315,0.000125
8.5e-05,0.000315,0.000125
9e-05,0.000315,0.000125
9.5e-05,0.000315,0.000125
0.0001,0.000315,0.000125
0.000105,0.000315,0.000125
0.00011,0.000315,0.000125
0.000115,0.000315,0.000125
0.00012,0.000315,0.000125
0.000125,0.000315,0.000125
0.00013,0.000315,0.000125
0.000135,0.000315,0.000125
6.5e-05,0.00032,0.000125
7e-05,0.00032,0.000125
7.5e-05,0.00032,0.000125
8e-05,0.00032,0.000125
8.5e-05,0.00032,0.000125
9e-05,0.00032,0.000125
9.5e-05,0.00032,0.000125
0.0001,0.00032,0.000125
0.000105,0.00032,0.000125
0.00011,0.00032,0.000125
0.000115,0.00032,0.000125
0.00012,0.00032,0.000125
0.000125,0.00032,0.000125
0.00013,0.00032,0.000125
0.000135,0.00032,0.000125
6e-05,0.000325,0.000125
6.5e-05,0.000325,0.000125
7e-05,0.000325,0.000125
7.5e-05,0.000325,0.000125
8e-05,0.000325,0.000125
8.5e-05,0.000325,0.000125
9e-05,0.000325,0.000125
9.5e-05,0.000325,0.000125
0.0001,0.000325,0.000125
0.000105,0.000325,0.000125
0.00011,0.000325,0.000125
0.000115,0.000325,0.000125
0.00012,0.000325,0.000125
0.000125,0.000325,0.000125
0.00013,0.000325,0.000125
0.000135,0.000325,0.000125
6e-05,0.00033,0.000125
6.5e-05,0.00033,0.000125
7e-05,0.00033,0.000125
7.5e-05,0.00033,0.000125
8e-05,0.00033,0.000125
8.5e-05,0.00033,0.000125
9e-05,0.00033,0.000125
9.5e-05,0.00033,0.000125
0.0001,0.00033,0.000125
0.000105,0.00033,0.000125
0.00011,0.00033,0.000125
0.000115,0.00033,0.000125
0.00012,0.00033,0.000125
0.000125,0.00033,0.000125
0.00013,0.00033,0.000125
0.000135,0.00033,0.000125
6e-05,0.000335,0.000125
6.5e-05,0.000335,0.000125
7e-05,0.000335,0.000125
7.5e-05,0.000335,0.000125
8e-05,0.000335,0.000125
8.5e-05,0.000335,0.000125
9e-05,0.000335,0.000125
9.5e-05,0.000335,0.000125
0.0001,0.000335,0.000125
0.000105,0.000335,0.000125
0.00011,0.000335,0.000125
0.000115,0.000335,0.000125
0.00012,0.000335,0.000125
0.000125,0.000335,0.000125
0.00013,0.000335,0.000125
0.000135,0.000335,0.000125
6e-05,0.00034,0.000125
6.5e-05,0.00034,0.000125
7e-05,0.00034,0.000125
7.5e-05,0.00034,0.000125
8e-05,0.00034,0.000125
8.5e-05,0.00034,0.000125
9e-05,0.00034,0.000125
9.5e-05,0.00034,0.000125
0.0001,0.00034,0.000125
0.000105,0.00034,0.000125
0.00011,0.00034,0.000125
0.000115,0.00034,0.000125
0.00012,0.00034,0.000125
0.000125,0.00034,0.000125
0.00013,0.00034,0.000125
0.000135,0.00034,0.000125
6e-05,0.000345,0.000125
6.5e-05,0.000345,0.000125
7e-05,0.000345,0.000125
7.5e-05,0.000345,0.000125
8e-05,0.000345,0.000125
8.5e-05,0.000345,0.000125
9e-05,0.000345,0.000125
9.5e-05,0.000345,0.000125
0.0001,0.000345,0.000125
0.000105,0.000345,0.000125
0.00011,0.000345,0.000125
0.000115,0.000345,0.000125
0.00012,0.000345,0.000125
0.000125,0.000345,0.000125
0.00013,0.000345,0.000125
0.000135,0.000345,0.000125
5.5e-05,0.00035,0.000125
6e-05,0.00035,0.000125
6.5e-05,0.00035,0.000125
7e-05,0.00035,0.000125
7.5e-05,0.00035,0.000125
8e-05,0.00035,0.000125
8.5e-05,0.00035,0.000125
9e-05,0.00035,0.000125
9.5e-05,0.00035,0.000125
0.0001,0.00035,0.000125
0.000105,0.00035,0.000125
0.00011,0.00035,0.000125
0.000115,0.00035,0.000125
0.00012,0.00035,0.000125
0.000125,0.00035,0.000125
0.00013,0.00035,0.000125
0.000135,0.00035,0.000125
5.5e-05,0.000355,0.000125
6e-05,0.000355,0.000125
6.5e-05,0.000355,0.000125
7e-05,0.000355,0.000125
7.5e-05,0.000355,0.000125
8e-05,0.000355,0.000125
8.5e-05,0.000355,0.000125
9e-05,0.000355,0.000125
9.5e-05,0.000355,0.000125
0.0001,0.000355,0.000125
0.000105,0.000355,0.000125
0.00011,0.000355,0.000125
0.000115,0.000355,0.000125
0.00012,0.000355,0.000125
0.000125,0.000355,0.000125
0.00013,0.000355,0.000125
0.000135,0.000355,0.000125
6e-05,0.00036,0.000125
6.5e-05,0.00036,0.000125
7e-05,0.00036,0.000125
7.5e-05,0.00036,0.000125
8e-05,0.00036,0.000125
8.5e-05,0.00036,0.000125
9e-05,0.00036,0.000125
9.5e-05,0.00036,0.000125
0.0001,0.00036,0.000125
0.000105,0.00036,0.000125
0.00011,0.00036,0.000125
0.000115,0.00036,0.000125
0.00012,0.00036,0.000125
0.000125,0.00036,0.000125
0.00013,0.00036,0.000125
0.000135,0.00036,0.000125
6e-05,0.000365,0.000125
6.5e-05,0.000365,0.000125
7e-05,0.000365,0.000125
7.5e-05,0.000365,0.000125
8e-05,0.000365,0.000125
8.5e-05,0.000365,0.000125
9e-05,0.000365,0.000125
9.5e-05,0.000365,0.000125
0.0001,0.000365,0.000125
0.000105,0.000365,0.000125
0.00011,0.000365,0.000125
0.000115,0.000365,0.000125
0.00012,0.000365,0.000125
0.000125,0.000365,0.000125
0.00013,0.000365,0.000125
0.000135,0.000365,0.000125
6.5e-05,0.00037,0.000125
7e-05,0.00037,0.000125
7.5e-05,0.00037,0.000125
8e-05,0.00037,0.000125
8.5e-05,0.00037,0.000125
9e-05,0.00037,0.000125
9.5e-05,0.00037,0.000125
0.0001,0.00037,0.000125
0.000105,0.00037,0.000125
0.00011,0.00037,0.000125
0.000115,0.00037,0.000125
0.00012,0.00037,0.000125
0.000125,0.00037,0.000125
0.00013,0.00037,0.000125
0.000135,0.00037,0.000125
6.5e-05,0.000375,0.000125
7e-05,0.000375,0.000125
7.5e-05,0.000375,0.000125
8e-05,0.000375,0.000125
8.5e-05,0.000375,0.000125
9e-05,0.000375,0.000125
9.5e-05,0.000375,0.000125
0.0001,0.000375,0.000125
0.000105,0.000375,0.000125
0.00011,0.000375,0.000125
0.000115,0.000375,0.000125
0.00012,0.000375,0.000125
0.000125,0.000375,0.000125
0.00013,0.000375,0.000125
0.000135,0.000375,0.000125
6.5e-05,0.00038,0.000125
7e-05,0.00038,0.000125
7.5e-05,0.00038,0.000125
8e-05,0.00038,0.000125
8.5e-05,0.00038,0.000125
9e-05,0.00038,0.000125
9.5e-05,0.00038,0.000125
0.0001,0.00038,0.000125
0.000105,0.00038,0.000125
0.00011,0.00038,0.000125
0.000115,0.00038,0.000125
0.00012,0.00038,0.000125
0.000125,0.00038,0.000125
0.00013,0.00038,0.000125
0.000135,0.00038,0.000125
6.5e-05,0.000385,0.000125
7e-05,0.000385,0.000125
7.5e-05,0.000385,0.000125
8e-05,0.000385,0.000125
8.5e-05,0.000385,0.000125
9e-05,0.000385,0.000125
9.5e-05,0.000385,0.000125
0.0001,0.000385,0.000125
0.000105,0.000385,0.000125
0.00011,0.000385,0.000125
0.000115,0.000385,0.000125
0.00012,0.000385,0.000125
0.000125,0.000385,0.000125
0.00013,0.000385,0.000125
0.000135,0.000385,0.000125
6.5e-05,0.00039,0.000125
7e-05,0.00039,0.000125
7.5e-05,0.00039,0.000125
8e-05,0.00039,0.000125
8.5e-05,0.00039,0.000125
9e-05,0.00039,0.000125
9.5e-05,0.00039,0.000125
0.0001,0.00039,0.000125
0.000105,0.00039,0.000125
0.00011,0.00039,0.000125
0.000115,0.00039,0.000125
0.00012,0.00039,0.000125
0.000125,0.00039,0.000125
0.00013,0.00039,0.000125
0.000135,0.00039,0.000125
0.00014,0.00039,0.000125
6.5e-05,0.000395,0.000125
7e-05,0.000395,0.000125
7.5e-05,0.000395,0.000125
8e-05,0.000395,0.000125
8.5e-05,0.000395,0.000125
9e-05,0.000395,0.000125
9.5e-05,0.000395,0.000125
0.0001,0.000395,0.000125
0.000105,0.000395,0.000125
0.00011,0.000395,0.000125
0.000115,0.000395,0.000125
0.00012,0.000395,0.000125
0.000125,0.000395,0.000125
0.00013,0.000395,0.000125
0.000135,0.000395,0.000125
0.00014,0.000395,0.000125
6.5e-05,0.0004,0.000125
7e-05,0.0004,0.000125
7.5e-05,0.0004,0.000125
8e-05,0.0004,0.000125
8.5e-05,0.0004,0.000125
9e-05,0.0004,0.000125
9.5e-05,0.0004,0.000125
0.0001,0.0004,0.000125
0.000105,0.0004,0.000125
0.00011,0.0004,0.000125
0.000115,0.0004,0.000125
0.00012,0.0004,0.000125
0.000125,0.0004,0.000125
0.00013,0.0004,0.000125
0.000135,0.0004,0.000125
0.00014,0.0004,0.000125
0.000145,0.0004,0.000125
6.5e-05,0.000405,0.000125
7e-05,0.000405,0.000125
7.5e-05,0.000405,0.000125
8e-05,0.000405,0.000125
8.5e-05,0.000405,0.000125
9e-05,0.000405,0.000125
9.5e-05,0.000405,0.000125
0.0001,0.000405,0.000125
0.000105,0.000405,0.000125
0.00011,0.000405,0.000125
0.000115,0.000405,0.000125
0.00012,0.000405,0.000125
0.000125,0.000405,0.000125
0.00013,0.000405,0.000125
0.000135,0.000405,0.000125
0.00014,0.000405,0.000125
0.000145,0.000405,0.000125
6.5e-05,0.00041,0.000125
7e-05,0.00041,0.000125
7.5e-05,0.00041,0.000125
8e-05,0.00041,0.000125
8.5e-05,0.00041,0.000125
9e-05,0.00041,0.000125
9.5e-05,0.00041,0.000125
0.0001,0.00041,0.000125
0.000105,0.00041,0.000125
0.00011,0.00041,0.000125
0.000115,0.00041,0.000125
0.00012,0.00041,0.000125
0.000125,0.00041,0.000125
0.00013,0.00041,0.000125
0.000135,0.00041,0.000125
0.00014,0.00041,0.000125
0.000145,0.00041,0.000125
6.5e-05,0.000415,0.000125
7e-05,0.000415,0.000125
7.5e-05,0.000415,0.000125
8e-05,0.000415,0.000125
8.5e-05,0.000415,0.000125
9e-05,0.000415,0.000125
9.5e-05,0.000415,0.000125
0.0001,0.000415,0.000125
0.000105,0.000415,0.000125
0.00011,0.000415,0.000125
0.000115,0.000415,0.000125
0.00012,0.000415,0.000125
0.000125,0.000415,0.000125
0.00013,0.000415,0.000125
0.000135,0.000415,0.000125
0.00014,0.000415,0.000125
0.000145,0.000415,0.000125
6.5e-05,0.00042,0.000125
7e-05,0.00042,0.000125
7.5e-05,0.00042,0.000125
8e-05,0.00042,0.000125
8.5e-05,0.00042,0.000125
9e-05,0.00042,0.000125
9.5e-05,0.00042,0.000125
0.0001,0.00042,0.000125
0.000105,0.00042,0.000125
0.00011,0.00042,0.000125
0.000115,0.00042,0.000125
0.00012,0.00042,0.000125
0.000125,0.00042,0.000125
0.00013,0.00042,0.000125
0.000135,0.00042,0.000125
0.00014,0.00042,0.000125
0.000145,0.00042,0.000125
6.5e-05,0.000425,0.000125
7e-05,0.000425,0.000125
7.5e-05,0.000425,0.000125
8e-05,0.000425,0.000125
8.5e-05,0.000425,0.000125
9e-05,0.000425,0.000125
9.5e-05,0.000425,0.000125
0.0001,0.000425,0.000125
0.000105,0.000425,0.000125
0.00011,0.000425,0.000125
0.000115,0.000425,0.000125
0.00012,0.000425,0.000125
0.000125,0.000425,0.000125
0.00013,0.000425,0.000125
0.000135,0.000425,0.000125
0.00014,0.000425,0.000125
0.000145,0.000425,0.000125
6.5e-05,0.00043,0.000125
7e-05,0.00043,0.000125
7.5e-05,0.00043,0.000125
8e-05,0.00043,0.000125
8.5e-05,0.00043,0.000125
9e-05,0.00043,0.000125
9.5e-05,0.00043,0.000125
0.0001,0.00043,0.000125
0.000105,0.00043,0.000125
0.00011,0.00043,0.000125
0.000115,0.00043,0.000125
0.00012,0.00043,0.000125
0.000125,0.00043,0.000125
0.00013,0.00043,0.000125
0.000135,0.00043,0.000125
0.00014,0.00043,0.000125
6.5e-05,0.000435,0.000125
7e-05,0.000435,0.000125
7.5e-05,0.000435,0.000125
8e-05,0.000435,0.000125
8.5e-05,0.000435,0.000125
9e-05,0.000435,0.000125
9.5e-05,0.000435,0.000125
0.0001,0.000435,0.000125
0.000105,0.000435,0.000125
0.00011,0.000435,0.000125
0.000115,0.000435,0.000125
0.00012,0.000435,0.000125
0.000125,0.000435,0.000125
0.00013,0.000435,0.000125
0.000135,0.000435,0.000125
6.5e-05,0.00044,0.000125
7e-05,0.00044,0.000125
7.5e-05,0.00044,0.000125
8e-05,0.00044,0.000125
8.5e-05,0.00044,0.000125
9e-05,0.00044,0.000125
9.5e-05,0.00044,0.000125
0.0001,0.00044,0.000125
0.000105,0.00044,0.000125
0.00011,0.00044,0.000125
0.000115,0.00044,0.000125
0.00012,0.00044,0.000125
0.000125,0.00044,0.000125
0.00013,0.00044,0.000125
0.000135,0.00044,0.000125
6.5e-05,0.000445,0.000125
7e-05,0.000445,0.000125
7.5e-05,0.000445,0.000125
8e-05,0.000445,0.000125
8.5e-05,0.000445,0.000125
9e-05,0.000445,0.000125
9.5e-05,0.000445,0.000125
0.0001,0.000445,0.000125
0.000105,0.000445,0.000125
0.00011,0.000445,0.000125
0.000115,0.000445,0.000125
0.00012,0.000445,0.000125
0.000125,0.000445,0.000125
0.00013,0.000445,0.000125
0.000135,0.000445,0.000125
0.00014,0.000445,0.000125
6.5e-05,0.00045,0.000125
7e-05,0.00045,0.000125
7.5e-05,0.00045,0.000125
8e-05,0.00045,0.000125
8.5e-05,0.00045,0.000125
9e-05,0.00045,0.000125
9.5e-05,0.00045,0.000125
0.0001,0.00045,0.000125
0.000105,0.00045,0.000125
0.00011,0.00045,0.000125
0.000115,0.00045,0.000125
0.00012,0.00045,0.000125
0.000125,0.00045,0.000125
0.00013,0.00045,0.000125
0.000135,0.00045,0.000125
0.00014,0.00045,0.000125
6.5e-05,0.000455,0.000125
7e-05,0.000455,0.000125
7.5e-05,0.000455,0.000125
8e-05,0.000455,0.000125
8.5e-05,0.000455,0.000125
9e-05,0.000455,0.000125
9.5e-05,0.000455,0.000125
0.0001,0.000455,0.000125
0.000105,0.000455,0.000125
0.00011,0.000455,0.000125
0.000115,0.000455,0.000125
0.00012,0.000455,0.000125
0.000125,0.000455,0.000125
0.00013,0.000455,0.000125
0.000135,0.000455,0.000125
0.00014,0.000455,0.000125
6.5e-05,0.00046,0.000125
7e-05,0.00046,0.000125
7.5e-05,0.00046,0.000125
8e-05,0.00046,0.000125
8.5e-05,0.00046,0.000125
9e-05,0.00046,0.000125
9.5e-05,0.00046,0.000125
0.0001,0.00046,0.000125
0.000105,0.00046,0.000125
0.00011,0.00046,0.000125
0.000115,0.00046,0.000125
0.00012,0.00046,0.000125
0.000125,0.00046,0.000125
0.00013,0.00046,0.000125
0.000135,0.00046,0.000125
0.00014,0.00046,0.000125
6.5e-05,0.000465,0.000125
7e-05,0.000465,0.000125
7.5e-05,0.000465,0.000125
8e-05,0.000465,0.000125
8.5e-05,0.000465,0.000125
9e-05,0.000465,0.000125
9.5e-05,0.000465,0.000125
0.0001,0.000465,0.000125
0.000105,0.000465,0.000125
0.00011,0.000465,0.000125
0.000115,0.000465,0.000125
0.00012,0.000465,0.000125
0.000125,0.000465,0.000125
0.00013,0.000465,0.000125
0.000135,0.000465,0.000125
0.00014,0.000465,0.000125
6.5e-05,0.00047,0.000125
7e-05,0.00047,0.000125
7.5e-05,0.00047,0.000125
8e-05,0.00047,0.000125
8.5e-05,0.00047,0.000125
9e-05,0.00047,0.000125
9.5e-05,0.00047,0.000125
0.0001,0.00047,0.000125
0.000105,0.00047,0.000125
0.00011,0.00047,0.000125
0.000115,0.00047,0.000125
0.00012,0.00047,0.000125
0.000125,0.00047,0.000125
0.00013,0.00047,0.000125
0.000135,0.00047,0.000125
0.00014,0.00047,0.000125
6.5e-05,0.000475,0.000125
7e-05,0.000475,0.000125
7.5e-05,0.000475,0.000125
8e-05,0.000475,0.000125
8.5e-05,0.000475,0.000125
9e-05,0.000475,0.000125
9.5e-05,0.000475,0.000125
0.0001,0.000475,0.000125
0.000105,0.000475,0.000125
0.00011,0.000475,0.000125
0.000115,0.000475,0.000125
0.00012,0.000475,0.000125
0.000125,0.000475,0.000125
0.00013,0.000475,0.000125
0.000135,0.000475,0.000125
0.00014,0.000475,0.000125
6.5e-05,0.00048,0.000125
7e-05,0.00048,0.000125
7.5e-05,0.00048,0.000125
8e-05,0.00048,0.000125
8.5e-05,0.00048,0.000125
9e-05,0.00048,0.000125
9.5e-05,0.00048,0.000125
0.0001,0.00048,0.000125
0.000105,0.00048,0.000125
0.00011,0.00048,0.000125
0.000115,0.00048,0.000125
0.00012,0.00048,0.000125
0.000125,0.00048,0.000125
0.00013,0.00048,0.000125
0.000135,0.00048,0.000125
6.5e-05,0.000485,0.000125
7e-05,0.000485,0.000125
7.5e-05,0.000485,0.000125
8e-05,0.000485,0.000125
8.5e-05,0.000485,0.000125
9e-05,0.000485,0.000125
9.5e-05,0.000485,0.000125
0.0001,0.000485,0.000125
0.000105,0.000485,0.000125
0.00011,0.000485,0.000125
0.000115,0.000485,0.000125
0.00012,0.000485,0.000125
0.000125,0.000485,0.000125
0.00013,0.000485,0.000125
0.000135,0.000485,0.000125
6.5e-05,0.00049,0.000125
7e-05,0.00049,0.000125
7.5e-05,0.00049,0.000125
8e-05,0.00049,0.000125
8.5e-05,0.00049,0.000125
9e-05,0.00049,0.000125
9.5e-05,0.00049,0.000125
0.0001,0.00049,0.000125
0.000105,0.00049,0.000125
0.00011,0.00049,0.000125
0.000115,0.00049,0.000125
0.00012,0.00049,0.000125
0.000125,0.00049,0.000125
0.00013,0.00049,0.000125
0.000135,0.00049,0.000125
6e-05,0.000495,0.000125
6.5e-05,0.000495,0.000125
7e-05,0.000495,0.000125
7.5e-05,0.000495,0.000125
8e-05,0.000495,0.000125
8.5e-05,0.000495,0.000125
9e-05,0.000495,0.000125
9.5e-05,0.000495,0.000125
0.0001,0.000495,0.000125
0.000105,0.000495,0.000125
0.00011,0.000495,0.000125
0.000115,0.000495,0.000125
0.00012,0.000495,0.000125
0.000125,0.000495,0.000125
0.00013,0.000495,0.000125
0.000135,0.000495,0.000125
0.00014,0.000495,0.000125
6e-05,0.0005,0.000125
6.5e-05,0.0005,0.000125
7e-05,0.0005,0.000125
7.5e-05,0.0005,0.000125
8e-05,0.0005,0.000125
8.5e-05,0.0005,0.000125
9e-05,0.0005,0.000125
9.5e-05,0.0005,0.000125
0.0001,0.0005,0.000125
0.000105,0.0005,0.000125
0.00011,0.0005,0.000125
0.000115,0.0005,0.000125
0.00012,0.0005,0.000125
0.000125,0.0005,0.000125
0.00013,0.0005,0.000125
0.000135,0.0005,0.000125
0.00014,0.0005,0.000125
6e-05,0.000505,0.000125
6.5e-05,0.000505,0.000125
7e-05,0.000505,0.000125
7.5e-05,0.000505,0.000125
8e-05,0.000505,0.000125
8.5e-05,0.000505,0.000125
9e-05,0.000505,0.000125
9.5e-05,0.000505,0.000125
0.0001,0.000505,0.000125
0.000105,0.000505,0.000125
0.00011,0.000505,0.000125
0.000115,0.000505,0.000125
0.00012,0.000505,0.000125
0.000125,0.000505,0.000125
0.00013,0.000505,0.000125
0.000135,0.000505,0.000125
6e-05,0.00051,0.000125
6.5e-05,0.00051,0.000125
7e-05,0.00051,0.000125
7.5e-05,0.00051,0.000125
8e-05,0.00051,0.000125
8.5e-05,0.00051,0.000125
9e-05,0.00051,0.000125
9.5e-05,0.00051,0.000125
0.0001,0.00051,0.000125
0.000105,0.00051,0.000125
0.00011,0.00051,0.000125
0.000115,0.00051,0.000125
0.00012,0.00051,0.000125
0.000125,0.00051,0.000125
0.00013,0.00051,0.000125
0.000135,0.00051,0.000125
6e-05,0.000515,0.000125
6.5e-05,0.000515,0.000125
7e-05,0.000515,0.000125
7.5e-05,0.000515,0.000125
8e-05,0.000515,0.000125
8.5e-05,0.000515,0.000125
9e-05,0.000515,0.000125
9.5e-05,0.000515,0.000125
0.0001,0.000515,0.000125
0.000105,0.000515,0.000125
0.00011,0.000515,0.000125
0.000115,0.000515,0.000125
0.00012,0.000515,0.000125
0.000125,0.000515,0.000125
0.00013,0.000515,0.000125
0.000135,0.000515,0.000125
6e-05,0.00052,0.000125
6.5e-05,0.00052,0.000125
7e-05,0.00052,0.000125
7.5e-05,0.00052,0.000125
8e-05,0.00052,0.000125
8.5e-05,0.00052,0.000125
9e-05,0.00052,0.000125
9.5e-05,0.00052,0.000125
0.0001,0.00052,0.000125
0.000105,0.00052,0.000125
0.00011,0.00052,0.000125
0.000115,0.00052,0.000125
0.00012,0.00052,0.000125
0.000125,0.00052,0.000125
0.00013,0.00052,0.000125
0.000135,0.00052,0.000125
0.00014,0.00052,0.000125
6.5e-05,0.000525,0.000125
7e-05,0.000525,0.000125
7.5e-05,0.000525,0.000125
8e-05,0.000525,0.000125
8.5e-05,0.000525,0.000125
9e-05,0.000525,0.000125
9.5e-05,0.000525,0.000125
0.0001,0.000525,0.000125
0.000105,0.000525,0.000125
0.00011,0.000525,0.000125
0.000115,0.000525,0.000125
0.00012,0.000525,0.000125
0.000125,0.000525,0.000125
0.00013,0.000525,0.000125
0.000135,0.000525,0.000125
0.00014,0.000525,0.000125
6e-05,0.00053,0.000125
6.5e-05,0.00053,0.000125
7e-05,0.00053,0.000125
7.5e-05,0.00053,0.000125
8e-05,0.00053,0.000125
8.5e-05,0.00053,0.000125
9e-05,0.00053,0.000125
9.5e-05,0.00053,0.000125
0.0001,0.00053,0.000125
0.000105,0.00053,0.000125
0.00011,0.00053,0.000125
0.000115,0.00053,0.000125
0.00012,0.00053,0.000125
0.000125,0.00053,0.000125
0.00013,0.00053,0.000125
0.000135,0.00053,0.000125
0.00014,0.00053,0.000125
0.000145,0.00053,0.000125
6e-05,0.000535,0.000125
6.5e-05,0.000535,0.000125
7e-05,0.000535,0.000125
7.5e-05,0.000535,0.000125
8e-05,0.000535,0.000125
8.5e-05,0.000535,0.000125
9e-05,0.000535,0.000125
9.5e-05,0.000535,0.000125
0.0001,0.000535,0.000125
0.000105,0.000535,0.000125
0.00011,0.000535,0.000125
0.000115,0.000535,0.000125
0.00012,0.000535,0.000125
0.000125,0.000535,0.000125
0.00013,0.000535,0.000125
0.000135,0.000535,0.000125
0.00014,0.000535,0.000125
0.000145,0.000535,0.000125
6e-05,0.00054,0.000125
6.5e-05,0.00054,0.000125
7e-05,0.00054,0.000125
7.5e-05,0.00054,0.000125
8e-05,0.00054,0.000125
8.5e-05,0.00054,0.000125
9e-05,0.00054,0.000125
9.5e-05,0.00054,0.000125
0.0001,0.00054,0.000125
0.000105,0.00054,0.000125
0.00011,0.00054,0.000125
0.000115,0.00054,0.000125
0.00012,0.00054,0.000125
0.000125,0.00054,0.000125
0.00013,0.00054,0.000125
0.000135,0.00054,0.000125
0.00014,0.00054,0.000125
6e-05,0.000545,0.000125
6.5e-05,0.000545,0.000125
7e-05,0.000545,0.000125
7.5e-05,0.000545,0.000125
8e-05,0.000545,0.000125
8.5e-05,0.000545,0.000125
9e-05,0.000545,0.000125
9.5e-05,0.000545,0.000125
0.0001,0.000545,0.000125
0.000105,0.000545,0.000125
0.00011,0.000545,0.000125
0.000115,0.000545,0.000125
0.00012,0.000545,0.000125
0.000125,0.000545,0.000125
0.00013,0.000545,0.000125
0.000135,0.000545,0.000125
0.00014,0.000545,0.000125
6e-05,0.00055,0.000125
6.5e-05,0.00055,0.000125
7e-05,0.00055,0.000125
7.5e-05,0.00055,0.000125
8e-05,0.00055,0.000125
8.5e-05,0.00055,0.000125
9e-05,0.00055,0.000125
9.5e-05,0.00055,0.000125
0.0001,0.00055,0.000125
0.000105,0.00055,0.000125
0.00011,0.00055,0.000125
0.000115,0.00055,0.000125
0.00012,0.00055,0.000125
0.000125,0.00055,0.000125
0.00013,0.00055,0.000125
0.000135,0.00055,0.000125
6.5e-05,0.000555,0.000125
7e-05,0.000555,0.000125
7.5e-05,0.000555,0.000125
8e-05,0.000555,0.000125
8.5e-05,0.000555,0.000125
9e-05,0.000555,0.000125
9.5e-05,0.000555,0.000125
0.0001,0.000555,0.000125
0.000105,0.000555,0.000125
0.00011,0.000555,0.000125
0.000115,0.000555,0.000125
0.00012,0.000555,0.000125
0.000125,0.000555,0.000125
0.00013,0.000555,0.000125
0.000135,0.000555,0.000125
6.5e-05,0.00056,0.000125
7e-05,0.00056,0.000125
7.5e-05,0.00056,0.000125
8e-05,0.00056,0.000125
8.5e-05,0.00056,0.000125
9e-05,0.00056,0.000125
9.5e-05,0.00056,0.000125
0.0001,0.00056,0.000125
0.000105,0.00056,0.000125
0.00011,0.00056,0.000125
0.000115,0.00056,0.000125
0.00012,0.00056,0.000125
0.000125,0.00056,0.000125
0.00013,0.00056,0.000125
0.000135,0.00056,0.000125
0.00014,0.00056,0.000125
6.5e-05,0.000565,0.000125
7e-05,0.000565,0.000125
7.5e-05,0.000565,0.000125
8e-05,0.000565,0.000125
8.5e-05,0.000565,0.000125
9e-05,0.000565,0.000125
9.5e-05,0.000565,0.000125
0.0001,0.000565,0.000125
0.000105,0.000565,0.000125
0.00011,0.000565,0.000125
0.000115,0.000565,0.000125
0.00012,0.000565,0.000125
0.000125,0.000565,0.000125
0.00013,0.000565,0.000125
0.000135,0.000565,0.000125
0.00014,0.000565,0.000125
6.5e-05,0.00057,0.000125
7e-05,0.00057,0.000125
7.5e-05,0.00057,0.000125
8e-05,0.00057,0.000125
8.5e-05,0.00057,0.000125
9e-05,0.00057,0.000125
9.5e-05,0.00057,0.000125
0.0001,0.00057,0.000125
0.000105,0.00057,0.000125
0.00011,0.00057,0.000125
0.000115,0.00057,0.000125
0.00012,0.00057,0.000125
0.000125,0.00057,0.000125
0.00013,0.00057,0.000125
0.000135,0.00057,0.000125
0.00014,0.00057,0.000125
6.5e-05,0.000575,0.000125
7e-05,0.000575,0.000125
7.5e-05,0.000575,0.000125
8e-05,0.000575,0.000125
8.5e-05,0.000575,0.000125
9e-05,0.000575,0.000125
9.5e-05,0.000575,0.000125
0.0001,0.000575,0.000125
0.000105,0.000575,0.000125
0.00011,0.000575,0.000125
0.000115,0.000575,0.000125
0.00012,0.000575,0.000125
0.000125,0.000575,0.000125
0.00013,0.000575,0.000125
0.000135,0.000575,0.000125
6.5e-05,0.00058,0.000125
7e-05,0.00058,0.000125
7.5e-05,0.00058,0.000125
8e-05,0.00058,0.000125
8.5e-05,0.00058,0.000125
9e-05,0.00058,0.000125
9.5e-05,0.00058,0.000125
0.0001,0.00058,0.000125
0.000105,0.00058,0.000125
0.00011,0.00058,0.000125
0.000115,0.00058,0.000125
0.00012,0.00058,0.000125
0.000125,0.00058,0.000125
0.00013,0.00058,0.000125
0.000135,0.00058,0.000125
6.5e-05,0.000585,0.000125
7e-05,0.000585,0.000125
7.5e-05,0.000585,0.000125
8e-05,0.000585,0.000125
8.5e-05,0.000585,0.000125
9e-05,0.000585,0.000125
9.5e-05,0.000585,0.000125
0.0001,0.000585,0.000125
0.000105,0.000585,0.000125
0.00011,0.000585,0.000125
0.000115,0.000585,0.000125
0.00012,0.000585,0.000125
0.000125,0.000585,0.000125
0.00013,0.000585,0.000125
0.000135,0.000585,0.000125
6.5e-05,0.00059,0.000125
7e-05,0.00059,0.000125
7.5e-05,0.00059,0.000125
8e-05,0.00059,0.000125
8.5e-05,0.00059,0.000125
9e-05,0.00059,0.000125
9.5e-05,0.00059,0.000125
0.0001,0.00059,0.000125
0.000105,0.00059,0.000125
0.00011,0.00059,0.000125
0.000115,0.00059,0.000125
0.00012,0.00059,0.000125
0.000125,0.00059,0.000125
0.00013,0.00059,0.000125
0.000135,0.00059,0.000125
6.5e-05,0.000595,0.000125
7e-05,0.000595,0.000125
7.5e-05,0.000595,0.000125
8e-05,0.000595,0.000125
8.5e-05,0.000595,0.000125
9e-05,0.000595,0.000125
9.5e-05,0.000595,0.000125
0.0001,0.000595,0.000125
0.000105,0.000595,0.000125
0.00011,0.000595,0.000125
0.000115,0.000595,0.000125
0.00012,0.000595,0.000125
0.000125,0.000595,0.000125
0.00013,0.000595,0.000125
0.000135,0.000595,0.000125
6.5e-05,0.0006,0.000125
7e-05,0.0006,0.000125
7.5e-05,0.0006,0.000125
8e-05,0.0006,0.000125
8.5e-05,0.0006,0.000125
9e-05,0.0006,0.000125
9.5e-05,0.0006,0.000125
0.0001,0.0006,0.000125
0.000105,0.0006,0.000125
0.00011,0.0006,0.000125
0.000115,0.0006,0.000125
0.00012,0.0006,0.000125
0.000125,0.0006,0.000125
0.00013,0.0006,0.000125
0.000135,0.0006,0.000125
6.5e-05,0.000605,0.000125
7e-05,0.000605,0.000125
7.5e-05,0.000605,0.000125
8e-05,0.000605,0.000125
8.5e-05,0.000605,0.000125
9e-05,0.000605,0.000125
9.5e-05,0.000605,0.000125
0.0001,0.000605,0.000125
0.000105,0.000605,0.000125
0.00011,0.000605,0.000125
0.000115,0.000605,0.000125
0.00012,0.000605,0.000125
0.000125,0.000605,0.000125
0.00013,0.000605,0.000125
0.000135,0.000605,0.000125
6.5e-05,0.00061,0.000125
7e-05,0.00061,0.000125
7.5e-05,0.00061,0.000125
8e-05,0.00061,0.000125
8.5e-05,0.00061,0.000125
9e-05,0.00061,0.000125
9.5e-05,0.00061,0.000125
0.0001,0.00061,0.000125
0.000105,0.00061,0.000125
0.00011,0.00061,0.000125
0.000115,0.00061,0.000125
0.00012,0.00061,0.000125
0.000125,0.00061,0.000125
0.00013,0.00061,0.000125
0.000135,0.00061,0.000125
6.5e-05,0.000615,0.000125
7e-05,0.000615,0.000125
7.5e-05,0.000615,0.000125
8e-05,0.000615,0.000125
8.5e-05,0.000615,0.000125
9e-05,0.000615,0.000125
9.5e-05,0.000615,0.000125
0.0001,0.000615,0.000125
0.000105,0.000615,0.000125
0.00011,0.000615,0.000125
0.000115,0.000615,0.000125
0.00012,0.000615,0.000125
0.000125,0.000615,0.000125
0.00013,0.000615,0.000125
0.000135,0.000615,0.000125
6.5e-05,0.00062,0.000125
7e-05,0.00062,0.000125
7.5e-05,0.00062,0.000125
8e-05,0.00062,0.000125
8.5e-05,0.00062,0.000125
9e-05,0.00062,0.000125
9.5e-05,0.00062,0.000125
0.0001,0.00062,0.000125
0.000105,0.00062,0.000125
0.00011,0.00062,0.000125
0.000115,0.00062,0.000125
0.00012,0.00062,0.000125
0.000125,0.00062,0.000125
0.00013,0.00062,0.000125
0.000135,0.00062,0.000125
6.5e-05,0.000625,0.000125
7e-05,0.000625,0.000125
7.5e-05,0.000625,0.000125
8e-05,0.000625,0.000125
8.5e-05,0.000625,0.000125
9e-05,0.000625,0.000125
9.5e-05,0.000625,0.000125
0.0001,0.000625,0.000125
0.000105,0.000625,0.000125
0.00011,0.000625,0.000125
0.000115,0.000625,0.000125
0.00012,0.000625,0.000125
0.000125,0.000625,0.000125
0.00013,0.000625,0.000125
0.000135,0.000625,0.000125
6.5e-05,0.00063,0.000125
7e-05,0.00063,0.000125
7.5e-05,0.00063,0.000125
8e-05,0.00063,0.000125
8.5e-05,0.00063,0.000125
9e-05,0.00063,0.000125
9.5e-05,0.00063,0.000125
0.0001,0.00063,0.000125
0.000105,0.00063,0.000125
0.00011,0.00063,0.000125
0.000115,0.00063,0.000125
0.00012,0.00063,0.000125
0.000125,0.00063,0.000125
0.00013,0.00063,0.000125
0.000135,0.00063,0.000125
6.5e-05,0.000635,0.000125
7e-05,0.000635,0.000125
7.5e-05,0.000635,0.000125
8e-05,0.000635,0.000125
8.5e-05,0.000635,0.000125
9e-05,0.000635,0.000125
9.5e-05,0.000635,0.000125
0.0001,0.000635,0.000125
0.000105,0.000635,0.000125
0.00011,0.000635,0.000125
0.000115,0.000635,0.000125
0.00012,0.000635,0.000125
0.000125,0.000635,0.000125
0.00013,0.000635,0.000125
0.000135,0.000635,0.000125
6.5e-05,0.00064,0.000125
7e-05,0.00064,0.000125
7.5e-05,0.00064,0.000125
8e-05,0.00064,0.000125
8.5e-05,0.00064,0.000125
9e-05,0.00064,0.000125
9.5e-05,0.00064,0.000125
0.0001,0.00064,0.000125
0.000105,0.00064,0.000125
0.00011,0.00064,0.000125
0.000115,0.00064,0.000125
0.00012,0.00064,0.000125
0.000125,0.00064,0.000125
0.00013,0.00064,0.000125
0.000135,0.00064,0.000125
6.5e-05,0.000645,0.000125
7e-05,0.000645,0.000125
7.5e-05,0.000645,0.000125
8e-05,0.000645,0.000125
8.5e-05,0.000645,0.000125
9e-05,0.000645,0.000125
9.5e-05,0.000645,0.000125
0.0001,0.000645,0.000125
0.000105,0.000645,0.000125
0.00011,0.000645,0.000125
0.000115,0.000645,0.000125
0.00012,0.000645,0.000125
0.000125,0.000645,0.000125
0.00013,0.000645,0.000125
0.000135,0.000645,0.000125
5.5e-05,0.00065,0.000125
6e-05,0.00065,0.000125
6.5e-05,0.00065,0.000125
7e-05,0.00065,0.000125
7.5e-05,0.00065,0.000125
8e-05,0.00065,0.000125
8.5e-05,0.00065,0.000125
9e-05,0.00065,0.000125
9.5e-05,0.00065,0.000125
0.0001,0.00065,0.000125
0.000105,0.00065,0.000125
0.00011,0.00065,0.000125
0.000115,0.00065,0.000125
0.00012,0.00065,0.000125
0.000125,0.00065,0.000125
0.00013,0.00065,0.000125
0.000135,0.00065,0.000125
5.5e-05,0.000655,0.000125
6e-05,0.000655,0.000125
6.5e-05,0.000655,0.000125
7e-05,0.000655,0.000125
7.5e-05,0.000655,0.000125
8e-05,0.000655,0.000125
8.5e-05,0.000655,0.000125
9e-05,0.000655,0.000125
9.5e-05,0.000655,0.000125
0.0001,0.000655,0.000125
0.000105,0.000655,0.000125
0.00011,0.000655,0.000125
0.000115,0.000655,0.000125
0.00012,0.000655,0.000125
0.000125,0.000655,0.000125
0.00013,0.000655,0.000125
0.000135,0.000655,0.000125
0.00014,0.000655,0.000125
6e-05,0.00066,0.000125
6.5e-05,0.00066,0.000125
7e-05,0.00066,0.000125
7.5e-05,0.00066,0.000125
8e-05,0.00066,0.000125
8.5e-05,0.00066,0.000125
9e-05,0.00066,0.000125
9.5e-05,0.00066,0.000125
0.0001,0.00066,0.000125
0.000105,0.00066,0.000125
0.00011,0.00066,0.000125
0.000115,0.00066,0.000125
0.00012,0.00066,0.000125
0.000125,0.00066,0.000125
0.00013,0.00066,0.000125
0.000135,0.00066,0.000125
0.00014,0.00066,0.000125
6e-05,0.000665,0.000125
6.5e-05,0.000665,0.000125
7e-05,0.000665,0.000125
7.5e-05,0.000665,0.000125
8e-05,0.000665,0.000125
8.5e-05,0.000665,0.000125
9e-05,0.000665,0.000125
9.5e-05,0.000665,0.000125
0.0001,0.000665,0.000125
0.000105,0.000665,0.000125
0.00011,0.000665,0.000125
0.000115,0.000665,0.000125
0.00012,0.000665,0.000125
0.000125,0.000665,0.000125
0.00013,0.000665,0.000125
0.000135,0.000665,0.000125
0.00014,0.000665,0.000125
6e-05,0.00067,0.000125
6.5e-05,0.00067,0.000125
7e-05,0.00067,0.000125
7.5e-05,0.00067,0.000125
8e-05,0.00067,0.000125
8.5e-05,0.00067,0.000125
9e-05,0.00067,0.000125
9.5e-05,0.00067,0.000125
0.0001,0.00067,0.000125
0.000105,0.00067,0.000125
0.00011,0.00067,0.000125
0.000115,0.00067,0.000125
0.00012,0.00067,0.000125
0.000125,0.00067,0.000125
0.00013,0.00067,0.000125
0.000135,0.00067,0.000125
0.00014,0.00067,0.000125
6e-05,0.000675,0.000125
6.5e-05,0.000675,0.000125
7e-05,0.000675,0.000125
7.5e-05,0.000675,0.000125
8e-05,0.000675,0.000125
8.5e-05,0.000675,0.000125
9e-05,0.000675,0.000125
9.5e-05,0.000675,0.000125
0.0001,0.000675,0.000125
0.000105,0.000675,0.000125
0.00011,0.000675,0.000125
0.000115,0.000675,0.000125
0.00012,0.000675,0.000125
0.000125,0.000675,0.000125
0.00013,0.000675,0.000125
0.000135,0.000675,0.000125
0.00014,0.000675,0.000125
6e-05,0.00068,0.000125
6.5e-05,0.00068,0.000125
7e-05,0.00068,0.000125
7.5e-05,0.00068,0.000125
8e-05,0.00068,0.000125
8.5e-05,0.00068,0.000125
9e-05,0.00068,0.000125
9.5e-05,0.00068,0.000125
0.0001,0.00068,0.000125
0.000105,0.00068,0.000125
0.00011,0.00068,0.000125
0.000115,0.00068,0.000125
0.00012,0.00068,0.000125
0.000125,0.00068,0.000125
0.00013,0.00068,0.000125
0.000135,0.00068,0.000125
6e-05,0.000685,0.000125
6.5e-05,0.000685,0.000125
7e-05,0.000685,0.000125
7.5e-05,0.000685,0.000125
8e-05,0.000685,0.000125
8.5e-05,0.000685,0.000125
9e-05,0.000685,0.000125
9.5e-05,0.000685,0.000125
0.0001,0.000685,0.000125
0.000105,0.000685,0.000125
0.00011,0.000685,0.000125
0.000115,0.000685,0.000125
0.00012,0.000685,0.000125
0.000125,0.000685,0.000125
0.00013,0.000685,0.000125
0.000135,0.000685,0.000125
6.5e-05,0.00069,0.000125
7e-05,0.00069,0.000125
7.5e-05,0.00069,0.000125
8e-05,0.00069,0.000125
8.5e-05,0.00069,0.000125
9e-05,0.00069,0.000125
9.5e-05,0.00069,0.000125
0.0001,0.00069,0.000125
0.000105,0.00069,0.000125
0.00011,0.00069,0.000125
0.000115,0.00069,0.000125
0.00012,0.00069,0.000125
0.000125,0.00069,0.000125
0.00013,0.00069,0.000125
0.000135,0.00069,0.000125
6.5e-05,0.000695,0.000125
7e-05,0.000695,0.000125
7.5e-05,0.000695,0.000125
8e-05,0.000695,0.000125
8.5e-05,0.000695,0.000125
9e-05,0.000695,0.000125
9.5e-05,0.000695,0.000125
0.0001,0.000695,0.000125
0.000105,0.000695,0.000125
0.00011,0.000695,0.000125
0.000115,0.000695,0.000125
0.00012,0.000695,0.000125
0.000125,0.000695,0.000125
0.00013,0.000695,0.000125
0.000135,0.000695,0.000125
7e-05,0.0007,0.000125
7.5e-05,0.0007,0.000125
8e-05,0.0007,0.000125
8.5e-05,0.0007,0.000125
9e-05,0.0007,0.000125
9.5e-05,0.0007,0.000125
0.0001,0.0007,0.000125
0.000105,0.0007,0.000125
0.00011,0.0007,0.000125
0.000115,0.0007,0.000125
0.00012,0.0007,0.000125
0.000125,0.0007,0.000125
0.00013,0.0007,0.000125
7e-05,0.000705,0.000125
7.5e-05,0.000705,0.000125
8e-05,0.000705,0.000125
8.5e-05,0.000705,0.000125
9e-05,0.000705,0.000125
9.5e-05,0.000705,0.000125
0.0001,0.000705,0.000125
0.000105,0.000705,0.000125
0.00011,0.000705,0.000125
0.000115,0.000705,0.000125
0.00012,0.000705,0.000125
0.000125,0.000705,0.000125
0.00013,0.000705,0.000125
7.5e-05,0.00071,0.000125
8e-05,0.00071,0.000125
8.5e-05,0.00071,0.000125
9e-05,0.00071,0.000125
9.5e-05,0.00071,0.000125
0.0001,0.00071,0.000125
0.000105,0.00071,0.000125
0.00011,0.00071,0.000125
0.000115,0.00071,0.000125
0.00012,0.00071,0.000125
0.000125,0.00071,0.000125
0.00013,0.00071,0.000125
8e-05,0.000715,0.000125
8.5e-05,0.000715,0.000125
9e-05,0.000715,0.000125
9.5e-05,0.000715,0.000125
0.0001,0.000715,0.000125
0.000105,0.000715,0.000125
0.00011,0.000715,0.000125
0.000115,0.000715,0.000125
0.00012,0.000715,0.000125
8.5e-05,0.00072,0.000125
9e-05,0.00072,0.000125
9.5e-05,0.00072,0.000125
0.0001,0.00072,0.000125
0.000105,0.00072,0.000125
0.00011,0.00072,0.000125
0.000115,0.00072,0.000125
0.00012,0.00072,0.000125
9e-05,0.000725,0.000125
9.5e-05,0.000725,0.000125
0.0001,0.000725,0.000125
0.000105,0.000725,0.000125
0.00011,0.000725,0.000125
7e-05,0.0,0.00013
7.5e-05,0.0,0.00013
8e-05,0.0,0.00013
8.5e-05,0.0,0.00013
9e-05,0.0,0.00013
9.5e-05,0.0,0.00013
0.0001,0.0,0.00013
0.000105,0.0,0.00013
0.00011,0.0,0.00013
0.000115,0.0,0.00013
0.00012,0.0,0.00013
0.000125,0.0,0.00013
7e-05,5e-06,0.00013
7.5e-05,5e-06,0.00013
8e-05,5e-06,0.00013
8.5e-05,5e-06,0.00013
9e-05,5e-06,0.00013
9.5e-05,5e-06,0.00013
0.0001,5e-06,0.00013
0.000105,5e-06,0.00013
0.00011,5e-06,0.00013
0.000115,5e-06,0.00013
0.00012,5e-06,0.00013
0.000125,5e-06,0.00013
7.5e-05,1e-05,0.00013
8e-05,1e-05,0.00013
8.5e-05,1e-05,0.00013
9e-05,1e-05,0.00013
9.5e-05,1e-05,0.00013
0.0001,1e-05,0.00013
0.000105,1e-05,0.00013
0.00011,1e-05,0.00013
0.000115,1e-05,0.00013
0.00012,1e-05,0.00013
0.000125,1e-05,0.00013
7e-05,1.5e-05,0.00013
7.5e-05,1.5e-05,0.00013
8e-05,1.5e-05,0.00013
8.5e-05,1.5e-05,0.00013
9e-05,1.5e-05,0.00013
9.5e-05,1.5e-05,0.00013
0.0001,1.5e-05,0.00013
0.000105,1.5e-05,0.00013
0.00011,1.5e-05,0.00013
0.000115,1.5e-05,0.00013
0.00012,1.5e-05,0.00013
0.000125,1.5e-05,0.00013
7e-05,2e-05,0.00013
7.5e-05,2e-05,0.00013
8e-05,2e-05,0.00013
8.5e-05,2e-05,0.00013
9e-05,2e-05,0.00013
9.5e-05,2e-05,0.00013
0.0001,2e-05,0.00013
0.000105,2e-05,0.00013
0.00011,2e-05,0.00013
0.000115,2e-05,0.00013
0.00012,2e-05,0.00013
0.000125,2e-05,0.00013
6.5e-05,2.5e-05,0.00013
7e-05,2.5e-05,0.00013
7.5e-05,2.5e-05,0.00013
8e-05,2.5e-05,0.00013
8.5e-05,2.5e-05,0.00013
9e-05,2.5e-05,0.00013
9.5e-05,2.5e-05,0.00013
0.0001,2.5e-05,0.00013
0.000105,2.5e-05,0.00013
0.00011,2.5e-05,0.00013
0.000115,2.5e-05,0.00013
0.00012,2.5e-05,0.00013
0.000125,2.5e-05,0.00013
6.5e-05,3e-05,0.00013
7e-05,3e-05,0.00013
7.5e-05,3e-05,0.00013
8e-05,3e-05,0.00013
8.5e-05,3e-05,0.00013
9e-05,3e-05,0.00013
9.5e-05,3e-05,0.00013
0.0001,3e-05,0.00013
0.000105,3e-05,0.00013
0.00011,3e-05,0.00013
0.000115,3e-05,0.00013
0.00012,3e-05,0.00013
0.000125,3e-05,0.00013
0.00013,3e-05,0.00013
6.5e-05,3.5e-05,0.00013
7e-05,3.5e-05,0.00013
7.5e-05,3.5e-05,0.00013
8e-05,3.5e-05,0.00013
8.5e-05,3.5e-05,0.00013
9e-05,3.5e-05,0.00013
9.5e-05,3.5e-05,0.00013
0.0001,3.5e-05,0.00013
0.000105,3.5e-05,0.00013
0.00011,3.5e-05,0.00013
0.000115,3.5e-05,0.00013
0.00012,3.5e-05,0.00013
0.000125,3.5e-05,0.00013
0.00013,3.5e-05,0.00013
0.000135,3.5e-05,0.00013
6e-05,4e-05,0.00013
6.5e-05,4e-05,0.00013
7e-05,4e-05,0.00013
7.5e-05,4e-05,0.00013
8e-05,4e-05,0.00013
8.5e-05,4e-05,0.00013
9e-05,4e-05,0.00013
9.5e-05,4e-05,0.00013
0.0001,4e-05,0.00013
0.000105,4e-05,0.00013
0.00011,4e-05,0.00013
0.000115,4e-05,0.00013
0.00012,4e-05,0.00013
0.000125,4e-05,0.00013
0.00013,4e-05,0.00013
0.000135,4e-05,0.00013
6e-05,4.5e-05,0.00013
6.5e-05,4.5e-05,0.00013
7e-05,4.5e-05,0.00013
7.5e-05,4.5e-05,0.00013
8e-05,4.5e-05,0.00013
8.5e-05,4.5e-05,0.00013
9e-05,4.5e-05,0.00013
9.5e-05,4.5e-05,0.00013
0.0001,4.5e-05,0.00013
0.000105,4.5e-05,0.00013
0.00011,4.5e-05,0.00013
0.000115,4.5e-05,0.00013
0.00012,4.5e-05,0.00013
0.000125,4.5e-05,0.00013
0.00013,4.5e-05,0.00013
0.000135,4.5e-05,0.00013
6e-05,5e-05,0.00013
6.5e-05,5e-05,0.00013
7e-05,5e-05,0.00013
7.5e-05,5e-05,0.00013
8e-05,5e-05,0.00013
8.5e-05,5e-05,0.00013
9e-05,5e-05,0.00013
9.5e-05,5e-05,0.00013
0.0001,5e-05,0.00013
0.000105,5e-05,0.00013
0.00011,5e-05,0.00013
0.000115,5e-05,0.00013
0.00012,5e-05,0.00013
0.000125,5e-05,0.00013
0.00013,5e-05,0.00013
0.000135,5e-05,0.00013
6.5e-05,5.5e-05,0.00013
7e-05,5.5e-05,0.00013
7.5e-05,5.5e-05,0.00013
8e-05,5.5e-05,0.00013
8.5e-05,5.5e-05,0.00013
9e-05,5.5e-05,0.00013
9.5e-05,5.5e-05,0.00013
0.0001,5.5e-05,0.00013
0.000105,5.5e-05,0.00013
0.00011,5.5e-05,0.00013
0.000115,5.5e-05,0.00013
0.00012,5.5e-05,0.00013
0.000125,5.5e-05,0.00013
0.00013,5.5e-05,0.00013
0.000135,5.5e-05,0.00013
6.5e-05,6e-05,0.00013
7e-05,6e-05,0.00013
7.5e-05,6e-05,0.00013
8e-05,6e-05,0.00013
8.5e-05,6e-05,0.00013
9e-05,6e-05,0.00013
9.5e-05,6e-05,0.00013
0.0001,6e-05,0.00013
0.000105,6e-05,0.00013
0.00011,6e-05,0.00013
0.000115,6e-05,0.00013
0.00012,6e-05,0.00013
0.000125,6e-05,0.00013
0.00013,6e-05,0.00013
0.000135,6e-05,0.00013
6.5e-05,6.5e-05,0.00013
7e-05,6.5e-05,0.00013
7.5e-05,6.5e-05,0.00013
8e-05,6.5e-05,0.00013
8.5e-05,6.5e-05,0.00013
9e-05,6.5e-05,0.00013
9.5e-05,6.5e-05,0.00013
0.0001,6.5e-05,0.00013
0.000105,6.5e-05,0.00013
0.00011,6.5e-05,0.00013
0.000115,6.5e-05,0.00013
0.00012,6.5e-05,0.00013
0.000125,6.5e-05,0.00013
0.00013,6.5e-05,0.00013
0.000135,6.5e-05,0.00013
6.5e-05,7e-05,0.00013
7e-05,7e-05,0.00013
7.5e-05,7e-05,0.00013
8e-05,7e-05,0.00013
8.5e-05,7e-05,0.00013
9e-05,7e-05,0.00013
9.5e-05,7e-05,0.00013
0.0001,7e-05,0.00013
0.000105,7e-05,0.00013
0.00011,7e-05,0.00013
0.000115,7e-05,0.00013
0.00012,7e-05,0.00013
0.000125,7e-05,0.00013
0.00013,7e-05,0.00013
0.000135,7e-05,0.00013
6e-05,7.5e-05,0.00013
6.5e-05,7.5e-05,0.00013
7e-05,7.5e-05,0.00013
7.5e-05,7.5e-05,0.00013
8e-05,7.5e-05,0.00013
8.5e-05,7.5e-05,0.00013
9e-05,7.5e-05,0.00013
9.5e-05,7.5e-05,0.00013
0.0001,7.5e-05,0.00013
0.000105,7.5e-05,0.00013
0.00011,7.5e-05,0.00013
0.000115,7.5e-05,0.00013
0.00012,7.5e-05,0.00013
0.000125,7.5e-05,0.00013
0.00013,7.5e-05,0.00013
0.000135,7.5e-05,0.00013
6e-05,8e-05,0.00013
6.5e-05,8e-05,0.00013
7e-05,8e-05,0.00013
7.5e-05,8e-05,0.00013
8e-05,8e-05,0.00013
8.5e-05,8e-05,0.00013
9e-05,8e-05,0.00013
9.5e-05,8e-05,0.00013
0.0001,8e-05,0.00013
0.000105,8e-05,0.00013
0.00011,8e-05,0.00013
0.000115,8e-05,0.00013
0.00012,8e-05,0.00013
0.000125,8e-05,0.00013
0.00013,8e-05,0.00013
0.000135,8e-05,0.00013
6e-05,8.5e-05,0.00013
6.5e-05,8.5e-05,0.00013
7e-05,8.5e-05,0.00013
7.5e-05,8.5e-05,0.00013
8e-05,8.5e-05,0.00013
8.5e-05,8.5e-05,0.00013
9e-05,8.5e-05,0.00013
9.5e-05,8.5e-05,0.00013
0.0001,8.5e-05,0.00013
0.000105,8.5e-05,0.00013
0.00011,8.5e-05,0.00013
0.000115,8.5e-05,0.00013
0.00012,8.5e-05,0.00013
0.000125,8.5e-05,0.00013
0.00013,8.5e-05,0.00013
0.000135,8.5e-05,0.00013
6e-05,9e-05,0.00013
6.5e-05,9e-05,0.00013
7e-05,9e-05,0.00013
7.5e-05,9e-05,0.00013
8e-05,9e-05,0.00013
8.5e-05,9e-05,0.00013
9e-05,9e-05,0.00013
9.5e-05,9e-05,0.00013
0.0001,9e-05,0.00013
0.000105,9e-05,0.00013
0.00011,9e-05,0.00013
0.000115,9e-05,0.00013
0.00012,9e-05,0.00013
0.000125,9e-05,0.00013
0.00013,9e-05,0.00013
0.000135,9e-05,0.00013
6.5e-05,9.5e-05,0.00013
7e-05,9.5e-05,0.00013
7.5e-05,9.5e-05,0.00013
8e-05,9.5e-05,0.00013
8.5e-05,9.5e-05,0.00013
9e-05,9.5e-05,0.00013
9.5e-05,9.5e-05,0.00013
0.0001,9.5e-05,0.00013
0.000105,9.5e-05,0.00013
0.00011,9.5e-05,0.00013
0.000115,9.5e-05,0.00013
0.00012,9.5e-05,0.00013
0.000125,9.5e-05,0.00013
0.00013,9.5e-05,0.00013
0.000135,9.5e-05,0.00013
6.5e-05,0.0001,0.00013
7e-05,0.0001,0.00013
7.5e-05,0.0001,0.00013
8e-05,0.0001,0.00013
8.5e-05,0.0001,0.00013
9e-05,0.0001,0.00013
9.5e-05,0.0001,0.00013
0.0001,0.0001,0.00013
0.000105,0.0001,0.00013
0.00011,0.0001,0.00013
0.000115,0.0001,0.00013
0.00012,0.0001,0.00013
0.000125,0.0001,0.00013
0.00013,0.0001,0.00013
0.000135,0.0001,0.00013
6.5e-05,0.000105,0.00013
7e-05,0.000105,0.00013
7.5e-05,0.000105,0.00013
8e-05,0.000105,0.00013
8.5e-05,0.000105,0.00013
9e-05,0.000105,0.00013
9.5e-05,0.000105,0.00013
0.0001,0.000105,0.00013
0.000105,0.000105,0.00013
0.00011,0.000105,0.00013
0.000115,0.000105,0.00013
0.00012,0.000105,0.00013
0.000125,0.000105,0.00013
0.00013,0.000105,0.00013
0.000135,0.000105,0.00013
6.5e-05,0.00011,0.00013
7e-05,0.00011,0.00013
7.5e-05,0.00011,0.00013
8e-05,0.00011,0.00013
8.5e-05,0.00011,0.00013
9e-05,0.00011,0.00013
9.5e-05,0.00011,0.00013
0.0001,0.00011,0.00013
0.000105,0.00011,0.00013
0.00011,0.00011,0.00013
0.000115,0.00011,0.00013
0.00012,0.00011,0.00013
0.000125,0.00011,0.00013
0.00013,0.00011,0.00013
0.000135,0.00011,0.00013
6.5e-05,0.000115,0.00013
7e-05,0.000115,0.00013
7.5e-05,0.000115,0.00013
8e-05,0.000115,0.00013
8.5e-05,0.000115,0.00013
9e-05,0.000115,0.00013
9.5e-05,0.000115,0.00013
0.0001,0.000115,0.00013
0.000105,0.000115,0.00013
0.00011,0.000115,0.00013
0.000115,0.000115,0.00013
0.00012,0.000115,0.00013
0.000125,0.000115,0.00013
0.00013,0.000115,0.00013
0.000135,0.000115,0.00013
0.00014,0.000115,0.00013
6.5e-05,0.00012,0.00013
7e-05,0.00012,0.00013
7.5e-05,0.00012,0.00013
8e-05,0.00012,0.00013
8.5e-05,0.00012,0.00013
9e-05,0.00012,0.00013
9.5e-05,0.00012,0.00013
0.0001,0.00012,0.00013
0.000105,0.00012,0.00013
0.00011,0.00012,0.00013
0.000115,0.00012,0.00013
0.00012,0.00012,0.00013
0.000125,0.00012,0.00013
0.00013,0.00012,0.00013
0.000135,0.00012,0.00013
0.00014,0.00012,0.00013
6.5e-05,0.000125,0.00013
7e-05,0.000125,0.00013
7.5e-05,0.000125,0.00013
8e-05,0.000125,0.00013
8.5e-05,0.000125,0.00013
9e-05,0.000125,0.00013
9.5e-05,0.000125,0.00013
0.0001,0.000125,0.00013
0.000105,0.000125,0.00013
0.00011,0.000125,0.00013
0.000115,0.000125,0.00013
0.00012,0.000125,0.00013
0.000125,0.000125,0.00013
0.00013,0.000125,0.00013
0.000135,0.000125,0.00013
0.00014,0.000125,0.00013
6.5e-05,0.00013,0.00013
7e-05,0.00013,0.00013
7.5e-05,0.00013,0.00013
8e-05,0.00013,0.00013
8.5e-05,0.00013,0.00013
9e-05,0.00013,0.00013
9.5e-05,0.00013,0.00013
0.0001,0.00013,0.00013
0.000105,0.00013,0.00013
0.00011,0.00013,0.00013
0.000115,0.00013,0.00013
0.00012,0.00013,0.00013
0.000125,0.00013,0.00013
0.00013,0.00013,0.00013
0.000135,0.00013,0.00013
0.00014,0.00013,0.00013
6.5e-05,0.000135,0.00013
7e-05,0.000135,0.00013
7.5e-05,0.000135,0.00013
8e-05,0.000135,0.00013
8.5e-05,0.000135,0.00013
9e-05,0.000135,0.00013
9.5e-05,0.000135,0.00013
0.0001,0.000135,0.00013
0.000105,0.000135,0.00013
0.00011,0.000135,0.00013
0.000115,0.000135,0.00013
0.00012,0.000135,0.00013
0.000125,0.000135,0.00013
0.00013,0.000135,0.00013
0.000135,0.000135,0.00013
0.00014,0.000135,0.00013
6.5e-05,0.00014,0.00013
7e-05,0.00014,0.00013
7.5e-05,0.00014,0.00013
8e-05,0.00014,0.00013
8.5e-05,0.00014,0.00013
9e-05,0.00014,0.00013
9.5e-05,0.00014,0.00013
0.0001,0.00014,0.00013
0.000105,0.00014,0.00013
0.00011,0.00014,0.00013
0.000115,0.00014,0.00013
0.00012,0.00014,0.00013
0.000125,0.00014,0.00013
0.00013,0.00014,0.00013
0.000135,0.00014,0.00013
0.00014,0.00014,0.00013
6.5e-05,0.000145,0.00013
7e-05,0.000145,0.00013
7.5e-05,0.000145,0.00013
8e-05,0.000145,0.00013
8.5e-05,0.000145,0.00013
9e-05,0.000145,0.00013
9.5e-05,0.000145,0.00013
0.0001,0.000145,0.00013
0.000105,0.000145,0.00013
0.00011,0.000145,0.00013
0.000115,0.000145,0.00013
0.00012,0.000145,0.00013
0.000125,0.000145,0.00013
0.00013,0.000145,0.00013
0.000135,0.000145,0.00013
0.00014,0.000145,0.00013
6.5e-05,0.00015,0.00013
7e-05,0.00015,0.00013
7.5e-05,0.00015,0.00013
8e-05,0.00015,0.00013
8.5e-05,0.00015,0.00013
9e-05,0.00015,0.00013
9.5e-05,0.00015,0.00013
0.0001,0.00015,0.00013
0.000105,0.00015,0.00013
0.00011,0.00015,0.00013
0.000115,0.00015,0.00013
0.00012,0.00015,0.00013
0.000125,0.00015,0.00013
0.00013,0.00015,0.00013
0.000135,0.00015,0.00013
0.00014,0.00015,0.00013
6e-05,0.000155,0.00013
6.5e-05,0.000155,0.00013
7e-05,0.000155,0.00013
7.5e-05,0.000155,0.00013
8e-05,0.000155,0.00013
8.5e-05,0.000155,0.00013
9e-05,0.000155,0.00013
9.5e-05,0.000155,0.00013
0.0001,0.000155,0.00013
0.000105,0.000155,0.00013
0.00011,0.000155,0.00013
0.000115,0.000155,0.00013
0.00012,0.000155,0.00013
0.000125,0.000155,0.00013
0.00013,0.000155,0.00013
0.000135,0.000155,0.00013
0.00014,0.000155,0.00013
6e-05,0.00016,0.00013
6.5e-05,0.00016,0.00013
7e-05,0.00016,0.00013
7.5e-05,0.00016,0.00013
8e-05,0.00016,0.00013
8.5e-05,0.00016,0.00013
9e-05,0.00016,0.00013
9.5e-05,0.00016,0.00013
0.0001,0.00016,0.00013
0.000105,0.00016,0.00013
0.00011,0.00016,0.00013
0.000115,0.00016,0.00013
0.00012,0.00016,0.00013
0.000125,0.00016,0.00013
0.00013,0.00016,0.00013
0.000135,0.00016,0.00013
6.5e-05,0.000165,0.00013
7e-05,0.000165,0.00013
7.5e-05,0.000165,0.00013
8e-05,0.000165,0.00013
8.5e-05,0.000165,0.00013
9e-05,0.000165,0.00013
9.5e-05,0.000165,0.00013
0.0001,0.000165,0.00013
0.000105,0.000165,0.00013
0.00011,0.000165,0.00013
0.000115,0.000165,0.00013
0.00012,0.000165,0.00013
0.000125,0.000165,0.00013
0.00013,0.000165,0.00013
0.000135,0.000165,0.00013
7e-05,0.00017,0.00013
7.5e-05,0.00017,0.00013
8e-05,0.00017,0.00013
8.5e-05,0.00017,0.00013
9e-05,0.00017,0.00013
9.5e-05,0.00017,0.00013
0.0001,0.00017,0.00013
0.000105,0.00017,0.00013
0.00011,0.00017,0.00013
0.000115,0.00017,0.00013
0.00012,0.00017,0.00013
0.000125,0.00017,0.00013
0.00013,0.00017,0.00013
0.000135,0.00017,0.00013
6.5e-05,0.000175,0.00013
7e-05,0.000175,0.00013
7.5e-05,0.000175,0.00013
8e-05,0.000175,0.00013
8.5e-05,0.000175,0.00013
9e-05,0.000175,0.00013
9.5e-05,0.000175,0.00013
0.0001,0.000175,0.00013
0.000105,0.000175,0.00013
0.00011,0.000175,0.00013
0.000115,0.000175,0.00013
0.00012,0.000175,0.00013
0.000125,0.000175,0.00013
0.00013,0.000175,0.00013
0.000135,0.000175,0.00013
6.5e-05,0.00018,0.00013
7e-05,0.00018,0.00013
7.5e-05,0.00018,0.00013
8e-05,0.00018,0.00013
8.5e-05,0.00018,0.00013
9e-05,0.00018,0.00013
9.5e-05,0.00018,0.00013
0.0001,0.00018,0.00013
0.000105,0.00018,0.00013
0.00011,0.00018,0.00013
0.000115,0.00018,0.00013
0.00012,0.00018,0.00013
0.000125,0.00018,0.00013
0.00013,0.00018,0.00013
0.000135,0.00018,0.00013
6e-05,0.000185,0.00013
6.5e-05,0.000185,0.00013
7e-05,0.000185,0.00013
7.5e-05,0.000185,0.00013
8e-05,0.000185,0.00013
8.5e-05,0.000185,0.00013
9e-05,0.000185,0.00013
9.5e-05,0.000185,0.00013
0.0001,0.000185,0.00013
0.000105,0.000185,0.00013
0.00011,0.000185,0.00013
0.000115,0.000185,0.00013
0.00012,0.000185,0.00013
0.000125,0.000185,0.00013
0.00013,0.000185,0.00013
0.000135,0.000185,0.00013
6e-05,0.00019,0.00013
6.5e-05,0.00019,0.00013
7e-05,0.00019,0.00013
7.5e-05,0.00019,0.00013
8e-05,0.00019,0.00013
8.5e-05,0.00019,0.00013
9e-05,0.00019,0.00013
9.5e-05,0.00019,0.00013
0.0001,0.00019,0.00013
0.000105,0.00019,0.00013
0.00011,0.00019,0.00013
0.000115,0.00019,0.00013
0.00012,0.00019,0.00013
0.000125,0.00019,0.00013
0.00013,0.00019,0.00013
0.000135,0.00019,0.00013
6e-05,0.000195,0.00013
6.5e-05,0.000195,0.00013
7e-05,0.000195,0.00013
7.5e-05,0.000195,0.00013
8e-05,0.000195,0.00013
8.5e-05,0.000195,0.00013
9e-05,0.000195,0.00013
9.5e-05,0.000195,0.00013
0.0001,0.000195,0.00013
0.000105,0.000195,0.00013
0.00011,0.000195,0.00013
0.000115,0.000195,0.00013
0.00012,0.000195,0.00013
0.000125,0.000195,0.00013
0.00013,0.000195,0.00013
0.000135,0.000195,0.00013
5.5e-05,0.0002,0.00013
6e-05,0.0002,0.00013
6.5e-05,0.0002,0.00013
7e-05,0.0002,0.00013
7.5e-05,0.0002,0.00013
8e-05,0.0002,0.00013
8.5e-05,0.0002,0.00013
9e-05,0.0002,0.00013
9.5e-05,0.0002,0.00013
0.0001,0.0002,0.00013
0.000105,0.0002,0.00013
0.00011,0.0002,0.00013
0.000115,0.0002,0.00013
0.00012,0.0002,0.00013
0.000125,0.0002,0.00013
0.00013,0.0002,0.00013
0.000135,0.0002,0.00013
5.5e-05,0.000205,0.00013
6e-05,0.000205,0.00013
6.5e-05,0.000205,0.00013
7e-05,0.000205,0.00013
7.5e-05,0.000205,0.00013
8e-05,0.000205,0.00013
8.5e-05,0.000205,0.00013
9e-05,0.000205,0.00013
9.5e-05,0.000205,0.00013
0.0001,0.000205,0.00013
0.000105,0.000205,0.00013
0.00011,0.000205,0.00013
0.000115,0.000205,0.00013
0.00012,0.000205,0.00013
0.000125,0.000205,0.00013
0.00013,0.000205,0.00013
0.000135,0.000205,0.00013
6e-05,0.00021,0.00013
6.5e-05,0.00021,0.00013
7e-05,0.00021,0.00013
7.5e-05,0.00021,0.00013
8e-05,0.00021,0.00013
8.5e-05,0.00021,0.00013
9e-05,0.00021,0.00013
9.5e-05,0.00021,0.00013
0.0001,0.00021,0.00013
0.000105,0.00021,0.00013
0.00011,0.00021,0.00013
0.000115,0.00021,0.00013
0.00012,0.00021,0.00013
0.000125,0.00021,0.00013
0.00013,0.00021,0.00013
0.000135,0.00021,0.00013
6e-05,0.000215,0.00013
6.5e-05,0.000215,0.00013
7e-05,0.000215,0.00013
7.5e-05,0.000215,0.00013
8e-05,0.000215,0.00013
8.5e-05,0.000215,0.00013
9e-05,0.000215,0.00013
9.5e-05,0.000215,0.00013
0.0001,0.000215,0.00013
0.000105,0.000215,0.00013
0.00011,0.000215,0.00013
0.000115,0.000215,0.00013
0.00012,0.000215,0.00013
0.000125,0.000215,0.00013
0.00013,0.000215,0.00013
0.000135,0.000215,0.00013
5.5e-05,0.00022,0.00013
6e-05,0.00022,0.00013
6.5e-05,0.00022,0.00013
7e-05,0.00022,0.00013
7.5e-05,0.00022,0.00013
8e-05,0.00022,0.00013
8.5e-05,0.00022,0.00013
9e-05,0.00022,0.00013
9.5e-05,0.00022,0.00013
0.0001,0.00022,0.00013
0.000105,0.00022,0.00013
0.00011,0.00022,0.00013
0.000115,0.00022,0.00013
0.00012,0.00022,0.00013
0.000125,0.00022,0.00013
0.00013,0.00022,0.00013
0.000135,0.00022,0.00013
5e-05,0.000225,0.00013
5.5e-05,0.000225,0.00013
6e-05,0.000225,0.00013
6.5e-05,0.000225,0.00013
7e-05,0.000225,0.00013
7.5e-05,0.000225,0.00013
8e-05,0.000225,0.00013
8.5e-05,0.000225,0.00013
9e-05,0.000225,0.00013
9.5e-05,0.000225,0.00013
0.0001,0.000225,0.00013
0.000105,0.000225,0.00013
0.00011,0.000225,0.00013
0.000115,0.000225,0.00013
0.00012,0.000225,0.00013
0.000125,0.000225,0.00013
0.00013,0.000225,0.00013
0.000135,0.000225,0.00013
5e-05,0.00023,0.00013
5.5e-05,0.00023,0.00013
6e-05,0.00023,0.00013
6.5e-05,0.00023,0.00013
7e-05,0.00023,0.00013
7.5e-05,0.00023,0.00013
8e-05,0.00023,0.00013
8.5e-05,0.00023,0.00013
9e-05,0.00023,0.00013
9.5e-05,0.00023,0.00013
0.0001,0.00023,0.00013
0.000105,0.00023,0.00013
0.00011,0.00023,0.00013
0.000115,0.00023,0.00013
0.00012,0.00023,0.00013
0.000125,0.00023,0.00013
0.00013,0.00023,0.00013
0.000135,0.00023,0.00013
5e-05,0.000235,0.00013
5.5e-05,0.000235,0.00013
6e-05,0.000235,0.00013
6.5e-05,0.000235,0.00013
7e-05,0.000235,0.00013
7.5e-05,0.000235,0.00013
8e-05,0.000235,0.00013
8.5e-05,0.000235,0.00013
9e-05,0.000235,0.00013
9.5e-05,0.000235,0.00013
0.0001,0.000235,0.00013
0.000105,0.000235,0.00013
0.00011,0.000235,0.00013
0.000115,0.000235,0.00013
0.00012,0.000235,0.00013
0.000125,0.000235,0.00013
0.00013,0.000235,0.00013
0.000135,0.000235,0.00013
5.5e-05,0.00024,0.00013
6e-05,0.00024,0.00013
6.5e-05,0.00024,0.00013
7e-05,0.00024,0.00013
7.5e-05,0.00024,0.00013
8e-05,0.00024,0.00013
8.5e-05,0.00024,0.00013
9e-05,0.00024,0.00013
9.5e-05,0.00024,0.00013
0.0001,0.00024,0.00013
0.000105,0.00024,0.00013
0.00011,0.00024,0.00013
0.000115,0.00024,0.00013
0.00012,0.00024,0.00013
0.000125,0.00024,0.00013
0.00013,0.00024,0.00013
0.000135,0.00024,0.00013
5.5e-05,0.000245,0.00013
6e-05,0.000245,0.00013
6.5e-05,0.000245,0.00013
7e-05,0.000245,0.00013
7.5e-05,0.000245,0.00013
8e-05,0.000245,0.00013
8.5e-05,0.000245,0.00013
9e-05,0.000245,0.00013
9.5e-05,0.000245,0.00013
0.0001,0.000245,0.00013
0.000105,0.000245,0.00013
0.00011,0.000245,0.00013
0.000115,0.000245,0.00013
0.00012,0.000245,0.00013
0.000125,0.000245,0.00013
0.00013,0.000245,0.00013
0.000135,0.000245,0.00013
0.00014,0.000245,0.00013
6.5e-05,0.00025,0.00013
7e-05,0.00025,0.00013
7.5e-05,0.00025,0.00013
8e-05,0.00025,0.00013
8.5e-05,0.00025,0.00013
9e-05,0.00025,0.00013
9.5e-05,0.00025,0.00013
0.0001,0.00025,0.00013
0.000105,0.00025,0.00013
0.00011,0.00025,0.00013
0.000115,0.00025,0.00013
0.00012,0.00025,0.00013
0.000125,0.00025,0.00013
0.00013,0.00025,0.00013
0.000135,0.00025,0.00013
0.00014,0.00025,0.00013
6.5e-05,0.000255,0.00013
7e-05,0.000255,0.00013
7.5e-05,0.000255,0.00013
8e-05,0.000255,0.00013
8.5e-05,0.000255,0.00013
9e-05,0.000255,0.00013
9.5e-05,0.000255,0.00013
0.0001,0.000255,0.00013
0.000105,0.000255,0.00013
0.00011,0.000255,0.00013
0.000115,0.000255,0.00013
0.00012,0.000255,0.00013
0.000125,0.000255,0.00013
0.00013,0.000255,0.00013
0.000135,0.000255,0.00013
6e-05,0.00026,0.00013
6.5e-05,0.00026,0.00013
7e-05,0.00026,0.00013
7.5e-05,0.00026,0.00013
8e-05,0.00026,0.00013
8.5e-05,0.00026,0.00013
9e-05,0.00026,0.00013
9.5e-05,0.00026,0.00013
0.0001,0.00026,0.00013
0.000105,0.00026,0.00013
0.00011,0.00026,0.00013
0.000115,0.00026,0.00013
0.00012,0.00026,0.00013
0.000125,0.00026,0.00013
0.00013,0.00026,0.00013
0.000135,0.00026,0.00013
6e-05,0.000265,0.00013
6.5e-05,0.000265,0.00013
7e-05,0.000265,0.00013
7.5e-05,0.000265,0.00013
8e-05,0.000265,0.00013
8.5e-05,0.000265,0.00013
9e-05,0.000265,0.00013
9.5e-05,0.000265,0.00013
0.0001,0.000265,0.00013
0.000105,0.000265,0.00013
0.00011,0.000265,0.00013
0.000115,0.000265,0.00013
0.00012,0.000265,0.00013
0.000125,0.000265,0.00013
0.00013,0.000265,0.00013
0.000135,0.000265,0.00013
6e-05,0.00027,0.00013
6.5e-05,0.00027,0.00013
7e-05,0.00027,0.00013
7.5e-05,0.00027,0.00013
8e-05,0.00027,0.00013
8.5e-05,0.00027,0.00013
9e-05,0.00027,0.00013
9.5e-05,0.00027,0.00013
0.0001,0.00027,0.00013
0.000105,0.00027,0.00013
0.00011,0.00027,0.00013
0.000115,0.00027,0.00013
0.00012,0.00027,0.00013
0.000125,0.00027,0.00013
0.00013,0.00027,0.00013
0.000135,0.00027,0.00013
6e-05,0.000275,0.00013
6.5e-05,0.000275,0.00013
7e-05,0.000275,0.00013
7.5e-05,0.000275,0.00013
8e-05,0.000275,0.00013
8.5e-05,0.000275,0.00013
9e-05,0.000275,0.00013
9.5e-05,0.000275,0.00013
0.0001,0.000275,0.00013
0.000105,0.000275,0.00013
0.00011,0.000275,0.00013
0.000115,0.000275,0.00013
0.00012,0.000275,0.00013
0.000125,0.000275,0.00013
0.00013,0.000275,0.00013
0.000135,0.000275,0.00013
0.00014,0.000275,0.00013
6e-05,0.00028,0.00013
6.5e-05,0.00028,0.00013
7e-05,0.00028,0.00013
7.5e-05,0.00028,0.00013
8e-05,0.00028,0.00013
8.5e-05,0.00028,0.00013
9e-05,0.00028,0.00013
9.5e-05,0.00028,0.00013
0.0001,0.00028,0.00013
0.000105,0.00028,0.00013
0.00011,0.00028,0.00013
0.000115,0.00028,0.00013
0.00012,0.00028,0.00013
0.000125,0.00028,0.00013
0.00013,0.00028,0.00013
0.000135,0.00028,0.00013
0.00014,0.00028,0.00013
6e-05,0.000285,0.00013
6.5e-05,0.000285,0.00013
7e-05,0.000285,0.00013
7.5e-05,0.000285,0.00013
8e-05,0.000285,0.00013
8.5e-05,0.000285,0.00013
9e-05,0.000285,0.00013
9.5e-05,0.000285,0.00013
0.0001,0.000285,0.00013
0.000105,0.000285,0.00013
0.00011,0.000285,0.00013
0.000115,0.000285,0.00013
0.00012,0.000285,0.00013
0.000125,0.000285,0.00013
0.00013,0.000285,0.00013
0.000135,0.000285,0.00013
0.00014,0.000285,0.00013
6e-05,0.00029,0.00013
6.5e-05,0.00029,0.00013
7e-05,0.00029,0.00013
7.5e-05,0.00029,0.00013
8e-05,0.00029,0.00013
8.5e-05,0.00029,0.00013
9e-05,0.00029,0.00013
9.5e-05,0.00029,0.00013
0.0001,0.00029,0.00013
0.000105,0.00029,0.00013
0.00011,0.00029,0.00013
0.000115,0.00029,0.00013
0.00012,0.00029,0.00013
0.000125,0.00029,0.00013
0.00013,0.00029,0.00013
0.000135,0.00029,0.00013
0.00014,0.00029,0.00013
6e-05,0.000295,0.00013
6.5e-05,0.000295,0.00013
7e-05,0.000295,0.00013
7.5e-05,0.000295,0.00013
8e-05,0.000295,0.00013
8.5e-05,0.000295,0.00013
9e-05,0.000295,0.00013
9.5e-05,0.000295,0.00013
0.0001,0.000295,0.00013
0.000105,0.000295,0.00013
0.00011,0.000295,0.00013
0.000115,0.000295,0.00013
0.00012,0.000295,0.00013
0.000125,0.000295,0.00013
0.00013,0.000295,0.00013
0.000135,0.000295,0.00013
0.00014,0.000295,0.00013
6e-05,0.0003,0.00013
6.5e-05,0.0003,0.00013
7e-05,0.0003,0.00013
7.5e-05,0.0003,0.00013
8e-05,0.0003,0.00013
8.5e-05,0.0003,0.00013
9e-05,0.0003,0.00013
9.5e-05,0.0003,0.00013
0.0001,0.0003,0.00013
0.000105,0.0003,0.00013
0.00011,0.0003,0.00013
0.000115,0.0003,0.00013
0.00012,0.0003,0.00013
0.000125,0.0003,0.00013
0.00013,0.0003,0.00013
0.000135,0.0003,0.00013
6e-05,0.000305,0.00013
6.5e-05,0.000305,0.00013
7e-05,0.000305,0.00013
7.5e-05,0.000305,0.00013
8e-05,0.000305,0.00013
8.5e-05,0.000305,0.00013
9e-05,0.000305,0.00013
9.5e-05,0.000305,0.00013
0.0001,0.000305,0.00013
0.000105,0.000305,0.00013
0.00011,0.000305,0.00013
0.000115,0.000305,0.00013
0.00012,0.000305,0.00013
0.000125,0.000305,0.00013
0.00013,0.000305,0.00013
0.000135,0.000305,0.00013
6e-05,0.00031,0.00013
6.5e-05,0.00031,0.00013
7e-05,0.00031,0.00013
7.5e-05,0.00031,0.00013
8e-05,0.00031,0.00013
8.5e-05,0.00031,0.00013
9e-05,0.00031,0.00013
9.5e-05,0.00031,0.00013
0.0001,0.00031,0.00013
0.000105,0.00031,0.00013
0.00011,0.00031,0.00013
0.000115,0.00031,0.00013
0.00012,0.00031,0.00013
0.000125,0.00031,0.00013
0.00013,0.00031,0.00013
0.000135,0.00031,0.00013
6e-05,0.000315,0.00013
6.5e-05,0.000315,0.00013
7e-05,0.000315,0.00013
7.5e-05,0.000315,0.00013
8e-05,0.000315,0.00013
8.5e-05,0.000315,0.00013
9e-05,0.000315,0.00013
9.5e-05,0.000315,0.00013
0.0001,0.000315,0.00013
0.000105,0.000315,0.00013
0.00011,0.000315,0.00013
0.000115,0.000315,0.00013
0.00012,0.000315,0.00013
0.000125,0.000315,0.00013
0.00013,0.000315,0.00013
0.000135,0.000315,0.00013
6e-05,0.00032,0.00013
6.5e-05,0.00032,0.00013
7e-05,0.00032,0.00013
7.5e-05,0.00032,0.00013
8e-05,0.00032,0.00013
8.5e-05,0.00032,0.00013
9e-05,0.00032,0.00013
9.5e-05,0.00032,0.00013
0.0001,0.00032,0.00013
0.000105,0.00032,0.00013
0.00011,0.00032,0.00013
0.000115,0.00032,0.00013
0.00012,0.00032,0.00013
0.000125,0.00032,0.00013
0.00013,0.00032,0.00013
0.000135,0.00032,0.00013
6e-05,0.000325,0.00013
6.5e-05,0.000325,0.00013
7e-05,0.000325,0.00013
7.5e-05,0.000325,0.00013
8e-05,0.000325,0.00013
8.5e-05,0.000325,0.00013
9e-05,0.000325,0.00013
9.5e-05,0.000325,0.00013
0.0001,0.000325,0.00013
0.000105,0.000325,0.00013
0.00011,0.000325,0.00013
0.000115,0.000325,0.00013
0.00012,0.000325,0.00013
0.000125,0.000325,0.00013
0.00013,0.000325,0.00013
0.000135,0.000325,0.00013
0.00014,0.000325,0.00013
6e-05,0.00033,0.00013
6.5e-05,0.00033,0.00013
7e-05,0.00033,0.00013
7.5e-05,0.00033,0.00013
8e-05,0.00033,0.00013
8.5e-05,0.00033,0.00013
9e-05,0.00033,0.00013
9.5e-05,0.00033,0.00013
0.0001,0.00033,0.00013
0.000105,0.00033,0.00013
0.00011,0.00033,0.00013
0.000115,0.00033,0.00013
0.00012,0.00033,0.00013
0.000125,0.00033,0.00013
0.00013,0.00033,0.00013
0.000135,0.00033,0.00013
0.00014,0.00033,0.00013
6e-05,0.000335,0.00013
6.5e-05,0.000335,0.00013
7e-05,0.000335,0.00013
7.5e-05,0.000335,0.00013
8e-05,0.000335,0.00013
8.5e-05,0.000335,0.00013
9e-05,0.000335,0.00013
9.5e-05,0.000335,0.00013
0.0001,0.000335,0.00013
0.000105,0.000335,0.00013
0.00011,0.000335,0.00013
0.000115,0.000335,0.00013
0.00012,0.000335,0.00013
0.000125,0.000335,0.00013
0.00013,0.000335,0.00013
0.000135,0.000335,0.00013
0.00014,0.000335,0.00013
6e-05,0.00034,0.00013
6.5e-05,0.00034,0.00013
7e-05,0.00034,0.00013
7.5e-05,0.00034,0.00013
8e-05,0.00034,0.00013
8.5e-05,0.00034,0.00013
9e-05,0.00034,0.00013
9.5e-05,0.00034,0.00013
0.0001,0.00034,0.00013
0.000105,0.00034,0.00013
0.00011,0.00034,0.00013
0.000115,0.00034,0.00013
0.00012,0.00034,0.00013
0.000125,0.00034,0.00013
0.00013,0.00034,0.00013
0.000135,0.00034,0.00013
6e-05,0.000345,0.00013
6.5e-05,0.000345,0.00013
7e-05,0.000345,0.00013
7.5e-05,0.000345,0.00013
8e-05,0.000345,0.00013
8.5e-05,0.000345,0.00013
9e-05,0.000345,0.00013
9.5e-05,0.000345,0.00013
0.0001,0.000345,0.00013
0.000105,0.000345,0.00013
0.00011,0.000345,0.00013
0.000115,0.000345,0.00013
0.00012,0.000345,0.00013
0.000125,0.000345,0.00013
0.00013,0.000345,0.00013
0.000135,0.000345,0.00013
0.00014,0.000345,0.00013
5.5e-05,0.00035,0.00013
6e-05,0.00035,0.00013
6.5e-05,0.00035,0.00013
7e-05,0.00035,0.00013
7.5e-05,0.00035,0.00013
8e-05,0.00035,0.00013
8.5e-05,0.00035,0.00013
9e-05,0.00035,0.00013
9.5e-05,0.00035,0.00013
0.0001,0.00035,0.00013
0.000105,0.00035,0.00013
0.00011,0.00035,0.00013
0.000115,0.00035,0.00013
0.00012,0.00035,0.00013
0.000125,0.00035,0.00013
0.00013,0.00035,0.00013
0.000135,0.00035,0.00013
0.00014,0.00035,0.00013
5.5e-05,0.000355,0.00013
6e-05,0.000355,0.00013
6.5e-05,0.000355,0.00013
7e-05,0.000355,0.00013
7.5e-05,0.000355,0.00013
8e-05,0.000355,0.00013
8.5e-05,0.000355,0.00013
9e-05,0.000355,0.00013
9.5e-05,0.000355,0.00013
0.0001,0.000355,0.00013
0.000105,0.000355,0.00013
0.00011,0.000355,0.00013
0.000115,0.000355,0.00013
0.00012,0.000355,0.00013
0.000125,0.000355,0.00013
0.00013,0.000355,0.00013
0.000135,0.000355,0.00013
0.00014,0.000355,0.00013
6e-05,0.00036,0.00013
6.5e-05,0.00036,0.00013
7e-05,0.00036,0.00013
7.5e-05,0.00036,0.00013
8e-05,0.00036,0.00013
8.5e-05,0.00036,0.00013
9e-05,0.00036,0.00013
9.5e-05,0.00036,0.00013
0.0001,0.00036,0.00013
0.000105,0.00036,0.00013
0.00011,0.00036,0.00013
0.000115,0.00036,0.00013
0.00012,0.00036,0.00013
0.000125,0.00036,0.00013
0.00013,0.00036,0.00013
0.000135,0.00036,0.00013
0.00014,0.00036,0.00013
6e-05,0.000365,0.00013
6.5e-05,0.000365,0.00013
7e-05,0.000365,0.00013
7.5e-05,0.000365,0.00013
8e-05,0.000365,0.00013
8.5e-05,0.000365,0.00013
9e-05,0.000365,0.00013
9.5e-05,0.000365,0.00013
0.0001,0.000365,0.00013
0.000105,0.000365,0.00013
0.00011,0.000365,0.00013
0.000115,0.000365,0.00013
0.00012,0.000365,0.00013
0.000125,0.000365,0.00013
0.00013,0.000365,0.00013
0.000135,0.000365,0.00013
6e-05,0.00037,0.00013
6.5e-05,0.00037,0.00013
7e-05,0.00037,0.00013
7.5e-05,0.00037,0.00013
8e-05,0.00037,0.00013
8.5e-05,0.00037,0.00013
9e-05,0.00037,0.00013
9.5e-05,0.00037,0.00013
0.0001,0.00037,0.00013
0.000105,0.00037,0.00013
0.00011,0.00037,0.00013
0.000115,0.00037,0.00013
0.00012,0.00037,0.00013
0.000125,0.00037,0.00013
0.00013,0.00037,0.00013
0.000135,0.00037,0.00013
6.5e-05,0.000375,0.00013
7e-05,0.000375,0.00013
7.5e-05,0.000375,0.00013
8e-05,0.000375,0.00013
8.5e-05,0.000375,0.00013
9e-05,0.000375,0.00013
9.5e-05,0.000375,0.00013
0.0001,0.000375,0.00013
0.000105,0.000375,0.00013
0.00011,0.000375,0.00013
0.000115,0.000375,0.00013
0.00012,0.000375,0.00013
0.000125,0.000375,0.00013
0.00013,0.000375,0.00013
0.000135,0.000375,0.00013
6.5e-05,0.00038,0.00013
7e-05,0.00038,0.00013
7.5e-05,0.00038,0.00013
8e-05,0.00038,0.00013
8.5e-05,0.00038,0.00013
9e-05,0.00038,0.00013
9.5e-05,0.00038,0.00013
0.0001,0.00038,0.00013
0.000105,0.00038,0.00013
0.00011,0.00038,0.00013
0.000115,0.00038,0.00013
0.00012,0.00038,0.00013
0.000125,0.00038,0.00013
0.00013,0.00038,0.00013
0.000135,0.00038,0.00013
6.5e-05,0.000385,0.00013
7e-05,0.000385,0.00013
7.5e-05,0.000385,0.00013
8e-05,0.000385,0.00013
8.5e-05,0.000385,0.00013
9e-05,0.000385,0.00013
9.5e-05,0.000385,0.00013
0.0001,0.000385,0.00013
0.000105,0.000385,0.00013
0.00011,0.000385,0.00013
0.000115,0.000385,0.00013
0.00012,0.000385,0.00013
0.000125,0.000385,0.00013
0.00013,0.000385,0.00013
0.000135,0.000385,0.00013
0.00014,0.000385,0.00013
6e-05,0.00039,0.00013
6.5e-05,0.00039,0.00013
7e-05,0.00039,0.00013
7.5e-05,0.00039,0.00013
8e-05,0.00039,0.00013
8.5e-05,0.00039,0.00013
9e-05,0.00039,0.00013
9.5e-05,0.00039,0.00013
0.0001,0.00039,0.00013
0.000105,0.00039,0.00013
0.00011,0.00039,0.00013
0.000115,0.00039,0.00013
0.00012,0.00039,0.00013
0.000125,0.00039,0.00013
0.00013,0.00039,0.00013
0.000135,0.00039,0.00013
0.00014,0.00039,0.00013
6e-05,0.000395,0.00013
6.5e-05,0.000395,0.00013
7e-05,0.000395,0.00013
7.5e-05,0.000395,0.00013
8e-05,0.000395,0.00013
8.5e-05,0.000395,0.00013
9e-05,0.000395,0.00013
9.5e-05,0.000395,0.00013
0.0001,0.000395,0.00013
0.000105,0.000395,0.00013
0.00011,0.000395,0.00013
0.000115,0.000395,0.00013
0.00012,0.000395,0.00013
0.000125,0.000395,0.00013
0.00013,0.000395,0.00013
0.000135,0.000395,0.00013
0.00014,0.000395,0.00013
6e-05,0.0004,0.00013
6.5e-05,0.0004,0.00013
7e-05,0.0004,0.00013
7.5e-05,0.0004,0.00013
8e-05,0.0004,0.00013
8.5e-05,0.0004,0.00013
9e-05,0.0004,0.00013
9.5e-05,0.0004,0.00013
0.0001,0.0004,0.00013
0.000105,0.0004,0.00013
0.00011,0.0004,0.00013
0.000115,0.0004,0.00013
0.00012,0.0004,0.00013
0.000125,0.0004,0.00013
0.00013,0.0004,0.00013
0.000135,0.0004,0.00013
0.00014,0.0004,0.00013
6.5e-05,0.000405,0.00013
7e-05,0.000405,0.00013
7.5e-05,0.000405,0.00013
8e-05,0.000405,0.00013
8.5e-05,0.000405,0.00013
9e-05,0.000405,0.00013
9.5e-05,0.000405,0.00013
0.0001,0.000405,0.00013
0.000105,0.000405,0.00013
0.00011,0.000405,0.00013
0.000115,0.000405,0.00013
0.00012,0.000405,0.00013
0.000125,0.000405,0.00013
0.00013,0.000405,0.00013
0.000135,0.000405,0.00013
0.00014,0.000405,0.00013
0.000145,0.000405,0.00013
6.5e-05,0.00041,0.00013
7e-05,0.00041,0.00013
7.5e-05,0.00041,0.00013
8e-05,0.00041,0.00013
8.5e-05,0.00041,0.00013
9e-05,0.00041,0.00013
9.5e-05,0.00041,0.00013
0.0001,0.00041,0.00013
0.000105,0.00041,0.00013
0.00011,0.00041,0.00013
0.000115,0.00041,0.00013
0.00012,0.00041,0.00013
0.000125,0.00041,0.00013
0.00013,0.00041,0.00013
0.000135,0.00041,0.00013
0.00014,0.00041,0.00013
0.000145,0.00041,0.00013
6.5e-05,0.000415,0.00013
7e-05,0.000415,0.00013
7.5e-05,0.000415,0.00013
8e-05,0.000415,0.00013
8.5e-05,0.000415,0.00013
9e-05,0.000415,0.00013
9.5e-05,0.000415,0.00013
0.0001,0.000415,0.00013
0.000105,0.000415,0.00013
0.00011,0.000415,0.00013
0.000115,0.000415,0.00013
0.00012,0.000415,0.00013
0.000125,0.000415,0.00013
0.00013,0.000415,0.00013
0.000135,0.000415,0.00013
0.00014,0.000415,0.00013
0.000145,0.000415,0.00013
6.5e-05,0.00042,0.00013
7e-05,0.00042,0.00013
7.5e-05,0.00042,0.00013
8e-05,0.00042,0.00013
8.5e-05,0.00042,0.00013
9e-05,0.00042,0.00013
9.5e-05,0.00042,0.00013
0.0001,0.00042,0.00013
0.000105,0.00042,0.00013
0.00011,0.00042,0.00013
0.000115,0.00042,0.00013
0.00012,0.00042,0.00013
0.000125,0.00042,0.00013
0.00013,0.00042,0.00013
0.000135,0.00042,0.00013
0.00014,0.00042,0.00013
0.000145,0.00042,0.00013
6.5e-05,0.000425,0.00013
7e-05,0.000425,0.00013
7.5e-05,0.000425,0.00013
8e-05,0.000425,0.00013
8.5e-05,0.000425,0.00013
9e-05,0.000425,0.00013
9.5e-05,0.000425,0.00013
0.0001,0.000425,0.00013
0.000105,0.000425,0.00013
0.00011,0.000425,0.00013
0.000115,0.000425,0.00013
0.00012,0.000425,0.00013
0.000125,0.000425,0.00013
0.00013,0.000425,0.00013
0.000135,0.000425,0.00013
0.00014,0.000425,0.00013
0.000145,0.000425,0.00013
6.5e-05,0.00043,0.00013
7e-05,0.00043,0.00013
7.5e-05,0.00043,0.00013
8e-05,0.00043,0.00013
8.5e-05,0.00043,0.00013
9e-05,0.00043,0.00013
9.5e-05,0.00043,0.00013
0.0001,0.00043,0.00013
0.000105,0.00043,0.00013
0.00011,0.00043,0.00013
0.000115,0.00043,0.00013
0.00012,0.00043,0.00013
0.000125,0.00043,0.00013
0.00013,0.00043,0.00013
0.000135,0.00043,0.00013
0.00014,0.00043,0.00013
6e-05,0.000435,0.00013
6.5e-05,0.000435,0.00013
7e-05,0.000435,0.00013
7.5e-05,0.000435,0.00013
8e-05,0.000435,0.00013
8.5e-05,0.000435,0.00013
9e-05,0.000435,0.00013
9.5e-05,0.000435,0.00013
0.0001,0.000435,0.00013
0.000105,0.000435,0.00013
0.00011,0.000435,0.00013
0.000115,0.000435,0.00013
0.00012,0.000435,0.00013
0.000125,0.000435,0.00013
0.00013,0.000435,0.00013
0.000135,0.000435,0.00013
0.00014,0.000435,0.00013
6e-05,0.00044,0.00013
6.5e-05,0.00044,0.00013
7e-05,0.00044,0.00013
7.5e-05,0.00044,0.00013
8e-05,0.00044,0.00013
8.5e-05,0.00044,0.00013
9e-05,0.00044,0.00013
9.5e-05,0.00044,0.00013
0.0001,0.00044,0.00013
0.000105,0.00044,0.00013
0.00011,0.00044,0.00013
0.000115,0.00044,0.00013
0.00012,0.00044,0.00013
0.000125,0.00044,0.00013
0.00013,0.00044,0.00013
0.000135,0.00044,0.00013
0.00014,0.00044,0.00013
6.5e-05,0.000445,0.00013
7e-05,0.000445,0.00013
7.5e-05,0.000445,0.00013
8e-05,0.000445,0.00013
8.5e-05,0.000445,0.00013
9e-05,0.000445,0.00013
9.5e-05,0.000445,0.00013
0.0001,0.000445,0.00013
0.000105,0.000445,0.00013
0.00011,0.000445,0.00013
0.000115,0.000445,0.00013
0.00012,0.000445,0.00013
0.000125,0.000445,0.00013
0.00013,0.000445,0.00013
0.000135,0.000445,0.00013
0.00014,0.000445,0.00013
6.5e-05,0.00045,0.00013
7e-05,0.00045,0.00013
7.5e-05,0.00045,0.00013
8e-05,0.00045,0.00013
8.5e-05,0.00045,0.00013
9e-05,0.00045,0.00013
9.5e-05,0.00045,0.00013
0.0001,0.00045,0.00013
0.000105,0.00045,0.00013
0.00011,0.00045,0.00013
0.000115,0.00045,0.00013
0.00012,0.00045,0.00013
0.000125,0.00045,0.00013
0.00013,0.00045,0.00013
0.000135,0.00045,0.00013
0.00014,0.00045,0.00013
6.5e-05,0.000455,0.00013
7e-05,0.000455,0.00013
7.5e-05,0.000455,0.00013
8e-05,0.000455,0.00013
8.5e-05,0.000455,0.00013
9e-05,0.000455,0.00013
9.5e-05,0.000455,0.00013
0.0001,0.000455,0.00013
0.000105,0.000455,0.00013
0.00011,0.000455,0.00013
0.000115,0.000455,0.00013
0.00012,0.000455,0.00013
0.000125,0.000455,0.00013
0.00013,0.000455,0.00013
0.000135,0.000455,0.00013
0.00014,0.000455,0.00013
6.5e-05,0.00046,0.00013
7e-05,0.00046,0.00013
7.5e-05,0.00046,0.00013
8e-05,0.00046,0.00013
8.5e-05,0.00046,0.00013
9e-05,0.00046,0.00013
9.5e-05,0.00046,0.00013
0.0001,0.00046,0.00013
0.000105,0.00046,0.00013
0.00011,0.00046,0.00013
0.000115,0.00046,0.00013
0.00012,0.00046,0.00013
0.000125,0.00046,0.00013
0.00013,0.00046,0.00013
0.000135,0.00046,0.00013
0.00014,0.00046,0.00013
6.5e-05,0.000465,0.00013
7e-05,0.000465,0.00013
7.5e-05,0.000465,0.00013
8e-05,0.000465,0.00013
8.5e-05,0.000465,0.00013
9e-05,0.000465,0.00013
9.5e-05,0.000465,0.00013
0.0001,0.000465,0.00013
0.000105,0.000465,0.00013
0.00011,0.000465,0.00013
0.000115,0.000465,0.00013
0.00012,0.000465,0.00013
0.000125,0.000465,0.00013
0.00013,0.000465,0.00013
0.000135,0.000465,0.00013
0.00014,0.000465,0.00013
6.5e-05,0.00047,0.00013
7e-05,0.00047,0.00013
7.5e-05,0.00047,0.00013
8e-05,0.00047,0.00013
8.5e-05,0.00047,0.00013
9e-05,0.00047,0.00013
9.5e-05,0.00047,0.00013
0.0001,0.00047,0.00013
0.000105,0.00047,0.00013
0.00011,0.00047,0.00013
0.000115,0.00047,0.00013
0.00012,0.00047,0.00013
0.000125,0.00047,0.00013
0.00013,0.00047,0.00013
0.000135,0.00047,0.00013
0.00014,0.00047,0.00013
6.5e-05,0.000475,0.00013
7e-05,0.000475,0.00013
7.5e-05,0.000475,0.00013
8e-05,0.000475,0.00013
8.5e-05,0.000475,0.00013
9e-05,0.000475,0.00013
9.5e-05,0.000475,0.00013
0.0001,0.000475,0.00013
0.000105,0.000475,0.00013
0.00011,0.000475,0.00013
0.000115,0.000475,0.00013
0.00012,0.000475,0.00013
0.000125,0.000475,0.00013
0.00013,0.000475,0.00013
0.000135,0.000475,0.00013
0.00014,0.000475,0.00013
6.5e-05,0.00048,0.00013
7e-05,0.00048,0.00013
7.5e-05,0.00048,0.00013
8e-05,0.00048,0.00013
8.5e-05,0.00048,0.00013
9e-05,0.00048,0.00013
9.5e-05,0.00048,0.00013
0.0001,0.00048,0.00013
0.000105,0.00048,0.00013
0.00011,0.00048,0.00013
0.000115,0.00048,0.00013
0.00012,0.00048,0.00013
0.000125,0.00048,0.00013
0.00013,0.00048,0.00013
0.000135,0.00048,0.00013
6.5e-05,0.000485,0.00013
7e-05,0.000485,0.00013
7.5e-05,0.000485,0.00013
8e-05,0.000485,0.00013
8.5e-05,0.000485,0.00013
9e-05,0.000485,0.00013
9.5e-05,0.000485,0.00013
0.0001,0.000485,0.00013
0.000105,0.000485,0.00013
0.00011,0.000485,0.00013
0.000115,0.000485,0.00013
0.00012,0.000485,0.00013
0.000125,0.000485,0.00013
0.00013,0.000485,0.00013
6.5e-05,0.00049,0.00013
7e-05,0.00049,0.00013
7.5e-05,0.00049,0.00013
8e-05,0.00049,0.00013
8.5e-05,0.00049,0.00013
9e-05,0.00049,0.00013
9.5e-05,0.00049,0.00013
0.0001,0.00049,0.00013
0.000105,0.00049,0.00013
0.00011,0.00049,0.00013
0.000115,0.00049,0.00013
0.00012,0.00049,0.00013
0.000125,0.00049,0.00013
0.00013,0.00049,0.00013
6e-05,0.000495,0.00013
6.5e-05,0.000495,0.00013
7e-05,0.000495,0.00013
7.5e-05,0.000495,0.00013
8e-05,0.000495,0.00013
8.5e-05,0.000495,0.00013
9e-05,0.000495,0.00013
9.5e-05,0.000495,0.00013
0.0001,0.000495,0.00013
0.000105,0.000495,0.00013
0.00011,0.000495,0.00013
0.000115,0.000495,0.00013
0.00012,0.000495,0.00013
0.000125,0.000495,0.00013
0.00013,0.000495,0.00013
6e-05,0.0005,0.00013
6.5e-05,0.0005,0.00013
7e-05,0.0005,0.00013
7.5e-05,0.0005,0.00013
8e-05,0.0005,0.00013
8.5e-05,0.0005,0.00013
9e-05,0.0005,0.00013
9.5e-05,0.0005,0.00013
0.0001,0.0005,0.00013
0.000105,0.0005,0.00013
0.00011,0.0005,0.00013
0.000115,0.0005,0.00013
0.00012,0.0005,0.00013
0.000125,0.0005,0.00013
0.00013,0.0005,0.00013
0.000135,0.0005,0.00013
6e-05,0.000505,0.00013
6.5e-05,0.000505,0.00013
7e-05,0.000505,0.00013
7.5e-05,0.000505,0.00013
8e-05,0.000505,0.00013
8.5e-05,0.000505,0.00013
9e-05,0.000505,0.00013
9.5e-05,0.000505,0.00013
0.0001,0.000505,0.00013
0.000105,0.000505,0.00013
0.00011,0.000505,0.00013
0.000115,0.000505,0.00013
0.00012,0.000505,0.00013
0.000125,0.000505,0.00013
0.00013,0.000505,0.00013
0.000135,0.000505,0.00013
6e-05,0.00051,0.00013
6.5e-05,0.00051,0.00013
7e-05,0.00051,0.00013
7.5e-05,0.00051,0.00013
8e-05,0.00051,0.00013
8.5e-05,0.00051,0.00013
9e-05,0.00051,0.00013
9.5e-05,0.00051,0.00013
0.0001,0.00051,0.00013
0.000105,0.00051,0.00013
0.00011,0.00051,0.00013
0.000115,0.00051,0.00013
0.00012,0.00051,0.00013
0.000125,0.00051,0.00013
0.00013,0.00051,0.00013
0.000135,0.00051,0.00013
6e-05,0.000515,0.00013
6.5e-05,0.000515,0.00013
7e-05,0.000515,0.00013
7.5e-05,0.000515,0.00013
8e-05,0.000515,0.00013
8.5e-05,0.000515,0.00013
9e-05,0.000515,0.00013
9.5e-05,0.000515,0.00013
0.0001,0.000515,0.00013
0.000105,0.000515,0.00013
0.00011,0.000515,0.00013
0.000115,0.000515,0.00013
0.00012,0.000515,0.00013
0.000125,0.000515,0.00013
0.00013,0.000515,0.00013
0.000135,0.000515,0.00013
6e-05,0.00052,0.00013
6.5e-05,0.00052,0.00013
7e-05,0.00052,0.00013
7.5e-05,0.00052,0.00013
8e-05,0.00052,0.00013
8.5e-05,0.00052,0.00013
9e-05,0.00052,0.00013
9.5e-05,0.00052,0.00013
0.0001,0.00052,0.00013
0.000105,0.00052,0.00013
0.00011,0.00052,0.00013
0.000115,0.00052,0.00013
0.00012,0.00052,0.00013
0.000125,0.00052,0.00013
0.00013,0.00052,0.00013
0.000135,0.00052,0.00013
0.00014,0.00052,0.00013
6e-05,0.000525,0.00013
6.5e-05,0.000525,0.00013
7e-05,0.000525,0.00013
7.5e-05,0.000525,0.00013
8e-05,0.000525,0.00013
8.5e-05,0.000525,0.00013
9e-05,0.000525,0.00013
9.5e-05,0.000525,0.00013
0.0001,0.000525,0.00013
0.000105,0.000525,0.00013
0.00011,0.000525,0.00013
0.000115,0.000525,0.00013
0.00012,0.000525,0.00013
0.000125,0.000525,0.00013
0.00013,0.000525,0.00013
0.000135,0.000525,0.00013
0.00014,0.000525,0.00013
6e-05,0.00053,0.00013
6.5e-05,0.00053,0.00013
7e-05,0.00053,0.00013
7.5e-05,0.00053,0.00013
8e-05,0.00053,0.00013
8.5e-05,0.00053,0.00013
9e-05,0.00053,0.00013
9.5e-05,0.00053,0.00013
0.0001,0.00053,0.00013
0.000105,0.00053,0.00013
0.00011,0.00053,0.00013
0.000115,0.00053,0.00013
0.00012,0.00053,0.00013
0.000125,0.00053,0.00013
0.00013,0.00053,0.00013
0.000135,0.00053,0.00013
0.00014,0.00053,0.00013
0.000145,0.00053,0.00013
6e-05,0.000535,0.00013
6.5e-05,0.000535,0.00013
7e-05,0.000535,0.00013
7.5e-05,0.000535,0.00013
8e-05,0.000535,0.00013
8.5e-05,0.000535,0.00013
9e-05,0.000535,0.00013
9.5e-05,0.000535,0.00013
0.0001,0.000535,0.00013
0.000105,0.000535,0.00013
0.00011,0.000535,0.00013
0.000115,0.000535,0.00013
0.00012,0.000535,0.00013
0.000125,0.000535,0.00013
0.00013,0.000535,0.00013
0.000135,0.000535,0.00013
0.00014,0.000535,0.00013
0.000145,0.000535,0.00013
6e-05,0.00054,0.00013
6.5e-05,0.00054,0.00013
7e-05,0.00054,0.00013
7.5e-05,0.00054,0.00013
8e-05,0.00054,0.00013
8.5e-05,0.00054,0.00013
9e-05,0.00054,0.00013
9.5e-05,0.00054,0.00013
0.0001,0.00054,0.00013
0.000105,0.00054,0.00013
0.00011,0.00054,0.00013
0.000115,0.00054,0.00013
0.00012,0.00054,0.00013
0.000125,0.00054,0.00013
0.00013,0.00054,0.00013
0.000135,0.00054,0.00013
0.00014,0.00054,0.00013
6e-05,0.000545,0.00013
6.5e-05,0.000545,0.00013
7e-05,0.000545,0.00013
7.5e-05,0.000545,0.00013
8e-05,0.000545,0.00013
8.5e-05,0.000545,0.00013
9e-05,0.000545,0.00013
9.5e-05,0.000545,0.00013
0.0001,0.000545,0.00013
0.000105,0.000545,0.00013
0.00011,0.000545,0.00013
0.000115,0.000545,0.00013
0.00012,0.000545,0.00013
0.000125,0.000545,0.00013
0.00013,0.000545,0.00013
0.000135,0.000545,0.00013
0.00014,0.000545,0.00013
6e-05,0.00055,0.00013
6.5e-05,0.00055,0.00013
7e-05,0.00055,0.00013
7.5e-05,0.00055,0.00013
8e-05,0.00055,0.00013
8.5e-05,0.00055,0.00013
9e-05,0.00055,0.00013
9.5e-05,0.00055,0.00013
0.0001,0.00055,0.00013
0.000105,0.00055,0.00013
0.00011,0.00055,0.00013
0.000115,0.00055,0.00013
0.00012,0.00055,0.00013
0.000125,0.00055,0.00013
0.00013,0.00055,0.00013
0.000135,0.00055,0.00013
0.00014,0.00055,0.00013
6e-05,0.000555,0.00013
6.5e-05,0.000555,0.00013
7e-05,0.000555,0.00013
7.5e-05,0.000555,0.00013
8e-05,0.000555,0.00013
8.5e-05,0.000555,0.00013
9e-05,0.000555,0.00013
9.5e-05,0.000555,0.00013
0.0001,0.000555,0.00013
0.000105,0.000555,0.00013
0.00011,0.000555,0.00013
0.000115,0.000555,0.00013
0.00012,0.000555,0.00013
0.000125,0.000555,0.00013
0.00013,0.000555,0.00013
0.000135,0.000555,0.00013
0.00014,0.000555,0.00013
6e-05,0.00056,0.00013
6.5e-05,0.00056,0.00013
7e-05,0.00056,0.00013
7.5e-05,0.00056,0.00013
8e-05,0.00056,0.00013
8.5e-05,0.00056,0.00013
9e-05,0.00056,0.00013
9.5e-05,0.00056,0.00013
0.0001,0.00056,0.00013
0.000105,0.00056,0.00013
0.00011,0.00056,0.00013
0.000115,0.00056,0.00013
0.00012,0.00056,0.00013
0.000125,0.00056,0.00013
0.00013,0.00056,0.00013
0.000135,0.00056,0.00013
0.00014,0.00056,0.00013
6.5e-05,0.000565,0.00013
7e-05,0.000565,0.00013
7.5e-05,0.000565,0.00013
8e-05,0.000565,0.00013
8.5e-05,0.000565,0.00013
9e-05,0.000565,0.00013
9.5e-05,0.000565,0.00013
0.0001,0.000565,0.00013
0.000105,0.000565,0.00013
0.00011,0.000565,0.00013
0.000115,0.000565,0.00013
0.00012,0.000565,0.00013
0.000125,0.000565,0.00013
0.00013,0.000565,0.00013
0.000135,0.000565,0.00013
0.00014,0.000565,0.00013
6.5e-05,0.00057,0.00013
7e-05,0.00057,0.00013
7.5e-05,0.00057,0.00013
8e-05,0.00057,0.00013
8.5e-05,0.00057,0.00013
9e-05,0.00057,0.00013
9.5e-05,0.00057,0.00013
0.0001,0.00057,0.00013
0.000105,0.00057,0.00013
0.00011,0.00057,0.00013
0.000115,0.00057,0.00013
0.00012,0.00057,0.00013
0.000125,0.00057,0.00013
0.00013,0.00057,0.00013
0.000135,0.00057,0.00013
0.00014,0.00057,0.00013
6.5e-05,0.000575,0.00013
7e-05,0.000575,0.00013
7.5e-05,0.000575,0.00013
8e-05,0.000575,0.00013
8.5e-05,0.000575,0.00013
9e-05,0.000575,0.00013
9.5e-05,0.000575,0.00013
0.0001,0.000575,0.00013
0.000105,0.000575,0.00013
0.00011,0.000575,0.00013
0.000115,0.000575,0.00013
0.00012,0.000575,0.00013
0.000125,0.000575,0.00013
0.00013,0.000575,0.00013
0.000135,0.000575,0.00013
0.00014,0.000575,0.00013
6.5e-05,0.00058,0.00013
7e-05,0.00058,0.00013
7.5e-05,0.00058,0.00013
8e-05,0.00058,0.00013
8.5e-05,0.00058,0.00013
9e-05,0.00058,0.00013
9.5e-05,0.00058,0.00013
0.0001,0.00058,0.00013
0.000105,0.00058,0.00013
0.00011,0.00058,0.00013
0.000115,0.00058,0.00013
0.00012,0.00058,0.00013
0.000125,0.00058,0.00013
0.00013,0.00058,0.00013
0.000135,0.00058,0.00013
0.00014,0.00058,0.00013
6.5e-05,0.000585,0.00013
7e-05,0.000585,0.00013
7.5e-05,0.000585,0.00013
8e-05,0.000585,0.00013
8.5e-05,0.000585,0.00013
9e-05,0.000585,0.00013
9.5e-05,0.000585,0.00013
0.0001,0.000585,0.00013
0.000105,0.000585,0.00013
0.00011,0.000585,0.00013
0.000115,0.000585,0.00013
0.00012,0.000585,0.00013
0.000125,0.000585,0.00013
0.00013,0.000585,0.00013
0.000135,0.000585,0.00013
0.00014,0.000585,0.00013
6.5e-05,0.00059,0.00013
7e-05,0.00059,0.00013
7.5e-05,0.00059,0.00013
8e-05,0.00059,0.00013
8.5e-05,0.00059,0.00013
9e-05,0.00059,0.00013
9.5e-05,0.00059,0.00013
0.0001,0.00059,0.00013
0.000105,0.00059,0.00013
0.00011,0.00059,0.00013
0.000115,0.00059,0.00013
0.00012,0.00059,0.00013
0.000125,0.00059,0.00013
0.00013,0.00059,0.00013
0.000135,0.00059,0.00013
0.00014,0.00059,0.00013
6.5e-05,0.000595,0.00013
7e-05,0.000595,0.00013
7.5e-05,0.000595,0.00013
8e-05,0.000595,0.00013
8.5e-05,0.000595,0.00013
9e-05,0.000595,0.00013
9.5e-05,0.000595,0.00013
0.0001,0.000595,0.00013
0.000105,0.000595,0.00013
0.00011,0.000595,0.00013
0.000115,0.000595,0.00013
0.00012,0.000595,0.00013
0.000125,0.000595,0.00013
0.00013,0.000595,0.00013
0.000135,0.000595,0.00013
6.5e-05,0.0006,0.00013
7e-05,0.0006,0.00013
7.5e-05,0.0006,0.00013
8e-05,0.0006,0.00013
8.5e-05,0.0006,0.00013
9e-05,0.0006,0.00013
9.5e-05,0.0006,0.00013
0.0001,0.0006,0.00013
0.000105,0.0006,0.00013
0.00011,0.0006,0.00013
0.000115,0.0006,0.00013
0.00012,0.0006,0.00013
0.000125,0.0006,0.00013
0.00013,0.0006,0.00013
0.000135,0.0006,0.00013
6.5e-05,0.000605,0.00013
7e-05,0.000605,0.00013
7.5e-05,0.000605,0.00013
8e-05,0.000605,0.00013
8.5e-05,0.000605,0.00013
9e-05,0.000605,0.00013
9.5e-05,0.000605,0.00013
0.0001,0.000605,0.00013
0.000105,0.000605,0.00013
0.00011,0.000605,0.00013
0.000115,0.000605,0.00013
0.00012,0.000605,0.00013
0.000125,0.000605,0.00013
0.00013,0.000605,0.00013
0.000135,0.000605,0.00013
6.5e-05,0.00061,0.00013
7e-05,0.00061,0.00013
7.5e-05,0.00061,0.00013
8e-05,0.00061,0.00013
8.5e-05,0.00061,0.00013
9e-05,0.00061,0.00013
9.5e-05,0.00061,0.00013
0.0001,0.00061,0.00013
0.000105,0.00061,0.00013
0.00011,0.00061,0.00013
0.000115,0.00061,0.00013
0.00012,0.00061,0.00013
0.000125,0.00061,0.00013
0.00013,0.00061,0.00013
0.000135,0.00061,0.00013
6.5e-05,0.000615,0.00013
7e-05,0.000615,0.00013
7.5e-05,0.000615,0.00013
8e-05,0.000615,0.00013
8.5e-05,0.000615,0.00013
9e-05,0.000615,0.00013
9.5e-05,0.000615,0.00013
0.0001,0.000615,0.00013
0.000105,0.000615,0.00013
0.00011,0.000615,0.00013
0.000115,0.000615,0.00013
0.00012,0.000615,0.00013
0.000125,0.000615,0.00013
0.00013,0.000615,0.00013
0.000135,0.000615,0.00013
6.5e-05,0.00062,0.00013
7e-05,0.00062,0.00013
7.5e-05,0.00062,0.00013
8e-05,0.00062,0.00013
8.5e-05,0.00062,0.00013
9e-05,0.00062,0.00013
9.5e-05,0.00062,0.00013
0.0001,0.00062,0.00013
0.000105,0.00062,0.00013
0.00011,0.00062,0.00013
0.000115,0.00062,0.00013
0.00012,0.00062,0.00013
0.000125,0.00062,0.00013
0.00013,0.00062,0.00013
0.000135,0.00062,0.00013
6.5e-05,0.000625,0.00013
7e-05,0.000625,0.00013
7.5e-05,0.000625,0.00013
8e-05,0.000625,0.00013
8.5e-05,0.000625,0.00013
9e-05,0.000625,0.00013
9.5e-05,0.000625,0.00013
0.0001,0.000625,0.00013
0.000105,0.000625,0.00013
0.00011,0.000625,0.00013
0.000115,0.000625,0.00013
0.00012,0.000625,0.00013
0.000125,0.000625,0.00013
0.00013,0.000625,0.00013
0.000135,0.000625,0.00013
6.5e-05,0.00063,0.00013
7e-05,0.00063,0.00013
7.5e-05,0.00063,0.00013
8e-05,0.00063,0.00013
8.5e-05,0.00063,0.00013
9e-05,0.00063,0.00013
9.5e-05,0.00063,0.00013
0.0001,0.00063,0.00013
0.000105,0.00063,0.00013
0.00011,0.00063,0.00013
0.000115,0.00063,0.00013
0.00012,0.00063,0.00013
0.000125,0.00063,0.00013
0.00013,0.00063,0.00013
0.000135,0.00063,0.00013
6.5e-05,0.000635,0.00013
7e-05,0.000635,0.00013
7.5e-05,0.000635,0.00013
8e-05,0.000635,0.00013
8.5e-05,0.000635,0.00013
9e-05,0.000635,0.00013
9.5e-05,0.000635,0.00013
0.0001,0.000635,0.00013
0.000105,0.000635,0.00013
0.00011,0.000635,0.00013
0.000115,0.000635,0.00013
0.00012,0.000635,0.00013
0.000125,0.000635,0.00013
0.00013,0.000635,0.00013
0.000135,0.000635,0.00013
6e-05,0.00064,0.00013
6.5e-05,0.00064,0.00013
7e-05,0.00064,0.00013
7.5e-05,0.00064,0.00013
8e-05,0.00064,0.00013
8.5e-05,0.00064,0.00013
9e-05,0.00064,0.00013
9.5e-05,0.00064,0.00013
0.0001,0.00064,0.00013
0.000105,0.00064,0.00013
0.00011,0.00064,0.00013
0.000115,0.00064,0.00013
0.00012,0.00064,0.00013
0.000125,0.00064,0.00013
0.00013,0.00064,0.00013
0.000135,0.00064,0.00013
6e-05,0.000645,0.00013
6.5e-05,0.000645,0.00013
7e-05,0.000645,0.00013
7.5e-05,0.000645,0.00013
8e-05,0.000645,0.00013
8.5e-05,0.000645,0.00013
9e-05,0.000645,0.00013
9.5e-05,0.000645,0.00013
0.0001,0.000645,0.00013
0.000105,0.000645,0.00013
0.00011,0.000645,0.00013
0.000115,0.000645,0.00013
0.00012,0.000645,0.00013
0.000125,0.000645,0.00013
0.00013,0.000645,0.00013
0.000135,0.000645,0.00013
0.00014,0.000645,0.00013
5.5e-05,0.00065,0.00013
6e-05,0.00065,0.00013
6.5e-05,0.00065,0.00013
7e-05,0.00065,0.00013
7.5e-05,0.00065,0.00013
8e-05,0.00065,0.00013
8.5e-05,0.00065,0.00013
9e-05,0.00065,0.00013
9.5e-05,0.00065,0.00013
0.0001,0.00065,0.00013
0.000105,0.00065,0.00013
0.00011,0.00065,0.00013
0.000115,0.00065,0.00013
0.00012,0.00065,0.00013
0.000125,0.00065,0.00013
0.00013,0.00065,0.00013
0.000135,0.00065,0.00013
0.00014,0.00065,0.00013
5.5e-05,0.000655,0.00013
6e-05,0.000655,0.00013
6.5e-05,0.000655,0.00013
7e-05,0.000655,0.00013
7.5e-05,0.000655,0.00013
8e-05,0.000655,0.00013
8.5e-05,0.000655,0.00013
9e-05,0.000655,0.00013
9.5e-05,0.000655,0.00013
0.0001,0.000655,0.00013
0.000105,0.000655,0.00013
0.00011,0.000655,0.00013
0.000115,0.000655,0.00013
0.00012,0.000655,0.00013
0.000125,0.000655,0.00013
0.00013,0.000655,0.00013
0.000135,0.000655,0.00013
0.00014,0.000655,0.00013
6e-05,0.00066,0.00013
6.5e-05,0.00066,0.00013
7e-05,0.00066,0.00013
7.5e-05,0.00066,0.00013
8e-05,0.00066,0.00013
8.5e-05,0.00066,0.00013
9e-05,0.00066,0.00013
9.5e-05,0.00066,0.00013
0.0001,0.00066,0.00013
0.000105,0.00066,0.00013
0.00011,0.00066,0.00013
0.000115,0.00066,0.00013
0.00012,0.00066,0.00013
0.000125,0.00066,0.00013
0.00013,0.00066,0.00013
0.000135,0.00066,0.00013
0.00014,0.00066,0.00013
6e-05,0.000665,0.00013
6.5e-05,0.000665,0.00013
7e-05,0.000665,0.00013
7.5e-05,0.000665,0.00013
8e-05,0.000665,0.00013
8.5e-05,0.000665,0.00013
9e-05,0.000665,0.00013
9.5e-05,0.000665,0.00013
0.0001,0.000665,0.00013
0.000105,0.000665,0.00013
0.00011,0.000665,0.00013
0.000115,0.000665,0.00013
0.00012,0.000665,0.00013
0.000125,0.000665,0.00013
0.00013,0.000665,0.00013
0.000135,0.000665,0.00013
0.00014,0.000665,0.00013
6e-05,0.00067,0.00013
6.5e-05,0.00067,0.00013
7e-05,0.00067,0.00013
7.5e-05,0.00067,0.00013
8e-05,0.00067,0.00013
8.5e-05,0.00067,0.00013
9e-05,0.00067,0.00013
9.5e-05,0.00067,0.00013
0.0001,0.00067,0.00013
0.000105,0.00067,0.00013
0.00011,0.00067,0.00013
0.000115,0.00067,0.00013
0.00012,0.00067,0.00013
0.000125,0.00067,0.00013
0.00013,0.00067,0.00013
0.000135,0.00067,0.00013
0.00014,0.00067,0.00013
6e-05,0.000675,0.00013
6.5e-05,0.000675,0.00013
7e-05,0.000675,0.00013
7.5e-05,0.000675,0.00013
8e-05,0.000675,0.00013
8.5e-05,0.000675,0.00013
9e-05,0.000675,0.00013
9.5e-05,0.000675,0.00013
0.0001,0.000675,0.00013
0.000105,0.000675,0.00013
0.00011,0.000675,0.00013
0.000115,0.000675,0.00013
0.00012,0.000675,0.00013
0.000125,0.000675,0.00013
0.00013,0.000675,0.00013
0.000135,0.000675,0.00013
0.00014,0.000675,0.00013
6e-05,0.00068,0.00013
6.5e-05,0.00068,0.00013
7e-05,0.00068,0.00013
7.5e-05,0.00068,0.00013
8e-05,0.00068,0.00013
8.5e-05,0.00068,0.00013
9e-05,0.00068,0.00013
9.5e-05,0.00068,0.00013
0.0001,0.00068,0.00013
0.000105,0.00068,0.00013
0.00011,0.00068,0.00013
0.000115,0.00068,0.00013
0.00012,0.00068,0.00013
0.000125,0.00068,0.00013
0.00013,0.00068,0.00013
0.000135,0.00068,0.00013
6e-05,0.000685,0.00013
6.5e-05,0.000685,0.00013
7e-05,0.000685,0.00013
7.5e-05,0.000685,0.00013
8e-05,0.000685,0.00013
8.5e-05,0.000685,0.00013
9e-05,0.000685,0.00013
9.5e-05,0.000685,0.00013
0.0001,0.000685,0.00013
0.000105,0.000685,0.00013
0.00011,0.000685,0.00013
0.000115,0.000685,0.00013
0.00012,0.000685,0.00013
0.000125,0.000685,0.00013
0.00013,0.000685,0.00013
0.000135,0.000685,0.00013
6.5e-05,0.00069,0.00013
7e-05,0.00069,0.00013
7.5e-05,0.00069,0.00013
8e-05,0.00069,0.00013
8.5e-05,0.00069,0.00013
9e-05,0.00069,0.00013
9.5e-05,0.00069,0.00013
0.0001,0.00069,0.00013
0.000105,0.00069,0.00013
0.00011,0.00069,0.00013
0.000115,0.00069,0.00013
0.00012,0.00069,0.00013
0.000125,0.00069,0.00013
0.00013,0.00069,0.00013
0.000135,0.00069,0.00013
6.5e-05,0.000695,0.00013
7e-05,0.000695,0.00013
7.5e-05,0.000695,0.00013
8e-05,0.000695,0.00013
8.5e-05,0.000695,0.00013
9e-05,0.000695,0.00013
9.5e-05,0.000695,0.00013
0.0001,0.000695,0.00013
0.000105,0.000695,0.00013
0.00011,0.000695,0.00013
0.000115,0.000695,0.00013
0.00012,0.000695,0.00013
0.000125,0.000695,0.00013
0.00013,0.000695,0.00013
0.000135,0.000695,0.00013
7e-05,0.0007,0.00013
7.5e-05,0.0007,0.00013
8e-05,0.0007,0.00013
8.5e-05,0.0007,0.00013
9e-05,0.0007,0.00013
9.5e-05,0.0007,0.00013
0.0001,0.0007,0.00013
0.000105,0.0007,0.00013
0.00011,0.0007,0.00013
0.000115,0.0007,0.00013
0.00012,0.0007,0.00013
0.000125,0.0007,0.00013
0.00013,0.0007,0.00013
7e-05,0.000705,0.00013
7.5e-05,0.000705,0.00013
8e-05,0.000705,0.00013
8.5e-05,0.000705,0.00013
9e-05,0.000705,0.00013
9.5e-05,0.000705,0.00013
0.0001,0.000705,0.00013
0.000105,0.000705,0.00013
0.00011,0.000705,0.00013
0.000115,0.000705,0.00013
0.00012,0.000705,0.00013
0.000125,0.000705,0.00013
0.00013,0.000705,0.00013
7.5e-05,0.00071,0.00013
8e-05,0.00071,0.00013
8.5e-05,0.00071,0.00013
9e-05,0.00071,0.00013
9.5e-05,0.00071,0.00013
0.0001,0.00071,0.00013
0.000105,0.00071,0.00013
0.00011,0.00071,0.00013
0.000115,0.00071,0.00013
0.00012,0.00071,0.00013
0.000125,0.00071,0.00013
0.00013,0.00071,0.00013
8e-05,0.000715,0.00013
8.5e-05,0.000715,0.00013
9e-05,0.000715,0.00013
9.5e-05,0.000715,0.00013
0.0001,0.000715,0.00013
0.000105,0.000715,0.00013
0.00011,0.000715,0.00013
0.000115,0.000715,0.00013
0.00012,0.000715,0.00013
8.5e-05,0.00072,0.00013
9e-05,0.00072,0.00013
9.5e-05,0.00072,0.00013
0.0001,0.00072,0.00013
0.000105,0.00072,0.00013
0.00011,0.00072,0.00013
0.000115,0.00072,0.00013
0.00012,0.00072,0.00013
9e-05,0.000725,0.00013
9.5e-05,0.000725,0.00013
0.0001,0.000725,0.00013
0.000105,0.000725,0.00013
0.00011,0.000725,0.00013
0.000115,0.000725,0.00013
0.00012,0.000725,0.00013
9.5e-05,0.00073,0.00013
0.0001,0.00073,0.00013
7e-05,0.0,0.000135
7.5e-05,0.0,0.000135
8e-05,0.0,0.000135
8.5e-05,0.0,0.000135
9e-05,0.0,0.000135
9.5e-05,0.0,0.000135
0.0001,0.0,0.000135
0.000105,0.0,0.000135
0.00011,0.0,0.000135
0.000115,0.0,0.000135
0.00012,0.0,0.000135
0.000125,0.0,0.000135
0.00013,0.0,0.000135
7e-05,5e-06,0.000135
7.5e-05,5e-06,0.000135
8e-05,5e-06,0.000135
8.5e-05,5e-06,0.000135
9e-05,5e-06,0.000135
9.5e-05,5e-06,0.000135
0.0001,5e-06,0.000135
0.000105,5e-06,0.000135
0.00011,5e-06,0.000135
0.000115,5e-06,0.000135
0.00012,5e-06,0.000135
0.000125,5e-06,0.000135
0.00013,5e-06,0.000135
7e-05,1e-05,0.000135
7.5e-05,1e-05,0.000135
8e-05,1e-05,0.000135
8.5e-05,1e-05,0.000135
9e-05,1e-05,0.000135
9.5e-05,1e-05,0.000135
0.0001,1e-05,0.000135
0.000105,1e-05,0.000135
0.00011,1e-05,0.000135
0.000115,1e-05,0.000135
0.00012,1e-05,0.000135
0.000125,1e-05,0.000135
0.00013,1e-05,0.000135
7e-05,1.5e-05,0.000135
7.5e-05,1.5e-05,0.000135
8e-05,1.5e-05,0.000135
8.5e-05,1.5e-05,0.000135
9e-05,1.5e-05,0.000135
9.5e-05,1.5e-05,0.000135
0.0001,1.5e-05,0.000135
0.000105,1.5e-05,0.000135
0.00011,1.5e-05,0.000135
0.000115,1.5e-05,0.000135
0.00012,1.5e-05,0.000135
0.000125,1.5e-05,0.000135
0.00013,1.5e-05,0.000135
6.5e-05,2e-05,0.000135
7e-05,2e-05,0.000135
7.5e-05,2e-05,0.000135
8e-05,2e-05,0.000135
8.5e-05,2e-05,0.000135
9e-05,2e-05,0.000135
9.5e-05,2e-05,0.000135
0.0001,2e-05,0.000135
0.000105,2e-05,0.000135
0.00011,2e-05,0.000135
0.000115,2e-05,0.000135
0.00012,2e-05,0.000135
0.000125,2e-05,0.000135
0.00013,2e-05,0.000135
6.5e-05,2.5e-05,0.000135
7e-05,2.5e-05,0.000135
7.5e-05,2.5e-05,0.000135
8e-05,2.5e-05,0.000135
8.5e-05,2.5e-05,0.000135
9e-05,2.5e-05,0.000135
9.5e-05,2.5e-05,0.000135
0.0001,2.5e-05,0.000135
0.000105,2.5e-05,0.000135
0.00011,2.5e-05,0.000135
0.000115,2.5e-05,0.000135
0.00012,2.5e-05,0.000135
0.000125,2.5e-05,0.000135
0.00013,2.5e-05,0.000135
6.5e-05,3e-05,0.000135
7e-05,3e-05,0.000135
7.5e-05,3e-05,0.000135
8e-05,3e-05,0.000135
8.5e-05,3e-05,0.000135
9e-05,3e-05,0.000135
9.5e-05,3e-05,0.000135
0.0001,3e-05,0.000135
0.000105,3e-05,0.000135
0.00011,3e-05,0.000135
0.000115,3e-05,0.000135
0.00012,3e-05,0.000135
0.000125,3e-05,0.000135
0.00013,3e-05,0.000135
6.5e-05,3.5e-05,0.000135
7e-05,3.5e-05,0.000135
7.5e-05,3.5e-05,0.000135
8e-05,3.5e-05,0.000135
8.5e-05,3.5e-05,0.000135
9e-05,3.5e-05,0.000135
9.5e-05,3.5e-05,0.000135
0.0001,3.5e-05,0.000135
0.000105,3.5e-05,0.000135
0.00011,3.5e-05,0.000135
0.000115,3.5e-05,0.000135
0.00012,3.5e-05,0.000135
0.000125,3.5e-05,0.000135
0.00013,3.5e-05,0.000135
6e-05,4e-05,0.000135
6.5e-05,4e-05,0.000135
7e-05,4e-05,0.000135
7.5e-05,4e-05,0.000135
8e-05,4e-05,0.000135
8.5e-05,4e-05,0.000135
9e-05,4e-05,0.000135
9.5e-05,4e-05,0.000135
0.0001,4e-05,0.000135
0.000105,4e-05,0.000135
0.00011,4e-05,0.000135
0.000115,4e-05,0.000135
0.00012,4e-05,0.000135
0.000125,4e-05,0.000135
0.00013,4e-05,0.000135
0.000135,4e-05,0.000135
6e-05,4.5e-05,0.000135
6.5e-05,4.5e-05,0.000135
7e-05,4.5e-05,0.000135
7.5e-05,4.5e-05,0.000135
8e-05,4.5e-05,0.000135
8.5e-05,4.5e-05,0.000135
9e-05,4.5e-05,0.000135
9.5e-05,4.5e-05,0.000135
0.0001,4.5e-05,0.000135
0.000105,4.5e-05,0.000135
0.00011,4.5e-05,0.000135
0.000115,4.5e-05,0.000135
0.00012,4.5e-05,0.000135
0.000125,4.5e-05,0.000135
0.00013,4.5e-05,0.000135
0.000135,4.5e-05,0.000135
6e-05,5e-05,0.000135
6.5e-05,5e-05,0.000135
7e-05,5e-05,0.000135
7.5e-05,5e-05,0.000135
8e-05,5e-05,0.000135
8.5e-05,5e-05,0.000135
9e-05,5e-05,0.000135
9.5e-05,5e-05,0.000135
0.0001,5e-05,0.000135
0.000105,5e-05,0.000135
0.00011,5e-05,0.000135
0.000115,5e-05,0.000135
0.00012,5e-05,0.000135
0.000125,5e-05,0.000135
0.00013,5e-05,0.000135
0.000135,5e-05,0.000135
6e-05,5.5e-05,0.000135
6.5e-05,5.5e-05,0.000135
7e-05,5.5e-05,0.000135
7.5e-05,5.5e-05,0.000135
8e-05,5.5e-05,0.000135
8.5e-05,5.5e-05,0.000135
9e-05,5.5e-05,0.000135
9.5e-05,5.5e-05,0.000135
0.0001,5.5e-05,0.000135
0.000105,5.5e-05,0.000135
0.00011,5.5e-05,0.000135
0.000115,5.5e-05,0.000135
0.00012,5.5e-05,0.000135
0.000125,5.5e-05,0.000135
0.00013,5.5e-05,0.000135
0.000135,5.5e-05,0.000135
6e-05,6e-05,0.000135
6.5e-05,6e-05,0.000135
7e-05,6e-05,0.000135
7.5e-05,6e-05,0.000135
8e-05,6e-05,0.000135
8.5e-05,6e-05,0.000135
9e-05,6e-05,0.000135
9.5e-05,6e-05,0.000135
0.0001,6e-05,0.000135
0.000105,6e-05,0.000135
0.00011,6e-05,0.000135
0.000115,6e-05,0.000135
0.00012,6e-05,0.000135
0.000125,6e-05,0.000135
0.00013,6e-05,0.000135
0.000135,6e-05,0.000135
6e-05,6.5e-05,0.000135
6.5e-05,6.5e-05,0.000135
7e-05,6.5e-05,0.000135
7.5e-05,6.5e-05,0.000135
8e-05,6.5e-05,0.000135
8.5e-05,6.5e-05,0.000135
9e-05,6.5e-05,0.000135
9.5e-05,6.5e-05,0.000135
0.0001,6.5e-05,0.000135
0.000105,6.5e-05,0.000135
0.00011,6.5e-05,0.000135
0.000115,6.5e-05,0.000135
0.00012,6.5e-05,0.000135
0.000125,6.5e-05,0.000135
0.00013,6.5e-05,0.000135
0.000135,6.5e-05,0.000135
6e-05,7e-05,0.000135
6.5e-05,7e-05,0.000135
7e-05,7e-05,0.000135
7.5e-05,7e-05,0.000135
8e-05,7e-05,0.000135
8.5e-05,7e-05,0.000135
9e-05,7e-05,0.000135
9.5e-05,7e-05,0.000135
0.0001,7e-05,0.000135
0.000105,7e-05,0.000135
0.00011,7e-05,0.000135
0.000115,7e-05,0.000135
0.00012,7e-05,0.000135
0.000125,7e-05,0.000135
0.00013,7e-05,0.000135
0.000135,7e-05,0.000135
6e-05,7.5e-05,0.000135
6.5e-05,7.5e-05,0.000135
7e-05,7.5e-05,0.000135
7.5e-05,7.5e-05,0.000135
8e-05,7.5e-05,0.000135
8.5e-05,7.5e-05,0.000135
9e-05,7.5e-05,0.000135
9.5e-05,7.5e-05,0.000135
0.0001,7.5e-05,0.000135
0.000105,7.5e-05,0.000135
0.00011,7.5e-05,0.000135
0.000115,7.5e-05,0.000135
0.00012,7.5e-05,0.000135
0.000125,7.5e-05,0.000135
0.00013,7.5e-05,0.000135
0.000135,7.5e-05,0.000135
6e-05,8e-05,0.000135
6.5e-05,8e-05,0.000135
7e-05,8e-05,0.000135
7.5e-05,8e-05,0.000135
8e-05,8e-05,0.000135
8.5e-05,8e-05,0.000135
9e-05,8e-05,0.000135
9.5e-05,8e-05,0.000135
0.0001,8e-05,0.000135
0.000105,8e-05,0.000135
0.00011,8e-05,0.000135
0.000115,8e-05,0.000135
0.00012,8e-05,0.000135
0.000125,8e-05,0.000135
0.00013,8e-05,0.000135
0.000135,8e-05,0.000135
6e-05,8.5e-05,0.000135
6.5e-05,8.5e-05,0.000135
7e-05,8.5e-05,0.000135
7.5e-05,8.5e-05,0.000135
8e-05,8.5e-05,0.000135
8.5e-05,8.5e-05,0.000135
9e-05,8.5e-05,0.000135
9.5e-05,8.5e-05,0.000135
0.0001,8.5e-05,0.000135
0.000105,8.5e-05,0.000135
0.00011,8.5e-05,0.000135
0.000115,8.5e-05,0.000135
0.00012,8.5e-05,0.000135
0.000125,8.5e-05,0.000135
0.00013,8.5e-05,0.000135
0.000135,8.5e-05,0.000135
6e-05,9e-05,0.000135
6.5e-05,9e-05,0.000135
7e-05,9e-05,0.000135
7.5e-05,9e-05,0.000135
8e-05,9e-05,0.000135
8.5e-05,9e-05,0.000135
9e-05,9e-05,0.000135
9.5e-05,9e-05,0.000135
0.0001,9e-05,0.000135
0.000105,9e-05,0.000135
0.00011,9e-05,0.000135
0.000115,9e-05,0.000135
0.00012,9e-05,0.000135
0.000125,9e-05,0.000135
0.00013,9e-05,0.000135
0.000135,9e-05,0.000135
6.5e-05,9.5e-05,0.000135
7e-05,9.5e-05,0.000135
7.5e-05,9.5e-05,0.000135
8e-05,9.5e-05,0.000135
8.5e-05,9.5e-05,0.000135
9e-05,9.5e-05,0.000135
9.5e-05,9.5e-05,0.000135
0.0001,9.5e-05,0.000135
0.000105,9.5e-05,0.000135
0.00011,9.5e-05,0.000135
0.000115,9.5e-05,0.000135
0.00012,9.5e-05,0.000135
0.000125,9.5e-05,0.000135
0.00013,9.5e-05,0.000135
0.000135,9.5e-05,0.000135
6.5e-05,0.0001,0.000135
7e-05,0.0001,0.000135
7.5e-05,0.0001,0.000135
8e-05,0.0001,0.000135
8.5e-05,0.0001,0.000135
9e-05,0.0001,0.000135
9.5e-05,0.0001,0.000135
0.0001,0.0001,0.000135
0.000105,0.0001,0.000135
0.00011,0.0001,0.000135
0.000115,0.0001,0.000135
0.00012,0.0001,0.000135
0.000125,0.0001,0.000135
0.00013,0.0001,0.000135
0.000135,0.0001,0.000135
7e-05,0.000105,0.000135
7.5e-05,0.000105,0.000135
8e-05,0.000105,0.000135
8.5e-05,0.000105,0.000135
9e-05,0.000105,0.000135
9.5e-05,0.000105,0.000135
0.0001,0.000105,0.000135
0.000105,0.000105,0.000135
0.00011,0.000105,0.000135
0.000115,0.000105,0.000135
0.00012,0.000105,0.000135
0.000125,0.000105,0.000135
0.00013,0.000105,0.000135
0.000135,0.000105,0.000135
6.5e-05,0.00011,0.000135
7e-05,0.00011,0.000135
7.5e-05,0.00011,0.000135
8e-05,0.00011,0.000135
8.5e-05,0.00011,0.000135
9e-05,0.00011,0.000135
9.5e-05,0.00011,0.000135
0.0001,0.00011,0.000135
0.000105,0.00011,0.000135
0.00011,0.00011,0.000135
0.000115,0.00011,0.000135
0.00012,0.00011,0.000135
0.000125,0.00011,0.000135
0.00013,0.00011,0.000135
0.000135,0.00011,0.000135
6e-05,0.000115,0.000135
6.5e-05,0.000115,0.000135
7e-05,0.000115,0.000135
7.5e-05,0.000115,0.000135
8e-05,0.000115,0.000135
8.5e-05,0.000115,0.000135
9e-05,0.000115,0.000135
9.5e-05,0.000115,0.000135
0.0001,0.000115,0.000135
0.000105,0.000115,0.000135
0.00011,0.000115,0.000135
0.000115,0.000115,0.000135
0.00012,0.000115,0.000135
0.000125,0.000115,0.000135
0.00013,0.000115,0.000135
0.000135,0.000115,0.000135
0.00014,0.000115,0.000135
6e-05,0.00012,0.000135
6.5e-05,0.00012,0.000135
7e-05,0.00012,0.000135
7.5e-05,0.00012,0.000135
8e-05,0.00012,0.000135
8.5e-05,0.00012,0.000135
9e-05,0.00012,0.000135
9.5e-05,0.00012,0.000135
0.0001,0.00012,0.000135
0.000105,0.00012,0.000135
0.00011,0.00012,0.000135
0.000115,0.00012,0.000135
0.00012,0.00012,0.000135
0.000125,0.00012,0.000135
0.00013,0.00012,0.000135
0.000135,0.00012,0.000135
0.00014,0.00012,0.000135
6.5e-05,0.000125,0.000135
7e-05,0.000125,0.000135
7.5e-05,0.000125,0.000135
8e-05,0.000125,0.000135
8.5e-05,0.000125,0.000135
9e-05,0.000125,0.000135
9.5e-05,0.000125,0.000135
0.0001,0.000125,0.000135
0.000105,0.000125,0.000135
0.00011,0.000125,0.000135
0.000115,0.000125,0.000135
0.00012,0.000125,0.000135
0.000125,0.000125,0.000135
0.00013,0.000125,0.000135
0.000135,0.000125,0.000135
0.00014,0.000125,0.000135
6e-05,0.00013,0.000135
6.5e-05,0.00013,0.000135
7e-05,0.00013,0.000135
7.5e-05,0.00013,0.000135
8e-05,0.00013,0.000135
8.5e-05,0.00013,0.000135
9e-05,0.00013,0.000135
9.5e-05,0.00013,0.000135
0.0001,0.00013,0.000135
0.000105,0.00013,0.000135
0.00011,0.00013,0.000135
0.000115,0.00013,0.000135
0.00012,0.00013,0.000135
0.000125,0.00013,0.000135
0.00013,0.00013,0.000135
0.000135,0.00013,0.000135
0.00014,0.00013,0.000135
6e-05,0.000135,0.000135
6.5e-05,0.000135,0.000135
7e-05,0.000135,0.000135
7.5e-05,0.000135,0.000135
8e-05,0.000135,0.000135
8.5e-05,0.000135,0.000135
9e-05,0.000135,0.000135
9.5e-05,0.000135,0.000135
0.0001,0.000135,0.000135
0.000105,0.000135,0.000135
0.00011,0.000135,0.000135
0.000115,0.000135,0.000135
0.00012,0.000135,0.000135
0.000125,0.000135,0.000135
0.00013,0.000135,0.000135
0.000135,0.000135,0.000135
0.00014,0.000135,0.000135
6e-05,0.00014,0.000135
6.5e-05,0.00014,0.000135
7e-05,0.00014,0.000135
7.5e-05,0.00014,0.000135
8e-05,0.00014,0.000135
8.5e-05,0.00014,0.000135
9e-05,0.00014,0.000135
9.5e-05,0.00014,0.000135
0.0001,0.00014,0.000135
0.000105,0.00014,0.000135
0.00011,0.00014,0.000135
0.000115,0.00014,0.000135
0.00012,0.00014,0.000135
0.000125,0.00014,0.000135
0.00013,0.00014,0.000135
0.000135,0.00014,0.000135
0.00014,0.00014,0.000135
6.5e-05,0.000145,0.000135
7e-05,0.000145,0.000135
7.5e-05,0.000145,0.000135
8e-05,0.000145,0.000135
8.5e-05,0.000145,0.000135
9e-05,0.000145,0.000135
9.5e-05,0.000145,0.000135
0.0001,0.000145,0.000135
0.000105,0.000145,0.000135
0.00011,0.000145,0.000135
0.000115,0.000145,0.000135
0.00012,0.000145,0.000135
0.000125,0.000145,0.000135
0.00013,0.000145,0.000135
0.000135,0.000145,0.000135
0.00014,0.000145,0.000135
6.5e-05,0.00015,0.000135
7e-05,0.00015,0.000135
7.5e-05,0.00015,0.000135
8e-05,0.00015,0.000135
8.5e-05,0.00015,0.000135
9e-05,0.00015,0.000135
9.5e-05,0.00015,0.000135
0.0001,0.00015,0.000135
0.000105,0.00015,0.000135
0.00011,0.00015,0.000135
0.000115,0.00015,0.000135
0.00012,0.00015,0.000135
0.000125,0.00015,0.000135
0.00013,0.00015,0.000135
0.000135,0.00015,0.000135
0.00014,0.00015,0.000135
6.5e-05,0.000155,0.000135
7e-05,0.000155,0.000135
7.5e-05,0.000155,0.000135
8e-05,0.000155,0.000135
8.5e-05,0.000155,0.000135
9e-05,0.000155,0.000135
9.5e-05,0.000155,0.000135
0.0001,0.000155,0.000135
0.000105,0.000155,0.000135
0.00011,0.000155,0.000135
0.000115,0.000155,0.000135
0.00012,0.000155,0.000135
0.000125,0.000155,0.000135
0.00013,0.000155,0.000135
0.000135,0.000155,0.000135
0.00014,0.000155,0.000135
6.5e-05,0.00016,0.000135
7e-05,0.00016,0.000135
7.5e-05,0.00016,0.000135
8e-05,0.00016,0.000135
8.5e-05,0.00016,0.000135
9e-05,0.00016,0.000135
9.5e-05,0.00016,0.000135
0.0001,0.00016,0.000135
0.000105,0.00016,0.000135
0.00011,0.00016,0.000135
0.000115,0.00016,0.000135
0.00012,0.00016,0.000135
0.000125,0.00016,0.000135
0.00013,0.00016,0.000135
0.000135,0.00016,0.000135
8.5e-05,0.000165,0.000135
9e-05,0.000165,0.000135
9.5e-05,0.000165,0.000135
0.0001,0.000165,0.000135
0.000105,0.000165,0.000135
0.00011,0.000165,0.000135
0.000115,0.000165,0.000135
0.00012,0.000165,0.000135
0.000125,0.000165,0.000135
0.00013,0.000165,0.000135
0.000135,0.000165,0.000135
7e-05,0.00017,0.000135
7.5e-05,0.00017,0.000135
9e-05,0.00017,0.000135
9.5e-05,0.00017,0.000135
0.0001,0.00017,0.000135
0.000105,0.00017,0.000135
0.00011,0.00017,0.000135
0.000115,0.00017,0.000135
0.00012,0.00017,0.000135
0.000125,0.00017,0.000135
0.00013,0.00017,0.000135
0.000135,0.00017,0.000135
7e-05,0.000175,0.000135
7.5e-05,0.000175,0.000135
0.0001,0.000175,0.000135
0.000105,0.000175,0.000135
0.00011,0.000175,0.000135
0.000115,0.000175,0.000135
0.00012,0.000175,0.000135
0.000125,0.000175,0.000135
0.00013,0.000175,0.000135
0.000135,0.000175,0.000135
7e-05,0.00018,0.000135
7.5e-05,0.00018,0.000135
0.000105,0.00018,0.000135
0.00011,0.00018,0.000135
0.000115,0.00018,0.000135
0.00012,0.00018,0.000135
0.000125,0.00018,0.000135
0.00013,0.00018,0.000135
0.000135,0.00018,0.000135
6e-05,0.000185,0.000135
6.5e-05,0.000185,0.000135
9e-05,0.000185,0.000135
9.5e-05,0.000185,0.000135
0.000105,0.000185,0.000135
0.00011,0.000185,0.000135
0.000115,0.000185,0.000135
0.00012,0.000185,0.000135
0.000125,0.000185,0.000135
0.00013,0.000185,0.000135
0.000135,0.000185,0.000135
6e-05,0.00019,0.000135
6.5e-05,0.00019,0.000135
7e-05,0.00019,0.000135
7.5e-05,0.00019,0.000135
8e-05,0.00019,0.000135
8.5e-05,0.00019,0.000135
9e-05,0.00019,0.000135
9.5e-05,0.00019,0.000135
0.0001,0.00019,0.000135
0.000105,0.00019,0.000135
0.00011,0.00019,0.000135
0.000115,0.00019,0.000135
0.00012,0.00019,0.000135
0.000125,0.00019,0.000135
0.00013,0.00019,0.000135
0.000135,0.00019,0.000135
6e-05,0.000195,0.000135
6.5e-05,0.000195,0.000135
7e-05,0.000195,0.000135
7.5e-05,0.000195,0.000135
8e-05,0.000195,0.000135
8.5e-05,0.000195,0.000135
9e-05,0.000195,0.000135
9.5e-05,0.000195,0.000135
0.0001,0.000195,0.000135
0.000105,0.000195,0.000135
0.00011,0.000195,0.000135
0.000115,0.000195,0.000135
0.00012,0.000195,0.000135
0.000125,0.000195,0.000135
0.00013,0.000195,0.000135
0.000135,0.000195,0.000135
6e-05,0.0002,0.000135
6.5e-05,0.0002,0.000135
7e-05,0.0002,0.000135
7.5e-05,0.0002,0.000135
8e-05,0.0002,0.000135
8.5e-05,0.0002,0.000135
9e-05,0.0002,0.000135
9.5e-05,0.0002,0.000135
0.0001,0.0002,0.000135
0.000105,0.0002,0.000135
0.00011,0.0002,0.000135
0.000115,0.0002,0.000135
0.00012,0.0002,0.000135
0.000125,0.0002,0.000135
0.00013,0.0002,0.000135
0.000135,0.0002,0.000135
6.5e-05,0.000205,0.000135
7e-05,0.000205,0.000135
7.5e-05,0.000205,0.000135
8e-05,0.000205,0.000135
8.5e-05,0.000205,0.000135
9e-05,0.000205,0.000135
9.5e-05,0.000205,0.000135
0.0001,0.000205,0.000135
0.000105,0.000205,0.000135
0.00011,0.000205,0.000135
0.000115,0.000205,0.000135
0.00012,0.000205,0.000135
0.000125,0.000205,0.000135
0.00013,0.000205,0.000135
0.000135,0.000205,0.000135
6.5e-05,0.00021,0.000135
7e-05,0.00021,0.000135
7.5e-05,0.00021,0.000135
8e-05,0.00021,0.000135
8.5e-05,0.00021,0.000135
9e-05,0.00021,0.000135
9.5e-05,0.00021,0.000135
0.0001,0.00021,0.000135
0.000105,0.00021,0.000135
0.00011,0.00021,0.000135
0.000115,0.00021,0.000135
0.00012,0.00021,0.000135
0.000125,0.00021,0.000135
0.00013,0.00021,0.000135
0.000135,0.00021,0.000135
6e-05,0.000215,0.000135
6.5e-05,0.000215,0.000135
7e-05,0.000215,0.000135
7.5e-05,0.000215,0.000135
8e-05,0.000215,0.000135
8.5e-05,0.000215,0.000135
9e-05,0.000215,0.000135
9.5e-05,0.000215,0.000135
0.0001,0.000215,0.000135
0.000105,0.000215,0.000135
0.00011,0.000215,0.000135
0.000115,0.000215,0.000135
0.00012,0.000215,0.000135
0.000125,0.000215,0.000135
0.00013,0.000215,0.000135
0.000135,0.000215,0.000135
6e-05,0.00022,0.000135
6.5e-05,0.00022,0.000135
7e-05,0.00022,0.000135
7.5e-05,0.00022,0.000135
8e-05,0.00022,0.000135
8.5e-05,0.00022,0.000135
9e-05,0.00022,0.000135
9.5e-05,0.00022,0.000135
0.0001,0.00022,0.000135
0.000105,0.00022,0.000135
0.00011,0.00022,0.000135
0.000115,0.00022,0.000135
0.00012,0.00022,0.000135
0.000125,0.00022,0.000135
0.00013,0.00022,0.000135
0.000135,0.00022,0.000135
6e-05,0.000225,0.000135
6.5e-05,0.000225,0.000135
7e-05,0.000225,0.000135
7.5e-05,0.000225,0.000135
8e-05,0.000225,0.000135
8.5e-05,0.000225,0.000135
9e-05,0.000225,0.000135
9.5e-05,0.000225,0.000135
0.0001,0.000225,0.000135
0.000105,0.000225,0.000135
0.00011,0.000225,0.000135
0.000115,0.000225,0.000135
0.00012,0.000225,0.000135
0.000125,0.000225,0.000135
0.00013,0.000225,0.000135
0.000135,0.000225,0.000135
5.5e-05,0.00023,0.000135
6e-05,0.00023,0.000135
6.5e-05,0.00023,0.000135
7e-05,0.00023,0.000135
7.5e-05,0.00023,0.000135
8e-05,0.00023,0.000135
8.5e-05,0.00023,0.000135
9e-05,0.00023,0.000135
9.5e-05,0.00023,0.000135
0.0001,0.00023,0.000135
0.000105,0.00023,0.000135
0.00011,0.00023,0.000135
0.000115,0.00023,0.000135
0.00012,0.00023,0.000135
0.000125,0.00023,0.000135
0.00013,0.00023,0.000135
0.000135,0.00023,0.000135
5.5e-05,0.000235,0.000135
6e-05,0.000235,0.000135
6.5e-05,0.000235,0.000135
7e-05,0.000235,0.000135
7.5e-05,0.000235,0.000135
8e-05,0.000235,0.000135
8.5e-05,0.000235,0.000135
9e-05,0.000235,0.000135
9.5e-05,0.000235,0.000135
0.0001,0.000235,0.000135
0.000105,0.000235,0.000135
0.00011,0.000235,0.000135
0.000115,0.000235,0.000135
0.00012,0.000235,0.000135
0.000125,0.000235,0.000135
0.00013,0.000235,0.000135
0.000135,0.000235,0.000135
5.5e-05,0.00024,0.000135
6e-05,0.00024,0.000135
6.5e-05,0.00024,0.000135
7e-05,0.00024,0.000135
7.5e-05,0.00024,0.000135
8e-05,0.00024,0.000135
8.5e-05,0.00024,0.000135
9e-05,0.00024,0.000135
9.5e-05,0.00024,0.000135
0.0001,0.00024,0.000135
0.000105,0.00024,0.000135
0.00011,0.00024,0.000135
0.000115,0.00024,0.000135
0.00012,0.00024,0.000135
0.000125,0.00024,0.000135
0.00013,0.00024,0.000135
0.000135,0.00024,0.000135
0.00014,0.00024,0.000135
5.5e-05,0.000245,0.000135
6e-05,0.000245,0.000135
6.5e-05,0.000245,0.000135
7e-05,0.000245,0.000135
7.5e-05,0.000245,0.000135
8e-05,0.000245,0.000135
8.5e-05,0.000245,0.000135
9e-05,0.000245,0.000135
9.5e-05,0.000245,0.000135
0.0001,0.000245,0.000135
0.000105,0.000245,0.000135
0.00011,0.000245,0.000135
0.000115,0.000245,0.000135
0.00012,0.000245,0.000135
0.000125,0.000245,0.000135
0.00013,0.000245,0.000135
0.000135,0.000245,0.000135
0.00014,0.000245,0.000135
6.5e-05,0.00025,0.000135
7e-05,0.00025,0.000135
7.5e-05,0.00025,0.000135
8e-05,0.00025,0.000135
8.5e-05,0.00025,0.000135
9e-05,0.00025,0.000135
9.5e-05,0.00025,0.000135
0.0001,0.00025,0.000135
0.000105,0.00025,0.000135
0.00011,0.00025,0.000135
0.000115,0.00025,0.000135
0.00012,0.00025,0.000135
0.000125,0.00025,0.000135
0.00013,0.00025,0.000135
0.000135,0.00025,0.000135
0.00014,0.00025,0.000135
6e-05,0.000255,0.000135
6.5e-05,0.000255,0.000135
7e-05,0.000255,0.000135
7.5e-05,0.000255,0.000135
8e-05,0.000255,0.000135
8.5e-05,0.000255,0.000135
9e-05,0.000255,0.000135
9.5e-05,0.000255,0.000135
0.0001,0.000255,0.000135
0.000105,0.000255,0.000135
0.00011,0.000255,0.000135
0.000115,0.000255,0.000135
0.00012,0.000255,0.000135
0.000125,0.000255,0.000135
0.00013,0.000255,0.000135
0.000135,0.000255,0.000135
0.00014,0.000255,0.000135
6e-05,0.00026,0.000135
6.5e-05,0.00026,0.000135
7e-05,0.00026,0.000135
7.5e-05,0.00026,0.000135
8e-05,0.00026,0.000135
8.5e-05,0.00026,0.000135
9e-05,0.00026,0.000135
9.5e-05,0.00026,0.000135
0.0001,0.00026,0.000135
0.000105,0.00026,0.000135
0.00011,0.00026,0.000135
0.000115,0.00026,0.000135
0.00012,0.00026,0.000135
0.000125,0.00026,0.000135
0.00013,0.00026,0.000135
0.000135,0.00026,0.000135
6e-05,0.000265,0.000135
6.5e-05,0.000265,0.000135
7e-05,0.000265,0.000135
7.5e-05,0.000265,0.000135
8e-05,0.000265,0.000135
8.5e-05,0.000265,0.000135
9e-05,0.000265,0.000135
9.5e-05,0.000265,0.000135
0.0001,0.000265,0.000135
0.000105,0.000265,0.000135
0.00011,0.000265,0.000135
0.000115,0.000265,0.000135
0.00012,0.000265,0.000135
0.000125,0.000265,0.000135
0.00013,0.000265,0.000135
0.000135,0.000265,0.000135
6e-05,0.00027,0.000135
6.5e-05,0.00027,0.000135
7e-05,0.00027,0.000135
7.5e-05,0.00027,0.000135
8e-05,0.00027,0.000135
8.5e-05,0.00027,0.000135
9e-05,0.00027,0.000135
9.5e-05,0.00027,0.000135
0.0001,0.00027,0.000135
0.000105,0.00027,0.000135
0.00011,0.00027,0.000135
0.000115,0.00027,0.000135
0.00012,0.00027,0.000135
0.000125,0.00027,0.000135
0.00013,0.00027,0.000135
0.000135,0.00027,0.000135
6e-05,0.000275,0.000135
6.5e-05,0.000275,0.000135
7e-05,0.000275,0.000135
7.5e-05,0.000275,0.000135
8e-05,0.000275,0.000135
8.5e-05,0.000275,0.000135
9e-05,0.000275,0.000135
9.5e-05,0.000275,0.000135
0.0001,0.000275,0.000135
0.000105,0.000275,0.000135
0.00011,0.000275,0.000135
0.000115,0.000275,0.000135
0.00012,0.000275,0.000135
0.000125,0.000275,0.000135
0.00013,0.000275,0.000135
0.000135,0.000275,0.000135
6e-05,0.00028,0.000135
6.5e-05,0.00028,0.000135
7e-05,0.00028,0.000135
7.5e-05,0.00028,0.000135
8e-05,0.00028,0.000135
8.5e-05,0.00028,0.000135
9e-05,0.00028,0.000135
9.5e-05,0.00028,0.000135
0.0001,0.00028,0.000135
0.000105,0.00028,0.000135
0.00011,0.00028,0.000135
0.000115,0.00028,0.000135
0.00012,0.00028,0.000135
0.000125,0.00028,0.000135
0.00013,0.00028,0.000135
0.000135,0.00028,0.000135
0.00014,0.00028,0.000135
6e-05,0.000285,0.000135
6.5e-05,0.000285,0.000135
7e-05,0.000285,0.000135
7.5e-05,0.000285,0.000135
8e-05,0.000285,0.000135
8.5e-05,0.000285,0.000135
9e-05,0.000285,0.000135
9.5e-05,0.000285,0.000135
0.0001,0.000285,0.000135
0.000105,0.000285,0.000135
0.00011,0.000285,0.000135
0.000115,0.000285,0.000135
0.00012,0.000285,0.000135
0.000125,0.000285,0.000135
0.00013,0.000285,0.000135
0.000135,0.000285,0.000135
0.00014,0.000285,0.000135
6e-05,0.00029,0.000135
6.5e-05,0.00029,0.000135
7e-05,0.00029,0.000135
7.5e-05,0.00029,0.000135
8e-05,0.00029,0.000135
8.5e-05,0.00029,0.000135
9e-05,0.00029,0.000135
9.5e-05,0.00029,0.000135
0.0001,0.00029,0.000135
0.000105,0.00029,0.000135
0.00011,0.00029,0.000135
0.000115,0.00029,0.000135
0.00012,0.00029,0.000135
0.000125,0.00029,0.000135
0.00013,0.00029,0.000135
0.000135,0.00029,0.000135
0.00014,0.00029,0.000135
7e-05,0.000295,0.000135
7.5e-05,0.000295,0.000135
8e-05,0.000295,0.000135
8.5e-05,0.000295,0.000135
9e-05,0.000295,0.000135
9.5e-05,0.000295,0.000135
0.0001,0.000295,0.000135
0.000105,0.000295,0.000135
0.00011,0.000295,0.000135
0.000115,0.000295,0.000135
0.00012,0.000295,0.000135
0.000125,0.000295,0.000135
0.00013,0.000295,0.000135
0.000135,0.000295,0.000135
0.00014,0.000295,0.000135
6.5e-05,0.0003,0.000135
7e-05,0.0003,0.000135
7.5e-05,0.0003,0.000135
8e-05,0.0003,0.000135
8.5e-05,0.0003,0.000135
9e-05,0.0003,0.000135
9.5e-05,0.0003,0.000135
0.0001,0.0003,0.000135
0.000105,0.0003,0.000135
0.00011,0.0003,0.000135
0.000115,0.0003,0.000135
0.00012,0.0003,0.000135
0.000125,0.0003,0.000135
0.00013,0.0003,0.000135
0.000135,0.0003,0.000135
6e-05,0.000305,0.000135
6.5e-05,0.000305,0.000135
7e-05,0.000305,0.000135
7.5e-05,0.000305,0.000135
8e-05,0.000305,0.000135
8.5e-05,0.000305,0.000135
9e-05,0.000305,0.000135
9.5e-05,0.000305,0.000135
0.0001,0.000305,0.000135
0.000105,0.000305,0.000135
0.00011,0.000305,0.000135
0.000115,0.000305,0.000135
0.00012,0.000305,0.000135
0.000125,0.000305,0.000135
0.00013,0.000305,0.000135
0.000135,0.000305,0.000135
6e-05,0.00031,0.000135
6.5e-05,0.00031,0.000135
7e-05,0.00031,0.000135
7.5e-05,0.00031,0.000135
8e-05,0.00031,0.000135
8.5e-05,0.00031,0.000135
9e-05,0.00031,0.000135
9.5e-05,0.00031,0.000135
0.0001,0.00031,0.000135
0.000105,0.00031,0.000135
0.00011,0.00031,0.000135
0.000115,0.00031,0.000135
0.00012,0.00031,0.000135
0.000125,0.00031,0.000135
0.00013,0.00031,0.000135
0.000135,0.00031,0.000135
6e-05,0.000315,0.000135
6.5e-05,0.000315,0.000135
7e-05,0.000315,0.000135
7.5e-05,0.000315,0.000135
8e-05,0.000315,0.000135
8.5e-05,0.000315,0.000135
9e-05,0.000315,0.000135
9.5e-05,0.000315,0.000135
0.0001,0.000315,0.000135
0.000105,0.000315,0.000135
0.00011,0.000315,0.000135
0.000115,0.000315,0.000135
0.00012,0.000315,0.000135
0.000125,0.000315,0.000135
0.00013,0.000315,0.000135
0.000135,0.000315,0.000135
6e-05,0.00032,0.000135
6.5e-05,0.00032,0.000135
7e-05,0.00032,0.000135
7.5e-05,0.00032,0.000135
8e-05,0.00032,0.000135
8.5e-05,0.00032,0.000135
9e-05,0.00032,0.000135
9.5e-05,0.00032,0.000135
0.0001,0.00032,0.000135
0.000105,0.00032,0.000135
0.00011,0.00032,0.000135
0.000115,0.00032,0.000135
0.00012,0.00032,0.000135
0.000125,0.00032,0.000135
0.00013,0.00032,0.000135
0.000135,0.00032,0.000135
6.5e-05,0.000325,0.000135
7e-05,0.000325,0.000135
7.5e-05,0.000325,0.000135
8e-05,0.000325,0.000135
8.5e-05,0.000325,0.000135
9e-05,0.000325,0.000135
9.5e-05,0.000325,0.000135
0.0001,0.000325,0.000135
0.000105,0.000325,0.000135
0.00011,0.000325,0.000135
0.000115,0.000325,0.000135
0.00012,0.000325,0.000135
0.000125,0.000325,0.000135
0.00013,0.000325,0.000135
0.000135,0.000325,0.000135
0.00014,0.000325,0.000135
6e-05,0.00033,0.000135
6.5e-05,0.00033,0.000135
7e-05,0.00033,0.000135
7.5e-05,0.00033,0.000135
8e-05,0.00033,0.000135
8.5e-05,0.00033,0.000135
9e-05,0.00033,0.000135
9.5e-05,0.00033,0.000135
0.0001,0.00033,0.000135
0.000105,0.00033,0.000135
0.00011,0.00033,0.000135
0.000115,0.00033,0.000135
0.00012,0.00033,0.000135
0.000125,0.00033,0.000135
0.00013,0.00033,0.000135
0.000135,0.00033,0.000135
0.00014,0.00033,0.000135
6e-05,0.000335,0.000135
6.5e-05,0.000335,0.000135
7e-05,0.000335,0.000135
7.5e-05,0.000335,0.000135
8e-05,0.000335,0.000135
8.5e-05,0.000335,0.000135
9e-05,0.000335,0.000135
9.5e-05,0.000335,0.000135
0.0001,0.000335,0.000135
0.000105,0.000335,0.000135
0.00011,0.000335,0.000135
0.000115,0.000335,0.000135
0.00012,0.000335,0.000135
0.000125,0.000335,0.000135
0.00013,0.000335,0.000135
0.000135,0.000335,0.000135
0.00014,0.000335,0.000135
6e-05,0.00034,0.000135
6.5e-05,0.00034,0.000135
7e-05,0.00034,0.000135
7.5e-05,0.00034,0.000135
8e-05,0.00034,0.000135
8.5e-05,0.00034,0.000135
9e-05,0.00034,0.000135
9.5e-05,0.00034,0.000135
0.0001,0.00034,0.000135
0.000105,0.00034,0.000135
0.00011,0.00034,0.000135
0.000115,0.00034,0.000135
0.00012,0.00034,0.000135
0.000125,0.00034,0.000135
0.00013,0.00034,0.000135
0.000135,0.00034,0.000135
0.00014,0.00034,0.000135
0.000145,0.00034,0.000135
6e-05,0.000345,0.000135
6.5e-05,0.000345,0.000135
7e-05,0.000345,0.000135
7.5e-05,0.000345,0.000135
8e-05,0.000345,0.000135
8.5e-05,0.000345,0.000135
9e-05,0.000345,0.000135
9.5e-05,0.000345,0.000135
0.0001,0.000345,0.000135
0.000105,0.000345,0.000135
0.00011,0.000345,0.000135
0.000115,0.000345,0.000135
0.00012,0.000345,0.000135
0.000125,0.000345,0.000135
0.00013,0.000345,0.000135
0.000135,0.000345,0.000135
0.00014,0.000345,0.000135
0.000145,0.000345,0.000135
6e-05,0.00035,0.000135
6.5e-05,0.00035,0.000135
7e-05,0.00035,0.000135
7.5e-05,0.00035,0.000135
8e-05,0.00035,0.000135
8.5e-05,0.00035,0.000135
9e-05,0.00035,0.000135
9.5e-05,0.00035,0.000135
0.0001,0.00035,0.000135
0.000105,0.00035,0.000135
0.00011,0.00035,0.000135
0.000115,0.00035,0.000135
0.00012,0.00035,0.000135
0.000125,0.00035,0.000135
0.00013,0.00035,0.000135
0.000135,0.00035,0.000135
0.00014,0.00035,0.000135
6e-05,0.000355,0.000135
6.5e-05,0.000355,0.000135
7e-05,0.000355,0.000135
7.5e-05,0.000355,0.000135
8e-05,0.000355,0.000135
8.5e-05,0.000355,0.000135
9e-05,0.000355,0.000135
9.5e-05,0.000355,0.000135
0.0001,0.000355,0.000135
0.000105,0.000355,0.000135
0.00011,0.000355,0.000135
0.000115,0.000355,0.000135
0.00012,0.000355,0.000135
0.000125,0.000355,0.000135
0.00013,0.000355,0.000135
0.000135,0.000355,0.000135
0.00014,0.000355,0.000135
6e-05,0.00036,0.000135
6.5e-05,0.00036,0.000135
7e-05,0.00036,0.000135
7.5e-05,0.00036,0.000135
8e-05,0.00036,0.000135
8.5e-05,0.00036,0.000135
9e-05,0.00036,0.000135
9.5e-05,0.00036,0.000135
0.0001,0.00036,0.000135
0.000105,0.00036,0.000135
0.00011,0.00036,0.000135
0.000115,0.00036,0.000135
0.00012,0.00036,0.000135
0.000125,0.00036,0.000135
0.00013,0.00036,0.000135
0.000135,0.00036,0.000135
0.00014,0.00036,0.000135
6e-05,0.000365,0.000135
6.5e-05,0.000365,0.000135
7e-05,0.000365,0.000135
7.5e-05,0.000365,0.000135
8e-05,0.000365,0.000135
8.5e-05,0.000365,0.000135
9e-05,0.000365,0.000135
9.5e-05,0.000365,0.000135
0.0001,0.000365,0.000135
0.000105,0.000365,0.000135
0.00011,0.000365,0.000135
0.000115,0.000365,0.000135
0.00012,0.000365,0.000135
0.000125,0.000365,0.000135
0.00013,0.000365,0.000135
0.000135,0.000365,0.000135
6e-05,0.00037,0.000135
6.5e-05,0.00037,0.000135
7e-05,0.00037,0.000135
7.5e-05,0.00037,0.000135
8e-05,0.00037,0.000135
8.5e-05,0.00037,0.000135
9e-05,0.00037,0.000135
9.5e-05,0.00037,0.000135
0.0001,0.00037,0.000135
0.000105,0.00037,0.000135
0.00011,0.00037,0.000135
0.000115,0.00037,0.000135
0.00012,0.00037,0.000135
0.000125,0.00037,0.000135
0.00013,0.00037,0.000135
0.000135,0.00037,0.000135
6.5e-05,0.000375,0.000135
7e-05,0.000375,0.000135
7.5e-05,0.000375,0.000135
8e-05,0.000375,0.000135
8.5e-05,0.000375,0.000135
9e-05,0.000375,0.000135
9.5e-05,0.000375,0.000135
0.0001,0.000375,0.000135
0.000105,0.000375,0.000135
0.00011,0.000375,0.000135
0.000115,0.000375,0.000135
0.00012,0.000375,0.000135
0.000125,0.000375,0.000135
0.00013,0.000375,0.000135
0.000135,0.000375,0.000135
6.5e-05,0.00038,0.000135
7e-05,0.00038,0.000135
7.5e-05,0.00038,0.000135
8e-05,0.00038,0.000135
8.5e-05,0.00038,0.000135
9e-05,0.00038,0.000135
9.5e-05,0.00038,0.000135
0.0001,0.00038,0.000135
0.000105,0.00038,0.000135
0.00011,0.00038,0.000135
0.000115,0.00038,0.000135
0.00012,0.00038,0.000135
0.000125,0.00038,0.000135
0.00013,0.00038,0.000135
0.000135,0.00038,0.000135
6.5e-05,0.000385,0.000135
7e-05,0.000385,0.000135
7.5e-05,0.000385,0.000135
8e-05,0.000385,0.000135
8.5e-05,0.000385,0.000135
9e-05,0.000385,0.000135
9.5e-05,0.000385,0.000135
0.0001,0.000385,0.000135
0.000105,0.000385,0.000135
0.00011,0.000385,0.000135
0.000115,0.000385,0.000135
0.00012,0.000385,0.000135
0.000125,0.000385,0.000135
0.00013,0.000385,0.000135
0.000135,0.000385,0.000135
0.00014,0.000385,0.000135
6e-05,0.00039,0.000135
6.5e-05,0.00039,0.000135
7e-05,0.00039,0.000135
7.5e-05,0.00039,0.000135
8e-05,0.00039,0.000135
8.5e-05,0.00039,0.000135
9e-05,0.00039,0.000135
9.5e-05,0.00039,0.000135
0.0001,0.00039,0.000135
0.000105,0.00039,0.000135
0.00011,0.00039,0.000135
0.000115,0.00039,0.000135
0.00012,0.00039,0.000135
0.000125,0.00039,0.000135
0.00013,0.00039,0.000135
0.000135,0.00039,0.000135
0.00014,0.00039,0.000135
6e-05,0.000395,0.000135
6.5e-05,0.000395,0.000135
7e-05,0.000395,0.000135
7.5e-05,0.000395,0.000135
8e-05,0.000395,0.000135
8.5e-05,0.000395,0.000135
9e-05,0.000395,0.000135
9.5e-05,0.000395,0.000135
0.0001,0.000395,0.000135
0.000105,0.000395,0.000135
0.00011,0.000395,0.000135
0.000115,0.000395,0.000135
0.00012,0.000395,0.000135
0.000125,0.000395,0.000135
0.00013,0.000395,0.000135
0.000135,0.000395,0.000135
0.00014,0.000395,0.000135
6e-05,0.0004,0.000135
6.5e-05,0.0004,0.000135
7e-05,0.0004,0.000135
7.5e-05,0.0004,0.000135
8e-05,0.0004,0.000135
8.5e-05,0.0004,0.000135
9e-05,0.0004,0.000135
9.5e-05,0.0004,0.000135
0.0001,0.0004,0.000135
0.000105,0.0004,0.000135
0.00011,0.0004,0.000135
0.00012,0.0004,0.000135
0.000125,0.0004,0.000135
0.00013,0.0004,0.000135
0.000135,0.0004,0.000135
0.00014,0.0004,0.000135
6.5e-05,0.000405,0.000135
7e-05,0.000405,0.000135
7.5e-05,0.000405,0.000135
8e-05,0.000405,0.000135
8.5e-05,0.000405,0.000135
9e-05,0.000405,0.000135
9.5e-05,0.000405,0.000135
0.0001,0.000405,0.000135
0.000105,0.000405,0.000135
0.00011,0.000405,0.000135
0.000115,0.000405,0.000135
0.00012,0.000405,0.000135
0.000125,0.000405,0.000135
0.00013,0.000405,0.000135
0.000135,0.000405,0.000135
0.00014,0.000405,0.000135
6.5e-05,0.00041,0.000135
7e-05,0.00041,0.000135
7.5e-05,0.00041,0.000135
8e-05,0.00041,0.000135
8.5e-05,0.00041,0.000135
9e-05,0.00041,0.000135
9.5e-05,0.00041,0.000135
0.0001,0.00041,0.000135
0.000105,0.00041,0.000135
0.00011,0.00041,0.000135
0.000115,0.00041,0.000135
0.00012,0.00041,0.000135
0.000125,0.00041,0.000135
0.00013,0.00041,0.000135
0.000135,0.00041,0.000135
0.00014,0.00041,0.000135
6e-05,0.000415,0.000135
6.5e-05,0.000415,0.000135
7e-05,0.000415,0.000135
7.5e-05,0.000415,0.000135
8e-05,0.000415,0.000135
8.5e-05,0.000415,0.000135
9e-05,0.000415,0.000135
9.5e-05,0.000415,0.000135
0.0001,0.000415,0.000135
0.000105,0.000415,0.000135
0.00011,0.000415,0.000135
0.000115,0.000415,0.000135
0.00012,0.000415,0.000135
0.000125,0.000415,0.000135
0.00013,0.000415,0.000135
0.000135,0.000415,0.000135
0.00014,0.000415,0.000135
6e-05,0.00042,0.000135
6.5e-05,0.00042,0.000135
7e-05,0.00042,0.000135
7.5e-05,0.00042,0.000135
8e-05,0.00042,0.000135
8.5e-05,0.00042,0.000135
9e-05,0.00042,0.000135
9.5e-05,0.00042,0.000135
0.0001,0.00042,0.000135
0.000105,0.00042,0.000135
0.00011,0.00042,0.000135
0.000115,0.00042,0.000135
0.00012,0.00042,0.000135
0.000125,0.00042,0.000135
0.00013,0.00042,0.000135
0.000135,0.00042,0.000135
6e-05,0.000425,0.000135
6.5e-05,0.000425,0.000135
7e-05,0.000425,0.000135
7.5e-05,0.000425,0.000135
8e-05,0.000425,0.000135
8.5e-05,0.000425,0.000135
9e-05,0.000425,0.000135
9.5e-05,0.000425,0.000135
0.0001,0.000425,0.000135
0.000105,0.000425,0.000135
0.00011,0.000425,0.000135
0.000115,0.000425,0.000135
0.00012,0.000425,0.000135
0.000125,0.000425,0.000135
0.00013,0.000425,0.000135
0.000135,0.000425,0.000135
6.5e-05,0.00043,0.000135
7e-05,0.00043,0.000135
7.5e-05,0.00043,0.000135
8e-05,0.00043,0.000135
8.5e-05,0.00043,0.000135
9e-05,0.00043,0.000135
9.5e-05,0.00043,0.000135
0.0001,0.00043,0.000135
0.000105,0.00043,0.000135
0.00011,0.00043,0.000135
0.000115,0.00043,0.000135
0.00012,0.00043,0.000135
0.000125,0.00043,0.000135
0.00013,0.00043,0.000135
0.000135,0.00043,0.000135
0.00014,0.00043,0.000135
6e-05,0.000435,0.000135
6.5e-05,0.000435,0.000135
7e-05,0.000435,0.000135
7.5e-05,0.000435,0.000135
8e-05,0.000435,0.000135
8.5e-05,0.000435,0.000135
9e-05,0.000435,0.000135
9.5e-05,0.000435,0.000135
0.0001,0.000435,0.000135
0.000105,0.000435,0.000135
0.00011,0.000435,0.000135
0.000115,0.000435,0.000135
0.00012,0.000435,0.000135
0.000125,0.000435,0.000135
0.00013,0.000435,0.000135
0.000135,0.000435,0.000135
0.00014,0.000435,0.000135
6e-05,0.00044,0.000135
6.5e-05,0.00044,0.000135
7e-05,0.00044,0.000135
7.5e-05,0.00044,0.000135
8e-05,0.00044,0.000135
8.5e-05,0.00044,0.000135
9e-05,0.00044,0.000135
9.5e-05,0.00044,0.000135
0.0001,0.00044,0.000135
0.000105,0.00044,0.000135
0.00011,0.00044,0.000135
0.000115,0.00044,0.000135
0.00012,0.00044,0.000135
0.000125,0.00044,0.000135
0.00013,0.00044,0.000135
0.000135,0.00044,0.000135
0.00014,0.00044,0.000135
6.5e-05,0.000445,0.000135
7e-05,0.000445,0.000135
7.5e-05,0.000445,0.000135
8e-05,0.000445,0.000135
8.5e-05,0.000445,0.000135
9e-05,0.000445,0.000135
9.5e-05,0.000445,0.000135
0.0001,0.000445,0.000135
0.000105,0.000445,0.000135
0.00011,0.000445,0.000135
0.000115,0.000445,0.000135
0.00012,0.000445,0.000135
0.000125,0.000445,0.000135
0.00013,0.000445,0.000135
0.000135,0.000445,0.000135
0.00014,0.000445,0.000135
6.5e-05,0.00045,0.000135
7e-05,0.00045,0.000135
7.5e-05,0.00045,0.000135
8e-05,0.00045,0.000135
8.5e-05,0.00045,0.000135
9e-05,0.00045,0.000135
9.5e-05,0.00045,0.000135
0.0001,0.00045,0.000135
0.000105,0.00045,0.000135
0.00011,0.00045,0.000135
0.000115,0.00045,0.000135
0.00012,0.00045,0.000135
0.000125,0.00045,0.000135
0.00013,0.00045,0.000135
0.000135,0.00045,0.000135
6.5e-05,0.000455,0.000135
7e-05,0.000455,0.000135
7.5e-05,0.000455,0.000135
8e-05,0.000455,0.000135
8.5e-05,0.000455,0.000135
9e-05,0.000455,0.000135
9.5e-05,0.000455,0.000135
0.0001,0.000455,0.000135
0.000105,0.000455,0.000135
0.00011,0.000455,0.000135
0.000115,0.000455,0.000135
0.00012,0.000455,0.000135
0.000125,0.000455,0.000135
0.00013,0.000455,0.000135
0.000135,0.000455,0.000135
6.5e-05,0.00046,0.000135
7e-05,0.00046,0.000135
7.5e-05,0.00046,0.000135
8e-05,0.00046,0.000135
8.5e-05,0.00046,0.000135
9e-05,0.00046,0.000135
9.5e-05,0.00046,0.000135
0.0001,0.00046,0.000135
0.000105,0.00046,0.000135
0.00011,0.00046,0.000135
0.000115,0.00046,0.000135
0.00012,0.00046,0.000135
0.000125,0.00046,0.000135
0.00013,0.00046,0.000135
0.000135,0.00046,0.000135
6.5e-05,0.000465,0.000135
7e-05,0.000465,0.000135
7.5e-05,0.000465,0.000135
8e-05,0.000465,0.000135
8.5e-05,0.000465,0.000135
9e-05,0.000465,0.000135
9.5e-05,0.000465,0.000135
0.0001,0.000465,0.000135
0.000105,0.000465,0.000135
0.00011,0.000465,0.000135
0.000125,0.000465,0.000135
0.00013,0.000465,0.000135
0.000135,0.000465,0.000135
6.5e-05,0.00047,0.000135
7e-05,0.00047,0.000135
7.5e-05,0.00047,0.000135
8e-05,0.00047,0.000135
8.5e-05,0.00047,0.000135
9.5e-05,0.00047,0.000135
0.0001,0.00047,0.000135
0.000105,0.00047,0.000135
0.00011,0.00047,0.000135
0.000115,0.00047,0.000135
0.00012,0.00047,0.000135
0.000125,0.00047,0.000135
0.00013,0.00047,0.000135
0.000135,0.00047,0.000135
6.5e-05,0.000475,0.000135
7e-05,0.000475,0.000135
7.5e-05,0.000475,0.000135
8e-05,0.000475,0.000135
0.000105,0.000475,0.000135
0.00011,0.000475,0.000135
0.000115,0.000475,0.000135
0.00012,0.000475,0.000135
0.000125,0.000475,0.000135
0.00013,0.000475,0.000135
0.000135,0.000475,0.000135
6.5e-05,0.00048,0.000135
7e-05,0.00048,0.000135
7.5e-05,0.00048,0.000135
8e-05,0.00048,0.000135
0.00011,0.00048,0.000135
0.000115,0.00048,0.000135
6.5e-05,0.000485,0.000135
7e-05,0.000485,0.000135
7.5e-05,0.000485,0.000135
8e-05,0.000485,0.000135
6.5e-05,0.00049,0.000135
7e-05,0.00049,0.000135
7.5e-05,0.00049,0.000135
8e-05,0.00049,0.000135
8.5e-05,0.00049,0.000135
9e-05,0.00049,0.000135
0.000115,0.00049,0.000135
0.00012,0.00049,0.000135
6e-05,0.000495,0.000135
6.5e-05,0.000495,0.000135
7e-05,0.000495,0.000135
7.5e-05,0.000495,0.000135
8e-05,0.000495,0.000135
8.5e-05,0.000495,0.000135
9e-05,0.000495,0.000135
9.5e-05,0.000495,0.000135
0.0001,0.000495,0.000135
0.000105,0.000495,0.000135
0.000115,0.000495,0.000135
0.00012,0.000495,0.000135
6e-05,0.0005,0.000135
6.5e-05,0.0005,0.000135
7e-05,0.0005,0.000135
7.5e-05,0.0005,0.000135
8e-05,0.0005,0.000135
8.5e-05,0.0005,0.000135
9e-05,0.0005,0.000135
9.5e-05,0.0005,0.000135
0.0001,0.0005,0.000135
0.000105,0.0005,0.000135
6e-05,0.000505,0.000135
6.5e-05,0.000505,0.000135
7e-05,0.000505,0.000135
7.5e-05,0.000505,0.000135
8e-05,0.000505,0.000135
8.5e-05,0.000505,0.000135
9e-05,0.000505,0.000135
9.5e-05,0.000505,0.000135
0.00012,0.000505,0.000135
0.000125,0.000505,0.000135
0.00013,0.000505,0.000135
0.000135,0.000505,0.000135
6e-05,0.00051,0.000135
6.5e-05,0.00051,0.000135
7e-05,0.00051,0.000135
7.5e-05,0.00051,0.000135
8e-05,0.00051,0.000135
8.5e-05,0.00051,0.000135
9e-05,0.00051,0.000135
9.5e-05,0.00051,0.000135
0.0001,0.00051,0.000135
0.000115,0.00051,0.000135
0.00012,0.00051,0.000135
0.000125,0.00051,0.000135
0.00013,0.00051,0.000135
0.000135,0.00051,0.000135
6e-05,0.000515,0.000135
6.5e-05,0.000515,0.000135
7e-05,0.000515,0.000135
7.5e-05,0.000515,0.000135
8e-05,0.000515,0.000135
8.5e-05,0.000515,0.000135
9e-05,0.000515,0.000135
9.5e-05,0.000515,0.000135
0.0001,0.000515,0.000135
0.000105,0.000515,0.000135
0.000115,0.000515,0.000135
0.00012,0.000515,0.000135
0.000125,0.000515,0.000135
0.00013,0.000515,0.000135
0.000135,0.000515,0.000135
6e-05,0.00052,0.000135
6.5e-05,0.00052,0.000135
7e-05,0.00052,0.000135
7.5e-05,0.00052,0.000135
8e-05,0.00052,0.000135
8.5e-05,0.00052,0.000135
9e-05,0.00052,0.000135
9.5e-05,0.00052,0.000135
0.0001,0.00052,0.000135
0.000105,0.00052,0.000135
0.00011,0.00052,0.000135
0.000115,0.00052,0.000135
0.00012,0.00052,0.000135
0.000125,0.00052,0.000135
0.00013,0.00052,0.000135
0.000135,0.00052,0.000135
6e-05,0.000525,0.000135
6.5e-05,0.000525,0.000135
7e-05,0.000525,0.000135
7.5e-05,0.000525,0.000135
8e-05,0.000525,0.000135
8.5e-05,0.000525,0.000135
9e-05,0.000525,0.000135
9.5e-05,0.000525,0.000135
0.0001,0.000525,0.000135
0.000105,0.000525,0.000135
0.00011,0.000525,0.000135
0.000115,0.000525,0.000135
0.00012,0.000525,0.000135
0.000125,0.000525,0.000135
0.00013,0.000525,0.000135
0.000135,0.000525,0.000135
0.00014,0.000525,0.000135
6.5e-05,0.00053,0.000135
7e-05,0.00053,0.000135
7.5e-05,0.00053,0.000135
8e-05,0.00053,0.000135
8.5e-05,0.00053,0.000135
9e-05,0.00053,0.000135
9.5e-05,0.00053,0.000135
0.0001,0.00053,0.000135
0.000105,0.00053,0.000135
0.000115,0.00053,0.000135
0.00012,0.00053,0.000135
0.000125,0.00053,0.000135
0.00013,0.00053,0.000135
0.000135,0.00053,0.000135
0.00014,0.00053,0.000135
6.5e-05,0.000535,0.000135
7e-05,0.000535,0.000135
7.5e-05,0.000535,0.000135
8e-05,0.000535,0.000135
8.5e-05,0.000535,0.000135
9e-05,0.000535,0.000135
9.5e-05,0.000535,0.000135
0.0001,0.000535,0.000135
0.000105,0.000535,0.000135
0.00011,0.000535,0.000135
0.000115,0.000535,0.000135
0.00012,0.000535,0.000135
0.000125,0.000535,0.000135
0.00013,0.000535,0.000135
0.000135,0.000535,0.000135
0.00014,0.000535,0.000135
6.5e-05,0.00054,0.000135
7e-05,0.00054,0.000135
7.5e-05,0.00054,0.000135
8e-05,0.00054,0.000135
8.5e-05,0.00054,0.000135
9e-05,0.00054,0.000135
9.5e-05,0.00054,0.000135
0.0001,0.00054,0.000135
0.000105,0.00054,0.000135
0.00011,0.00054,0.000135
0.000115,0.00054,0.000135
0.00012,0.00054,0.000135
0.000125,0.00054,0.000135
0.00013,0.00054,0.000135
0.000135,0.00054,0.000135
0.00014,0.00054,0.000135
6.5e-05,0.000545,0.000135
7e-05,0.000545,0.000135
7.5e-05,0.000545,0.000135
8e-05,0.000545,0.000135
8.5e-05,0.000545,0.000135
9e-05,0.000545,0.000135
9.5e-05,0.000545,0.000135
0.0001,0.000545,0.000135
0.000105,0.000545,0.000135
0.00011,0.000545,0.000135
0.000115,0.000545,0.000135
0.00012,0.000545,0.000135
0.000125,0.000545,0.000135
0.00013,0.000545,0.000135
0.000135,0.000545,0.000135
0.00014,0.000545,0.000135
6e-05,0.00055,0.000135
6.5e-05,0.00055,0.000135
7e-05,0.00055,0.000135
7.5e-05,0.00055,0.000135
8e-05,0.00055,0.000135
8.5e-05,0.00055,0.000135
9e-05,0.00055,0.000135
9.5e-05,0.00055,0.000135
0.0001,0.00055,0.000135
0.000105,0.00055,0.000135
0.00011,0.00055,0.000135
0.000115,0.00055,0.000135
0.00012,0.00055,0.000135
0.000125,0.00055,0.000135
0.00013,0.00055,0.000135
0.000135,0.00055,0.000135
0.00014,0.00055,0.000135
6e-05,0.000555,0.000135
6.5e-05,0.000555,0.000135
7e-05,0.000555,0.000135
7.5e-05,0.000555,0.000135
8e-05,0.000555,0.000135
8.5e-05,0.000555,0.000135
9e-05,0.000555,0.000135
9.5e-05,0.000555,0.000135
0.0001,0.000555,0.000135
0.000105,0.000555,0.000135
0.00011,0.000555,0.000135
0.000115,0.000555,0.000135
0.00012,0.000555,0.000135
0.000125,0.000555,0.000135
0.00013,0.000555,0.000135
0.000135,0.000555,0.000135
0.00014,0.000555,0.000135
6e-05,0.00056,0.000135
6.5e-05,0.00056,0.000135
7e-05,0.00056,0.000135
7.5e-05,0.00056,0.000135
8e-05,0.00056,0.000135
8.5e-05,0.00056,0.000135
9e-05,0.00056,0.000135
9.5e-05,0.00056,0.000135
0.0001,0.00056,0.000135
0.000105,0.00056,0.000135
0.00011,0.00056,0.000135
0.000115,0.00056,0.000135
0.00012,0.00056,0.000135
0.000125,0.00056,0.000135
0.00013,0.00056,0.000135
0.000135,0.00056,0.000135
0.00014,0.00056,0.000135
6e-05,0.000565,0.000135
6.5e-05,0.000565,0.000135
7e-05,0.000565,0.000135
7.5e-05,0.000565,0.000135
8e-05,0.000565,0.000135
8.5e-05,0.000565,0.000135
9e-05,0.000565,0.000135
9.5e-05,0.000565,0.000135
0.0001,0.000565,0.000135
0.000105,0.000565,0.000135
0.00011,0.000565,0.000135
0.000115,0.000565,0.000135
0.00012,0.000565,0.000135
0.000125,0.000565,0.000135
0.00013,0.000565,0.000135
0.000135,0.000565,0.000135
0.00014,0.000565,0.000135
6e-05,0.00057,0.000135
6.5e-05,0.00057,0.000135
7e-05,0.00057,0.000135
7.5e-05,0.00057,0.000135
8e-05,0.00057,0.000135
8.5e-05,0.00057,0.000135
9e-05,0.00057,0.000135
9.5e-05,0.00057,0.000135
0.0001,0.00057,0.000135
0.000105,0.00057,0.000135
0.00011,0.00057,0.000135
0.000115,0.00057,0.000135
0.00012,0.00057,0.000135
0.000125,0.00057,0.000135
0.00013,0.00057,0.000135
0.000135,0.00057,0.000135
0.00014,0.00057,0.000135
6e-05,0.000575,0.000135
6.5e-05,0.000575,0.000135
7e-05,0.000575,0.000135
7.5e-05,0.000575,0.000135
8e-05,0.000575,0.000135
8.5e-05,0.000575,0.000135
9e-05,0.000575,0.000135
9.5e-05,0.000575,0.000135
0.0001,0.000575,0.000135
0.000105,0.000575,0.000135
0.00011,0.000575,0.000135
0.000115,0.000575,0.000135
0.00012,0.000575,0.000135
0.000125,0.000575,0.000135
0.00013,0.000575,0.000135
0.000135,0.000575,0.000135
0.00014,0.000575,0.000135
6e-05,0.00058,0.000135
6.5e-05,0.00058,0.000135
7e-05,0.00058,0.000135
7.5e-05,0.00058,0.000135
8e-05,0.00058,0.000135
8.5e-05,0.00058,0.000135
9e-05,0.00058,0.000135
9.5e-05,0.00058,0.000135
0.0001,0.00058,0.000135
0.000105,0.00058,0.000135
0.00011,0.00058,0.000135
0.000115,0.00058,0.000135
0.00012,0.00058,0.000135
0.000125,0.00058,0.000135
0.00013,0.00058,0.000135
0.000135,0.00058,0.000135
0.00014,0.00058,0.000135
6.5e-05,0.000585,0.000135
7e-05,0.000585,0.000135
7.5e-05,0.000585,0.000135
8e-05,0.000585,0.000135
8.5e-05,0.000585,0.000135
9e-05,0.000585,0.000135
9.5e-05,0.000585,0.000135
0.0001,0.000585,0.000135
0.000105,0.000585,0.000135
0.00011,0.000585,0.000135
0.000115,0.000585,0.000135
0.00012,0.000585,0.000135
0.000125,0.000585,0.000135
0.00013,0.000585,0.000135
0.000135,0.000585,0.000135
0.00014,0.000585,0.000135
6.5e-05,0.00059,0.000135
7e-05,0.00059,0.000135
7.5e-05,0.00059,0.000135
8e-05,0.00059,0.000135
8.5e-05,0.00059,0.000135
9e-05,0.00059,0.000135
9.5e-05,0.00059,0.000135
0.0001,0.00059,0.000135
0.000105,0.00059,0.000135
0.00011,0.00059,0.000135
0.000115,0.00059,0.000135
0.00012,0.00059,0.000135
0.000125,0.00059,0.000135
0.00013,0.00059,0.000135
0.000135,0.00059,0.000135
0.00014,0.00059,0.000135
6.5e-05,0.000595,0.000135
7e-05,0.000595,0.000135
7.5e-05,0.000595,0.000135
8e-05,0.000595,0.000135
8.5e-05,0.000595,0.000135
9e-05,0.000595,0.000135
9.5e-05,0.000595,0.000135
0.0001,0.000595,0.000135
0.000105,0.000595,0.000135
0.00011,0.000595,0.000135
0.000115,0.000595,0.000135
0.00012,0.000595,0.000135
0.000125,0.000595,0.000135
0.00013,0.000595,0.000135
0.000135,0.000595,0.000135
6.5e-05,0.0006,0.000135
7e-05,0.0006,0.000135
7.5e-05,0.0006,0.000135
8e-05,0.0006,0.000135
8.5e-05,0.0006,0.000135
9e-05,0.0006,0.000135
9.5e-05,0.0006,0.000135
0.0001,0.0006,0.000135
0.000105,0.0006,0.000135
0.00011,0.0006,0.000135
0.000115,0.0006,0.000135
0.00012,0.0006,0.000135
0.000125,0.0006,0.000135
0.00013,0.0006,0.000135
0.000135,0.0006,0.000135
6.5e-05,0.000605,0.000135
7e-05,0.000605,0.000135
7.5e-05,0.000605,0.000135
8e-05,0.000605,0.000135
8.5e-05,0.000605,0.000135
9e-05,0.000605,0.000135
9.5e-05,0.000605,0.000135
0.0001,0.000605,0.000135
0.000105,0.000605,0.000135
0.00011,0.000605,0.000135
0.000115,0.000605,0.000135
0.00012,0.000605,0.000135
0.000125,0.000605,0.000135
0.00013,0.000605,0.000135
0.000135,0.000605,0.000135
6.5e-05,0.00061,0.000135
7e-05,0.00061,0.000135
7.5e-05,0.00061,0.000135
8e-05,0.00061,0.000135
8.5e-05,0.00061,0.000135
9e-05,0.00061,0.000135
9.5e-05,0.00061,0.000135
0.0001,0.00061,0.000135
0.000105,0.00061,0.000135
0.00011,0.00061,0.000135
0.000115,0.00061,0.000135
0.00012,0.00061,0.000135
0.000125,0.00061,0.000135
0.00013,0.00061,0.000135
0.000135,0.00061,0.000135
6e-05,0.000615,0.000135
6.5e-05,0.000615,0.000135
7e-05,0.000615,0.000135
7.5e-05,0.000615,0.000135
8e-05,0.000615,0.000135
8.5e-05,0.000615,0.000135
9e-05,0.000615,0.000135
9.5e-05,0.000615,0.000135
0.0001,0.000615,0.000135
0.000105,0.000615,0.000135
0.00011,0.000615,0.000135
0.000115,0.000615,0.000135
0.00012,0.000615,0.000135
0.000125,0.000615,0.000135
0.00013,0.000615,0.000135
0.000135,0.000615,0.000135
6e-05,0.00062,0.000135
6.5e-05,0.00062,0.000135
7e-05,0.00062,0.000135
7.5e-05,0.00062,0.000135
8e-05,0.00062,0.000135
8.5e-05,0.00062,0.000135
9e-05,0.00062,0.000135
9.5e-05,0.00062,0.000135
0.0001,0.00062,0.000135
0.000105,0.00062,0.000135
0.00011,0.00062,0.000135
0.000115,0.00062,0.000135
0.00012,0.00062,0.000135
0.000125,0.00062,0.000135
0.00013,0.00062,0.000135
0.000135,0.00062,0.000135
0.00014,0.00062,0.000135
6.5e-05,0.000625,0.000135
7e-05,0.000625,0.000135
7.5e-05,0.000625,0.000135
8e-05,0.000625,0.000135
8.5e-05,0.000625,0.000135
9e-05,0.000625,0.000135
9.5e-05,0.000625,0.000135
0.0001,0.000625,0.000135
0.000105,0.000625,0.000135
0.00011,0.000625,0.000135
0.000115,0.000625,0.000135
0.00012,0.000625,0.000135
0.000125,0.000625,0.000135
0.00013,0.000625,0.000135
0.000135,0.000625,0.000135
0.00014,0.000625,0.000135
6.5e-05,0.00063,0.000135
7e-05,0.00063,0.000135
7.5e-05,0.00063,0.000135
8e-05,0.00063,0.000135
9e-05,0.00063,0.000135
9.5e-05,0.00063,0.000135
0.0001,0.00063,0.000135
0.000105,0.00063,0.000135
0.00011,0.00063,0.000135
0.000115,0.00063,0.000135
0.00012,0.00063,0.000135
0.000125,0.00063,0.000135
0.00013,0.00063,0.000135
0.000135,0.00063,0.000135
0.00014,0.00063,0.000135
6.5e-05,0.000635,0.000135
7e-05,0.000635,0.000135
7.5e-05,0.000635,0.000135
8e-05,0.000635,0.000135
8.5e-05,0.000635,0.000135
9e-05,0.000635,0.000135
9.5e-05,0.000635,0.000135
0.0001,0.000635,0.000135
0.000105,0.000635,0.000135
0.00011,0.000635,0.000135
0.000115,0.000635,0.000135
0.00012,0.000635,0.000135
0.000125,0.000635,0.000135
0.00013,0.000635,0.000135
0.000135,0.000635,0.000135
0.00014,0.000635,0.000135
6e-05,0.00064,0.000135
6.5e-05,0.00064,0.000135
7e-05,0.00064,0.000135
7.5e-05,0.00064,0.000135
8e-05,0.00064,0.000135
8.5e-05,0.00064,0.000135
9e-05,0.00064,0.000135
9.5e-05,0.00064,0.000135
0.0001,0.00064,0.000135
0.000105,0.00064,0.000135
0.00011,0.00064,0.000135
0.000115,0.00064,0.000135
0.00012,0.00064,0.000135
0.000125,0.00064,0.000135
0.00013,0.00064,0.000135
0.000135,0.00064,0.000135
0.00014,0.00064,0.000135
6e-05,0.000645,0.000135
6.5e-05,0.000645,0.000135
7e-05,0.000645,0.000135
7.5e-05,0.000645,0.000135
8e-05,0.000645,0.000135
8.5e-05,0.000645,0.000135
9e-05,0.000645,0.000135
9.5e-05,0.000645,0.000135
0.0001,0.000645,0.000135
0.000105,0.000645,0.000135
0.00011,0.000645,0.000135
0.000115,0.000645,0.000135
0.00012,0.000645,0.000135
0.000125,0.000645,0.000135
0.00013,0.000645,0.000135
0.000135,0.000645,0.000135
0.00014,0.000645,0.000135
6e-05,0.00065,0.000135
6.5e-05,0.00065,0.000135
7e-05,0.00065,0.000135
7.5e-05,0.00065,0.000135
8e-05,0.00065,0.000135
8.5e-05,0.00065,0.000135
9e-05,0.00065,0.000135
9.5e-05,0.00065,0.000135
0.0001,0.00065,0.000135
0.000105,0.00065,0.000135
0.00011,0.00065,0.000135
0.000115,0.00065,0.000135
0.00012,0.00065,0.000135
0.000125,0.00065,0.000135
0.00013,0.00065,0.000135
0.000135,0.00065,0.000135
0.00014,0.00065,0.000135
6e-05,0.000655,0.000135
6.5e-05,0.000655,0.000135
7e-05,0.000655,0.000135
7.5e-05,0.000655,0.000135
8e-05,0.000655,0.000135
8.5e-05,0.000655,0.000135
9e-05,0.000655,0.000135
9.5e-05,0.000655,0.000135
0.0001,0.000655,0.000135
0.000105,0.000655,0.000135
0.00011,0.000655,0.000135
0.000115,0.000655,0.000135
0.00012,0.000655,0.000135
0.000125,0.000655,0.000135
0.00013,0.000655,0.000135
0.000135,0.000655,0.000135
0.00014,0.000655,0.000135
6e-05,0.00066,0.000135
6.5e-05,0.00066,0.000135
7e-05,0.00066,0.000135
7.5e-05,0.00066,0.000135
8e-05,0.00066,0.000135
8.5e-05,0.00066,0.000135
9e-05,0.00066,0.000135
9.5e-05,0.00066,0.000135
0.0001,0.00066,0.000135
0.000105,0.00066,0.000135
0.00011,0.00066,0.000135
0.000115,0.00066,0.000135
0.00012,0.00066,0.000135
0.000125,0.00066,0.000135
0.00013,0.00066,0.000135
0.000135,0.00066,0.000135
0.00014,0.00066,0.000135
6e-05,0.000665,0.000135
6.5e-05,0.000665,0.000135
7e-05,0.000665,0.000135
7.5e-05,0.000665,0.000135
8e-05,0.000665,0.000135
8.5e-05,0.000665,0.000135
9e-05,0.000665,0.000135
9.5e-05,0.000665,0.000135
0.0001,0.000665,0.000135
0.000105,0.000665,0.000135
0.00011,0.000665,0.000135
0.000115,0.000665,0.000135
0.00012,0.000665,0.000135
0.000125,0.000665,0.000135
0.00013,0.000665,0.000135
0.000135,0.000665,0.000135
0.00014,0.000665,0.000135
6e-05,0.00067,0.000135
6.5e-05,0.00067,0.000135
7e-05,0.00067,0.000135
7.5e-05,0.00067,0.000135
8e-05,0.00067,0.000135
8.5e-05,0.00067,0.000135
9e-05,0.00067,0.000135
9.5e-05,0.00067,0.000135
0.0001,0.00067,0.000135
0.000105,0.00067,0.000135
0.00011,0.00067,0.000135
0.000115,0.00067,0.000135
0.00012,0.00067,0.000135
0.000125,0.00067,0.000135
0.00013,0.00067,0.000135
0.000135,0.00067,0.000135
0.00014,0.00067,0.000135
6.5e-05,0.000675,0.000135
7e-05,0.000675,0.000135
7.5e-05,0.000675,0.000135
8e-05,0.000675,0.000135
8.5e-05,0.000675,0.000135
9e-05,0.000675,0.000135
9.5e-05,0.000675,0.000135
0.0001,0.000675,0.000135
0.000105,0.000675,0.000135
0.00011,0.000675,0.000135
0.000115,0.000675,0.000135
0.00012,0.000675,0.000135
0.000125,0.000675,0.000135
0.00013,0.000675,0.000135
0.000135,0.000675,0.000135
6.5e-05,0.00068,0.000135
7e-05,0.00068,0.000135
7.5e-05,0.00068,0.000135
8e-05,0.00068,0.000135
8.5e-05,0.00068,0.000135
9e-05,0.00068,0.000135
9.5e-05,0.00068,0.000135
0.0001,0.00068,0.000135
0.000105,0.00068,0.000135
0.00011,0.00068,0.000135
0.000115,0.00068,0.000135
0.00012,0.00068,0.000135
0.000125,0.00068,0.000135
0.00013,0.00068,0.000135
0.000135,0.00068,0.000135
6.5e-05,0.000685,0.000135
7e-05,0.000685,0.000135
7.5e-05,0.000685,0.000135
8e-05,0.000685,0.000135
8.5e-05,0.000685,0.000135
9e-05,0.000685,0.000135
9.5e-05,0.000685,0.000135
0.0001,0.000685,0.000135
0.000105,0.000685,0.000135
0.00011,0.000685,0.000135
0.000115,0.000685,0.000135
0.00012,0.000685,0.000135
0.000125,0.000685,0.000135
0.00013,0.000685,0.000135
0.000135,0.000685,0.000135
6.5e-05,0.00069,0.000135
7e-05,0.00069,0.000135
7.5e-05,0.00069,0.000135
8e-05,0.00069,0.000135
8.5e-05,0.00069,0.000135
9e-05,0.00069,0.000135
9.5e-05,0.00069,0.000135
0.0001,0.00069,0.000135
0.000105,0.00069,0.000135
0.00011,0.00069,0.000135
0.000115,0.00069,0.000135
0.00012,0.00069,0.000135
0.000125,0.00069,0.000135
0.00013,0.00069,0.000135
0.000135,0.00069,0.000135
6.5e-05,0.000695,0.000135
7e-05,0.000695,0.000135
7.5e-05,0.000695,0.000135
8e-05,0.000695,0.000135
8.5e-05,0.000695,0.000135
9e-05,0.000695,0.000135
9.5e-05,0.000695,0.000135
0.0001,0.000695,0.000135
0.000105,0.000695,0.000135
0.00011,0.000695,0.000135
0.000115,0.000695,0.000135
0.00012,0.000695,0.000135
0.000125,0.000695,0.000135
0.00013,0.000695,0.000135
0.000135,0.000695,0.000135
7e-05,0.0007,0.000135
7.5e-05,0.0007,0.000135
8e-05,0.0007,0.000135
8.5e-05,0.0007,0.000135
9e-05,0.0007,0.000135
9.5e-05,0.0007,0.000135
0.000105,0.0007,0.000135
0.00011,0.0007,0.000135
0.000115,0.0007,0.000135
0.00012,0.0007,0.000135
0.000125,0.0007,0.000135
0.00013,0.0007,0.000135
7e-05,0.000705,0.000135
7.5e-05,0.000705,0.000135
8e-05,0.000705,0.000135
8.5e-05,0.000705,0.000135
9e-05,0.000705,0.000135
9.5e-05,0.000705,0.000135
0.0001,0.000705,0.000135
0.000105,0.000705,0.000135
0.00011,0.000705,0.000135
0.000115,0.000705,0.000135
0.00012,0.000705,0.000135
0.000125,0.000705,0.000135
0.00013,0.000705,0.000135
7.5e-05,0.00071,0.000135
8e-05,0.00071,0.000135
8.5e-05,0.00071,0.000135
9e-05,0.00071,0.000135
9.5e-05,0.00071,0.000135
0.0001,0.00071,0.000135
0.000105,0.00071,0.000135
0.00011,0.00071,0.000135
0.000115,0.00071,0.000135
0.000125,0.00071,0.000135
0.00013,0.00071,0.000135
7.5e-05,0.000715,0.000135
8e-05,0.000715,0.000135
8.5e-05,0.000715,0.000135
9e-05,0.000715,0.000135
9.5e-05,0.000715,0.000135
0.0001,0.000715,0.000135
0.000105,0.000715,0.000135
0.00011,0.000715,0.000135
0.000115,0.000715,0.000135
8e-05,0.00072,0.000135
8.5e-05,0.00072,0.000135
9e-05,0.00072,0.000135
9.5e-05,0.00072,0.000135
0.0001,0.00072,0.000135
0.000105,0.00072,0.000135
0.00011,0.00072,0.000135
0.000115,0.00072,0.000135
0.00012,0.00072,0.000135
8.5e-05,0.000725,0.000135
9e-05,0.000725,0.000135
9.5e-05,0.000725,0.000135
0.0001,0.000725,0.000135
0.000105,0.000725,0.000135
0.00011,0.000725,0.000135
0.000115,0.000725,0.000135
0.00012,0.000725,0.000135
9.5e-05,0.00073,0.000135
0.0001,0.00073,0.000135
8e-05,0.0,0.00014
8.5e-05,0.0,0.00014
9e-05,0.0,0.00014
9.5e-05,0.0,0.00014
0.0001,0.0,0.00014
0.000105,0.0,0.00014
0.00011,0.0,0.00014
0.000115,0.0,0.00014
0.00012,0.0,0.00014
0.000125,0.0,0.00014
0.00013,0.0,0.00014
7e-05,5e-06,0.00014
7.5e-05,5e-06,0.00014
8e-05,5e-06,0.00014
8.5e-05,5e-06,0.00014
9e-05,5e-06,0.00014
9.5e-05,5e-06,0.00014
0.0001,5e-06,0.00014
0.000105,5e-06,0.00014
0.00011,5e-06,0.00014
0.000115,5e-06,0.00014
0.00012,5e-06,0.00014
0.000125,5e-06,0.00014
0.00013,5e-06,0.00014
7e-05,1e-05,0.00014
7.5e-05,1e-05,0.00014
8e-05,1e-05,0.00014
8.5e-05,1e-05,0.00014
9e-05,1e-05,0.00014
9.5e-05,1e-05,0.00014
0.0001,1e-05,0.00014
0.000105,1e-05,0.00014
0.00011,1e-05,0.00014
0.000115,1e-05,0.00014
0.00012,1e-05,0.00014
0.000125,1e-05,0.00014
0.00013,1e-05,0.00014
7e-05,1.5e-05,0.00014
7.5e-05,1.5e-05,0.00014
8e-05,1.5e-05,0.00014
8.5e-05,1.5e-05,0.00014
0.0001,1.5e-05,0.00014
0.000105,1.5e-05,0.00014
0.00011,1.5e-05,0.00014
0.000115,1.5e-05,0.00014
0.00012,1.5e-05,0.00014
0.000125,1.5e-05,0.00014
0.00013,1.5e-05,0.00014
6.5e-05,2e-05,0.00014
7e-05,2e-05,0.00014
7.5e-05,2e-05,0.00014
8e-05,2e-05,0.00014
0.000115,2e-05,0.00014
0.00012,2e-05,0.00014
0.000125,2e-05,0.00014
0.00013,2e-05,0.00014
6.5e-05,2.5e-05,0.00014
7e-05,2.5e-05,0.00014
7.5e-05,2.5e-05,0.00014
8e-05,2.5e-05,0.00014
0.00012,2.5e-05,0.00014
0.000125,2.5e-05,0.00014
0.00013,2.5e-05,0.00014
6.5e-05,3e-05,0.00014
7e-05,3e-05,0.00014
0.00012,3e-05,0.00014
0.000125,3e-05,0.00014
0.00013,3e-05,0.00014
9e-05,3.5e-05,0.00014
9.5e-05,3.5e-05,0.00014
0.0001,3.5e-05,0.00014
0.000125,3.5e-05,0.00014
0.00013,3.5e-05,0.00014
8e-05,4e-05,0.00014
8.5e-05,4e-05,0.00014
9e-05,4e-05,0.00014
9.5e-05,4e-05,0.00014
0.0001,4e-05,0.00014
0.000105,4e-05,0.00014
0.00013,4e-05,0.00014
0.000135,4e-05,0.00014
8e-05,4.5e-05,0.00014
8.5e-05,4.5e-05,0.00014
9e-05,4.5e-05,0.00014
9.5e-05,4.5e-05,0.00014
0.0001,4.5e-05,0.00014
0.000105,4.5e-05,0.00014
0.00013,4.5e-05,0.00014
0.000135,4.5e-05,0.00014
6e-05,5e-05,0.00014
6.5e-05,5e-05,0.00014
7e-05,5e-05,0.00014
7.5e-05,5e-05,0.00014
8e-05,5e-05,0.00014
8.5e-05,5e-05,0.00014
9e-05,5e-05,0.00014
9.5e-05,5e-05,0.00014
0.0001,5e-05,0.00014
0.000105,5e-05,0.00014
0.00011,5e-05,0.00014
0.000115,5e-05,0.00014
0.00013,5e-05,0.00014
0.000135,5e-05,0.00014
6e-05,5.5e-05,0.00014
6.5e-05,5.5e-05,0.00014
7e-05,5.5e-05,0.00014
7.5e-05,5.5e-05,0.00014
8e-05,5.5e-05,0.00014
8.5e-05,5.5e-05,0.00014
9e-05,5.5e-05,0.00014
9.5e-05,5.5e-05,0.00014
0.0001,5.5e-05,0.00014
0.000105,5.5e-05,0.00014
0.00011,5.5e-05,0.00014
0.000115,5.5e-05,0.00014
0.00012,5.5e-05,0.00014
0.000125,5.5e-05,0.00014
0.00013,5.5e-05,0.00014
0.000135,5.5e-05,0.00014
6e-05,6e-05,0.00014
6.5e-05,6e-05,0.00014
7e-05,6e-05,0.00014
7.5e-05,6e-05,0.00014
8e-05,6e-05,0.00014
8.5e-05,6e-05,0.00014
9e-05,6e-05,0.00014
9.5e-05,6e-05,0.00014
0.0001,6e-05,0.00014
0.000105,6e-05,0.00014
0.00011,6e-05,0.00014
0.000115,6e-05,0.00014
0.00012,6e-05,0.00014
0.000125,6e-05,0.00014
0.00013,6e-05,0.00014
0.000135,6e-05,0.00014
6e-05,6.5e-05,0.00014
6.5e-05,6.5e-05,0.00014
7e-05,6.5e-05,0.00014
7.5e-05,6.5e-05,0.00014
8e-05,6.5e-05,0.00014
8.5e-05,6.5e-05,0.00014
9e-05,6.5e-05,0.00014
9.5e-05,6.5e-05,0.00014
0.0001,6.5e-05,0.00014
0.000105,6.5e-05,0.00014
0.00011,6.5e-05,0.00014
0.000115,6.5e-05,0.00014
0.00012,6.5e-05,0.00014
0.000125,6.5e-05,0.00014
0.00013,6.5e-05,0.00014
0.000135,6.5e-05,0.00014
6e-05,7e-05,0.00014
6.5e-05,7e-05,0.00014
7e-05,7e-05,0.00014
7.5e-05,7e-05,0.00014
8e-05,7e-05,0.00014
8.5e-05,7e-05,0.00014
9e-05,7e-05,0.00014
9.5e-05,7e-05,0.00014
0.0001,7e-05,0.00014
0.000105,7e-05,0.00014
0.00011,7e-05,0.00014
0.000115,7e-05,0.00014
0.00012,7e-05,0.00014
0.000125,7e-05,0.00014
0.00013,7e-05,0.00014
0.000135,7e-05,0.00014
6e-05,7.5e-05,0.00014
6.5e-05,7.5e-05,0.00014
7e-05,7.5e-05,0.00014
7.5e-05,7.5e-05,0.00014
8e-05,7.5e-05,0.00014
8.5e-05,7.5e-05,0.00014
9e-05,7.5e-05,0.00014
9.5e-05,7.5e-05,0.00014
0.0001,7.5e-05,0.00014
0.000105,7.5e-05,0.00014
0.00011,7.5e-05,0.00014
0.000115,7.5e-05,0.00014
0.00012,7.5e-05,0.00014
0.000125,7.5e-05,0.00014
0.00013,7.5e-05,0.00014
0.000135,7.5e-05,0.00014
6e-05,8e-05,0.00014
6.5e-05,8e-05,0.00014
7e-05,8e-05,0.00014
7.5e-05,8e-05,0.00014
8e-05,8e-05,0.00014
8.5e-05,8e-05,0.00014
9e-05,8e-05,0.00014
9.5e-05,8e-05,0.00014
0.0001,8e-05,0.00014
0.000105,8e-05,0.00014
0.00011,8e-05,0.00014
0.000115,8e-05,0.00014
0.00012,8e-05,0.00014
0.000125,8e-05,0.00014
0.00013,8e-05,0.00014
0.000135,8e-05,0.00014
6e-05,8.5e-05,0.00014
6.5e-05,8.5e-05,0.00014
7e-05,8.5e-05,0.00014
7.5e-05,8.5e-05,0.00014
8e-05,8.5e-05,0.00014
8.5e-05,8.5e-05,0.00014
9e-05,8.5e-05,0.00014
9.5e-05,8.5e-05,0.00014
0.0001,8.5e-05,0.00014
0.000105,8.5e-05,0.00014
0.00011,8.5e-05,0.00014
0.000115,8.5e-05,0.00014
0.00012,8.5e-05,0.00014
0.000125,8.5e-05,0.00014
0.00013,8.5e-05,0.00014
0.000135,8.5e-05,0.00014
6e-05,9e-05,0.00014
6.5e-05,9e-05,0.00014
7e-05,9e-05,0.00014
7.5e-05,9e-05,0.00014
8e-05,9e-05,0.00014
8.5e-05,9e-05,0.00014
9e-05,9e-05,0.00014
9.5e-05,9e-05,0.00014
0.0001,9e-05,0.00014
0.000105,9e-05,0.00014
0.00011,9e-05,0.00014
0.000115,9e-05,0.00014
0.00012,9e-05,0.00014
0.000125,9e-05,0.00014
0.00013,9e-05,0.00014
7e-05,9.5e-05,0.00014
7.5e-05,9.5e-05,0.00014
8e-05,9.5e-05,0.00014
8.5e-05,9.5e-05,0.00014
9e-05,9.5e-05,0.00014
9.5e-05,9.5e-05,0.00014
0.0001,9.5e-05,0.00014
0.000105,9.5e-05,0.00014
0.00011,9.5e-05,0.00014
7.5e-05,0.0001,0.00014
8e-05,0.0001,0.00014
8.5e-05,0.0001,0.00014
9e-05,0.0001,0.00014
9.5e-05,0.0001,0.00014
0.0001,0.0001,0.00014
0.000105,0.0001,0.00014
0.00011,0.0001,0.00014
0.000125,0.0001,0.00014
0.00013,0.0001,0.00014
7.5e-05,0.000105,0.00014
8e-05,0.000105,0.00014
8.5e-05,0.000105,0.00014
9e-05,0.000105,0.00014
9.5e-05,0.000105,0.00014
0.0001,0.000105,0.00014
0.000105,0.000105,0.00014
0.00012,0.000105,0.00014
0.000125,0.000105,0.00014
0.00013,0.000105,0.00014
0.000135,0.000105,0.00014
6.5e-05,0.00011,0.00014
7e-05,0.00011,0.00014
7.5e-05,0.00011,0.00014
8e-05,0.00011,0.00014
8.5e-05,0.00011,0.00014
9e-05,0.00011,0.00014
9.5e-05,0.00011,0.00014
0.0001,0.00011,0.00014
0.000105,0.00011,0.00014
0.000115,0.00011,0.00014
0.00012,0.00011,0.00014
0.000125,0.00011,0.00014
0.00013,0.00011,0.00014
0.000135,0.00011,0.00014
6e-05,0.000115,0.00014
6.5e-05,0.000115,0.00014
7e-05,0.000115,0.00014
7.5e-05,0.000115,0.00014
8e-05,0.000115,0.00014
8.5e-05,0.000115,0.00014
9e-05,0.000115,0.00014
9.5e-05,0.000115,0.00014
0.0001,0.000115,0.00014
0.000105,0.000115,0.00014
0.00011,0.000115,0.00014
0.000115,0.000115,0.00014
0.00012,0.000115,0.00014
0.000125,0.000115,0.00014
0.00013,0.000115,0.00014
0.000135,0.000115,0.00014
6e-05,0.00012,0.00014
6.5e-05,0.00012,0.00014
7e-05,0.00012,0.00014
7.5e-05,0.00012,0.00014
8e-05,0.00012,0.00014
8.5e-05,0.00012,0.00014
9e-05,0.00012,0.00014
9.5e-05,0.00012,0.00014
0.0001,0.00012,0.00014
0.000105,0.00012,0.00014
0.00011,0.00012,0.00014
0.000115,0.00012,0.00014
0.00012,0.00012,0.00014
0.000125,0.00012,0.00014
0.00013,0.00012,0.00014
0.000135,0.00012,0.00014
6.5e-05,0.000125,0.00014
7e-05,0.000125,0.00014
7.5e-05,0.000125,0.00014
8e-05,0.000125,0.00014
8.5e-05,0.000125,0.00014
9e-05,0.000125,0.00014
9.5e-05,0.000125,0.00014
0.0001,0.000125,0.00014
0.000105,0.000125,0.00014
0.00011,0.000125,0.00014
0.000115,0.000125,0.00014
0.00012,0.000125,0.00014
0.000125,0.000125,0.00014
0.00013,0.000125,0.00014
0.000135,0.000125,0.00014
6e-05,0.00013,0.00014
6.5e-05,0.00013,0.00014
7e-05,0.00013,0.00014
7.5e-05,0.00013,0.00014
8e-05,0.00013,0.00014
8.5e-05,0.00013,0.00014
9e-05,0.00013,0.00014
9.5e-05,0.00013,0.00014
0.0001,0.00013,0.00014
0.000105,0.00013,0.00014
0.00011,0.00013,0.00014
0.000115,0.00013,0.00014
0.00012,0.00013,0.00014
0.000125,0.00013,0.00014
0.00013,0.00013,0.00014
0.000135,0.00013,0.00014
0.00014,0.00013,0.00014
6e-05,0.000135,0.00014
6.5e-05,0.000135,0.00014
7e-05,0.000135,0.00014
7.5e-05,0.000135,0.00014
8e-05,0.000135,0.00014
8.5e-05,0.000135,0.00014
9e-05,0.000135,0.00014
9.5e-05,0.000135,0.00014
0.0001,0.000135,0.00014
0.000105,0.000135,0.00014
0.00011,0.000135,0.00014
0.000115,0.000135,0.00014
0.00012,0.000135,0.00014
0.000125,0.000135,0.00014
0.00013,0.000135,0.00014
0.000135,0.000135,0.00014
0.00014,0.000135,0.00014
6e-05,0.00014,0.00014
6.5e-05,0.00014,0.00014
7e-05,0.00014,0.00014
7.5e-05,0.00014,0.00014
8e-05,0.00014,0.00014
8.5e-05,0.00014,0.00014
9e-05,0.00014,0.00014
9.5e-05,0.00014,0.00014
0.0001,0.00014,0.00014
0.000105,0.00014,0.00014
0.00011,0.00014,0.00014
0.000115,0.00014,0.00014
0.00012,0.00014,0.00014
0.000125,0.00014,0.00014
0.00013,0.00014,0.00014
0.000135,0.00014,0.00014
6e-05,0.000145,0.00014
6.5e-05,0.000145,0.00014
7e-05,0.000145,0.00014
7.5e-05,0.000145,0.00014
8e-05,0.000145,0.00014
8.5e-05,0.000145,0.00014
9e-05,0.000145,0.00014
9.5e-05,0.000145,0.00014
0.0001,0.000145,0.00014
0.000105,0.000145,0.00014
0.00011,0.000145,0.00014
0.000115,0.000145,0.00014
0.00012,0.000145,0.00014
0.000125,0.000145,0.00014
0.00013,0.000145,0.00014
0.000135,0.000145,0.00014
6e-05,0.00015,0.00014
6.5e-05,0.00015,0.00014
7e-05,0.00015,0.00014
7.5e-05,0.00015,0.00014
8e-05,0.00015,0.00014
8.5e-05,0.00015,0.00014
9e-05,0.00015,0.00014
0.000105,0.00015,0.00014
0.00011,0.00015,0.00014
0.000115,0.00015,0.00014
0.00012,0.00015,0.00014
0.000125,0.00015,0.00014
0.00013,0.00015,0.00014
0.000135,0.00015,0.00014
6.5e-05,0.000155,0.00014
7e-05,0.000155,0.00014
7.5e-05,0.000155,0.00014
8e-05,0.000155,0.00014
8.5e-05,0.000155,0.00014
9e-05,0.000155,0.00014
0.00011,0.000155,0.00014
0.000115,0.000155,0.00014
0.00012,0.000155,0.00014
0.000125,0.000155,0.00014
0.00013,0.000155,0.00014
6.5e-05,0.00016,0.00014
7e-05,0.00016,0.00014
0.0001,0.00016,0.00014
0.000105,0.00016,0.00014
0.00011,0.00016,0.00014
0.000115,0.00016,0.00014
0.00012,0.00016,0.00014
0.000125,0.00016,0.00014
0.00013,0.00016,0.00014
0.000135,0.00016,0.00014
0.0001,0.000165,0.00014
0.000105,0.000165,0.00014
0.00011,0.000165,0.00014
0.000115,0.000165,0.00014
0.00012,0.000165,0.00014
0.000125,0.000165,0.00014
0.00013,0.000165,0.00014
0.000135,0.000165,0.00014
7e-05,0.00017,0.00014
7.5e-05,0.00017,0.00014
0.0001,0.00017,0.00014
0.000105,0.00017,0.00014
0.00011,0.00017,0.00014
0.000115,0.00017,0.00014
0.00012,0.00017,0.00014
0.000125,0.00017,0.00014
0.00013,0.00017,0.00014
0.000135,0.00017,0.00014
7e-05,0.000175,0.00014
7.5e-05,0.000175,0.00014
0.0001,0.000175,0.00014
0.000105,0.000175,0.00014
0.00011,0.000175,0.00014
0.000115,0.000175,0.00014
0.00012,0.000175,0.00014
0.000125,0.000175,0.00014
0.00013,0.000175,0.00014
0.000135,0.000175,0.00014
0.00011,0.00018,0.00014
0.000115,0.00018,0.00014
0.00012,0.00018,0.00014
0.000125,0.00018,0.00014
0.00013,0.00018,0.00014
0.000135,0.00018,0.00014
6e-05,0.000185,0.00014
6.5e-05,0.000185,0.00014
0.00011,0.000185,0.00014
0.000115,0.000185,0.00014
0.00012,0.000185,0.00014
0.000125,0.000185,0.00014
0.00013,0.000185,0.00014
0.000135,0.000185,0.00014
6e-05,0.00019,0.00014
6.5e-05,0.00019,0.00014
8.5e-05,0.00019,0.00014
9e-05,0.00019,0.00014
0.00011,0.00019,0.00014
0.000115,0.00019,0.00014
0.00012,0.00019,0.00014
0.000125,0.00019,0.00014
0.00013,0.00019,0.00014
0.000135,0.00019,0.00014
7.5e-05,0.000195,0.00014
8e-05,0.000195,0.00014
8.5e-05,0.000195,0.00014
9e-05,0.000195,0.00014
0.00011,0.000195,0.00014
0.000115,0.000195,0.00014
0.00012,0.000195,0.00014
0.000125,0.000195,0.00014
0.00013,0.000195,0.00014
0.000135,0.000195,0.00014
7.5e-05,0.0002,0.00014
8e-05,0.0002,0.00014
8.5e-05,0.0002,0.00014
9e-05,0.0002,0.00014
9.5e-05,0.0002,0.00014
0.0001,0.0002,0.00014
0.00011,0.0002,0.00014
0.000115,0.0002,0.00014
0.00012,0.0002,0.00014
0.000125,0.0002,0.00014
0.00013,0.0002,0.00014
0.000135,0.0002,0.00014
7e-05,0.000205,0.00014
7.5e-05,0.000205,0.00014
8e-05,0.000205,0.00014
8.5e-05,0.000205,0.00014
9e-05,0.000205,0.00014
9.5e-05,0.000205,0.00014
0.0001,0.000205,0.00014
0.00011,0.000205,0.00014
0.000115,0.000205,0.00014
0.00012,0.000205,0.00014
0.000125,0.000205,0.00014
0.00013,0.000205,0.00014
0.000135,0.000205,0.00014
7e-05,0.00021,0.00014
7.5e-05,0.00021,0.00014
8e-05,0.00021,0.00014
8.5e-05,0.00021,0.00014
9e-05,0.00021,0.00014
9.5e-05,0.00021,0.00014
0.0001,0.00021,0.00014
7e-05,0.000215,0.00014
7.5e-05,0.000215,0.00014
8e-05,0.000215,0.00014
8.5e-05,0.000215,0.00014
9e-05,0.000215,0.00014
9.5e-05,0.000215,0.00014
7e-05,0.00022,0.00014
7.5e-05,0.00022,0.00014
8e-05,0.00022,0.00014
8.5e-05,0.00022,0.00014
9e-05,0.00022,0.00014
9.5e-05,0.00022,0.00014
7e-05,0.000225,0.00014
7.5e-05,0.000225,0.00014
8e-05,0.000225,0.00014
8.5e-05,0.000225,0.00014
9e-05,0.000225,0.00014
9.5e-05,0.000225,0.00014
0.0001,0.000225,0.00014
0.000125,0.000225,0.00014
0.00013,0.000225,0.00014
0.000135,0.000225,0.00014
7e-05,0.00023,0.00014
7.5e-05,0.00023,0.00014
8e-05,0.00023,0.00014
8.5e-05,0.00023,0.00014
9e-05,0.00023,0.00014
9.5e-05,0.00023,0.00014
0.0001,0.00023,0.00014
0.000105,0.00023,0.00014
0.00011,0.00023,0.00014
0.000115,0.00023,0.00014
0.00012,0.00023,0.00014
0.000125,0.00023,0.00014
0.00013,0.00023,0.00014
0.000135,0.00023,0.00014
7e-05,0.000235,0.00014
7.5e-05,0.000235,0.00014
8e-05,0.000235,0.00014
8.5e-05,0.000235,0.00014
9e-05,0.000235,0.00014
9.5e-05,0.000235,0.00014
0.0001,0.000235,0.00014
0.000105,0.000235,0.00014
0.00011,0.000235,0.00014
0.000115,0.000235,0.00014
0.00012,0.000235,0.00014
0.000125,0.000235,0.00014
0.00013,0.000235,0.00014
0.000135,0.000235,0.00014
6e-05,0.00024,0.00014
6.5e-05,0.00024,0.00014
7.5e-05,0.00024,0.00014
8e-05,0.00024,0.00014
8.5e-05,0.00024,0.00014
9e-05,0.00024,0.00014
9.5e-05,0.00024,0.00014
0.0001,0.00024,0.00014
0.000105,0.00024,0.00014
0.00011,0.00024,0.00014
0.000115,0.00024,0.00014
0.00012,0.00024,0.00014
0.000125,0.00024,0.00014
0.00013,0.00024,0.00014
0.000135,0.00024,0.00014
0.00014,0.00024,0.00014
6e-05,0.000245,0.00014
6.5e-05,0.000245,0.00014
7e-05,0.000245,0.00014
7.5e-05,0.000245,0.00014
8e-05,0.000245,0.00014
8.5e-05,0.000245,0.00014
9e-05,0.000245,0.00014
9.5e-05,0.000245,0.00014
0.0001,0.000245,0.00014
0.000105,0.000245,0.00014
0.00011,0.000245,0.00014
0.000115,0.000245,0.00014
0.00012,0.000245,0.00014
0.000125,0.000245,0.00014
0.00013,0.000245,0.00014
0.000135,0.000245,0.00014
0.00014,0.000245,0.00014
6.5e-05,0.00025,0.00014
7e-05,0.00025,0.00014
7.5e-05,0.00025,0.00014
8e-05,0.00025,0.00014
8.5e-05,0.00025,0.00014
9e-05,0.00025,0.00014
9.5e-05,0.00025,0.00014
0.0001,0.00025,0.00014
0.000105,0.00025,0.00014
0.00011,0.00025,0.00014
0.000115,0.00025,0.00014
0.00012,0.00025,0.00014
0.000125,0.00025,0.00014
0.00013,0.00025,0.00014
0.000135,0.00025,0.00014
0.00014,0.00025,0.00014
6e-05,0.000255,0.00014
6.5e-05,0.000255,0.00014
7e-05,0.000255,0.00014
7.5e-05,0.000255,0.00014
8e-05,0.000255,0.00014
8.5e-05,0.000255,0.00014
9e-05,0.000255,0.00014
9.5e-05,0.000255,0.00014
0.0001,0.000255,0.00014
0.000105,0.000255,0.00014
0.00011,0.000255,0.00014
0.000115,0.000255,0.00014
0.00012,0.000255,0.00014
0.000125,0.000255,0.00014
0.00013,0.000255,0.00014
0.000135,0.000255,0.00014
0.00014,0.000255,0.00014
6e-05,0.00026,0.00014
6.5e-05,0.00026,0.00014
7e-05,0.00026,0.00014
7.5e-05,0.00026,0.00014
8e-05,0.00026,0.00014
8.5e-05,0.00026,0.00014
9e-05,0.00026,0.00014
9.5e-05,0.00026,0.00014
0.0001,0.00026,0.00014
0.000105,0.00026,0.00014
0.00011,0.00026,0.00014
0.000115,0.00026,0.00014
0.00012,0.00026,0.00014
0.000125,0.00026,0.00014
0.00013,0.00026,0.00014
0.000135,0.00026,0.00014
6e-05,0.000265,0.00014
6.5e-05,0.000265,0.00014
7e-05,0.000265,0.00014
7.5e-05,0.000265,0.00014
8e-05,0.000265,0.00014
8.5e-05,0.000265,0.00014
9e-05,0.000265,0.00014
9.5e-05,0.000265,0.00014
0.0001,0.000265,0.00014
0.000105,0.000265,0.00014
0.00011,0.000265,0.00014
0.000115,0.000265,0.00014
0.00012,0.000265,0.00014
0.000125,0.000265,0.00014
0.00013,0.000265,0.00014
6e-05,0.00027,0.00014
6.5e-05,0.00027,0.00014
7e-05,0.00027,0.00014
7.5e-05,0.00027,0.00014
8e-05,0.00027,0.00014
8.5e-05,0.00027,0.00014
9e-05,0.00027,0.00014
9.5e-05,0.00027,0.00014
0.0001,0.00027,0.00014
0.000105,0.00027,0.00014
0.00011,0.00027,0.00014
0.000115,0.00027,0.00014
0.00012,0.00027,0.00014
0.000125,0.00027,0.00014
6e-05,0.000275,0.00014
6.5e-05,0.000275,0.00014
7e-05,0.000275,0.00014
7.5e-05,0.000275,0.00014
8e-05,0.000275,0.00014
8.5e-05,0.000275,0.00014
9e-05,0.000275,0.00014
9.5e-05,0.000275,0.00014
0.0001,0.000275,0.00014
0.000105,0.000275,0.00014
0.00011,0.000275,0.00014
0.000115,0.000275,0.00014
0.00012,0.000275,0.00014
0.000125,0.000275,0.00014
6e-05,0.00028,0.00014
6.5e-05,0.00028,0.00014
7e-05,0.00028,0.00014
7.5e-05,0.00028,0.00014
8.5e-05,0.00028,0.00014
9e-05,0.00028,0.00014
9.5e-05,0.00028,0.00014
0.0001,0.00028,0.00014
0.000105,0.00028,0.00014
0.00011,0.00028,0.00014
6e-05,0.000285,0.00014
6.5e-05,0.000285,0.00014
7e-05,0.000285,0.00014
7.5e-05,0.000285,0.00014
8.5e-05,0.000285,0.00014
9e-05,0.000285,0.00014
9.5e-05,0.000285,0.00014
0.0001,0.000285,0.00014
0.000105,0.000285,0.00014
0.00011,0.000285,0.00014
0.000115,0.000285,0.00014
0.00012,0.000285,0.00014
8.5e-05,0.00029,0.00014
9e-05,0.00029,0.00014
9.5e-05,0.00029,0.00014
0.0001,0.00029,0.00014
0.000105,0.00029,0.00014
0.00011,0.00029,0.00014
0.000115,0.00029,0.00014
0.00012,0.00029,0.00014
0.000125,0.00029,0.00014
9e-05,0.000295,0.00014
9.5e-05,0.000295,0.00014
0.0001,0.000295,0.00014
0.000105,0.000295,0.00014
0.00011,0.000295,0.00014
0.000115,0.000295,0.00014
0.00012,0.000295,0.00014
0.000125,0.000295,0.00014
0.00013,0.000295,0.00014
0.000135,0.000295,0.00014
9e-05,0.0003,0.00014
9.5e-05,0.0003,0.00014
0.0001,0.0003,0.00014
0.000105,0.0003,0.00014
0.00011,0.0003,0.00014
0.000115,0.0003,0.00014
0.00012,0.0003,0.00014
0.00013,0.0003,0.00014
0.000135,0.0003,0.00014
9e-05,0.000305,0.00014
9.5e-05,0.000305,0.00014
0.0001,0.000305,0.00014
0.000105,0.000305,0.00014
0.00011,0.000305,0.00014
0.00013,0.000305,0.00014
0.000135,0.000305,0.00014
9e-05,0.00031,0.00014
9.5e-05,0.00031,0.00014
0.0001,0.00031,0.00014
0.000105,0.00031,0.00014
0.00011,0.00031,0.00014
0.00013,0.00031,0.00014
0.000135,0.00031,0.00014
7e-05,0.000315,0.00014
7.5e-05,0.000315,0.00014
8e-05,0.000315,0.00014
8.5e-05,0.000315,0.00014
9e-05,0.000315,0.00014
9.5e-05,0.000315,0.00014
0.0001,0.000315,0.00014
0.000105,0.000315,0.00014
0.00011,0.000315,0.00014
0.00013,0.000315,0.00014
0.000135,0.000315,0.00014
7e-05,0.00032,0.00014
7.5e-05,0.00032,0.00014
8e-05,0.00032,0.00014
8.5e-05,0.00032,0.00014
9e-05,0.00032,0.00014
9.5e-05,0.00032,0.00014
0.0001,0.00032,0.00014
0.000105,0.00032,0.00014
0.00011,0.00032,0.00014
7.5e-05,0.000325,0.00014
8e-05,0.000325,0.00014
8.5e-05,0.000325,0.00014
9e-05,0.000325,0.00014
9.5e-05,0.000325,0.00014
0.0001,0.000325,0.00014
0.000105,0.000325,0.00014
0.00011,0.000325,0.00014
0.000115,0.000325,0.00014
0.00012,0.000325,0.00014
0.000125,0.000325,0.00014
0.00013,0.000325,0.00014
7e-05,0.00033,0.00014
7.5e-05,0.00033,0.00014
8e-05,0.00033,0.00014
8.5e-05,0.00033,0.00014
9e-05,0.00033,0.00014
9.5e-05,0.00033,0.00014
0.0001,0.00033,0.00014
0.000105,0.00033,0.00014
0.00011,0.00033,0.00014
0.000115,0.00033,0.00014
0.00012,0.00033,0.00014
0.000125,0.00033,0.00014
0.00013,0.00033,0.00014
0.000135,0.00033,0.00014
0.00014,0.00033,0.00014
6e-05,0.000335,0.00014
6.5e-05,0.000335,0.00014
7e-05,0.000335,0.00014
7.5e-05,0.000335,0.00014
8e-05,0.000335,0.00014
8.5e-05,0.000335,0.00014
9e-05,0.000335,0.00014
9.5e-05,0.000335,0.00014
0.0001,0.000335,0.00014
0.000105,0.000335,0.00014
0.00011,0.000335,0.00014
0.000115,0.000335,0.00014
0.00012,0.000335,0.00014
0.000125,0.000335,0.00014
0.00013,0.000335,0.00014
0.000135,0.000335,0.00014
0.00014,0.000335,0.00014
6e-05,0.00034,0.00014
6.5e-05,0.00034,0.00014
7e-05,0.00034,0.00014
7.5e-05,0.00034,0.00014
8e-05,0.00034,0.00014
8.5e-05,0.00034,0.00014
9e-05,0.00034,0.00014
9.5e-05,0.00034,0.00014
0.0001,0.00034,0.00014
0.000105,0.00034,0.00014
0.00011,0.00034,0.00014
0.000115,0.00034,0.00014
0.00012,0.00034,0.00014
0.000125,0.00034,0.00014
0.00013,0.00034,0.00014
0.000135,0.00034,0.00014
0.00014,0.00034,0.00014
0.000145,0.00034,0.00014
6e-05,0.000345,0.00014
6.5e-05,0.000345,0.00014
7e-05,0.000345,0.00014
7.5e-05,0.000345,0.00014
8e-05,0.000345,0.00014
8.5e-05,0.000345,0.00014
9e-05,0.000345,0.00014
9.5e-05,0.000345,0.00014
0.0001,0.000345,0.00014
0.000105,0.000345,0.00014
0.00011,0.000345,0.00014
0.000115,0.000345,0.00014
0.00012,0.000345,0.00014
0.000125,0.000345,0.00014
0.00013,0.000345,0.00014
0.000135,0.000345,0.00014
0.00014,0.000345,0.00014
0.000145,0.000345,0.00014
6.5e-05,0.00035,0.00014
7e-05,0.00035,0.00014
7.5e-05,0.00035,0.00014
8e-05,0.00035,0.00014
8.5e-05,0.00035,0.00014
9e-05,0.00035,0.00014
9.5e-05,0.00035,0.00014
0.0001,0.00035,0.00014
0.000105,0.00035,0.00014
0.00011,0.00035,0.00014
0.000115,0.00035,0.00014
0.00012,0.00035,0.00014
0.000125,0.00035,0.00014
0.00013,0.00035,0.00014
0.000135,0.00035,0.00014
0.00014,0.00035,0.00014
6.5e-05,0.000355,0.00014
7e-05,0.000355,0.00014
8e-05,0.000355,0.00014
8.5e-05,0.000355,0.00014
9e-05,0.000355,0.00014
9.5e-05,0.000355,0.00014
0.0001,0.000355,0.00014
0.000105,0.000355,0.00014
0.000115,0.000355,0.00014
0.00012,0.000355,0.00014
0.000125,0.000355,0.00014
0.00013,0.000355,0.00014
0.000135,0.000355,0.00014
0.00014,0.000355,0.00014
6.5e-05,0.00036,0.00014
7e-05,0.00036,0.00014
7.5e-05,0.00036,0.00014
8e-05,0.00036,0.00014
8.5e-05,0.00036,0.00014
9e-05,0.00036,0.00014
9.5e-05,0.00036,0.00014
0.0001,0.00036,0.00014
0.000105,0.00036,0.00014
0.00011,0.00036,0.00014
0.000115,0.00036,0.00014
0.00012,0.00036,0.00014
0.000125,0.00036,0.00014
0.00013,0.00036,0.00014
0.000135,0.00036,0.00014
0.00014,0.00036,0.00014
6e-05,0.000365,0.00014
6.5e-05,0.000365,0.00014
7e-05,0.000365,0.00014
7.5e-05,0.000365,0.00014
8.5e-05,0.000365,0.00014
9e-05,0.000365,0.00014
9.5e-05,0.000365,0.00014
0.0001,0.000365,0.00014
0.000105,0.000365,0.00014
0.00011,0.000365,0.00014
0.000115,0.000365,0.00014
0.00012,0.000365,0.00014
0.000125,0.000365,0.00014
0.00013,0.000365,0.00014
0.000135,0.000365,0.00014
6e-05,0.00037,0.00014
6.5e-05,0.00037,0.00014
7e-05,0.00037,0.00014
7.5e-05,0.00037,0.00014
8e-05,0.00037,0.00014
8.5e-05,0.00037,0.00014
9e-05,0.00037,0.00014
9.5e-05,0.00037,0.00014
0.0001,0.00037,0.00014
0.000105,0.00037,0.00014
0.00011,0.00037,0.00014
0.000115,0.00037,0.00014
0.00012,0.00037,0.00014
0.000125,0.00037,0.00014
6.5e-05,0.000375,0.00014
7e-05,0.000375,0.00014
7.5e-05,0.000375,0.00014
8e-05,0.000375,0.00014
8.5e-05,0.000375,0.00014
9e-05,0.000375,0.00014
9.5e-05,0.000375,0.00014
0.0001,0.000375,0.00014
0.000105,0.000375,0.00014
0.00011,0.000375,0.00014
0.000115,0.000375,0.00014
0.00012,0.000375,0.00014
6e-05,0.00038,0.00014
6.5e-05,0.00038,0.00014
7e-05,0.00038,0.00014
7.5e-05,0.00038,0.00014
8e-05,0.00038,0.00014
8.5e-05,0.00038,0.00014
9e-05,0.00038,0.00014
9.5e-05,0.00038,0.00014
0.0001,0.00038,0.00014
0.000105,0.00038,0.00014
0.00011,0.00038,0.00014
0.000115,0.00038,0.00014
0.00012,0.00038,0.00014
6e-05,0.000385,0.00014
6.5e-05,0.000385,0.00014
7e-05,0.000385,0.00014
7.5e-05,0.000385,0.00014
8e-05,0.000385,0.00014
8.5e-05,0.000385,0.00014
9e-05,0.000385,0.00014
9.5e-05,0.000385,0.00014
0.0001,0.000385,0.00014
0.000105,0.000385,0.00014
0.00011,0.000385,0.00014
0.000115,0.000385,0.00014
0.000125,0.000385,0.00014
0.00013,0.000385,0.00014
0.000135,0.000385,0.00014
6e-05,0.00039,0.00014
6.5e-05,0.00039,0.00014
7e-05,0.00039,0.00014
7.5e-05,0.00039,0.00014
8e-05,0.00039,0.00014
8.5e-05,0.00039,0.00014
9e-05,0.00039,0.00014
9.5e-05,0.00039,0.00014
0.0001,0.00039,0.00014
0.000105,0.00039,0.00014
0.00011,0.00039,0.00014
0.000115,0.00039,0.00014
0.000125,0.00039,0.00014
0.00013,0.00039,0.00014
0.000135,0.00039,0.00014
6e-05,0.000395,0.00014
6.5e-05,0.000395,0.00014
7e-05,0.000395,0.00014
7.5e-05,0.000395,0.00014
8e-05,0.000395,0.00014
8.5e-05,0.000395,0.00014
9e-05,0.000395,0.00014
9.5e-05,0.000395,0.00014
0.0001,0.000395,0.00014
0.000105,0.000395,0.00014
0.00011,0.000395,0.00014
6.5e-05,0.0004,0.00014
7e-05,0.0004,0.00014
7.5e-05,0.0004,0.00014
8e-05,0.0004,0.00014
8.5e-05,0.0004,0.00014
9e-05,0.0004,0.00014
9.5e-05,0.0004,0.00014
0.0001,0.0004,0.00014
0.000105,0.0004,0.00014
0.00011,0.0004,0.00014
6.5e-05,0.000405,0.00014
7e-05,0.000405,0.00014
7.5e-05,0.000405,0.00014
8e-05,0.000405,0.00014
8.5e-05,0.000405,0.00014
9e-05,0.000405,0.00014
9.5e-05,0.000405,0.00014
0.0001,0.000405,0.00014
0.000105,0.000405,0.00014
6.5e-05,0.00041,0.00014
7e-05,0.00041,0.00014
7.5e-05,0.00041,0.00014
8e-05,0.00041,0.00014
8.5e-05,0.00041,0.00014
9e-05,0.00041,0.00014
9.5e-05,0.00041,0.00014
0.0001,0.00041,0.00014
0.000105,0.00041,0.00014
0.00011,0.00041,0.00014
0.000115,0.00041,0.00014
0.00012,0.00041,0.00014
0.000125,0.00041,0.00014
0.00013,0.00041,0.00014
0.000135,0.00041,0.00014
6e-05,0.000415,0.00014
6.5e-05,0.000415,0.00014
7e-05,0.000415,0.00014
7.5e-05,0.000415,0.00014
8e-05,0.000415,0.00014
8.5e-05,0.000415,0.00014
9e-05,0.000415,0.00014
9.5e-05,0.000415,0.00014
0.0001,0.000415,0.00014
0.000105,0.000415,0.00014
0.00011,0.000415,0.00014
0.000115,0.000415,0.00014
0.00012,0.000415,0.00014
0.000125,0.000415,0.00014
0.00013,0.000415,0.00014
0.000135,0.000415,0.00014
6e-05,0.00042,0.00014
6.5e-05,0.00042,0.00014
7e-05,0.00042,0.00014
7.5e-05,0.00042,0.00014
9.5e-05,0.00042,0.00014
0.0001,0.00042,0.00014
0.000105,0.00042,0.00014
0.00011,0.00042,0.00014
0.000115,0.00042,0.00014
0.00012,0.00042,0.00014
6e-05,0.000425,0.00014
6.5e-05,0.000425,0.00014
7e-05,0.000425,0.00014
7.5e-05,0.000425,0.00014
8e-05,0.000425,0.00014
8.5e-05,0.000425,0.00014
9e-05,0.000425,0.00014
9.5e-05,0.000425,0.00014
0.0001,0.000425,0.00014
0.000105,0.000425,0.00014
0.00011,0.000425,0.00014
0.000115,0.000425,0.00014
0.00012,0.000425,0.00014
6.5e-05,0.00043,0.00014
7e-05,0.00043,0.00014
7.5e-05,0.00043,0.00014
8e-05,0.00043,0.00014
8.5e-05,0.00043,0.00014
9e-05,0.00043,0.00014
9.5e-05,0.00043,0.00014
0.0001,0.00043,0.00014
0.000105,0.00043,0.00014
0.00011,0.00043,0.00014
0.000115,0.00043,0.00014
0.00012,0.00043,0.00014
0.000125,0.00043,0.00014
6.5e-05,0.000435,0.00014
7e-05,0.000435,0.00014
7.5e-05,0.000435,0.00014
8e-05,0.000435,0.00014
8.5e-05,0.000435,0.00014
9e-05,0.000435,0.00014
9.5e-05,0.000435,0.00014
0.0001,0.000435,0.00014
0.000105,0.000435,0.00014
0.00011,0.000435,0.00014
0.000115,0.000435,0.00014
0.00012,0.000435,0.00014
0.000125,0.000435,0.00014
0.00013,0.000435,0.00014
0.000135,0.000435,0.00014
6.5e-05,0.00044,0.00014
7e-05,0.00044,0.00014
7.5e-05,0.00044,0.00014
8e-05,0.00044,0.00014
8.5e-05,0.00044,0.00014
9e-05,0.00044,0.00014
9.5e-05,0.00044,0.00014
0.0001,0.00044,0.00014
0.000105,0.00044,0.00014
0.00011,0.00044,0.00014
0.000115,0.00044,0.00014
0.00012,0.00044,0.00014
0.000125,0.00044,0.00014
0.00013,0.00044,0.00014
0.000135,0.00044,0.00014
6.5e-05,0.000445,0.00014
7e-05,0.000445,0.00014
7.5e-05,0.000445,0.00014
8e-05,0.000445,0.00014
8.5e-05,0.000445,0.00014
9e-05,0.000445,0.00014
9.5e-05,0.000445,0.00014
0.0001,0.000445,0.00014
0.000105,0.000445,0.00014
0.00011,0.000445,0.00014
0.000115,0.000445,0.00014
0.00012,0.000445,0.00014
0.000125,0.000445,0.00014
0.00013,0.000445,0.00014
6.5e-05,0.00045,0.00014
7e-05,0.00045,0.00014
7.5e-05,0.00045,0.00014
8e-05,0.00045,0.00014
8.5e-05,0.00045,0.00014
9e-05,0.00045,0.00014
9.5e-05,0.00045,0.00014
0.0001,0.00045,0.00014
0.000105,0.00045,0.00014
0.00011,0.00045,0.00014
0.000115,0.00045,0.00014
0.00012,0.00045,0.00014
6.5e-05,0.000455,0.00014
7e-05,0.000455,0.00014
7.5e-05,0.000455,0.00014
8e-05,0.000455,0.00014
8.5e-05,0.000455,0.00014
9e-05,0.000455,0.00014
9.5e-05,0.000455,0.00014
0.0001,0.000455,0.00014
0.000105,0.000455,0.00014
0.00011,0.000455,0.00014
0.000115,0.000455,0.00014
0.00012,0.000455,0.00014
6.5e-05,0.00046,0.00014
7e-05,0.00046,0.00014
7.5e-05,0.00046,0.00014
8e-05,0.00046,0.00014
8.5e-05,0.00046,0.00014
9e-05,0.00046,0.00014
9.5e-05,0.00046,0.00014
0.0001,0.00046,0.00014
0.000105,0.00046,0.00014
0.00011,0.00046,0.00014
6.5e-05,0.000465,0.00014
7e-05,0.000465,0.00014
7.5e-05,0.000465,0.00014
8e-05,0.000465,0.00014
0.000105,0.000465,0.00014
0.00011,0.000465,0.00014
6.5e-05,0.00047,0.00014
7e-05,0.00047,0.00014
7.5e-05,0.00047,0.00014
8e-05,0.00047,0.00014
6.5e-05,0.000475,0.00014
7e-05,0.000475,0.00014
7.5e-05,0.000475,0.00014
8e-05,0.000475,0.00014
7.5e-05,0.00048,0.00014
8e-05,0.00048,0.00014
6e-05,0.000495,0.00014
6.5e-05,0.000495,0.00014
7e-05,0.000495,0.00014
7.5e-05,0.000495,0.00014
8e-05,0.000495,0.00014
8.5e-05,0.000495,0.00014
6e-05,0.0005,0.00014
6.5e-05,0.0005,0.00014
7e-05,0.0005,0.00014
7.5e-05,0.0005,0.00014
8e-05,0.0005,0.00014
8.5e-05,0.0005,0.00014
6e-05,0.000505,0.00014
6.5e-05,0.000505,0.00014
7e-05,0.000505,0.00014
7.5e-05,0.000505,0.00014
6e-05,0.00051,0.00014
6.5e-05,0.00051,0.00014
7e-05,0.00051,0.00014
7.5e-05,0.00051,0.00014
8e-05,0.00051,0.00014
8.5e-05,0.00051,0.00014
0.000125,0.00051,0.00014
0.00013,0.00051,0.00014
6.5e-05,0.000515,0.00014
7e-05,0.000515,0.00014
7.5e-05,0.000515,0.00014
8e-05,0.000515,0.00014
8.5e-05,0.000515,0.00014
9e-05,0.000515,0.00014
9.5e-05,0.000515,0.00014
0.000125,0.000515,0.00014
0.00013,0.000515,0.00014
6.5e-05,0.00052,0.00014
7e-05,0.00052,0.00014
7.5e-05,0.00052,0.00014
8e-05,0.00052,0.00014
8.5e-05,0.00052,0.00014
9e-05,0.00052,0.00014
9.5e-05,0.00052,0.00014
0.0001,0.00052,0.00014
0.000125,0.00052,0.00014
0.00013,0.00052,0.00014
0.000135,0.00052,0.00014
6.5e-05,0.000525,0.00014
7e-05,0.000525,0.00014
7.5e-05,0.000525,0.00014
8e-05,0.000525,0.00014
8.5e-05,0.000525,0.00014
9e-05,0.000525,0.00014
9.5e-05,0.000525,0.00014
0.0001,0.000525,0.00014
0.000125,0.000525,0.00014
0.00013,0.000525,0.00014
0.000135,0.000525,0.00014
0.00014,0.000525,0.00014
6.5e-05,0.00053,0.00014
7e-05,0.00053,0.00014
7.5e-05,0.00053,0.00014
8e-05,0.00053,0.00014
8.5e-05,0.00053,0.00014
9e-05,0.00053,0.00014
9.5e-05,0.00053,0.00014
0.0001,0.00053,0.00014
0.00013,0.00053,0.00014
0.000135,0.00053,0.00014
0.00014,0.00053,0.00014
6.5e-05,0.000535,0.00014
7e-05,0.000535,0.00014
7.5e-05,0.000535,0.00014
8e-05,0.000535,0.00014
8.5e-05,0.000535,0.00014
9e-05,0.000535,0.00014
9.5e-05,0.000535,0.00014
0.0001,0.000535,0.00014
0.00013,0.000535,0.00014
0.000135,0.000535,0.00014
0.00014,0.000535,0.00014
6.5e-05,0.00054,0.00014
7e-05,0.00054,0.00014
7.5e-05,0.00054,0.00014
8e-05,0.00054,0.00014
8.5e-05,0.00054,0.00014
9e-05,0.00054,0.00014
9.5e-05,0.00054,0.00014
0.0001,0.00054,0.00014
0.000105,0.00054,0.00014
0.00013,0.00054,0.00014
0.000135,0.00054,0.00014
7.5e-05,0.000545,0.00014
8e-05,0.000545,0.00014
8.5e-05,0.000545,0.00014
9e-05,0.000545,0.00014
9.5e-05,0.000545,0.00014
0.0001,0.000545,0.00014
0.000105,0.000545,0.00014
0.00011,0.000545,0.00014
0.000115,0.000545,0.00014
6.5e-05,0.00055,0.00014
7e-05,0.00055,0.00014
7.5e-05,0.00055,0.00014
8e-05,0.00055,0.00014
8.5e-05,0.00055,0.00014
9e-05,0.00055,0.00014
9.5e-05,0.00055,0.00014
0.0001,0.00055,0.00014
0.000105,0.00055,0.00014
0.00011,0.00055,0.00014
0.000115,0.00055,0.00014
0.00012,0.00055,0.00014
0.000125,0.00055,0.00014
0.00013,0.00055,0.00014
0.000135,0.00055,0.00014
6.5e-05,0.000555,0.00014
7e-05,0.000555,0.00014
7.5e-05,0.000555,0.00014
8e-05,0.000555,0.00014
8.5e-05,0.000555,0.00014
9e-05,0.000555,0.00014
9.5e-05,0.000555,0.00014
0.0001,0.000555,0.00014
0.000105,0.000555,0.00014
0.00011,0.000555,0.00014
0.000115,0.000555,0.00014
0.00012,0.000555,0.00014
0.000125,0.000555,0.00014
0.00013,0.000555,0.00014
0.000135,0.000555,0.00014
0.00014,0.000555,0.00014
6e-05,0.00056,0.00014
6.5e-05,0.00056,0.00014
7e-05,0.00056,0.00014
7.5e-05,0.00056,0.00014
8e-05,0.00056,0.00014
8.5e-05,0.00056,0.00014
9e-05,0.00056,0.00014
9.5e-05,0.00056,0.00014
0.0001,0.00056,0.00014
0.000105,0.00056,0.00014
0.00011,0.00056,0.00014
0.000115,0.00056,0.00014
0.00012,0.00056,0.00014
0.000125,0.00056,0.00014
0.00013,0.00056,0.00014
0.000135,0.00056,0.00014
0.00014,0.00056,0.00014
6e-05,0.000565,0.00014
6.5e-05,0.000565,0.00014
7e-05,0.000565,0.00014
7.5e-05,0.000565,0.00014
8e-05,0.000565,0.00014
8.5e-05,0.000565,0.00014
9e-05,0.000565,0.00014
9.5e-05,0.000565,0.00014
0.0001,0.000565,0.00014
0.000105,0.000565,0.00014
0.00011,0.000565,0.00014
0.000115,0.000565,0.00014
0.00012,0.000565,0.00014
0.000125,0.000565,0.00014
0.00013,0.000565,0.00014
0.000135,0.000565,0.00014
0.00014,0.000565,0.00014
6e-05,0.00057,0.00014
6.5e-05,0.00057,0.00014
7e-05,0.00057,0.00014
7.5e-05,0.00057,0.00014
8e-05,0.00057,0.00014
8.5e-05,0.00057,0.00014
9e-05,0.00057,0.00014
9.5e-05,0.00057,0.00014
0.0001,0.00057,0.00014
0.000105,0.00057,0.00014
0.00011,0.00057,0.00014
0.000115,0.00057,0.00014
0.00012,0.00057,0.00014
0.000125,0.00057,0.00014
0.00013,0.00057,0.00014
0.000135,0.00057,0.00014
0.00014,0.00057,0.00014
6e-05,0.000575,0.00014
6.5e-05,0.000575,0.00014
7e-05,0.000575,0.00014
7.5e-05,0.000575,0.00014
8e-05,0.000575,0.00014
8.5e-05,0.000575,0.00014
9e-05,0.000575,0.00014
9.5e-05,0.000575,0.00014
0.0001,0.000575,0.00014
0.000105,0.000575,0.00014
0.00011,0.000575,0.00014
0.000115,0.000575,0.00014
0.00012,0.000575,0.00014
0.000125,0.000575,0.00014
0.00013,0.000575,0.00014
0.000135,0.000575,0.00014
0.00014,0.000575,0.00014
6e-05,0.00058,0.00014
6.5e-05,0.00058,0.00014
7e-05,0.00058,0.00014
7.5e-05,0.00058,0.00014
8e-05,0.00058,0.00014
8.5e-05,0.00058,0.00014
9e-05,0.00058,0.00014
9.5e-05,0.00058,0.00014
0.0001,0.00058,0.00014
0.000105,0.00058,0.00014
0.00011,0.00058,0.00014
0.000115,0.00058,0.00014
0.00012,0.00058,0.00014
0.000125,0.00058,0.00014
0.00013,0.00058,0.00014
0.000135,0.00058,0.00014
0.00014,0.00058,0.00014
6.5e-05,0.000585,0.00014
7e-05,0.000585,0.00014
7.5e-05,0.000585,0.00014
8e-05,0.000585,0.00014
8.5e-05,0.000585,0.00014
0.000105,0.000585,0.00014
0.00011,0.000585,0.00014
0.000115,0.000585,0.00014
0.00012,0.000585,0.00014
0.000125,0.000585,0.00014
0.00013,0.000585,0.00014
0.000135,0.000585,0.00014
0.00014,0.000585,0.00014
6.5e-05,0.00059,0.00014
7e-05,0.00059,0.00014
7.5e-05,0.00059,0.00014
8e-05,0.00059,0.00014
0.000105,0.00059,0.00014
0.00011,0.00059,0.00014
0.000115,0.00059,0.00014
0.00012,0.00059,0.00014
0.000125,0.00059,0.00014
0.00013,0.00059,0.00014
0.000135,0.00059,0.00014
0.00014,0.00059,0.00014
6.5e-05,0.000595,0.00014
7e-05,0.000595,0.00014
7.5e-05,0.000595,0.00014
8e-05,0.000595,0.00014
8.5e-05,0.000595,0.00014
0.00011,0.000595,0.00014
0.000115,0.000595,0.00014
0.00012,0.000595,0.00014
0.000125,0.000595,0.00014
0.00013,0.000595,0.00014
0.000135,0.000595,0.00014
6.5e-05,0.0006,0.00014
7e-05,0.0006,0.00014
7.5e-05,0.0006,0.00014
8e-05,0.0006,0.00014
8.5e-05,0.0006,0.00014
0.00011,0.0006,0.00014
0.000115,0.0006,0.00014
0.00012,0.0006,0.00014
0.000125,0.0006,0.00014
0.00013,0.0006,0.00014
6.5e-05,0.000605,0.00014
7e-05,0.000605,0.00014
7.5e-05,0.000605,0.00014
8e-05,0.000605,0.00014
8.5e-05,0.000605,0.00014
9e-05,0.000605,0.00014
9.5e-05,0.000605,0.00014
0.00012,0.000605,0.00014
0.000125,0.000605,0.00014
0.00013,0.000605,0.00014
6.5e-05,0.00061,0.00014
7e-05,0.00061,0.00014
7.5e-05,0.00061,0.00014
8e-05,0.00061,0.00014
8.5e-05,0.00061,0.00014
9e-05,0.00061,0.00014
9.5e-05,0.00061,0.00014
0.000115,0.00061,0.00014
0.00012,0.00061,0.00014
0.000125,0.00061,0.00014
0.00013,0.00061,0.00014
6e-05,0.000615,0.00014
6.5e-05,0.000615,0.00014
7e-05,0.000615,0.00014
7.5e-05,0.000615,0.00014
8e-05,0.000615,0.00014
8.5e-05,0.000615,0.00014
9e-05,0.000615,0.00014
9.5e-05,0.000615,0.00014
0.0001,0.000615,0.00014
0.000105,0.000615,0.00014
0.00011,0.000615,0.00014
0.000115,0.000615,0.00014
0.00012,0.000615,0.00014
0.000125,0.000615,0.00014
0.00013,0.000615,0.00014
0.000135,0.000615,0.00014
0.00014,0.000615,0.00014
6e-05,0.00062,0.00014
6.5e-05,0.00062,0.00014
7e-05,0.00062,0.00014
7.5e-05,0.00062,0.00014
8e-05,0.00062,0.00014
8.5e-05,0.00062,0.00014
9e-05,0.00062,0.00014
9.5e-05,0.00062,0.00014
0.0001,0.00062,0.00014
0.000105,0.00062,0.00014
0.00011,0.00062,0.00014
0.000115,0.00062,0.00014
0.00012,0.00062,0.00014
0.000125,0.00062,0.00014
0.00013,0.00062,0.00014
0.000135,0.00062,0.00014
0.00014,0.00062,0.00014
6.5e-05,0.000625,0.00014
7e-05,0.000625,0.00014
7.5e-05,0.000625,0.00014
8e-05,0.000625,0.00014
9.5e-05,0.000625,0.00014
0.0001,0.000625,0.00014
0.000105,0.000625,0.00014
0.00011,0.000625,0.00014
0.000115,0.000625,0.00014
0.00012,0.000625,0.00014
0.000125,0.000625,0.00014
0.00013,0.000625,0.00014
0.000135,0.000625,0.00014
0.00014,0.000625,0.00014
9.5e-05,0.00063,0.00014
0.0001,0.00063,0.00014
0.000105,0.00063,0.00014
0.00011,0.00063,0.00014
0.000115,0.00063,0.00014
0.00012,0.00063,0.00014
0.000125,0.00063,0.00014
0.00013,0.00063,0.00014
0.000135,0.00063,0.00014
0.00014,0.00063,0.00014
7e-05,0.000635,0.00014
7.5e-05,0.000635,0.00014
9.5e-05,0.000635,0.00014
0.0001,0.000635,0.00014
0.000105,0.000635,0.00014
0.00011,0.000635,0.00014
0.000115,0.000635,0.00014
0.00012,0.000635,0.00014
0.000125,0.000635,0.00014
0.00013,0.000635,0.00014
0.000135,0.000635,0.00014
0.00014,0.000635,0.00014
7e-05,0.00064,0.00014
7.5e-05,0.00064,0.00014
9.5e-05,0.00064,0.00014
0.0001,0.00064,0.00014
0.000105,0.00064,0.00014
0.00011,0.00064,0.00014
0.000115,0.00064,0.00014
0.00012,0.00064,0.00014
0.000125,0.00064,0.00014
0.00013,0.00064,0.00014
0.000135,0.00064,0.00014
0.00014,0.00064,0.00014
6.5e-05,0.000645,0.00014
7e-05,0.000645,0.00014
7.5e-05,0.000645,0.00014
8e-05,0.000645,0.00014
8.5e-05,0.000645,0.00014
9e-05,0.000645,0.00014
9.5e-05,0.000645,0.00014
0.0001,0.000645,0.00014
0.000105,0.000645,0.00014
0.00011,0.000645,0.00014
0.000115,0.000645,0.00014
0.00012,0.000645,0.00014
0.000125,0.000645,0.00014
0.00013,0.000645,0.00014
0.000135,0.000645,0.00014
0.00014,0.000645,0.00014
6.5e-05,0.00065,0.00014
7e-05,0.00065,0.00014
7.5e-05,0.00065,0.00014
8e-05,0.00065,0.00014
8.5e-05,0.00065,0.00014
9e-05,0.00065,0.00014
9.5e-05,0.00065,0.00014
0.0001,0.00065,0.00014
0.000105,0.00065,0.00014
0.00011,0.00065,0.00014
0.000115,0.00065,0.00014
0.00012,0.00065,0.00014
0.000125,0.00065,0.00014
0.00013,0.00065,0.00014
0.000135,0.00065,0.00014
0.00014,0.00065,0.00014
0.000145,0.00065,0.00014
6.5e-05,0.000655,0.00014
7e-05,0.000655,0.00014
7.5e-05,0.000655,0.00014
8e-05,0.000655,0.00014
8.5e-05,0.000655,0.00014
9e-05,0.000655,0.00014
9.5e-05,0.000655,0.00014
0.0001,0.000655,0.00014
0.000105,0.000655,0.00014
0.00011,0.000655,0.00014
0.000115,0.000655,0.00014
0.00012,0.000655,0.00014
0.000125,0.000655,0.00014
0.00013,0.000655,0.00014
0.000135,0.000655,0.00014
0.00014,0.000655,0.00014
0.000145,0.000655,0.00014
6.5e-05,0.00066,0.00014
7e-05,0.00066,0.00014
7.5e-05,0.00066,0.00014
8e-05,0.00066,0.00014
8.5e-05,0.00066,0.00014
9e-05,0.00066,0.00014
9.5e-05,0.00066,0.00014
0.0001,0.00066,0.00014
0.000105,0.00066,0.00014
0.00011,0.00066,0.00014
0.000115,0.00066,0.00014
0.00012,0.00066,0.00014
0.000125,0.00066,0.00014
0.00013,0.00066,0.00014
0.000135,0.00066,0.00014
0.00014,0.00066,0.00014
6.5e-05,0.000665,0.00014
7e-05,0.000665,0.00014
7.5e-05,0.000665,0.00014
8e-05,0.000665,0.00014
8.5e-05,0.000665,0.00014
9e-05,0.000665,0.00014
9.5e-05,0.000665,0.00014
0.0001,0.000665,0.00014
0.000105,0.000665,0.00014
0.00011,0.000665,0.00014
0.000115,0.000665,0.00014
0.00012,0.000665,0.00014
0.000125,0.000665,0.00014
0.00013,0.000665,0.00014
0.000135,0.000665,0.00014
0.00014,0.000665,0.00014
6.5e-05,0.00067,0.00014
7e-05,0.00067,0.00014
7.5e-05,0.00067,0.00014
8e-05,0.00067,0.00014
8.5e-05,0.00067,0.00014
9e-05,0.00067,0.00014
9.5e-05,0.00067,0.00014
0.0001,0.00067,0.00014
0.000115,0.00067,0.00014
0.00012,0.00067,0.00014
0.000125,0.00067,0.00014
0.00013,0.00067,0.00014
0.000135,0.00067,0.00014
0.00014,0.00067,0.00014
6.5e-05,0.000675,0.00014
7e-05,0.000675,0.00014
7.5e-05,0.000675,0.00014
8e-05,0.000675,0.00014
8.5e-05,0.000675,0.00014
9e-05,0.000675,0.00014
9.5e-05,0.000675,0.00014
0.000115,0.000675,0.00014
0.00012,0.000675,0.00014
0.000125,0.000675,0.00014
0.00013,0.000675,0.00014
0.000135,0.000675,0.00014
7e-05,0.00068,0.00014
7.5e-05,0.00068,0.00014
8e-05,0.00068,0.00014
8.5e-05,0.00068,0.00014
9e-05,0.00068,0.00014
9.5e-05,0.00068,0.00014
0.00012,0.00068,0.00014
0.000125,0.00068,0.00014
0.00013,0.00068,0.00014
0.000135,0.00068,0.00014
9e-05,0.000685,0.00014
9.5e-05,0.000685,0.00014
0.0001,0.000685,0.00014
0.000115,0.000685,0.00014
0.00012,0.000685,0.00014
0.000125,0.000685,0.00014
0.00013,0.000685,0.00014
0.000135,0.000685,0.00014
9e-05,0.00069,0.00014
9.5e-05,0.00069,0.00014
0.0001,0.00069,0.00014
0.00011,0.00069,0.00014
0.000115,0.00069,0.00014
0.00012,0.00069,0.00014
0.000125,0.00069,0.00014
0.00013,0.00069,0.00014
0.000135,0.00069,0.00014
9e-05,0.000695,0.00014
9.5e-05,0.000695,0.00014
0.00011,0.000695,0.00014
0.000115,0.000695,0.00014
0.00012,0.000695,0.00014
0.000125,0.000695,0.00014
0.00013,0.000695,0.00014
0.000135,0.000695,0.00014
0.000115,0.0007,0.00014
0.00012,0.0007,0.00014
0.000125,0.0007,0.00014
0.00013,0.0007,0.00014
9e-05,0.000705,0.00014
9.5e-05,0.000705,0.00014
0.000125,0.000705,0.00014
0.00013,0.000705,0.00014
7.5e-05,0.00071,0.00014
8e-05,0.00071,0.00014
8.5e-05,0.00071,0.00014
9e-05,0.00071,0.00014
9.5e-05,0.00071,0.00014
7.5e-05,0.000715,0.00014
8e-05,0.000715,0.00014
8.5e-05,0.000715,0.00014
9e-05,0.000715,0.00014
9.5e-05,0.000715,0.00014
8e-05,0.00072,0.00014
8.5e-05,0.00072,0.00014
9e-05,0.00072,0.00014
9.5e-05,0.00072,0.00014
0.0001,0.00072,0.00014
8.5e-05,0.000725,0.00014
9e-05,0.000725,0.00014
9.5e-05,0.000725,0.00014
0.0001,0.000725,0.00014
0.000115,0.0,0.000145
0.00012,0.0,0.000145
0.000125,0.0,0.000145
0.000105,5e-06,0.000145
0.00011,5e-06,0.000145
0.000115,5e-06,0.000145
0.00012,5e-06,0.000145
0.000125,5e-06,0.000145
0.000105,1e-05,0.000145
0.00011,1e-05,0.000145
0.000115,1e-05,0.000145
0.00012,1e-05,0.000145
0.000125,1e-05,0.000145
0.00012,1.5e-05,0.000145
0.000125,1.5e-05,0.000145
0.00013,1.5e-05,0.000145
0.00012,2e-05,0.000145
0.000125,2e-05,0.000145
0.00013,2e-05,0.000145
0.00012,2.5e-05,0.000145
0.000125,2.5e-05,0.000145
0.00013,2.5e-05,0.000145
6e-05,5.5e-05,0.000145
6.5e-05,5.5e-05,0.000145
7e-05,5.5e-05,0.000145
7.5e-05,5.5e-05,0.000145
8.5e-05,5.5e-05,0.000145
9e-05,5.5e-05,0.000145
6e-05,6e-05,0.000145
6.5e-05,6e-05,0.000145
7e-05,6e-05,0.000145
7.5e-05,6e-05,0.000145
8e-05,6e-05,0.000145
8.5e-05,6e-05,0.000145
9e-05,6e-05,0.000145
0.0001,6e-05,0.000145
0.000105,6e-05,0.000145
6e-05,6.5e-05,0.000145
6.5e-05,6.5e-05,0.000145
7e-05,6.5e-05,0.000145
7.5e-05,6.5e-05,0.000145
8e-05,6.5e-05,0.000145
8.5e-05,6.5e-05,0.000145
9e-05,6.5e-05,0.000145
9.5e-05,6.5e-05,0.000145
0.0001,6.5e-05,0.000145
0.000105,6.5e-05,0.000145
0.00011,6.5e-05,0.000145
0.000115,6.5e-05,0.000145
0.00012,6.5e-05,0.000145
0.000125,6.5e-05,0.000145
6e-05,7e-05,0.000145
6.5e-05,7e-05,0.000145
7e-05,7e-05,0.000145
7.5e-05,7e-05,0.000145
8e-05,7e-05,0.000145
8.5e-05,7e-05,0.000145
9e-05,7e-05,0.000145
9.5e-05,7e-05,0.000145
0.0001,7e-05,0.000145
0.000105,7e-05,0.000145
0.00011,7e-05,0.000145
0.000115,7e-05,0.000145
0.00012,7e-05,0.000145
0.000125,7e-05,0.000145
6e-05,7.5e-05,0.000145
6.5e-05,7.5e-05,0.000145
7e-05,7.5e-05,0.000145
7.5e-05,7.5e-05,0.000145
8e-05,7.5e-05,0.000145
8.5e-05,7.5e-05,0.000145
9e-05,7.5e-05,0.000145
9.5e-05,7.5e-05,0.000145
0.0001,7.5e-05,0.000145
0.000105,7.5e-05,0.000145
0.00011,7.5e-05,0.000145
0.00012,7.5e-05,0.000145
0.000125,7.5e-05,0.000145
6.5e-05,8e-05,0.000145
7e-05,8e-05,0.000145
7.5e-05,8e-05,0.000145
8e-05,8e-05,0.000145
8.5e-05,8e-05,0.000145
9e-05,8e-05,0.000145
9.5e-05,8e-05,0.000145
0.0001,8e-05,0.000145
0.000105,8e-05,0.000145
0.00011,8e-05,0.000145
0.00012,8e-05,0.000145
0.000125,8e-05,0.000145
7.5e-05,8.5e-05,0.000145
8e-05,8.5e-05,0.000145
8.5e-05,8.5e-05,0.000145
9e-05,8.5e-05,0.000145
9.5e-05,8.5e-05,0.000145
0.0001,8.5e-05,0.000145
0.000105,8.5e-05,0.000145
0.00011,8.5e-05,0.000145
7.5e-05,9e-05,0.000145
8e-05,9e-05,0.000145
8.5e-05,9e-05,0.000145
9e-05,9e-05,0.000145
9.5e-05,9e-05,0.000145
0.0001,9e-05,0.000145
0.000105,9e-05,0.000145
0.00011,9e-05,0.000145
9e-05,0.00011,0.000145
9.5e-05,0.00011,0.000145
9e-05,0.000115,0.000145
9.5e-05,0.000115,0.000145
8e-05,0.00012,0.000145
8.5e-05,0.00012,0.000145
9e-05,0.00012,0.000145
9.5e-05,0.00012,0.000145
0.0001,0.00012,0.000145
8e-05,0.000125,0.000145
8.5e-05,0.000125,0.000145
9e-05,0.000125,0.000145
9.5e-05,0.000125,0.000145
0.0001,0.000125,0.000145
0.000105,0.000125,0.000145
0.00011,0.000125,0.000145
0.000115,0.000125,0.000145
7.5e-05,0.00013,0.000145
8e-05,0.00013,0.000145
8.5e-05,0.00013,0.000145
9e-05,0.00013,0.000145
9.5e-05,0.00013,0.000145
0.0001,0.00013,0.000145
0.000105,0.00013,0.000145
0.00011,0.00013,0.000145
0.000115,0.00013,0.000145
0.00012,0.00013,0.000145
0.000125,0.00013,0.000145
7.5e-05,0.000135,0.000145
8e-05,0.000135,0.000145
8.5e-05,0.000135,0.000145
9e-05,0.000135,0.000145
9.5e-05,0.000135,0.000145
0.0001,0.000135,0.000145
0.000105,0.000135,0.000145
0.00011,0.000135,0.000145
0.000115,0.000135,0.000145
0.00012,0.000135,0.000145
0.000125,0.000135,0.000145
6.5e-05,0.00014,0.000145
7e-05,0.00014,0.000145
7.5e-05,0.00014,0.000145
8e-05,0.00014,0.000145
8.5e-05,0.00014,0.000145
9e-05,0.00014,0.000145
9.5e-05,0.00014,0.000145
0.0001,0.00014,0.000145
0.00011,0.00014,0.000145
0.000115,0.00014,0.000145
0.00012,0.00014,0.000145
0.000125,0.00014,0.000145
6e-05,0.000145,0.000145
6.5e-05,0.000145,0.000145
7e-05,0.000145,0.000145
7.5e-05,0.000145,0.000145
8e-05,0.000145,0.000145
0.000115,0.000145,0.000145
0.00012,0.000145,0.000145
0.000125,0.000145,0.000145
6e-05,0.00015,0.000145
6.5e-05,0.00015,0.000145
7e-05,0.00015,0.000145
7.5e-05,0.00015,0.000145
8e-05,0.00015,0.000145
0.000115,0.00015,0.000145
0.00012,0.00015,0.000145
0.000115,0.000155,0.000145
0.00012,0.000155,0.000145
0.000125,0.000155,0.000145
0.00011,0.00016,0.000145
0.000115,0.00016,0.000145
0.00012,0.00016,0.000145
0.000125,0.00016,0.000145
0.00011,0.000165,0.000145
0.000115,0.000165,0.000145
0.00012,0.000165,0.000145
0.000125,0.000165,0.000145
0.00011,0.00017,0.000145
0.000115,0.00017,0.000145
0.00012,0.00017,0.000145
0.000125,0.00017,0.000145
0.00011,0.000175,0.000145
0.000115,0.000175,0.000145
0.00012,0.000175,0.000145
0.000125,0.000175,0.000145
0.000115,0.00018,0.000145
0.00012,0.00018,0.000145
0.000125,0.00019,0.000145
0.00013,0.00019,0.000145
0.000135,0.00019,0.000145
0.00012,0.000195,0.000145
0.000125,0.000195,0.000145
0.00013,0.000195,0.000145
0.000135,0.000195,0.000145
0.00012,0.0002,0.000145
0.000125,0.0002,0.000145
0.00013,0.0002,0.000145
0.000135,0.0002,0.000145
8e-05,0.00021,0.000145
8.5e-05,0.00021,0.000145
8e-05,0.000215,0.000145
8.5e-05,0.000215,0.000145
8e-05,0.00022,0.000145
8.5e-05,0.00022,0.000145
7.5e-05,0.000225,0.000145
8e-05,0.000225,0.000145
8.5e-05,0.000225,0.000145
9e-05,0.000225,0.000145
7.5e-05,0.00023,0.000145
8e-05,0.00023,0.000145
8.5e-05,0.00023,0.000145
9e-05,0.00023,0.000145
9.5e-05,0.00023,0.000145
0.0001,0.00023,0.000145
0.000105,0.00023,0.000145
7.5e-05,0.000235,0.000145
8e-05,0.000235,0.000145
8.5e-05,0.000235,0.000145
9e-05,0.000235,0.000145
9.5e-05,0.000235,0.000145
0.0001,0.000235,0.000145
0.000105,0.000235,0.000145
0.00011,0.000235,0.000145
0.000115,0.000235,0.000145
0.00012,0.000235,0.000145
0.000125,0.000235,0.000145
0.00013,0.000235,0.000145
8e-05,0.00024,0.000145
8.5e-05,0.00024,0.000145
9e-05,0.00024,0.000145
9.5e-05,0.00024,0.000145
0.0001,0.00024,0.000145
0.000105,0.00024,0.000145
0.00011,0.00024,0.000145
0.000115,0.00024,0.000145
0.00012,0.00024,0.000145
0.000125,0.00024,0.000145
0.00013,0.00024,0.000145
8e-05,0.000245,0.000145
8.5e-05,0.000245,0.000145
9e-05,0.000245,0.000145
9.5e-05,0.000245,0.000145
0.0001,0.000245,0.000145
0.000105,0.000245,0.000145
0.00011,0.000245,0.000145
0.000115,0.000245,0.000145
0.00012,0.000245,0.000145
0.000125,0.000245,0.000145
0.00013,0.000245,0.000145
6.5e-05,0.00025,0.000145
7e-05,0.00025,0.000145
7.5e-05,0.00025,0.000145
8.5e-05,0.00025,0.000145
9e-05,0.00025,0.000145
9.5e-05,0.00025,0.000145
0.0001,0.00025,0.000145
0.000105,0.00025,0.000145
0.00011,0.00025,0.000145
0.000115,0.00025,0.000145
0.00012,0.00025,0.000145
0.000125,0.00025,0.000145
0.00013,0.00025,0.000145
6.5e-05,0.000255,0.000145
7e-05,0.000255,0.000145
7.5e-05,0.000255,0.000145
8e-05,0.000255,0.000145
8.5e-05,0.000255,0.000145
9e-05,0.000255,0.000145
9.5e-05,0.000255,0.000145
0.0001,0.000255,0.000145
0.000105,0.000255,0.000145
0.00011,0.000255,0.000145
0.000115,0.000255,0.000145
0.00012,0.000255,0.000145
0.000125,0.000255,0.000145
0.00013,0.000255,0.000145
6e-05,0.00026,0.000145
6.5e-05,0.00026,0.000145
7e-05,0.00026,0.000145
7.5e-05,0.00026,0.000145
8e-05,0.00026,0.000145
8.5e-05,0.00026,0.000145
9e-05,0.00026,0.000145
9.5e-05,0.00026,0.000145
0.0001,0.00026,0.000145
0.000105,0.00026,0.000145
0.00011,0.00026,0.000145
0.000115,0.00026,0.000145
0.00012,0.00026,0.000145
0.000125,0.00026,0.000145
0.00013,0.00026,0.000145
6e-05,0.000265,0.000145
6.5e-05,0.000265,0.000145
7e-05,0.000265,0.000145
7.5e-05,0.000265,0.000145
8e-05,0.000265,0.000145
8.5e-05,0.000265,0.000145
9e-05,0.000265,0.000145
9.5e-05,0.000265,0.000145
0.0001,0.000265,0.000145
0.000105,0.000265,0.000145
6e-05,0.00027,0.000145
6.5e-05,0.00027,0.000145
7e-05,0.00027,0.000145
7.5e-05,0.00027,0.000145
8.5e-05,0.00027,0.000145
9e-05,0.00027,0.000145
9.5e-05,0.00027,0.000145
0.0001,0.00027,0.000145
6.5e-05,0.000275,0.000145
7e-05,0.000275,0.000145
0.000105,0.000285,0.000145
0.00011,0.000285,0.000145
0.000105,0.00029,0.000145
0.00011,0.00029,0.000145
0.000115,0.00029,0.000145
0.000105,0.000295,0.000145
0.00011,0.000295,0.000145
0.000115,0.000295,0.000145
9e-05,0.000315,0.000145
9.5e-05,0.000315,0.000145
9e-05,0.00032,0.000145
9.5e-05,0.00032,0.000145
9e-05,0.000325,0.000145
9.5e-05,0.000325,0.000145
0.0001,0.000325,0.000145
9e-05,0.00033,0.000145
9.5e-05,0.00033,0.000145
0.0001,0.00033,0.000145
0.000105,0.00033,0.000145
8e-05,0.000335,0.000145
8.5e-05,0.000335,0.000145
9e-05,0.000335,0.000145
9.5e-05,0.000335,0.000145
0.0001,0.000335,0.000145
0.000105,0.000335,0.000145
0.00011,0.000335,0.000145
8e-05,0.00034,0.000145
8.5e-05,0.00034,0.000145
9e-05,0.00034,0.000145
9.5e-05,0.00034,0.000145
0.0001,0.00034,0.000145
0.000105,0.00034,0.000145
0.00011,0.00034,0.000145
9e-05,0.000345,0.000145
9.5e-05,0.000345,0.000145
0.0001,0.000345,0.000145
0.000105,0.000345,0.000145
0.00011,0.000345,0.000145
9e-05,0.00035,0.000145
9.5e-05,0.00035,0.000145
0.0001,0.00035,0.000145
0.000105,0.00035,0.000145
0.00013,0.00035,0.000145
0.000135,0.00035,0.000145
9e-05,0.000355,0.000145
9.5e-05,0.000355,0.000145
0.0001,0.000355,0.000145
0.00013,0.000355,0.000145
0.000135,0.000355,0.000145
9.5e-05,0.00036,0.000145
0.0001,0.00036,0.000145
0.000105,0.00036,0.000145
0.00011,0.00036,0.000145
9e-05,0.000365,0.000145
9.5e-05,0.000365,0.000145
0.0001,0.000365,0.000145
0.000105,0.000365,0.000145
0.00011,0.000365,0.000145
9e-05,0.00037,0.000145
9.5e-05,0.00037,0.000145
0.0001,0.00037,0.000145
0.000105,0.00037,0.000145
0.00011,0.00037,0.000145
8.5e-05,0.000375,0.000145
9e-05,0.000375,0.000145
9.5e-05,0.000375,0.000145
0.0001,0.000375,0.000145
0.000105,0.000375,0.000145
0.00011,0.000375,0.000145
6e-05,0.00038,0.000145
6.5e-05,0.00038,0.000145
7e-05,0.00038,0.000145
8.5e-05,0.00038,0.000145
9e-05,0.00038,0.000145
9.5e-05,0.00038,0.000145
0.0001,0.00038,0.000145
0.000105,0.00038,0.000145
0.00011,0.00038,0.000145
0.000115,0.00038,0.000145
6e-05,0.000385,0.000145
6.5e-05,0.000385,0.000145
7e-05,0.000385,0.000145
8.5e-05,0.000385,0.000145
9e-05,0.000385,0.000145
9.5e-05,0.000385,0.000145
0.0001,0.000385,0.000145
0.000105,0.000385,0.000145
0.00011,0.000385,0.000145
0.000115,0.000385,0.000145
7.5e-05,0.00039,0.000145
8e-05,0.00039,0.000145
8.5e-05,0.00039,0.000145
9e-05,0.00039,0.000145
9.5e-05,0.00039,0.000145
0.0001,0.00039,0.000145
0.000105,0.00039,0.000145
0.00011,0.00039,0.000145
0.000115,0.00039,0.000145
6.5e-05,0.000395,0.000145
7e-05,0.000395,0.000145
7.5e-05,0.000395,0.000145
8e-05,0.000395,0.000145
8.5e-05,0.000395,0.000145
9e-05,0.000395,0.000145
9.5e-05,0.000395,0.000145
0.0001,0.000395,0.000145
0.000105,0.000395,0.000145
0.00011,0.000395,0.000145
6.5e-05,0.0004,0.000145
7e-05,0.0004,0.000145
7.5e-05,0.0004,0.000145
8e-05,0.0004,0.000145
8.5e-05,0.0004,0.000145
9e-05,0.0004,0.000145
9.5e-05,0.0004,0.000145
0.0001,0.0004,0.000145
7.5e-05,0.000405,0.000145
8e-05,0.000405,0.000145
8.5e-05,0.000405,0.000145
9e-05,0.000405,0.000145
9.5e-05,0.000405,0.000145
0.0001,0.000405,0.000145
7.5e-05,0.00041,0.000145
8e-05,0.00041,0.000145
8.5e-05,0.00041,0.000145
9e-05,0.00041,0.000145
9.5e-05,0.00041,0.000145
8.5e-05,0.000415,0.000145
9e-05,0.000415,0.000145
0.00011,0.00042,0.000145
0.000115,0.00042,0.000145
0.00011,0.000425,0.000145
0.000115,0.000425,0.000145
0.000105,0.00043,0.000145
0.00011,0.00043,0.000145
7e-05,0.000435,0.000145
7.5e-05,0.000435,0.000145
8e-05,0.000435,0.000145
8.5e-05,0.000435,0.000145
0.000105,0.000435,0.000145
0.00011,0.000435,0.000145
6.5e-05,0.00044,0.000145
7e-05,0.00044,0.000145
7.5e-05,0.00044,0.000145
8e-05,0.00044,0.000145
8.5e-05,0.00044,0.000145
9e-05,0.00044,0.000145
6.5e-05,0.000445,0.000145
7e-05,0.000445,0.000145
7.5e-05,0.000445,0.000145
8e-05,0.000445,0.000145
8.5e-05,0.000445,0.000145
9e-05,0.000445,0.000145
9.5e-05,0.000445,0.000145
0.0001,0.000445,0.000145
0.000105,0.000445,0.000145
0.00011,0.000445,0.000145
0.000115,0.000445,0.000145
6.5e-05,0.00045,0.000145
7e-05,0.00045,0.000145
7.5e-05,0.00045,0.000145
8e-05,0.00045,0.000145
8.5e-05,0.00045,0.000145
9e-05,0.00045,0.000145
9.5e-05,0.00045,0.000145
0.0001,0.00045,0.000145
0.000105,0.00045,0.000145
0.00011,0.00045,0.000145
0.000115,0.00045,0.000145
7e-05,0.000455,0.000145
7.5e-05,0.000455,0.000145
8e-05,0.000455,0.000145
8.5e-05,0.000455,0.000145
9e-05,0.000455,0.000145
9.5e-05,0.000455,0.000145
0.0001,0.000455,0.000145
0.000105,0.000455,0.000145
0.00011,0.000455,0.000145
0.000115,0.000455,0.000145
7e-05,0.00046,0.000145
7.5e-05,0.00046,0.000145
8e-05,0.00046,0.000145
8e-05,0.00052,0.000145
8.5e-05,0.00052,0.000145
7.5e-05,0.000525,0.000145
8e-05,0.000525,0.000145
8.5e-05,0.000525,0.000145
9e-05,0.000525,0.000145
9.5e-05,0.000525,0.000145
7e-05,0.00053,0.000145
7.5e-05,0.00053,0.000145
8e-05,0.00053,0.000145
8.5e-05,0.00053,0.000145
9e-05,0.00053,0.000145
9.5e-05,0.00053,0.000145
7e-05,0.000535,0.000145
7.5e-05,0.000535,0.000145
8e-05,0.000535,0.000145
8.5e-05,0.000535,0.000145
9e-05,0.000535,0.000145
9.5e-05,0.000535,0.000145
7.5e-05,0.00054,0.000145
8e-05,0.00054,0.000145
8.5e-05,0.00054,0.000145
9e-05,0.00054,0.000145
0.0001,0.00055,0.000145
0.000105,0.00055,0.000145
0.00011,0.00055,0.000145
0.000115,0.00055,0.000145
0.0001,0.000555,0.000145
0.000105,0.000555,0.000145
0.00011,0.000555,0.000145
0.000115,0.000555,0.000145
0.00012,0.000555,0.000145
7e-05,0.00056,0.000145
7.5e-05,0.00056,0.000145
8e-05,0.00056,0.000145
9.5e-05,0.00056,0.000145
0.0001,0.00056,0.000145
0.000105,0.00056,0.000145
0.00011,0.00056,0.000145
0.000115,0.00056,0.000145
0.00012,0.00056,0.000145
0.000125,0.00056,0.000145
7e-05,0.000565,0.000145
7.5e-05,0.000565,0.000145
8e-05,0.000565,0.000145
8.5e-05,0.000565,0.000145
9e-05,0.000565,0.000145
9.5e-05,0.000565,0.000145
0.0001,0.000565,0.000145
0.000105,0.000565,0.000145
0.00011,0.000565,0.000145
0.000115,0.000565,0.000145
0.00012,0.000565,0.000145
0.000125,0.000565,0.000145
0.00013,0.000565,0.000145
7e-05,0.00057,0.000145
7.5e-05,0.00057,0.000145
8e-05,0.00057,0.000145
8.5e-05,0.00057,0.000145
9e-05,0.00057,0.000145
9.5e-05,0.00057,0.000145
0.0001,0.00057,0.000145
0.000105,0.00057,0.000145
0.00011,0.00057,0.000145
0.000115,0.00057,0.000145
0.00012,0.00057,0.000145
0.000125,0.00057,0.000145
0.00013,0.00057,0.000145
0.000135,0.00057,0.000145
7e-05,0.000575,0.000145
7.5e-05,0.000575,0.000145
8e-05,0.000575,0.000145
8.5e-05,0.000575,0.000145
9e-05,0.000575,0.000145
9.5e-05,0.000575,0.000145
0.0001,0.000575,0.000145
0.000105,0.000575,0.000145
0.00011,0.000575,0.000145
0.000115,0.000575,0.000145
0.00012,0.000575,0.000145
0.000125,0.000575,0.000145
0.00013,0.000575,0.000145
0.000135,0.000575,0.000145
7.5e-05,0.00058,0.000145
8e-05,0.00058,0.000145
8.5e-05,0.00058,0.000145
9e-05,0.00058,0.000145
0.00011,0.00058,0.000145
0.000115,0.00058,0.000145
0.00012,0.00058,0.000145
0.000125,0.00058,0.000145
0.00013,0.00058,0.000145
0.000135,0.00058,0.000145
0.000115,0.000585,0.000145
0.00012,0.000585,0.000145
0.000125,0.000585,0.000145
0.00013,0.000585,0.000145
0.000135,0.000585,0.000145
0.000115,0.00059,0.000145
0.00012,0.00059,0.000145
0.000125,0.00059,0.000145
0.00013,0.00059,0.000145
0.000135,0.00059,0.000145
0.000115,0.000595,0.000145
0.00012,0.000595,0.000145
0.000125,0.000595,0.000145
0.00013,0.000595,0.000145
6.5e-05,0.000605,0.000145
7e-05,0.000605,0.000145
7.5e-05,0.000605,0.000145
8e-05,0.000605,0.000145
6.5e-05,0.00061,0.000145
7e-05,0.00061,0.000145
7.5e-05,0.00061,0.000145
8e-05,0.00061,0.000145
6.5e-05,0.000615,0.000145
7e-05,0.000615,0.000145
7.5e-05,0.000615,0.000145
8e-05,0.000615,0.000145
0.00013,0.000615,0.000145
0.000135,0.000615,0.000145
0.00014,0.000615,0.000145
6.5e-05,0.00062,0.000145
7e-05,0.00062,0.000145
7.5e-05,0.00062,0.000145
8e-05,0.00062,0.000145
0.00013,0.00062,0.000145
0.000135,0.00062,0.000145
0.00014,0.00062,0.000145
0.000115,0.000625,0.000145
0.00012,0.000625,0.000145
0.000135,0.000625,0.000145
0.00014,0.000625,0.000145
0.0001,0.00063,0.000145
0.000105,0.00063,0.000145
0.00011,0.00063,0.000145
0.000115,0.00063,0.000145
0.00012,0.00063,0.000145
0.000125,0.00063,0.000145
0.0001,0.000635,0.000145
0.000105,0.000635,0.000145
0.00011,0.000635,0.000145
0.000115,0.000635,0.000145
0.00012,0.000635,0.000145
0.000125,0.000635,0.000145
0.00013,0.000635,0.000145
0.000135,0.000635,0.000145
0.0001,0.00064,0.000145
0.000105,0.00064,0.000145
0.00011,0.00064,0.000145
0.000115,0.00064,0.000145
0.00012,0.00064,0.000145
0.000125,0.00064,0.000145
0.00013,0.00064,0.000145
0.000135,0.00064,0.000145
0.00014,0.00064,0.000145
0.0001,0.000645,0.000145
0.000105,0.000645,0.000145
0.00011,0.000645,0.000145
0.000115,0.000645,0.000145
0.00012,0.000645,0.000145
0.000125,0.000645,0.000145
0.00013,0.000645,0.000145
0.000135,0.000645,0.000145
0.00014,0.000645,0.000145
7.5e-05,0.00065,0.000145
8e-05,0.00065,0.000145
8.5e-05,0.00065,0.000145
9e-05,0.00065,0.000145
0.000115,0.00065,0.000145
0.00012,0.00065,0.000145
0.000125,0.00065,0.000145
0.00013,0.00065,0.000145
0.000135,0.00065,0.000145
0.00014,0.00065,0.000145
0.000145,0.00065,0.000145
6.5e-05,0.000655,0.000145
7e-05,0.000655,0.000145
7.5e-05,0.000655,0.000145
8e-05,0.000655,0.000145
8.5e-05,0.000655,0.000145
9e-05,0.000655,0.000145
0.000115,0.000655,0.000145
0.00012,0.000655,0.000145
0.000125,0.000655,0.000145
0.00013,0.000655,0.000145
0.000135,0.000655,0.000145
0.00014,0.000655,0.000145
0.000145,0.000655,0.000145
6.5e-05,0.00066,0.000145
7e-05,0.00066,0.000145
7.5e-05,0.00066,0.000145
8e-05,0.00066,0.000145
8.5e-05,0.00066,0.000145
9e-05,0.00066,0.000145
9.5e-05,0.00066,0.000145
0.0001,0.00066,0.000145
0.000115,0.00066,0.000145
0.00012,0.00066,0.000145
0.000125,0.00066,0.000145
0.00013,0.00066,0.000145
0.000135,0.00066,0.000145
0.00014,0.00066,0.000145
6.5e-05,0.000665,0.000145
7e-05,0.000665,0.000145
7.5e-05,0.000665,0.000145
8e-05,0.000665,0.000145
8.5e-05,0.000665,0.000145
9e-05,0.000665,0.000145
9.5e-05,0.000665,0.000145
0.0001,0.000665,0.000145
0.000115,0.000665,0.000145
0.00012,0.000665,0.000145
0.000125,0.000665,0.000145
0.00013,0.000665,0.000145
0.000135,0.000665,0.000145
6.5e-05,0.00067,0.000145
7e-05,0.00067,0.000145
7.5e-05,0.00067,0.000145
8e-05,0.00067,0.000145
8.5e-05,0.00067,0.000145
9e-05,0.00067,0.000145
9.5e-05,0.00067,0.000145
0.000125,0.00067,0.000145
0.00013,0.00067,0.000145
0.000135,0.00067,0.000145
7e-05,0.000675,0.000145
7.5e-05,0.000675,0.000145
8e-05,0.000675,0.000145
8.5e-05,0.000675,0.000145
9e-05,0.000675,0.000145
0.000125,0.000675,0.000145
0.00013,0.000675,0.000145
6e-05,6e-05,0.00015
6.5e-05,6e-05,0.00015
7e-05,6e-05,0.00015
7.5e-05,6e-05,0.00015
6e-05,6.5e-05,0.00015
6.5e-05,6.5e-05,0.00015
7e-05,6.5e-05,0.00015
7.5e-05,6.5e-05,0.00015
8.5e-05,6.5e-05,0.00015
9e-05,6.5e-05,0.00015
8.5e-05,7e-05,0.00015
9e-05,7e-05,0.00015
9e-05,0.00012,0.00015
9.5e-05,0.00012,0.00015
9e-05,0.000125,0.00015
9.5e-05,0.000125,0.00015
0.0001,0.000125,0.00015
8.5e-05,0.00013,0.00015
9e-05,0.00013,0.00015
9.5e-05,0.00013,0.00015
0.0001,0.00013,0.00015
8.5e-05,0.000135,0.00015
9e-05,0.000135,0.00015
9.5e-05,0.000135,0.00015
0.0001,0.000135,0.00015
9.5e-05,0.00014,0.00015
0.0001,0.00014,0.00015
0.000115,0.00016,0.00015
0.00012,0.00016,0.00015
0.000115,0.000165,0.00015
0.00012,0.000165,0.00015
0.000125,0.000165,0.00015
0.000115,0.00017,0.00015
0.00012,0.00017,0.00015
0.000125,0.00017,0.00015
0.00011,0.00024,0.00015
0.000115,0.00024,0.00015
0.00012,0.00024,0.00015
0.000125,0.00024,0.00015
0.00011,0.000245,0.00015
0.000115,0.000245,0.00015
0.00012,0.000245,0.00015
0.000125,0.000245,0.00015
0.00013,0.000245,0.00015
0.00011,0.00025,0.00015
0.000115,0.00025,0.00015
0.00012,0.00025,0.00015
0.000125,0.00025,0.00015
0.00013,0.00025,0.00015
9.5e-05,0.000255,0.00015
0.0001,0.000255,0.00015
0.000115,0.000255,0.00015
0.00012,0.000255,0.00015
0.000125,0.000255,0.00015
0.00013,0.000255,0.00015
6.5e-05,0.00026,0.00015
7e-05,0.00026,0.00015
7.5e-05,0.00026,0.00015
8.5e-05,0.00026,0.00015
9e-05,0.00026,0.00015
9.5e-05,0.00026,0.00015
0.0001,0.00026,0.00015
6.5e-05,0.000265,0.00015
7e-05,0.000265,0.00015
7.5e-05,0.000265,0.00015
8.5e-05,0.000265,0.00015
9e-05,0.000265,0.00015
8.5e-05,0.000335,0.00015
9e-05,0.000335,0.00015
8.5e-05,0.00034,0.00015
9e-05,0.00034,0.00015
0.0001,0.000375,0.00015
0.000105,0.000375,0.00015
9e-05,0.00038,0.00015
9.5e-05,0.00038,0.00015
0.0001,0.00038,0.00015
0.000105,0.00038,0.00015
9e-05,0.000385,0.00015
9.5e-05,0.000385,0.00015
0.0001,0.000385,0.00015
0.000105,0.000385,0.00015
0.00011,0.000385,0.00015
9e-05,0.00039,0.00015
9.5e-05,0.00039,0.00015
0.0001,0.00039,0.00015
0.000105,0.00039,0.00015
0.00011,0.00039,0.00015
9.5e-05,0.000395,0.00015
0.0001,0.000395,0.00015
8.5e-05,0.0004,0.00015
9e-05,0.0004,0.00015
9.5e-05,0.0004,0.00015
8.5e-05,0.000405,0.00015
9e-05,0.000405,0.00015
9.5e-05,0.000405,0.00015
8.5e-05,0.00041,0.00015
9e-05,0.00041,0.00015
7e-05,0.00044,0.00015
7.5e-05,0.00044,0.00015
8e-05,0.00044,0.00015
8.5e-05,0.00044,0.00015
7e-05,0.000445,0.00015
7.5e-05,0.000445,0.00015
8e-05,0.000445,0.00015
8.5e-05,0.000445,0.00015
7e-05,0.00045,0.00015
7.5e-05,0.00045,0.00015
8e-05,0.00045,0.00015
8.5e-05,0.00045,0.00015
9e-05,0.00045,0.00015
7e-05,0.000455,0.00015
7.5e-05,0.000455,0.00015
8e-05,0.000455,0.00015
8.5e-05,0.000455,0.00015
9e-05,0.000455,0.00015
8e-05,0.00053,0.00015
8.5e-05,0.00053,0.00015
8e-05,0.000535,0.00015
8.5e-05,0.000535,0.00015
7.5e-05,0.000565,0.00015
8e-05,0.000565,0.00015
7.5e-05,0.00057,0.00015
8e-05,0.00057,0.00015
7.5e-05,0.000575,0.00015
8e-05,0.000575,0.00015
0.00012,0.000585,0.00015
0.000125,0.000585,0.00015
0.00013,0.000585,0.00015
0.000135,0.000585,0.00015
0.00012,0.00059,0.00015
0.000125,0.00059,0.00015
0.00013,0.00059,0.00015
0.000135,0.00059,0.00015
7e-05,0.00066,0.00015
7.5e-05,0.00066,0.00015
8e-05,0.00066,0.00015
8.5e-05,0.00066,0.00015
7e-05,0.000665,0.00015
7.5e-05,0.000665,0.00015
8e-05,0.000665,0.00015
8.5e-05,0.000665,0.00015
