0.1,0.1,0.1,0.1,0.1,0.1,0.1,0.1,0.1,0.1,0.1,0.1,0.1,0.1,0.1,0.1,0.1,0.1,0.1,0.1,0.1,0.1,0.1,0.1,0.1,0.1,0.1,0.1,0.1,0.1,0.1,0.1,0.1,0.1,0.1,0.1,0.1,0.1,0.1,0.1,0.1,0.1,0.1,0.1,0.1,0.1,0.1,0.1,0.1,0.1,0.1,0.1,0.1,0.1,0.1,0.1,0.1,0.1,0.1,0.1,0.1,0.1,0.1,0.1,0.1,0.1,0.1,0.1,0.1,0.1,0.1,0.1,0.1,0.1,0.1,0.1,0.1,0.1,0.1,0.1,0.1,0.1,0.1,0.1,0.1,0.1,0.1,0.1,0.1,0.1,0.1,0.1,0.1,0.1,0.1,0.1,0.1,0.1,0.1,0.1,0.1,0.1,0.1,0.1,0.1,0.1,0.1,0.1,0.1,0.1,0.1,0.1,0.1,0.1,0.1,0.1,0.1,0.1,0.1,0.1,0.1,0.1,0.1,0.1,0.1,0.1,0.1,0.1,0.1,0.1,0.1,0.1,0.1,0.1,0.1,0.1,0.1,0.1,0.1,0.1,0.1,0.1,0.1,0.1,0.1,0.1,0.1,0.1,0.1,0.1,0.1,0.1,0.1,0.1,0.1,0.1,0.1,0.1,0.1,0.1,0.1,0.1,0.1,0.1,0.1,0.1,0.1,0.1,0.1,0.1,0.1,0.1,0.1,0.1,0.1,0.1,0.1,0.1,0.1,0.1,0.1,0.1,0.1,0.1,0.1,0.1,0.1,0.1,0.1,0.1,0.1,0.1,0.1,0.1,0.1,0.1,0.1,0.1,0.1,0.1,0.1,0.1,0.1,0.1,0.1,0.1,0.1,0.1,0.1,0.1,0.1,0.1,0.1,0.1,0.1,0.1,0.1,0.1,0.1,0.1,0.1,0.1,0.1,0.1,0.1,0.1,0.1,0.1,0.1,0.1,0.1,0.1,0.1,0.1,0.1,0.1,0.1,0.1,0.1,0.1,0.1,0.1,0.1,0.1,0.1,0.1,0.1,0.1,0.1,0.1,0.1,0.1,0.1,0.1,0.1,0.1,0.1,0.1,0.1,0.1,0.1,0.1,0.1,0.1,0.1,0.1,0.1,0.1,0.1,0.1,0.1,0.1,0.1,0.1,0.1,0.1,0.1,0.1,0.1,0.1,0.1,0.1,0.1,0.1,0.1,0.1,0.1,0.1,0.1,0.1,0.1,0.1,0.1,0.1,0.1,0.1,0.1,0.1,0.1,0.1,0.1,0.1,0.1,0.1,0.1,0.1,0.1,0.1,0.1,0.1,0.1,0.1,0.1,0.1,0.1,0.1,0.1,0.1,0.1,0.1,0.1,0.1,0.1,0.1,0.1,0.1,0.1,0.1,0.1,0.1,0.1,0.1,0.1,0.1,0.1,0.1,0.1,0.1,0.1,0.1,0.1,0.1,0.1,0.1,0.1,0.1,0.1,0.1,0.1,0.1,0.1,0.1,0.1,0.1,0.1,0.1,0.1,0.1,0.1,0.1,0.1,0.1,0.1,0.1,0.1,0.1,0.1,0.1,0.1,0.1,0.1,0.1,0.1,0.1,0.1,0.1,0.1,0.1,0.1,0.1,0.1,0.1,0.1,0.1,0.1,0.1,0.1,0.1,0.1,0.1,0.1,0.1,0.1,0.1,0.1,0.1,0.1,0.1,0.1,0.1,0.1,0.1,0.1,0.1,0.1,0.1,0.1,0.1,0.1,0.1,0.1,0.1,0.1,0.1,0.1,0.1,0.1,0.1,0.1,0.1,0.1,0.1,0.1,0.1,0.1,0.1,0.1,0.1,0.1,0.1,0.1,0.1,0.1,0.1,0.1,0.1,0.1,0.1,0.1,0.1,0.1,0.1,0.1,0.1,0.1,0.1,0.1,0.1,0.1,0.1,0.1,0.1,0.1,0.1,0.1,0.1,0.1,0.1,0.1,0.1,0.1,0.1,0.1,0.1,0.1,0.1,0.1,0.1,0.1,0.1,0.1,0.1,0.1,0.1,0.1,0.1,0.1,0.1,0.1,0.1,0.1,0.1,0.1,0.1,0.1,0.1,0.1,0.1,0.1,0.1,0.1,0.1,0.1,0.1,0.1,0.1,0.1,0.1,0.1,0.1,0.1,0.1,0.1,0.1,0.1,0.1,0.1,0.1,0.1,0.1,0.1,0.1,0.1,0.1,0.1,0.1,0.1,0.1,0.1,0.1,0.1,0.1,0.1,0.1,0.1,0.1,0.1,0.1,0.1,0.1,0.1,0.1,0.1,0.1,0.1,0.1,0.1,0.1,0.1,0.1,0.1,0.1,0.1,0.1,0.1,0.1,0.1,0.1,0.1,0.1
0.1,0.1,0.1,0.1,0.1,0.1,0.1,0.1,0.1,0.1,0.1,0.1,0.1,0.1,0.1,0.1,0.1,0.1,0.1,0.1,0.1,0.1,0.1,0.1,0.1,0.1,0.1,0.1,0.1,0.1,0.1,0.1,0.1,0.1,0.1,0.1,0.1,0.1,0.1,0.1,0.1,0.1,0.1,0.1,0.1,0.1,0.1,0.1,0.1,0.1,0.1,0.1,0.1,0.1,0.1,0.1,0.1,0.1,0.1,0.1,0.1,0.1,0.1,0.1,0.1,0.1,0.1,0.1,0.1,0.1,0.1,0.1,0.1,0.1,0.1,0.1,0.1,0.1,0.1,0.1,0.1,0.1,0.1,0.1,0.1,0.1,0.1,0.1,0.1,0.1,0.1,0.1,0.1,0.1,0.1,0.1,0.1,0.1,0.1,0.1,0.1,0.1,0.1,0.1,0.1,0.1,0.1,0.1,0.1,0.1,0.1,0.1,0.1,0.1,0.1,0.1,0.1,0.1,0.1,0.1,0.1,0.1,0.1,0.1,0.1,0.1,0.1,0.1,0.1,0.1,0.1,0.1,0.1,0.1,0.1,0.1,0.1,0.1,0.1,0.1,0.1,0.1,0.1,0.1,0.1,0.1,0.1,0.1,0.1,0.1,0.1,0.1,0.1,0.1,0.1,0.1,0.1,0.1,0.1,0.1,0.1,0.1,0.1,0.1,0.1,0.1,0.1,0.1,0.1,0.1,0.1,0.1,0.1,0.1,0.1,0.1,0.1,0.1,0.1,0.1,0.1,0.1,0.1,0.1,0.1,0.1,0.1,0.1,0.1,0.1,0.1,0.1,0.1,0.1,0.1,0.1,0.1,0.1,0.1,0.1,0.1,0.1,0.1,0.1,0.1,0.1,0.1,0.1,0.1,0.1,0.1,0.1,0.1,0.1,0.1,0.1,0.1,0.1,0.1,0.1,0.1,0.1,0.1,0.1,0.1,0.1,0.1,0.1,0.1,0.1,0.1,0.1,0.1,0.1,0.1,0.1,0.1,0.1,0.1,0.1,0.1,0.1,0.1,0.1,0.1,0.1,0.1,0.1,0.1,0.1,0.1,0.1,0.1,0.1,0.1,0.1,0.1,0.1,0.1,0.1,0.1,0.1,0.1,0.1,0.1,0.1,0.1,0.1,0.1,0.1,0.1,0.1,0.1,0.1,0.1,0.1,0.1,0.1,0.1,0.1,0.1,0.1,0.1,0.1,0.1,0.1,0.1,0.1,0.1,0.1,0.1,0.1,0.1,0.1,0.1,0.1,0.1,0.1,0.1,0.1,0.1,0.1,0.1,0.1,0.1,0.1,0.1,0.1,0.1,0.1,0.1,0.1,0.1,0.1,0.1,0.1,0.1,0.1,0.1,0.1,0.1,0.1,0.1,0.1,0.1,0.1,0.1,0.1,0.1,0.1,0.1,0.1,0.1,0.1,0.1,0.1,0.1,0.1,0.1,0.1,0.1,0.1,0.1,0.1,0.1,0.1,0.1,0.1,0.1,0.1,0.1,0.1,0.1,0.1,0.1,0.1,0.1,0.1,0.1,0.1,0.1,0.1,0.1,0.1,0.1,0.1,0.1,0.1,0.1,0.1,0.1,0.1,0.1,0.1,0.1,0.1,0.1,0.1,0.1,0.1,0.1,0.1,0.1,0.1,0.1,0.1,0.1,0.1,0.1,0.1,0.1,0.1,0.1,0.1,0.1,0.1,0.1,0.1,0.1,0.1,0.1,0.1,0.1,0.1,0.1,0.1,0.1,0.1,0.1,0.1,0.1,0.1,0.1,0.1,0.1,0.1,0.1,0.1,0.1,0.1,0.1,0.1,0.1,0.1,0.1,0.1,0.1,0.1,0.1,0.1,0.1,0.1,0.1,0.1,0.1,0.1,0.1,0.1,0.1,0.1,0.1,0.1,0.1,0.1,0.1,0.1,0.1,0.1,0.1,0.1,0.1,0.1,0.1,0.1,0.1,0.1,0.1,0.1,0.1,0.1,0.1,0.1,0.1,0.1,0.1,0.1,0.1,0.1,0.1,0.1,0.1,0.1,0.1,0.1,0.1,0.1,0.1,0.1,0.1,0.1,0.1,0.1,0.1,0.1,0.1,0.1,0.1,0.1,0.1,0.1,0.1,0.1,0.1,0.1,0.1,0.1,0.1,0.1,0.1,0.1,0.1,0.1,0.1,0.1,0.1,0.1,0.1,0.1,0.1,0.1,0.1,0.1,0.1,0.1,0.1,0.1,0.1,0.1,0.1,0.1,0.1,0.1,0.1,0.1,0.1,0.1,0.1,0.1,0.1,0.1,0.1,0.1,0.1,0.1,0.1,0.1,0.1,0.1,0.1,0.1,0.1,0.1,0.1,0.1,0.1,0.1,0.1,0.1,0.1,0.1
0.1,0.1,0.1,0.1,0.1,0.1,0.1,0.1,0.1,0.1,0.1,0.1,0.1,0.1,0.1,0.1,0.1,0.1,0.1,0.1,0.1,0.1,0.1,0.1,0.1,0.1,0.1,0.1,0.1,0.1,0.1,0.1,0.1,0.1,0.1,0.1,0.1,0.1,0.1,0.1,0.1,0.1,0.1,0.1,0.1,0.1,0.1,0.1,0.1,0.1,0.1,0.1,0.1,0.1,0.1,0.1,0.1,0.1,0.1,0.1,0.1,0.1,0.1,0.1,0.1,0.1,0.1,0.1,0.1,0.1,0.1,0.1,0.1,0.1,0.1,0.1,0.1,0.1,0.1,0.1,0.1,0.1,0.1,0.1,0.1,0.1,0.1,0.1,0.1,0.1,0.1,0.1,0.1,0.1,0.1,0.1,0.1,0.1,0.1,0.1,0.1,0.1,0.1,0.1,0.1,0.1,0.1,0.1,0.1,0.1,0.1,0.1,0.1,0.1,0.1,0.1,0.1,0.1,0.1,0.1,0.1,0.1,0.1,0.1,0.1,0.1,0.1,0.1,0.1,0.1,0.1,0.1,0.1,0.1,0.1,0.1,0.1,0.1,0.1,0.1,0.1,0.1,0.1,0.1,0.1,0.1,0.1,0.1,0.1,0.1,0.1,0.1,0.1,0.1,0.1,0.1,0.1,0.1,0.1,0.1,0.1,0.1,0.1,0.1,0.1,0.1,0.1,0.1,0.1,0.1,0.1,0.1,0.1,0.1,0.1,0.1,0.1,0.1,0.1,0.1,0.1,0.1,0.1,0.1,0.1,0.1,0.1,0.1,0.1,0.1,0.1,0.1,0.1,0.1,0.1,0.1,0.1,0.1,0.1,0.1,0.1,0.1,0.1,0.1,0.1,0.1,0.1,0.1,0.1,0.1,0.1,0.1,0.1,0.1,0.1,0.1,0.1,0.1,0.1,0.1,0.1,0.1,0.1,0.1,0.1,0.1,0.1,0.1,0.1,0.1,0.1,0.1,0.1,0.1,0.1,0.1,0.1,0.1,0.1,0.1,0.1,0.1,0.1,0.1,0.1,0.1,0.1,0.1,0.1,0.1,0.1,0.1,0.1,0.1,0.1,0.1,0.1,0.1,0.1,0.1,0.1,0.1,0.1,0.1,0.1,0.1,0.1,0.1,0.1,0.1,0.1,0.1,0.1,0.1,0.1,0.1,0.1,0.1,0.1,0.1,0.1,0.1,0.1,0.1,0.1,0.1,0.1,0.1,0.1,0.1,0.1,0.1,0.1,0.1,0.1,0.1,0.1,0.1,0.1,0.1,0.1,0.1,0.1,0.1,0.1,0.1,0.1,0.1,0.1,0.1,0.1,0.1,0.1,0.1,0.1,0.1,0.1,0.1,0.1,0.1,0.1,0.1,0.1,0.1,0.1,0.1,0.1,0.1,0.1,0.1,0.1,0.1,0.1,0.1,0.1,0.1,0.1,0.1,0.1,0.1,0.1,0.1,0.1,0.1,0.1,0.1,0.1,0.1,0.1,0.1,0.1,0.1,0.1,0.1,0.1,0.1,0.1,0.1,0.1,0.1,0.1,0.1,0.1,0.1,0.1,0.1,0.1,0.1,0.1,0.1,0.1,0.1,0.1,0.1,0.1,0.1,0.1,0.1,0.1,0.1,0.1,0.1,0.1,0.1,0.1,0.1,0.1,0.1,0.1,0.1,0.1,0.1,0.1,0.1,0.1,0.1,0.1,0.1,0.1,0.1,0.1,0.1,0.1,0.1,0.1,0.1,0.1,0.1,0.1,0.1,0.1,0.1,0.1,0.1,0.1,0.1,0.1,0.1,0.1,0.1,0.1,0.1,0.1,0.1,0.1,0.1,0.1,0.1,0.1,0.1,0.1,0.1,0.1,0.1,0.1,0.1,0.1,0.1,0.1,0.1,0.1,0.1,0.1,0.1,0.1,0.1,0.1,0.1,0.1,0.1,0.1,0.1,0.1,0.1,0.1,0.1,0.1,0.1,0.1,0.1,0.1,0.1,0.1,0.1,0.1,0.1,0.1,0.1,0.1,0.1,0.1,0.1,0.1,0.1,0.1,0.1,0.1,0.1,0.1,0.1,0.1,0.1,0.1,0.1,0.1,0.1,0.1,0.1,0.1,0.1,0.1,0.1,0.1,0.1,0.1,0.1,0.1,0.1,0.1,0.1,0.1,0.1,0.1,0.1,0.1,0.1,0.1,0.1,0.1,0.1,0.1,0.1,0.1,0.1,0.1,0.1,0.1,0.1,0.1,0.1,0.1,0.1,0.1,0.1,0.1,0.1,0.1,0.1,0.1,0.1,0.1,0.1,0.1,0.1,0.1,0.1,0.1,0.1,0.1,0.1,0.1,0.1,0.1,0.1,0.1,0.1,0.1,0.1,0.1,0.1
0.1,0.1,0.1,0.1,0.1,0.1,0.1,0.1,0.1,0.1,0.1,0.1,0.1,0.1,0.1,0.1,0.1,0.1,0.1,0.1,0.1,0.1,0.1,0.1,0.1,0.1,0.1,0.1,0.1,0.1,0.1,0.1,0.1,0.1,0.1,0.1,0.1,0.1,0.1,0.1,0.1,0.1,0.1,0.1,0.1,0.1,0.1,0.1,0.1,0.1,0.1,0.1,0.1,0.1,0.1,0.1,0.1,0.1,0.1,0.1,0.1,0.1,0.1,0.1,0.1,0.1,0.1,0.1,0.1,0.1,0.1,0.1,0.1,0.1,0.1,0.1,0.1,0.1,0.1,0.1,0.1,0.1,0.1,0.1,0.1,0.1,0.1,0.1,0.1,0.1,0.1,0.1,0.1,0.1,0.1,0.1,0.1,0.1,0.1,0.1,0.1,0.1,0.1,0.1,0.1,0.1,0.1,0.1,0.1,0.1,0.1,0.1,0.1,0.1,0.1,0.1,0.1,0.1,0.1,0.1,0.1,0.1,0.1,0.1,0.1,0.1,0.1,0.1,0.1,0.1,0.1,0.1,0.1,0.1,0.1,0.1,0.1,0.1,0.1,0.1,0.1,0.1,0.1,0.1,0.1,0.1,0.1,0.1,0.1,0.1,0.1,0.1,0.1,0.1,0.1,0.1,0.1,0.1,0.1,0.1,0.1,0.1,0.1,0.1,0.1,0.1,0.1,0.1,0.1,0.1,0.1,0.1,0.1,0.1,0.1,0.1,0.1,0.1,0.1,0.1,0.1,0.1,0.1,0.1,0.1,0.1,0.1,0.1,0.1,0.1,0.1,0.1,0.1,0.1,0.1,0.1,0.1,0.1,0.1,0.1,0.1,0.1,0.1,0.1,0.1,0.1,0.1,0.1,0.1,0.1,0.1,0.1,0.1,0.1,0.1,0.1,0.1,0.1,0.1,0.1,0.1,0.1,0.1,0.1,0.1,0.1,0.1,0.1,0.1,0.1,0.1,0.1,0.1,0.1,0.1,0.1,0.1,0.1,0.1,0.1,0.1,0.1,0.1,0.1,0.1,0.1,0.1,0.1,0.1,0.1,0.1,0.1,0.1,0.1,0.1,0.1,0.1,0.1,0.1,0.1,0.1,0.1,0.1,0.1,0.1,0.1,0.1,0.1,0.1,0.1,0.1,0.1,0.1,0.1,0.1,0.1,0.1,0.1,0.1,0.1,0.1,0.1,0.1,0.1,0.1,0.1,0.1,0.1,0.1,0.1,0.1,0.1,0.1,0.1,0.1,0.1,0.1,0.1,0.1,0.1,0.1,0.1,0.1,0.1,0.1,0.1,0.1,0.1,0.1,0.1,0.1,0.1,0.1,0.1,0.1,0.1,0.1,0.1,0.1,0.1,0.1,0.1,0.1,0.1,0.1,0.1,0.1,0.1,0.1,0.1,0.1,0.1,0.1,0.1,0.1,0.1,0.1,0.1,0.1,0.1,0.1,0.1,0.1,0.1,0.1,0.1,0.1,0.1,0.1,0.1,0.1,0.1,0.1,0.1,0.1,0.1,0.1,0.1,0.1,0.1,0.1,0.1,0.1,0.1,0.1,0.1,0.1,0.1,0.1,0.1,0.1,0.1,0.1,0.1,0.1,0.1,0.1,0.1,0.1,0.1,0.1,0.1,0.1,0.1,0.1,0.1,0.1,0.1,0.1,0.1,0.1,0.1,0.1,0.1,0.1,0.1,0.1,0.1,0.1,0.1,0.1,0.1,0.1,0.1,0.1,0.1,0.1,0.1,0.1,0.1,0.1,0.1,0.1,0.1,0.1,0.1,0.1,0.1,0.1,0.1,0.1,0.1,0.1,0.1,0.1,0.1,0.1,0.1,0.1,0.1,0.1,0.1,0.1,0.1,0.1,0.1,0.1,0.1,0.1,0.1,0.1,0.1,0.1,0.1,0.1,0.1,0.1,0.1,0.1,0.1,0.1,0.1,0.1,0.1,0.1,0.1,0.1,0.1,0.1,0.1,0.1,0.1,0.1,0.1,0.1,0.1,0.1,0.1,0.1,0.1,0.1,0.1,0.1,0.1,0.1,0.1,0.1,0.1,0.1,0.1,0.1,0.1,0.1,0.1,0.1,0.1,0.1,0.1,0.1,0.1,0.1,0.1,0.1,0.1,0.1,0.1,0.1,0.1,0.1,0.1,0.1,0.1,0.1,0.1,0.1,0.1,0.1,0.1,0.1,0.1,0.1,0.1,0.1,0.1,0.1,0.1,0.1,0.1,0.1,0.1,0.1,0.1,0.1,0.1,0.1,0.1,0.1,0.1,0.1,0.1,0.1,0.1,0.1,0.1,0.1,0.1,0.1,0.1,0.1,0.1,0.1,0.1,0.1,0.1,0.1,0.1,0.1,0.1,0.1,0.1
0.1,0.1,0.1,0.1,0.1,0.1,0.1,0.1,0.1,0.1,0.1,0.1,0.1,0.1,0.1,0.1,0.1,0.1,0.1,0.1,0.1,0.1,0.1,0.1,0.1,0.1,0.1,0.1,0.1,0.1,0.1,0.1,0.1,0.1,0.1,0.1,0.1,0.1,0.1,0.1,0.1,0.1,0.1,0.1,0.1,0.1,0.1,0.1,0.1,0.1,0.1,0.1,0.1,0.1,0.1,0.1,0.1,0.1,0.1,0.1,0.1,0.1,0.1,0.1,0.1,0.1,0.1,0.1,0.1,0.1,0.1,0.1,0.1,0.1,0.1,0.1,0.1,0.1,0.1,0.1,0.1,0.1,0.1,0.1,0.1,0.1,0.1,0.1,0.1,0.1,0.1,0.1,0.1,0.1,0.1,0.1,0.1,0.1,0.1,0.1,0.1,0.1,0.1,0.1,0.1,0.1,0.1,0.1,0.1,0.1,0.1,0.1,0.1,0.1,0.1,0.1,0.1,0.1,0.1,0.1,0.1,0.1,0.1,0.1,0.1,0.1,0.1,0.1,0.1,0.1,0.1,0.1,0.1,0.1,0.1,0.1,0.1,0.1,0.1,0.1,0.1,0.1,0.1,0.1,0.1,0.1,0.1,0.1,0.1,0.1,0.1,0.1,0.1,0.1,0.1,0.1,0.1,0.1,0.1,0.1,0.1,0.1,0.1,0.1,0.1,0.1,0.1,0.1,0.1,0.1,0.1,0.1,0.1,0.1,0.1,0.1,0.1,0.1,0.1,0.1,0.1,0.1,0.1,0.1,0.1,0.1,0.1,0.1,0.1,0.1,0.1,0.1,0.1,0.1,0.1,0.1,0.1,0.1,0.1,0.1,0.1,0.1,0.1,0.1,0.1,0.1,0.1,0.1,0.1,0.1,0.1,0.1,0.1,0.1,0.1,0.1,0.1,0.1,0.1,0.1,0.1,0.1,0.1,0.1,0.1,0.1,0.1,0.1,0.1,0.1,0.1,0.1,0.1,0.1,0.1,0.1,0.1,0.1,0.1,0.1,0.1,0.1,0.1,0.1,0.1,0.1,0.1,0.1,0.1,0.1,0.1,0.1,0.1,0.1,0.1,0.1,0.1,0.1,0.1,0.1,0.1,0.1,0.1,0.1,0.1,0.1,0.1,0.1,0.1,0.1,0.1,0.1,0.1,0.1,0.1,0.1,0.1,0.1,0.1,0.1,0.1,0.1,0.1,0.1,0.1,0.1,0.1,0.1,0.1,0.1,0.1,0.1,0.1,0.1,0.1,0.1,0.1,0.1,0.1,0.1,0.1,0.1,0.1,0.1,0.1,0.1,0.1,0.1,0.1,0.1,0.1,0.1,0.1,0.1,0.1,0.1,0.1,0.1,0.1,0.1,0.1,0.1,0.1,0.1,0.1,0.1,0.1,0.1,0.1,0.1,0.1,0.1,0.1,0.1,0.1,0.1,0.1,0.1,0.1,0.1,0.1,0.1,0.1,0.1,0.1,0.1,0.1,0.1,0.1,0.1,0.1,0.1,0.1,0.1,0.1,0.1,0.1,0.1,0.1,0.1,0.1,0.1,0.1,0.1,0.1,0.1,0.1,0.1,0.1,0.1,0.1,0.1,0.1,0.1,0.1,0.1,0.1,0.1,0.1,0.1,0.1,0.1,0.1,0.1,0.1,0.1,0.1,0.1,0.1,0.1,0.1,0.1,0.1,0.1,0.1,0.1,0.1,0.1,0.1,0.1,0.1,0.1,0.1,0.1,0.1,0.1,0.1,0.1,0.1,0.1,0.1,0.1,0.1,0.1,0.1,0.1,0.1,0.1,0.1,0.1,0.1,0.1,0.1,0.1,0.1,0.1,0.1,0.1,0.1,0.1,0.1,0.1,0.1,0.1,0.1,0.1,0.1,0.1,0.1,0.1,0.1,0.1,0.1,0.1,0.1,0.1,0.1,0.1,0.1,0.1,0.1,0.1,0.1,0.1,0.1,0.1,0.1,0.1,0.1,0.1,0.1,0.1,0.1,0.1,0.1,0.1,0.1,0.1,0.1,0.1,0.1,0.1,0.1,0.1,0.1,0.1,0.1,0.1,0.1,0.1,0.1,0.1,0.1,0.1,0.1,0.1,0.1,0.1,0.1,0.1,0.1,0.1,0.1,0.1,0.1,0.1,0.1,0.1,0.1,0.1,0.1,0.1,0.1,0.1,0.1,0.1,0.1,0.1,0.1,0.1,0.1,0.1,0.1,0.1,0.1,0.1,0.1,0.1,0.1,0.1,0.1,0.1,0.1,0.1,0.1,0.1,0.1,0.1,0.1,0.1,0.1,0.1,0.1,0.1,0.1,0.1,0.1,0.1,0.1,0.1,0.1,0.1,0.1,0.1,0.1,0.1,0.1,0.1,0.1,0.1
0.1,0.1,0.1,0.1,0.1,0.1,0.1,0.1,0.1,0.1,0.1,0.1,0.1,0.1,0.1,0.1,0.1,0.1,0.1,0.1,0.1,0.1,0.1,0.1,0.1,0.1,0.1,0.1,0.1,0.1,0.1,0.1,0.1,0.1,0.1,0.1,0.1,0.1,0.1,0.1,0.1,0.1,0.1,0.1,0.1,0.1,0.1,0.1,0.1,0.1,0.1,0.1,0.1,0.1,0.1,0.1,0.1,0.1,0.1,0.1,0.1,0.1,0.1,0.1,0.1,0.1,0.1,0.1,0.1,0.1,0.1,0.1,0.1,0.1,0.1,0.1,0.1,0.1,0.1,0.1,0.1,0.1,0.1,0.1,0.1,0.1,0.1,0.1,0.1,0.1,0.1,0.1,0.1,0.1,0.1,0.1,0.1,0.1,0.1,0.1,0.1,0.1,0.1,0.1,0.1,0.1,0.1,0.1,0.1,0.1,0.1,0.1,0.1,0.1,0.1,0.1,0.1,0.1,0.1,0.1,0.1,0.1,0.1,0.1,0.1,0.1,0.1,0.1,0.1,0.1,0.1,0.1,0.1,0.1,0.1,0.1,0.1,0.1,0.1,0.1,0.1,0.1,0.1,0.1,0.1,0.1,0.1,0.1,0.1,0.1,0.1,0.1,0.1,0.1,0.1,0.1,0.1,0.1,0.1,0.1,0.1,0.1,0.1,0.1,0.1,0.1,0.1,0.1,0.1,0.1,0.1,0.1,0.1,0.1,0.1,0.1,0.1,0.1,0.1,0.1,0.1,0.1,0.1,0.1,0.1,0.1,0.1,0.1,0.1,0.1,0.1,0.1,0.1,0.1,0.1,0.1,0.1,0.1,0.1,0.1,0.1,0.1,0.1,0.1,0.1,0.1,0.1,0.1,0.1,0.1,0.1,0.1,0.1,0.1,0.1,0.1,0.1,0.1,0.1,0.1,0.1,0.1,0.1,0.1,0.1,0.1,0.1,0.1,0.1,0.1,0.1,0.1,0.1,0.1,0.1,0.1,0.1,0.1,0.1,0.1,0.1,0.1,0.1,0.1,0.1,0.1,0.1,0.1,0.1,0.1,0.1,0.1,0.1,0.1,0.1,0.1,0.1,0.1,0.1,0.1,0.1,0.1,0.1,0.1,0.1,0.1,0.1,0.1,0.1,0.1,0.1,0.1,0.1,0.1,0.1,0.1,0.1,0.1,0.1,0.1,0.1,0.1,0.1,0.1,0.1,0.1,0.1,0.1,0.1,0.1,0.1,0.1,0.1,0.1,0.1,0.1,0.1,0.1,0.1,0.1,0.1,0.1,0.1,0.1,0.1,0.1,0.1,0.1,0.1,0.1,0.1,0.1,0.1,0.1,0.1,0.1,0.1,0.1,0.1,0.1,0.1,0.1,0.1,0.1,0.1,0.1,0.1,0.1,0.1,0.1,0.1,0.1,0.1,0.1,0.1,0.1,0.1,0.1,0.1,0.1,0.1,0.1,0.1,0.1,0.1,0.1,0.1,0.1,0.1,0.1,0.1,0.1,0.1,0.1,0.1,0.1,0.1,0.1,0.1,0.1,0.1,0.1,0.1,0.1,0.1,0.1,0.1,0.1,0.1,0.1,0.1,0.1,0.1,0.1,0.1,0.1,0.1,0.1,0.1,0.1,0.1,0.1,0.1,0.1,0.1,0.1,0.1,0.1,0.1,0.1,0.1,0.1,0.1,0.1,0.1,0.1,0.1,0.1,0.1,0.1,0.1,0.1,0.1,0.1,0.1,0.1,0.1,0.1,0.1,0.1,0.1,0.1,0.1,0.1,0.1,0.1,0.1,0.1,0.1,0.1,0.1,0.1,0.1,0.1,0.1,0.1,0.1,0.1,0.1,0.1,0.1,0.1,0.1,0.1,0.1,0.1,0.1,0.1,0.1,0.1,0.1,0.1,0.1,0.1,0.1,0.1,0.1,0.1,0.1,0.1,0.1,0.1,0.1,0.1,0.1,0.1,0.1,0.1,0.1,0.1,0.1,0.1,0.1,0.1,0.1,0.1,0.1,0.1,0.1,0.1,0.1,0.1,0.1,0.1,0.1,0.1,0.1,0.1,0.1,0.1,0.1,0.1,0.1,0.1,0.1,0.1,0.1,0.1,0.1,0.1,0.1,0.1,0.1,0.1,0.1,0.1,0.1,0.1,0.1,0.1,0.1,0.1,0.1,0.1,0.1,0.1,0.1,0.1,0.1,0.1,0.1,0.1,0.1,0.1,0.1,0.1,0.1,0.1,0.1,0.1,0.1,0.1,0.1,0.1,0.1,0.1,0.1,0.1,0.1,0.1,0.1,0.1,0.1,0.1,0.1,0.1,0.1,0.1,0.1,0.1,0.1,0.1,0.1,0.1,0.1,0.1,0.1,0.1,0.1,0.1
0.1,0.1,0.1,0.1,0.1,0.1,0.1,0.1,0.1,0.1,0.1,0.1,0.1,0.1,0.1,0.1,0.1,0.1,0.1,0.1,0.1,0.1,0.1,0.1,0.1,0.1,0.1,0.1,0.1,0.1,0.1,0.1,0.1,0.1,0.1,0.1,0.1,0.1,0.1,0.1,0.1,0.1,0.1,0.1,0.1,0.1,0.1,0.1,0.1,0.1,0.1,0.1,0.1,0.1,0.1,0.1,0.1,0.1,0.1,0.1,0.1,0.1,0.1,0.1,0.1,0.1,0.1,0.1,0.1,0.1,0.1,0.1,0.1,0.1,0.1,0.1,0.1,0.1,0.1,0.1,0.1,0.1,0.1,0.1,0.1,0.1,0.1,0.1,0.1,0.1,0.1,0.1,0.1,0.1,0.1,0.1,0.1,0.1,0.1,0.1,0.1,0.1,0.1,0.1,0.1,0.1,0.1,0.1,0.1,0.1,0.1,0.1,0.1,0.1,0.1,0.1,0.1,0.1,0.1,0.1,0.1,0.1,0.1,0.1,0.1,0.1,0.1,0.1,0.1,0.1,0.1,0.1,0.1,0.1,0.1,0.1,0.1,0.1,0.1,0.1,0.1,0.1,0.1,0.1,0.1,0.1,0.1,0.1,0.1,0.1,0.1,0.1,0.1,0.1,0.1,0.1,0.1,0.1,0.1,0.1,0.1,0.1,0.1,0.1,0.1,0.1,0.1,0.1,0.1,0.1,0.1,0.1,0.1,0.1,0.1,0.1,0.1,0.1,0.1,0.1,0.1,0.1,0.1,0.1,0.1,0.1,0.1,0.1,0.1,0.1,0.1,0.1,0.1,0.1,0.1,0.1,0.1,0.1,0.1,0.1,0.1,0.1,0.1,0.1,0.1,0.1,0.1,0.1,0.1,0.1,0.1,0.1,0.1,0.1,0.1,0.1,0.1,0.1,0.1,0.1,0.1,0.1,0.1,0.1,0.1,0.1,0.1,0.1,0.1,0.1,0.1,0.1,0.1,0.1,0.1,0.1,0.1,0.1,0.1,0.1,0.1,0.1,0.1,0.1,0.1,0.1,0.1,0.1,0.1,0.1,0.1,0.1,0.1,0.1,0.1,0.1,0.1,0.1,0.1,0.1,0.1,0.1,0.1,0.1,0.1,0.1,0.1,0.1,0.1,0.1,0.1,0.1,0.1,0.1,0.1,0.1,0.1,0.1,0.1,0.1,0.1,0.1,0.1,0.1,0.1,0.1,0.1,0.1,0.1,0.1,0.1,0.1,0.1,0.1,0.1,0.1,0.1,0.1,0.1,0.1,0.1,0.1,0.1,0.1,0.1,0.1,0.1,0.1,0.1,0.1,0.1,0.1,0.1,0.1,0.1,0.1,0.1,0.1,0.1,0.1,0.1,0.1,0.1,0.1,0.1,0.1,0.1,0.1,0.1,0.1,0.1,0.1,0.1,0.1,0.1,0.1,0.1,0.1,0.1,0.1,0.1,0.1,0.1,0.1,0.1,0.1,0.1,0.1,0.1,0.1,0.1,0.1,0.1,0.1,0.1,0.1,0.1,0.1,0.1,0.1,0.1,0.1,0.1,0.1,0.1,0.1,0.1,0.1,0.1,0.1,0.1,0.1,0.1,0.1,0.1,0.1,0.1,0.1,0.1,0.1,0.1,0.1,0.1,0.1,0.1,0.1,0.1,0.1,0.1,0.1,0.1,0.1,0.1,0.1,0.1,0.1,0.1,0.1,0.1,0.1,0.1,0.1,0.1,0.1,0.1,0.1,0.1,0.1,0.1,0.1,0.1,0.1,0.1,0.1,0.1,0.1,0.1,0.1,0.1,0.1,0.1,0.1,0.1,0.1,0.1,0.1,0.1,0.1,0.1,0.1,0.1,0.1,0.1,0.1,0.1,0.1,0.1,0.1,0.1,0.1,0.1,0.1,0.1,0.1,0.1,0.1,0.1,0.1,0.1,0.1,0.1,0.1,0.1,0.1,0.1,0.1,0.1,0.1,0.1,0.1,0.1,0.1,0.1,0.1,0.1,0.1,0.1,0.1,0.1,0.1,0.1,0.1,0.1,0.1,0.1,0.1,0.1,0.1,0.1,0.1,0.1,0.1,0.1,0.1,0.1,0.1,0.1,0.1,0.1,0.1,0.1,0.1,0.1,0.1,0.1,0.1,0.1,0.1,0.1,0.1,0.1,0.1,0.1,0.1,0.1,0.1,0.1,0.1,0.1,0.1,0.1,0.1,0.1,0.1,0.1,0.1,0.1,0.1,0.1,0.1,0.1,0.1,0.1,0.1,0.1,0.1,0.1,0.1,0.1,0.1,0.1,0.1,0.1,0.1,0.1,0.1,0.1,0.1,0.1,0.1,0.1,0.1,0.1,0.1,0.1,0.1,0.1,0.1,0.1,0.1
0.1,0.1,0.1,0.1,0.1,0.1,0.1,0.1,0.1,0.1,0.1,0.1,0.1,0.1,0.1,0.1,0.1,0.1,0.1,0.1,0.1,0.1,0.1,0.1,0.1,0.1,0.1,0.1,0.1,0.1,0.1,0.1,0.1,0.1,0.1,0.1,0.1,0.1,0.1,0.1,0.1,0.1,0.1,0.1,0.1,0.1,0.1,0.1,0.1,0.1,0.1,0.1,0.1,0.1,0.1,0.1,0.1,0.1,0.1,0.1,0.1,0.1,0.1,0.1,0.1,0.1,0.1,0.1,0.1,0.1,0.1,0.1,0.1,0.1,0.1,0.1,0.1,0.1,0.1,0.1,0.1,0.1,0.1,0.1,0.1,0.1,0.1,0.1,0.1,0.1,0.1,0.1,0.1,0.1,0.1,0.1,0.1,0.1,0.1,0.1,0.1,0.1,0.1,0.1,0.1,0.1,0.1,0.1,0.1,0.1,0.1,0.1,0.1,0.1,0.1,0.1,0.1,0.1,0.1,0.1,0.1,0.1,0.1,0.1,0.1,0.1,0.1,0.1,0.1,0.1,0.1,0.1,0.1,0.1,0.1,0.1,0.1,0.1,0.1,0.1,0.1,0.1,0.1,0.1,0.1,0.1,0.1,0.1,0.1,0.1,0.1,0.1,0.1,0.1,0.1,0.1,0.1,0.1,0.1,0.1,0.1,0.1,0.1,0.1,0.1,0.1,0.1,0.1,0.1,0.1,0.1,0.1,0.1,0.1,0.1,0.1,0.1,0.1,0.1,0.1,0.1,0.1,0.1,0.1,0.1,0.1,0.1,0.1,0.1,0.1,0.1,0.1,0.1,0.1,0.1,0.1,0.1,0.1,0.1,0.1,0.1,0.1,0.1,0.1,0.1,0.1,0.1,0.1,0.1,0.1,0.1,0.1,0.1,0.1,0.1,0.1,0.1,0.1,0.1,0.1,0.1,0.1,0.1,0.1,0.1,0.1,0.1,0.1,0.1,0.1,0.1,0.1,0.1,0.1,0.1,0.1,0.1,0.1,0.1,0.1,0.1,0.1,0.1,0.1,0.1,0.1,0.1,0.1,0.1,0.1,0.1,0.1,0.1,0.1,0.1,0.1,0.1,0.1,0.1,0.1,0.1,0.1,0.1,0.1,0.1,0.1,0.1,0.1,0.1,0.1,0.1,0.1,0.1,0.1,0.1,0.1,0.1,0.1,0.1,0.1,0.1,0.1,0.1,0.1,0.1,0.1,0.1,0.1,0.1,0.1,0.1,0.1,0.1,0.1,0.1,0.1,0.1,0.1,0.1,0.1,0.1,0.1,0.1,0.1,0.1,0.1,0.1,0.1,0.1,0.1,0.1,0.1,0.1,0.1,0.1,0.1,0.1,0.1,0.1,0.1,0.1,0.1,0.1,0.1,0.1,0.1,0.1,0.1,0.1,0.1,0.1,0.1,0.1,0.1,0.1,0.1,0.1,0.1,0.1,0.1,0.1,0.1,0.1,0.1,0.1,0.1,0.1,0.1,0.1,0.1,0.1,0.1,0.1,0.1,0.1,0.1,0.1,0.1,0.1,0.1,0.1,0.1,0.1,0.1,0.1,0.1,0.1,0.1,0.1,0.1,0.1,0.1,0.1,0.1,0.1,0.1,0.1,0.1,0.1,0.1,0.1,0.1,0.1,0.1,0.1,0.1,0.1,0.1,0.1,0.1,0.1,0.1,0.1,0.1,0.1,0.1,0.1,0.1,0.1,0.1,0.1,0.1,0.1,0.1,0.1,0.1,0.1,0.1,0.1,0.1,0.1,0.1,0.1,0.1,0.1,0.1,0.1,0.1,0.1,0.1,0.1,0.1,0.1,0.1,0.1,0.1,0.1,0.1,0.1,0.1,0.1,0.1,0.1,0.1,0.1,0.1,0.1,0.1,0.1,0.1,0.1,0.1,0.1,0.1,0.1,0.1,0.1,0.1,0.1,0.1,0.1,0.1,0.1,0.1,0.1,0.1,0.1,0.1,0.1,0.1,0.1,0.1,0.1,0.1,0.1,0.1,0.1,0.1,0.1,0.1,0.1,0.1,0.1,0.1,0.1,0.1,0.1,0.1,0.1,0.1,0.1,0.1,0.1,0.1,0.1,0.1,0.1,0.1,0.1,0.1,0.1,0.1,0.1,0.1,0.1,0.1,0.1,0.1,0.1,0.1,0.1,0.1,0.1,0.1,0.1,0.1,0.1,0.1,0.1,0.1,0.1,0.1,0.1,0.1,0.1,0.1,0.1,0.1,0.1,0.1,0.1,0.1,0.1,0.1,0.1,0.1,0.1,0.1,0.1,0.1,0.1,0.1,0.1,0.1,0.1,0.1,0.1,0.1,0.1,0.1,0.1,0.1,0.1,0.1,0.1,0.1,0.1,0.1,0.1,0.1
0.1,0.1,0.1,0.1,0.1,0.1,0.1,0.1,0.1,0.1,0.1,0.1,0.1,0.1,0.1,0.1,0.1,0.1,0.1,0.1,0.1,0.1,0.1,0.1,0.1,0.1,0.1,0.1,0.1,0.1,0.1,0.1,0.1,0.1,0.1,0.1,0.1,0.1,0.1,0.1,0.1,0.1,0.1,0.1,0.1,0.1,0.1,0.1,0.1,0.1,0.1,0.1,0.1,0.1,0.1,0.1,0.1,0.1,0.1,0.1,0.1,0.1,0.1,0.1,0.1,0.1,0.1,0.1,0.1,0.1,0.1,0.1,0.1,0.1,0.1,0.1,0.1,0.1,0.1,0.1,0.1,0.1,0.1,0.1,0.1,0.1,0.1,0.1,0.1,0.1,0.1,0.1,0.1,0.1,0.1,0.1,0.1,0.1,0.1,0.1,0.1,0.1,0.1,0.1,0.1,0.1,0.1,0.1,0.1,0.1,0.1,0.1,0.1,0.1,0.1,0.1,0.1,0.1,0.1,0.1,0.1,0.1,0.1,0.1,0.1,0.1,0.1,0.1,0.1,0.1,0.1,0.1,0.1,0.1,0.1,0.1,0.1,0.1,0.1,0.1,0.1,0.1,0.1,0.1,0.1,0.1,0.1,0.1,0.1,0.1,0.1,0.1,0.1,0.1,0.1,0.1,0.1,0.1,0.1,0.1,0.1,0.1,0.1,0.1,0.1,0.1,0.1,0.1,0.1,0.1,0.1,0.1,0.1,0.1,0.1,0.1,0.1,0.1,0.1,0.1,0.1,0.1,0.1,0.1,0.1,0.1,0.1,0.1,0.1,0.1,0.1,0.1,0.1,0.1,0.1,0.1,0.1,0.1,0.1,0.1,0.1,0.1,0.1,0.1,0.1,0.1,0.1,0.1,0.1,0.1,0.1,0.1,0.1,0.1,0.1,0.1,0.1,0.1,0.1,0.1,0.1,0.1,0.1,0.1,0.1,0.1,0.1,0.1,0.1,0.1,0.1,0.1,0.1,0.1,0.1,0.1,0.1,0.1,0.1,0.1,0.1,0.1,0.1,0.1,0.1,0.1,0.1,0.1,0.1,0.1,0.1,0.1,0.1,0.1,0.1,0.1,0.1,0.1,0.1,0.1,0.1,0.1,0.1,0.1,0.1,0.1,0.1,0.1,0.1,0.1,0.1,0.1,0.1,0.1,0.1,0.1,0.1,0.1,0.1,0.1,0.1,0.1,0.1,0.1,0.1,0.1,0.1,0.1,0.1,0.1,0.1,0.1,0.1,0.1,0.1,0.1,0.1,0.1,0.1,0.1,0.1,0.1,0.1,0.1,0.1,0.1,0.1,0.1,0.1,0.1,0.1,0.1,0.1,0.1,0.1,0.1,0.1,0.1,0.1,0.1,0.1,0.1,0.1,0.1,0.1,0.1,0.1,0.1,0.1,0.1,0.1,0.1,0.1,0.1,0.1,0.1,0.1,0.1,0.1,0.1,0.1,0.1,0.1,0.1,0.1,0.1,0.1,0.1,0.1,0.1,0.1,0.1,0.1,0.1,0.1,0.1,0.1,0.1,0.1,0.1,0.1,0.1,0.1,0.1,0.1,0.1,0.1,0.1,0.1,0.1,0.1,0.1,0.1,0.1,0.1,0.1,0.1,0.1,0.1,0.1,0.1,0.1,0.1,0.1,0.1,0.1,0.1,0.1,0.1,0.1,0.1,0.1,0.1,0.1,0.1,0.1,0.1,0.1,0.1,0.1,0.1,0.1,0.1,0.1,0.1,0.1,0.1,0.1,0.1,0.1,0.1,0.1,0.1,0.1,0.1,0.1,0.1,0.1,0.1,0.1,0.1,0.1,0.1,0.1,0.1,0.1,0.1,0.1,0.1,0.1,0.1,0.1,0.1,0.1,0.1,0.1,0.1,0.1,0.1,0.1,0.1,0.1,0.1,0.1,0.1,0.1,0.1,0.1,0.1,0.1,0.1,0.1,0.1,0.1,0.1,0.1,0.1,0.1,0.1,0.1,0.1,0.1,0.1,0.1,0.1,0.1,0.1,0.1,0.1,0.1,0.1,0.1,0.1,0.1,0.1,0.1,0.1,0.1,0.1,0.1,0.1,0.1,0.1,0.1,0.1,0.1,0.1,0.1,0.1,0.1,0.1,0.1,0.1,0.1,0.1,0.1,0.1,0.1,0.1,0.1,0.1,0.1,0.1,0.1,0.1,0.1,0.1,0.1,0.1,0.1,0.1,0.1,0.1,0.1,0.1,0.1,0.1,0.1,0.1,0.1,0.1,0.1,0.1,0.1,0.1,0.1,0.1,0.1,0.1,0.1,0.1,0.1,0.1,0.1,0.1,0.1,0.1,0.1,0.1,0.1,0.1,0.1,0.1,0.1,0.1,0.1,0.1,0.1,0.1,0.1
0.1,0.1,0.1,0.1,0.1,0.1,0.1,0.1,0.1,0.1,0.1,0.1,0.1,0.1,0.1,0.1,0.1,0.1,0.1,0.1,0.1,0.1,0.1,0.1,0.1,0.1,0.1,0.1,0.1,0.1,0.1,0.1,0.1,0.1,0.1,0.1,0.1,0.1,0.1,0.1,0.1,0.1,0.1,0.1,0.1,0.1,0.1,0.1,0.1,0.1,0.1,0.1,0.1,0.1,0.1,0.1,0.1,0.1,0.1,0.1,0.1,0.1,0.1,0.1,0.1,0.1,0.1,0.1,0.1,0.1,0.1,0.1,0.1,0.1,0.1,0.1,0.1,0.1,0.1,0.1,0.1,0.1,0.1,0.1,0.1,0.1,0.1,0.1,0.1,0.1,0.1,0.1,0.1,0.1,0.1,0.1,0.1,0.1,0.1,0.1,0.1,0.1,0.1,0.1,0.1,0.1,0.1,0.1,0.1,0.1,0.1,0.1,0.1,0.1,0.1,0.1,0.1,0.1,0.1,0.1,0.1,0.1,0.1,0.1,0.1,0.1,0.1,0.1,0.1,0.1,0.1,0.1,0.1,0.1,0.1,0.1,0.1,0.1,0.1,0.1,0.1,0.1,0.1,0.1,0.1,0.1,0.1,0.1,0.1,0.1,0.1,0.1,0.1,0.1,0.1,0.1,0.1,0.1,0.1,0.1,0.1,0.1,0.1,0.1,0.1,0.1,0.1,0.1,0.1,0.1,0.1,0.1,0.1,0.1,0.1,0.1,0.1,0.1,0.1,0.1,0.1,0.1,0.1,0.1,0.1,0.1,0.1,0.1,0.1,0.1,0.1,0.1,0.1,0.1,0.1,0.1,0.1,0.1,0.1,0.1,0.1,0.1,0.1,0.1,0.1,0.1,0.1,0.1,0.1,0.1,0.1,0.1,0.1,0.1,0.1,0.1,0.1,0.1,0.1,0.1,0.1,0.1,0.1,0.1,0.1,0.1,0.1,0.1,0.1,0.1,0.1,0.1,0.1,0.1,0.1,0.1,0.1,0.1,0.1,0.1,0.1,0.1,0.1,0.1,0.1,0.1,0.1,0.1,0.1,0.1,0.1,0.1,0.1,0.1,0.1,0.1,0.1,0.1,0.1,0.1,0.1,0.1,0.1,0.1,0.1,0.1,0.1,0.1,0.1,0.1,0.1,0.1,0.1,0.1,0.1,0.1,0.1,0.1,0.1,0.1,0.1,0.1,0.1,0.1,0.1,0.1,0.1,0.1,0.1,0.1,0.1,0.1,0.1,0.1,0.1,0.1,0.1,0.1,0.1,0.1,0.1,0.1,0.1,0.1,0.1,0.1,0.1,0.1,0.1,0.1,0.1,0.1,0.1,0.1,0.1,0.1,0.1,0.1,0.1,0.1,0.1,0.1,0.1,0.1,0.1,0.1,0.1,0.1,0.1,0.1,0.1,0.1,0.1,0.1,0.1,0.1,0.1,0.1,0.1,0.1,0.1,0.1,0.1,0.1,0.1,0.1,0.1,0.1,0.1,0.1,0.1,0.1,0.1,0.1,0.1,0.1,0.1,0.1,0.1,0.1,0.1,0.1,0.1,0.1,0.1,0.1,0.1,0.1,0.1,0.1,0.1,0.1,0.1,0.1,0.1,0.1,0.1,0.1,0.1,0.1,0.1,0.1,0.1,0.1,0.1,0.1,0.1,0.1,0.1,0.1,0.1,0.1,0.1,0.1,0.1,0.1,0.1,0.1,0.1,0.1,0.1,0.1,0.1,0.1,0.1,0.1,0.1,0.1,0.1,0.1,0.1,0.1,0.1,0.1,0.1,0.1,0.1,0.1,0.1,0.1,0.1,0.1,0.1,0.1,0.1,0.1,0.1,0.1,0.1,0.1,0.1,0.1,0.1,0.1,0.1,0.1,0.1,0.1,0.1,0.1,0.1,0.1,0.1,0.1,0.1,0.1,0.1,0.1,0.1,0.1,0.1,0.1,0.1,0.1,0.1,0.1,0.1,0.1,0.1,0.1,0.1,0.1,0.1,0.1,0.1,0.1,0.1,0.1,0.1,0.1,0.1,0.1,0.1,0.1,0.1,0.1,0.1,0.1,0.1,0.1,0.1,0.1,0.1,0.1,0.1,0.1,0.1,0.1,0.1,0.1,0.1,0.1,0.1,0.1,0.1,0.1,0.1,0.1,0.1,0.1,0.1,0.1,0.1,0.1,0.1,0.1,0.1,0.1,0.1,0.1,0.1,0.1,0.1,0.1,0.1,0.1,0.1,0.1,0.1,0.1,0.1,0.1,0.1,0.1,0.1,0.1,0.1,0.1,0.1,0.1,0.1,0.1,0.1,0.1,0.1,0.1,0.1,0.1,0.1,0.1,0.1,0.1,0.1,0.1,0.1,0.1,0.1,0.1,0.1,0.1
0.1,0.1,0.1,0.1,0.1,0.1,0.1,0.1,0.1,0.1,0.1,0.1,0.1,0.1,0.1,0.1,0.1,0.1,0.1,0.1,0.1,0.1,0.1,0.1,0.1,0.1,0.1,0.1,0.1,0.1,0.1,0.1,0.1,0.1,0.1,0.1,0.1,0.1,0.1,0.1,0.1,0.1,0.1,0.1,0.1,0.1,0.1,0.1,0.1,0.1,0.1,0.1,0.1,0.1,0.1,0.1,0.1,0.1,0.1,0.1,0.1,0.1,0.1,0.1,0.1,0.1,0.1,0.1,0.1,0.1,0.1,0.1,0.1,0.1,0.1,0.1,0.1,0.1,0.1,0.1,0.1,0.1,0.1,0.1,0.1,0.1,0.1,0.1,0.1,0.1,0.1,0.1,0.1,0.1,0.1,0.1,0.1,0.1,0.1,0.1,0.1,0.1,0.1,0.1,0.1,0.1,0.1,0.1,0.1,0.1,0.1,0.1,0.1,0.1,0.1,0.1,0.1,0.1,0.1,0.1,0.1,0.1,0.1,0.1,0.1,0.1,0.1,0.1,0.1,0.1,0.1,0.1,0.1,0.1,0.1,0.1,0.1,0.1,0.1,0.1,0.1,0.1,0.1,0.1,0.1,0.1,0.1,0.1,0.1,0.1,0.1,0.1,0.1,0.1,0.1,0.1,0.1,0.1,0.1,0.1,0.1,0.1,0.1,0.1,0.1,0.1,0.1,0.1,0.1,0.1,0.1,0.1,0.1,0.1,0.1,0.1,0.1,0.1,0.1,0.1,0.1,0.1,0.1,0.1,0.1,0.1,0.1,0.1,0.1,0.1,0.1,0.1,0.1,0.1,0.1,0.1,0.1,0.1,0.1,0.1,0.1,0.1,0.1,0.1,0.1,0.1,0.1,0.1,0.1,0.1,0.1,0.1,0.1,0.1,0.1,0.1,0.1,0.1,0.1,0.1,0.1,0.1,0.1,0.1,0.1,0.1,0.1,0.1,0.1,0.1,0.1,0.1,0.1,0.1,0.1,0.1,0.1,0.1,0.1,0.1,0.1,0.1,0.1,0.1,0.1,0.1,0.1,0.1,0.1,0.1,0.1,0.1,0.1,0.1,0.1,0.1,0.1,0.1,0.1,0.1,0.1,0.1,0.1,0.1,0.1,0.1,0.1,0.1,0.1,0.1,0.1,0.1,0.1,0.1,0.1,0.1,0.1,0.1,0.1,0.1,0.1,0.1,0.1,0.1,0.1,0.1,0.1,0.1,0.1,0.1,0.1,0.1,0.1,0.1,0.1,0.1,0.1,0.1,0.1,0.1,0.1,0.1,0.1,0.1,0.1,0.1,0.1,0.1,0.1,0.1,0.1,0.1,0.1,0.1,0.1,0.1,0.1,0.1,0.1,0.1,0.1,0.1,0.1,0.1,0.1,0.1,0.1,0.1,0.1,0.1,0.1,0.1,0.1,0.1,0.1,0.1,0.1,0.1,0.1,0.1,0.1,0.1,0.1,0.1,0.1,0.1,0.1,0.1,0.1,0.1,0.1,0.1,0.1,0.1,0.1,0.1,0.1,0.1,0.1,0.1,0.1,0.1,0.1,0.1,0.1,0.1,0.1,0.1,0.1,0.1,0.1,0.1,0.1,0.1,0.1,0.1,0.1,0.1,0.1,0.1,0.1,0.1,0.1,0.1,0.1,0.1,0.1,0.1,0.1,0.1,0.1,0.1,0.1,0.1,0.1,0.1,0.1,0.1,0.1,0.1,0.1,0.1,0.1,0.1,0.1,0.1,0.1,0.1,0.1,0.1,0.1,0.1,0.1,0.1,0.1,0.1,0.1,0.1,0.1,0.1,0.1,0.1,0.1,0.1,0.1,0.1,0.1,0.1,0.1,0.1,0.1,0.1,0.1,0.1,0.1,0.1,0.1,0.1,0.1,0.1,0.1,0.1,0.1,0.1,0.1,0.1,0.1,0.1,0.1,0.1,0.1,0.1,0.1,0.1,0.1,0.1,0.1,0.1,0.1,0.1,0.1,0.1,0.1,0.1,0.1,0.1,0.1,0.1,0.1,0.1,0.1,0.1,0.1,0.1,0.1,0.1,0.1,0.1,0.1,0.1,0.1,0.1,0.1,0.1,0.1,0.1,0.1,0.1,0.1,0.1,0.1,0.1,0.1,0.1,0.1,0.1,0.1,0.1,0.1,0.1,0.1,0.1,0.1,0.1,0.1,0.1,0.1,0.1,0.1,0.1,0.1,0.1,0.1,0.1,0.1,0.1,0.1,0.1,0.1,0.1,0.1,0.1,0.1,0.1,0.1,0.1,0.1,0.1,0.1,0.1,0.1,0.1,0.1,0.1,0.1,0.1,0.1,0.1,0.1,0.1,0.1,0.1,0.1,0.1,0.1,0.1,0.1,0.1,0.1,0.1
0.1,0.1,0.1,0.1,0.1,0.1,0.1,0.1,0.1,0.1,0.1,0.1,0.1,0.1,0.1,0.1,0.1,0.1,0.1,0.1,0.1,0.1,0.1,0.1,0.1,0.1,0.1,0.1,0.1,0.1,0.1,0.1,0.1,0.1,0.1,0.1,0.1,0.1,0.1,0.1,0.1,0.1,0.1,0.1,0.1,0.1,0.1,0.1,0.1,0.1,0.1,0.1,0.1,0.1,0.1,0.1,0.1,0.1,0.1,0.1,0.1,0.1,0.1,0.1,0.1,0.1,0.1,0.1,0.1,0.1,0.1,0.1,0.1,0.1,0.1,0.1,0.1,0.1,0.1,0.1,0.1,0.1,0.1,0.1,0.1,0.1,0.1,0.1,0.1,0.1,0.1,0.1,0.1,0.1,0.1,0.1,0.1,0.1,0.1,0.1,0.1,0.1,0.1,0.1,0.1,0.1,0.1,0.1,0.1,0.1,0.1,0.1,0.1,0.1,0.1,0.1,0.1,0.1,0.1,0.1,0.1,0.1,0.1,0.1,0.1,0.1,0.1,0.1,0.1,0.1,0.1,0.1,0.1,0.1,0.1,0.1,0.1,0.1,0.1,0.1,0.1,0.1,0.1,0.1,0.1,0.1,0.1,0.1,0.1,0.1,0.1,0.1,0.1,0.1,0.1,0.1,0.1,0.1,0.1,0.1,0.1,0.1,0.1,0.1,0.1,0.1,0.1,0.1,0.1,0.1,0.1,0.1,0.1,0.1,0.1,0.1,0.1,0.1,0.1,0.1,0.1,0.1,0.1,0.1,0.1,0.1,0.1,0.1,0.1,0.1,0.1,0.1,0.1,0.1,0.1,0.1,0.1,0.1,0.1,0.1,0.1,0.1,0.1,0.1,0.1,0.1,0.1,0.1,0.1,0.1,0.1,0.1,0.1,0.1,0.1,0.1,0.1,0.1,0.1,0.1,0.1,0.1,0.1,0.1,0.1,0.1,0.1,0.1,0.1,0.1,0.1,0.1,0.1,0.1,0.1,0.1,0.1,0.1,0.1,0.1,0.1,0.1,0.1,0.1,0.1,0.1,0.1,0.1,0.1,0.1,0.1,0.1,0.1,0.1,0.1,0.1,0.1,0.1,0.1,0.1,0.1,0.1,0.1,0.1,0.1,0.1,0.1,0.1,0.1,0.1,0.1,0.1,0.1,0.1,0.1,0.1,0.1,0.1,0.1,0.1,0.1,0.1,0.1,0.1,0.1,0.1,0.1,0.1,0.1,0.1,0.1,0.1,0.1,0.1,0.1,0.1,0.1,0.1,0.1,0.1,0.1,0.1,0.1,0.1,0.1,0.1,0.1,0.1,0.1,0.1,0.1,0.1,0.1,0.1,0.1,0.1,0.1,0.1,0.1,0.1,0.1,0.1,0.1,0.1,0.1,0.1,0.1,0.1,0.1,0.1,0.1,0.1,0.1,0.1,0.1,0.1,0.1,0.1,0.1,0.1,0.1,0.1,0.1,0.1,0.1,0.1,0.1,0.1,0.1,0.1,0.1,0.1,0.1,0.1,0.1,0.1,0.1,0.1,0.1,0.1,0.1,0.1,0.1,0.1,0.1,0.1,0.1,0.1,0.1,0.1,0.1,0.1,0.1,0.1,0.1,0.1,0.1,0.1,0.1,0.1,0.1,0.1,0.1,0.1,0.1,0.1,0.1,0.1,0.1,0.1,0.1,0.1,0.1,0.1,0.1,0.1,0.1,0.1,0.1,0.1,0.1,0.1,0.1,0.1,0.1,0.1,0.1,0.1,0.1,0.1,0.1,0.1,0.1,0.1,0.1,0.1,0.1,0.1,0.1,0.1,0.1,0.1,0.1,0.1,0.1,0.1,0.1,0.1,0.1,0.1,0.1,0.1,0.1,0.1,0.1,0.1,0.1,0.1,0.1,0.1,0.1,0.1,0.1,0.1,0.1,0.1,0.1,0.1,0.1,0.1,0.1,0.1,0.1,0.1,0.1,0.1,0.1,0.1,0.1,0.1,0.1,0.1,0.1,0.1,0.1,0.1,0.1,0.1,0.1,0.1,0.1,0.1,0.1,0.1,0.1,0.1,0.1,0.1,0.1,0.1,0.1,0.1,0.1,0.1,0.1,0.1,0.1,0.1,0.1,0.1,0.1,0.1,0.1,0.1,0.1,0.1,0.1,0.1,0.1,0.1,0.1,0.1,0.1,0.1,0.1,0.1,0.1,0.1,0.1,0.1,0.1,0.1,0.1,0.1,0.1,0.1,0.1,0.1,0.1,0.1,0.1,0.1,0.1,0.1,0.1,0.1,0.1,0.1,0.1,0.1,0.1,0.1,0.1,0.1,0.1,0.1,0.1,0.1,0.1,0.1,0.1,0.1,0.1,0.1,0.1,0.1,0.1,0.1,0.1,0.1
0.1,0.1,0.1,0.1,0.1,0.1,0.1,0.1,0.1,0.1,0.1,0.1,0.1,0.1,0.1,0.1,0.1,0.1,0.1,0.1,0.1,0.1,0.1,0.1,0.1,0.1,0.1,0.1,0.1,0.1,0.1,0.1,0.1,0.1,0.1,0.1,0.1,0.1,0.1,0.1,0.1,0.1,0.1,0.1,0.1,0.1,0.1,0.1,0.1,0.1,0.1,0.1,0.1,0.1,0.1,0.1,0.1,0.1,0.1,0.1,0.1,0.1,0.1,0.1,0.1,0.1,0.1,0.1,0.1,0.1,0.1,0.1,0.1,0.1,0.1,0.1,0.1,0.1,0.1,0.1,0.1,0.1,0.1,0.1,0.1,0.1,0.1,0.1,0.1,0.1,0.1,0.1,0.1,0.1,0.1,0.1,0.1,0.1,0.1,0.1,0.1,0.1,0.1,0.1,0.1,0.1,0.1,0.1,0.1,0.1,0.1,0.1,0.1,0.1,0.1,0.1,0.1,0.1,0.1,0.1,0.1,0.1,0.1,0.1,0.1,0.1,0.1,0.1,0.1,0.1,0.1,0.1,0.1,0.1,0.1,0.1,0.1,0.1,0.1,0.1,0.1,0.1,0.1,0.1,0.1,0.1,0.1,0.1,0.1,0.1,0.1,0.1,0.1,0.1,0.1,0.1,0.1,0.1,0.1,0.1,0.1,0.1,0.1,0.1,0.1,0.1,0.1,0.1,0.1,0.1,0.1,0.1,0.1,0.1,0.1,0.1,0.1,0.1,0.1,0.1,0.1,0.1,0.1,0.1,0.1,0.1,0.1,0.1,0.1,0.1,0.1,0.1,0.1,0.1,0.1,0.1,0.1,0.1,0.1,0.1,0.1,0.1,0.1,0.1,0.1,0.1,0.1,0.1,0.1,0.1,0.1,0.1,0.1,0.1,0.1,0.1,0.1,0.1,0.1,0.1,0.1,0.1,0.1,0.1,0.1,0.1,0.1,0.1,0.1,0.1,0.1,0.1,0.1,0.1,0.1,0.1,0.1,0.1,0.1,0.1,0.1,0.1,0.1,0.1,0.1,0.1,0.1,0.1,0.1,0.1,0.1,0.1,0.1,0.1,0.1,0.1,0.1,0.1,0.1,0.1,0.1,0.1,0.1,0.1,0.1,0.1,0.1,0.1,0.1,0.1,0.1,0.1,0.1,0.1,0.1,0.1,0.1,0.1,0.1,0.1,0.1,0.1,0.1,0.1,0.1,0.1,0.1,0.1,0.1,0.1,0.1,0.1,0.1,0.1,0.1,0.1,0.1,0.1,0.1,0.1,0.1,0.1,0.1,0.1,0.1,0.1,0.1,0.1,0.1,0.1,0.1,0.1,0.1,0.1,0.1,0.1,0.1,0.1,0.1,0.1,0.1,0.1,0.1,0.1,0.1,0.1,0.1,0.1,0.1,0.1,0.1,0.1,0.1,0.1,0.1,0.1,0.1,0.1,0.1,0.1,0.1,0.1,0.1,0.1,0.1,0.1,0.1,0.1,0.1,0.1,0.1,0.1,0.1,0.1,0.1,0.1,0.1,0.1,0.1,0.1,0.1,0.1,0.1,0.1,0.1,0.1,0.1,0.1,0.1,0.1,0.1,0.1,0.1,0.1,0.1,0.1,0.1,0.1,0.1,0.1,0.1,0.1,0.1,0.1,0.1,0.1,0.1,0.1,0.1,0.1,0.1,0.1,0.1,0.1,0.1,0.1,0.1,0.1,0.1,0.1,0.1,0.1,0.1,0.1,0.1,0.1,0.1,0.1,0.1,0.1,0.1,0.1,0.1,0.1,0.1,0.1,0.1,0.1,0.1,0.1,0.1,0.1,0.1,0.1,0.1,0.1,0.1,0.1,0.1,0.1,0.1,0.1,0.1,0.1,0.1,0.1,0.1,0.1,0.1,0.1,0.1,0.1,0.1,0.1,0.1,0.1,0.1,0.1,0.1,0.1,0.1,0.1,0.1,0.1,0.1,0.1,0.1,0.1,0.1,0.1,0.1,0.1,0.1,0.1,0.1,0.1,0.1,0.1,0.1,0.1,0.1,0.1,0.1,0.1,0.1,0.1,0.1,0.1,0.1,0.1,0.1,0.1,0.1,0.1,0.1,0.1,0.1,0.1,0.1,0.1,0.1,0.1,0.1,0.1,0.1,0.1,0.1,0.1,0.1,0.1,0.1,0.1,0.1,0.1,0.1,0.1,0.1,0.1,0.1,0.1,0.1,0.1,0.1,0.1,0.1,0.1,0.1,0.1,0.1,0.1,0.1,0.1,0.1,0.1,0.1,0.1,0.1,0.1,0.1,0.1,0.1,0.1,0.1,0.1,0.1,0.1,0.1,0.1,0.1,0.1,0.1,0.1,0.1,0.1,0.1,0.1,0.1,0.1,0.1,0.1
0.1,0.1,0.1,0.1,0.1,0.1,0.1,0.1,0.1,0.1,0.1,0.1,0.1,0.1,0.1,0.1,0.1,0.1,0.1,0.1,0.1,0.1,0.1,0.1,0.1,0.1,0.1,0.1,0.1,0.1,0.1,0.1,0.1,0.1,0.1,0.1,0.1,0.1,0.1,0.1,0.1,0.1,0.1,0.1,0.1,0.1,0.1,0.1,0.1,0.1,0.1,0.1,0.1,0.1,0.1,0.1,0.1,0.1,0.1,0.1,0.1,0.1,0.1,0.1,0.1,0.1,0.1,0.1,0.1,0.1,0.1,0.1,0.1,0.1,0.1,0.1,0.1,0.1,0.1,0.1,0.1,0.1,0.1,0.1,0.1,0.1,0.1,0.1,0.1,0.1,0.1,0.1,0.1,0.1,0.1,0.1,0.1,0.1,0.1,0.1,0.1,0.1,0.1,0.1,0.1,0.1,0.1,0.1,0.1,0.1,0.1,0.1,0.1,0.1,0.1,0.1,0.1,0.1,0.1,0.1,0.1,0.1,0.1,0.1,0.1,0.1,0.1,0.1,0.1,0.1,0.1,0.1,0.1,0.1,0.1,0.1,0.1,0.1,0.1,0.1,0.1,0.1,0.1,0.1,0.1,0.1,0.1,0.1,0.1,0.1,0.1,0.1,0.1,0.1,0.1,0.1,0.1,0.1,0.1,0.1,0.1,0.1,0.1,0.1,0.1,0.1,0.1,0.1,0.1,0.1,0.1,0.1,0.1,0.1,0.1,0.1,0.1,0.1,0.1,0.1,0.1,0.1,0.1,0.1,0.1,0.1,0.1,0.1,0.1,0.1,0.1,0.1,0.1,0.1,0.1,0.1,0.1,0.1,0.1,0.1,0.1,0.1,0.1,0.1,0.1,0.1,0.1,0.1,0.1,0.1,0.1,0.1,0.1,0.1,0.1,0.1,0.1,0.1,0.1,0.1,0.1,0.1,0.1,0.1,0.1,0.1,0.1,0.1,0.1,0.1,0.1,0.1,0.1,0.1,0.1,0.1,0.1,0.1,0.1,0.1,0.1,0.1,0.1,0.1,0.1,0.1,0.1,0.1,0.1,0.1,0.1,0.1,0.1,0.1,0.1,0.1,0.1,0.1,0.1,0.1,0.1,0.1,0.1,0.1,0.1,0.1,0.1,0.1,0.1,0.1,0.1,0.1,0.1,0.1,0.1,0.1,0.1,0.1,0.1,0.1,0.1,0.1,0.1,0.1,0.1,0.1,0.1,0.1,0.1,0.1,0.1,0.1,0.1,0.1,0.1,0.1,0.1,0.1,0.1,0.1,0.1,0.1,0.1,0.1,0.1,0.1,0.1,0.1,0.1,0.1,0.1,0.1,0.1,0.1,0.1,0.1,0.1,0.1,0.1,0.1,0.1,0.1,0.1,0.1,0.1,0.1,0.1,0.1,0.1,0.1,0.1,0.1,0.1,0.1,0.1,0.1,0.1,0.1,0.1,0.1,0.1,0.1,0.1,0.1,0.1,0.1,0.1,0.1,0.1,0.1,0.1,0.1,0.1,0.1,0.1,0.1,0.1,0.1,0.1,0.1,0.1,0.1,0.1,0.1,0.1,0.1,0.1,0.1,0.1,0.1,0.1,0.1,0.1,0.1,0.1,0.1,0.1,0.1,0.1,0.1,0.1,0.1,0.1,0.1,0.1,0.1,0.1,0.1,0.1,0.1,0.1,0.1,0.1,0.1,0.1,0.1,0.1,0.1,0.1,0.1,0.1,0.1,0.1,0.1,0.1,0.1,0.1,0.1,0.1,0.1,0.1,0.1,0.1,0.1,0.1,0.1,0.1,0.1,0.1,0.1,0.1,0.1,0.1,0.1,0.1,0.1,0.1,0.1,0.1,0.1,0.1,0.1,0.1,0.1,0.1,0.1,0.1,0.1,0.1,0.1,0.1,0.1,0.1,0.1,0.1,0.1,0.1,0.1,0.1,0.1,0.1,0.1,0.1,0.1,0.1,0.1,0.1,0.1,0.1,0.1,0.1,0.1,0.1,0.1,0.1,0.1,0.1,0.1,0.1,0.1,0.1,0.1,0.1,0.1,0.1,0.1,0.1,0.1,0.1,0.1,0.1,0.1,0.1,0.1,0.1,0.1,0.1,0.1,0.1,0.1,0.1,0.1,0.1,0.1,0.1,0.1,0.1,0.1,0.1,0.1,0.1,0.1,0.1,0.1,0.1,0.1,0.1,0.1,0.1,0.1,0.1,0.1,0.1,0.1,0.1,0.1,0.1,0.1,0.1,0.1,0.1,0.1,0.1,0.1,0.1,0.1,0.1,0.1,0.1,0.1,0.1,0.1,0.1,0.1,0.1,0.1,0.1,0.1,0.1,0.1,0.1,0.1,0.1,0.1,0.1,0.1,0.1,0.1,0.1,0.1
0.1,0.1,0.1,0.1,0.1,0.1,0.1,0.1,0.1,0.1,0.1,0.1,0.1,0.1,0.1,0.1,0.1,0.1,0.1,0.1,0.1,0.1,0.1,0.1,0.1,0.1,0.1,0.1,0.1,0.1,0.1,0.1,0.1,0.1,0.1,0.1,0.1,0.1,0.1,0.1,0.1,0.1,0.1,0.1,0.1,0.1,0.1,0.1,0.1,0.1,0.1,0.1,0.1,0.1,0.1,0.1,0.1,0.1,0.1,0.1,0.1,0.1,0.1,0.1,0.1,0.1,0.1,0.1,0.1,0.1,0.1,0.1,0.1,0.1,0.1,0.1,0.1,0.1,0.1,0.1,0.1,0.1,0.1,0.1,0.1,0.1,0.1,0.1,0.1,0.1,0.1,0.1,0.1,0.1,0.1,0.1,0.1,0.1,0.1,0.1,0.1,0.1,0.1,0.1,0.1,0.1,0.1,0.1,0.1,0.1,0.1,0.1,0.1,0.1,0.1,0.1,0.1,0.1,0.1,0.1,0.1,0.1,0.1,0.1,0.1,0.1,0.1,0.1,0.1,0.1,0.1,0.1,0.1,0.1,0.1,0.1,0.1,0.1,0.1,0.1,0.1,0.1,0.1,0.1,0.1,0.1,0.1,0.1,0.1,0.1,0.1,0.1,0.1,0.1,0.1,0.1,0.1,0.1,0.1,0.1,0.1,0.1,0.1,0.1,0.1,0.1,0.1,0.1,0.1,0.1,0.1,0.1,0.1,0.1,0.1,0.1,0.1,0.1,0.1,0.1,0.1,0.1,0.1,0.1,0.1,0.1,0.1,0.1,0.1,0.1,0.1,0.1,0.1,0.1,0.1,0.1,0.1,0.1,0.1,0.1,0.1,0.1,0.1,0.1,0.1,0.1,0.1,0.1,0.1,0.1,0.1,0.1,0.1,0.1,0.1,0.1,0.1,0.1,0.1,0.1,0.1,0.1,0.1,0.1,0.1,0.1,0.1,0.1,0.1,0.1,0.1,0.1,0.1,0.1,0.1,0.1,0.1,0.1,0.1,0.1,0.1,0.1,0.1,0.1,0.1,0.1,0.1,0.1,0.1,0.1,0.1,0.1,0.1,0.1,0.1,0.1,0.1,0.1,0.1,0.1,0.1,0.1,0.1,0.1,0.1,0.1,0.1,0.1,0.1,0.1,0.1,0.1,0.1,1,1,1,1,1,1,1,0.1,0.1,0.1,0.1,0.1,0.1,0.1,0.1,0.1,0.1,0.1,0.1,0.1,0.1,0.1,0.1,0.1,0.1,0.1,0.1,0.1,0.1,0.1,0.1,0.1,0.1,0.1,0.1,0.1,0.1,0.1,0.1,0.1,0.1,0.1,0.1,0.1,0.1,0.1,0.1,0.1,0.1,0.1,0.1,0.1,0.1,0.1,0.1,0.1,0.1,0.1,0.1,0.1,0.1,0.1,0.1,0.1,0.1,0.1,0.1,0.1,0.1,0.1,0.1,0.1,0.1,0.1,0.1,0.1,0.1,0.1,0.1,0.1,0.1,0.1,0.1,0.1,0.1,0.1,0.1,0.1,0.1,0.1,0.1,0.1,0.1,0.1,0.1,0.1,0.1,0.1,0.1,0.1,0.1,0.1,0.1,0.1,0.1,0.1,0.1,0.1,0.1,0.1,0.1,0.1,0.1,0.1,0.1,0.1,0.1,0.1,0.1,0.1,0.1,0.1,0.1,0.1,0.1,0.1,0.1,0.1,0.1,0.1,0.1,0.1,0.1,0.1,0.1,0.1,0.1,0.1,0.1,0.1,0.1,0.1,0.1,0.1,0.1,0.1,0.1,0.1,0.1,0.1,0.1,0.1,0.1,0.1,0.1,0.1,0.1,0.1,0.1,0.1,0.1,0.1,0.1,0.1,0.1,0.1,0.1,0.1,0.1,0.1,0.1,0.1,0.1,0.1,0.1,0.1,0.1,0.1,0.1,0.1,0.1,0.1,0.1,0.1,0.1,0.1,0.1,0.1,0.1,0.1,0.1,0.1,0.1,0.1,0.1,0.1,0.1,0.1,0.1,0.1,0.1,0.1,0.1,0.1,0.1,0.1,0.1,0.1,0.1,0.1,0.1,0.1,0.1,0.1,0.1,0.1,0.1,0.1,0.1,0.1,0.1,0.1,0.1,0.1,0.1,0.1,0.1,0.1,0.1,0.1,0.1,0.1,0.1,0.1,0.1,0.1,0.1,0.1,0.1,0.1,0.1,0.1,0.1,0.1,0.1,0.1,0.1,0.1,0.1,0.1,0.1,0.1,0.1,0.1,0.1,0.1,0.1,0.1,0.1,0.1,0.1,0.1,0.1,0.1,0.1,0.1,0.1,0.1,0.1,0.1,0.1,0.1,0.1,0.1,0.1,0.1,0.1
0.1,0.1,0.1,0.1,0.1,0.1,0.1,0.1,0.1,0.1,0.1,0.1,0.1,0.1,0.1,0.1,0.1,0.1,0.1,0.1,0.1,0.1,0.1,0.1,0.1,0.1,0.1,0.1,0.1,0.1,0.1,0.1,0.1,0.1,0.1,0.1,0.1,0.1,0.1,0.1,0.1,0.1,0.1,0.1,0.1,0.1,0.1,0.1,0.1,0.1,0.1,0.1,0.1,0.1,0.1,0.1,0.1,0.1,0.1,0.1,0.1,0.1,0.1,0.1,0.1,0.1,0.1,0.1,0.1,0.1,0.1,0.1,0.1,0.1,0.1,0.1,0.1,0.1,0.1,0.1,0.1,0.1,0.1,0.1,0.1,0.1,0.1,0.1,0.1,0.1,0.1,0.1,0.1,0.1,0.1,0.1,0.1,0.1,0.1,0.1,0.1,0.1,0.1,0.1,0.1,0.1,0.1,0.1,0.1,0.1,0.1,0.1,0.1,0.1,0.1,0.1,0.1,0.1,0.1,0.1,0.1,0.1,0.1,0.1,0.1,0.1,0.1,0.1,0.1,0.1,0.1,0.1,0.1,0.1,0.1,0.1,0.1,0.1,0.1,0.1,0.1,0.1,0.1,0.1,0.1,0.1,0.1,0.1,0.1,0.1,0.1,0.1,0.1,0.1,0.1,0.1,0.1,0.1,0.1,0.1,0.1,0.1,0.1,0.1,0.1,0.1,0.1,0.1,0.1,0.1,0.1,0.1,0.1,0.1,0.1,0.1,0.1,0.1,0.1,0.1,0.1,0.1,0.1,0.1,0.1,0.1,0.1,0.1,0.1,0.1,0.1,0.1,0.1,0.1,0.1,0.1,0.1,0.1,0.1,0.1,0.1,0.1,0.1,0.1,0.1,0.1,0.1,0.1,0.1,0.1,0.1,0.1,0.1,0.1,0.1,0.1,0.1,0.1,0.1,0.1,0.1,0.1,0.1,0.1,0.1,0.1,0.1,0.1,0.1,0.1,0.1,0.1,0.1,0.1,0.1,0.1,0.1,0.1,0.1,0.1,0.1,0.1,0.1,0.1,0.1,0.1,0.1,0.1,0.1,0.1,0.1,0.1,0.1,0.1,0.1,0.1,0.1,0.1,0.1,0.1,0.1,0.1,0.1,0.1,0.1,1,1,1,1,1,1,1,1,1,1,1,1,1,1,1,1,1,1,1,1,1,1,1,0.1,0.1,0.1,0.1,0.1,0.1,0.1,0.1,0.1,0.1,0.1,0.1,0.1,0.1,0.1,0.1,0.1,0.1,0.1,0.1,0.1,0.1,0.1,0.1,0.1,0.1,0.1,0.1,0.1,0.1,0.1,0.1,0.1,0.1,0.1,0.1,0.1,0.1,0.1,0.1,0.1,0.1,0.1,0.1,0.1,0.1,0.1,0.1,0.1,0.1,0.1,0.1,0.1,0.1,0.1,0.1,0.1,0.1,0.1,0.1,0.1,0.1,0.1,0.1,0.1,0.1,0.1,0.1,0.1,0.1,0.1,0.1,0.1,0.1,0.1,0.1,0.1,0.1,0.1,0.1,0.1,0.1,0.1,0.1,0.1,0.1,0.1,0.1,0.1,0.1,0.1,0.1,0.1,0.1,0.1,0.1,0.1,0.1,0.1,0.1,0.1,0.1,0.1,0.1,0.1,0.1,0.1,0.1,0.1,0.1,0.1,0.1,0.1,0.1,0.1,0.1,0.1,0.1,0.1,0.1,0.1,0.1,0.1,0.1,0.1,0.1,0.1,0.1,0.1,0.1,0.1,0.1,0.1,0.1,0.1,0.1,0.1,0.1,0.1,0.1,0.1,0.1,0.1,0.1,0.1,0.1,0.1,0.1,0.1,0.1,0.1,0.1,0.1,0.1,0.1,0.1,0.1,0.1,0.1,0.1,0.1,0.1,0.1,0.1,0.1,0.1,0.1,0.1,0.1,0.1,0.1,0.1,0.1,0.1,0.1,0.1,0.1,0.1,0.1,0.1,0.1,0.1,0.1,0.1,0.1,0.1,0.1,0.1,0.1,0.1,0.1,0.1,0.1,0.1,0.1,0.1,0.1,0.1,0.1,0.1,0.1,0.1,0.1,0.1,0.1,0.1,0.1,0.1,0.1,0.1,0.1,0.1,0.1,0.1,0.1,0.1,0.1,0.1,0.1,0.1,0.1,0.1,0.1,0.1,0.1,0.1,0.1,0.1,0.1,0.1,0.1,0.1,0.1,0.1,0.1,0.1,0.1,0.1,0.1,0.1,0.1,0.1,0.1,0.1,0.1,0.1,0.1,0.1,0.1,0.1,0.1,0.1,0.1,0.1,0.1,0.1,0.1,0.1,0.1,0.1,0.1,0.1
0.1,0.1,0.1,0.1,0.1,0.1,0.1,0.1,0.1,0.1,0.1,0.1,0.1,0.1,0.1,0.1,0.1,0.1,0.1,0.1,0.1,0.1,0.1,0.1,0.1,0.1,0.1,0.1,0.1,0.1,0.1,0.1,0.1,0.1,0.1,0.1,0.1,0.1,0.1,0.1,0.1,0.1,0.1,0.1,0.1,0.1,0.1,0.1,0.1,0.1,0.1,0.1,0.1,0.1,0.1,0.1,0.1,0.1,0.1,0.1,0.1,0.1,0.1,0.1,0.1,0.1,0.1,0.1,0.1,0.1,0.1,0.1,0.1,0.1,0.1,0.1,0.1,0.1,0.1,0.1,0.1,0.1,0.1,0.1,0.1,0.1,0.1,0.1,0.1,0.1,0.1,0.1,0.1,0.1,0.1,0.1,0.1,0.1,0.1,0.1,0.1,0.1,0.1,0.1,0.1,0.1,0.1,0.1,0.1,0.1,0.1,0.1,0.1,0.1,0.1,0.1,0.1,0.1,0.1,0.1,0.1,0.1,0.1,0.1,0.1,0.1,0.1,0.1,0.1,0.1,0.1,0.1,0.1,0.1,0.1,0.1,0.1,0.1,0.1,0.1,0.1,0.1,0.1,0.1,0.1,0.1,0.1,0.1,0.1,0.1,0.1,0.1,0.1,0.1,0.1,0.1,0.1,0.1,0.1,0.1,0.1,0.1,0.1,0.1,0.1,0.1,0.1,0.1,0.1,0.1,0.1,0.1,0.1,0.1,0.1,0.1,0.1,0.1,0.1,0.1,0.1,0.1,0.1,0.1,0.1,0.1,0.1,0.1,0.1,0.1,0.1,0.1,0.1,0.1,0.1,0.1,0.1,0.1,0.1,0.1,0.1,0.1,0.1,0.1,0.1,0.1,0.1,0.1,0.1,0.1,0.1,0.1,0.1,0.1,0.1,0.1,0.1,0.1,0.1,0.1,0.1,0.1,0.1,0.1,0.1,0.1,0.1,0.1,0.1,0.1,0.1,0.1,0.1,0.1,0.1,0.1,0.1,0.1,0.1,0.1,0.1,0.1,0.1,0.1,0.1,0.1,0.1,0.1,0.1,0.1,0.1,0.1,0.1,0.1,0.1,0.1,0.1,0.1,0.1,0.1,1,1,1,1,1,1,1,1,1,1,1,1,1,1,1,1,1,1,1,1,1,1,1,1,1,1,1,1,1,1,1,1,1,0.1,0.1,0.1,0.1,0.1,0.1,0.1,0.1,0.1,0.1,0.1,0.1,0.1,0.1,0.1,0.1,0.1,0.1,0.1,0.1,0.1,0.1,0.1,0.1,0.1,0.1,0.1,0.1,0.1,0.1,0.1,0.1,0.1,0.1,0.1,0.1,0.1,0.1,0.1,0.1,0.1,0.1,0.1,0.1,0.1,0.1,0.1,0.1,0.1,0.1,0.1,0.1,0.1,0.1,0.1,0.1,0.1,0.1,0.1,0.1,0.1,0.1,0.1,0.1,0.1,0.1,0.1,0.1,0.1,0.1,0.1,0.1,0.1,0.1,0.1,0.1,0.1,0.1,0.1,0.1,0.1,0.1,0.1,0.1,0.1,0.1,0.1,0.1,0.1,0.1,0.1,0.1,0.1,0.1,0.1,0.1,0.1,0.1,0.1,0.1,0.1,0.1,0.1,0.1,0.1,0.1,0.1,0.1,0.1,0.1,0.1,0.1,0.1,0.1,0.1,0.1,0.1,0.1,0.1,0.1,0.1,0.1,0.1,0.1,0.1,0.1,0.1,0.1,0.1,0.1,0.1,0.1,0.1,0.1,0.1,0.1,0.1,0.1,0.1,0.1,0.1,0.1,0.1,0.1,0.1,0.1,0.1,0.1,0.1,0.1,0.1,0.1,0.1,0.1,0.1,0.1,0.1,0.1,0.1,0.1,0.1,0.1,0.1,0.1,0.1,0.1,0.1,0.1,0.1,0.1,0.1,0.1,0.1,0.1,0.1,0.1,0.1,0.1,0.1,0.1,0.1,0.1,0.1,0.1,0.1,0.1,0.1,0.1,0.1,0.1,0.1,0.1,0.1,0.1,0.1,0.1,0.1,0.1,0.1,0.1,0.1,0.1,0.1,0.1,0.1,0.1,0.1,0.1,0.1,0.1,0.1,0.1,0.1,0.1,0.1,0.1,0.1,0.1,0.1,0.1,0.1,0.1,0.1,0.1,0.1,0.1,0.1,0.1,0.1,0.1,0.1,0.1,0.1,0.1,0.1,0.1,0.1,0.1,0.1,0.1,0.1,0.1,0.1,0.1,0.1,0.1,0.1,0.1,0.1,0.1,0.1,0.1,0.1,0.1,0.1,0.1,0.1
0.1,0.1,0.1,0.1,0.1,0.1,0.1,0.1,0.1,0.1,0.1,0.1,0.1,0.1,0.1,0.1,0.1,0.1,0.1,0.1,0.1,0.1,0.1,0.1,0.1,0.1,0.1,0.1,0.1,0.1,0.1,0.1,0.1,0.1,0.1,0.1,0.1,0.1,0.1,0.1,0.1,0.1,0.1,0.1,0.1,0.1,0.1,0.1,0.1,0.1,0.1,0.1,0.1,0.1,0.1,0.1,0.1,0.1,0.1,0.1,0.1,0.1,0.1,0.1,0.1,0.1,0.1,0.1,0.1,0.1,0.1,0.1,0.1,0.1,0.1,0.1,0.1,0.1,0.1,0.1,0.1,0.1,0.1,0.1,0.1,0.1,0.1,0.1,0.1,0.1,0.1,0.1,0.1,0.1,0.1,0.1,0.1,0.1,0.1,0.1,0.1,0.1,0.1,0.1,0.1,0.1,0.1,0.1,0.1,0.1,0.1,0.1,0.1,0.1,0.1,0.1,0.1,0.1,0.1,0.1,0.1,0.1,0.1,0.1,0.1,0.1,0.1,0.1,0.1,0.1,0.1,0.1,0.1,0.1,0.1,0.1,0.1,0.1,0.1,0.1,0.1,0.1,0.1,0.1,0.1,0.1,0.1,0.1,0.1,0.1,0.1,0.1,0.1,0.1,0.1,0.1,0.1,0.1,0.1,0.1,0.1,0.1,0.1,0.1,0.1,0.1,0.1,0.1,0.1,0.1,0.1,0.1,0.1,0.1,0.1,0.1,0.1,0.1,0.1,0.1,0.1,0.1,0.1,0.1,0.1,0.1,0.1,0.1,0.1,0.1,0.1,0.1,0.1,0.1,0.1,0.1,0.1,0.1,0.1,0.1,0.1,0.1,0.1,0.1,0.1,0.1,0.1,0.1,0.1,0.1,0.1,0.1,0.1,0.1,0.1,0.1,0.1,0.1,0.1,0.1,0.1,0.1,0.1,0.1,0.1,0.1,0.1,0.1,0.1,0.1,0.1,0.1,0.1,0.1,0.1,0.1,0.1,0.1,0.1,0.1,0.1,0.1,0.1,0.1,0.1,0.1,0.1,0.1,0.1,0.1,0.1,0.1,0.1,0.1,0.1,0.1,1,1,1,1,1,1,1,1,1,1,1,1,1,1,1,1,1,1,1,1,1,1,1,1,1,1,1,1,1,1,1,1,1,1,1,1,1,1,1,1,1,0.1,0.1,0.1,0.1,0.1,0.1,0.1,0.1,0.1,0.1,0.1,0.1,0.1,0.1,0.1,0.1,0.1,0.1,0.1,0.1,0.1,0.1,0.1,0.1,0.1,0.1,0.1,0.1,0.1,0.1,0.1,0.1,0.1,0.1,0.1,0.1,0.1,0.1,0.1,0.1,0.1,0.1,0.1,0.1,0.1,0.1,0.1,0.1,0.1,0.1,0.1,0.1,0.1,0.1,0.1,0.1,0.1,0.1,0.1,0.1,0.1,0.1,0.1,0.1,0.1,0.1,0.1,0.1,0.1,0.1,0.1,0.1,0.1,0.1,0.1,0.1,0.1,0.1,0.1,0.1,0.1,0.1,0.1,0.1,0.1,0.1,0.1,0.1,0.1,0.1,0.1,0.1,0.1,0.1,0.1,0.1,0.1,0.1,0.1,0.1,0.1,0.1,0.1,0.1,0.1,0.1,0.1,0.1,0.1,0.1,0.1,0.1,0.1,0.1,0.1,0.1,0.1,0.1,0.1,0.1,0.1,0.1,0.1,0.1,0.1,0.1,0.1,0.1,0.1,0.1,0.1,0.1,0.1,0.1,0.1,0.1,0.1,0.1,0.1,0.1,0.1,0.1,0.1,0.1,0.1,0.1,0.1,0.1,0.1,0.1,0.1,0.1,0.1,0.1,0.1,0.1,0.1,0.1,0.1,0.1,0.1,0.1,0.1,0.1,0.1,0.1,0.1,0.1,0.1,0.1,0.1,0.1,0.1,0.1,0.1,0.1,0.1,0.1,0.1,0.1,0.1,0.1,0.1,0.1,0.1,0.1,0.1,0.1,0.1,0.1,0.1,0.1,0.1,0.1,0.1,0.1,0.1,0.1,0.1,0.1,0.1,0.1,0.1,0.1,0.1,0.1,0.1,0.1,0.1,0.1,0.1,0.1,0.1,0.1,0.1,0.1,0.1,0.1,0.1,0.1,0.1,0.1,0.1,0.1,0.1,0.1,0.1,0.1,0.1,0.1,0.1,0.1,0.1,0.1,0.1,0.1,0.1,0.1,0.1,0.1,0.1,0.1,0.1,0.1,0.1,0.1,0.1,0.1,0.1,0.1,0.1,0.1,0.1
0.1,0.1,0.1,0.1,0.1,0.1,0.1,0.1,0.1,0.1,0.1,0.1,0.1,0.1,0.1,0.1,0.1,0.1,0.1,0.1,0.1,0.1,0.1,0.1,0.1,0.1,0.1,0.1,0.1,0.1,0.1,0.1,0.1,0.1,0.1,0.1,0.1,0.1,0.1,0.1,0.1,0.1,0.1,0.1,0.1,0.1,0.1,0.1,0.1,0.1,0.1,0.1,0.1,0.1,0.1,0.1,0.1,0.1,0.1,0.1,0.1,0.1,0.1,0.1,0.1,0.1,0.1,0.1,0.1,0.1,0.1,0.1,0.1,0.1,0.1,0.1,0.1,0.1,0.1,0.1,0.1,0.1,0.1,0.1,0.1,0.1,0.1,0.1,0.1,0.1,0.1,0.1,0.1,0.1,0.1,0.1,0.1,0.1,0.1,0.1,0.1,0.1,0.1,0.1,0.1,0.1,0.1,0.1,0.1,0.1,0.1,0.1,0.1,0.1,0.1,0.1,0.1,0.1,0.1,0.1,0.1,0.1,0.1,0.1,0.1,0.1,0.1,0.1,0.1,0.1,0.1,0.1,0.1,0.1,0.1,0.1,0.1,0.1,0.1,0.1,0.1,0.1,0.1,0.1,0.1,0.1,0.1,0.1,0.1,0.1,0.1,0.1,0.1,0.1,0.1,0.1,0.1,0.1,0.1,0.1,0.1,0.1,0.1,0.1,0.1,0.1,0.1,0.1,0.1,0.1,0.1,0.1,0.1,0.1,0.1,0.1,0.1,0.1,0.1,0.1,0.1,0.1,0.1,0.1,0.1,0.1,0.1,0.1,0.1,0.1,0.1,0.1,0.1,0.1,0.1,0.1,0.1,0.1,0.1,0.1,0.1,0.1,0.1,0.1,0.1,0.1,0.1,0.1,0.1,0.1,0.1,0.1,0.1,0.1,0.1,0.1,0.1,0.1,0.1,0.1,0.1,0.1,0.1,0.1,0.1,0.1,0.1,0.1,0.1,0.1,0.1,0.1,0.1,0.1,0.1,0.1,0.1,0.1,0.1,0.1,0.1,0.1,0.1,0.1,0.1,0.1,0.1,0.1,0.1,0.1,0.1,0.1,0.1,1,1,1,1,1,1,1,1,1,1,1,1,1,1,1,1,1,1,1,1,1,1,1,1,1,1,1,1,1,1,1,1,1,1,1,1,1,1,1,1,1,1,1,1,1,1,1,0.1,0.1,0.1,0.1,0.1,0.1,0.1,0.1,0.1,0.1,0.1,0.1,0.1,0.1,0.1,0.1,0.1,0.1,0.1,0.1,0.1,0.1,0.1,0.1,0.1,0.1,0.1,0.1,0.1,0.1,0.1,0.1,0.1,0.1,0.1,0.1,0.1,0.1,0.1,0.1,0.1,0.1,0.1,0.1,0.1,0.1,0.1,0.1,0.1,0.1,0.1,0.1,0.1,0.1,0.1,0.1,0.1,0.1,0.1,0.1,0.1,0.1,0.1,0.1,0.1,0.1,0.1,0.1,0.1,0.1,0.1,0.1,0.1,0.1,0.1,0.1,0.1,0.1,0.1,0.1,0.1,0.1,0.1,0.1,0.1,0.1,0.1,0.1,0.1,0.1,0.1,0.1,0.1,0.1,0.1,0.1,0.1,0.1,0.1,0.1,0.1,0.1,0.1,0.1,0.1,0.1,0.1,0.1,0.1,0.1,0.1,0.1,0.1,0.1,0.1,0.1,0.1,0.1,0.1,0.1,0.1,0.1,0.1,0.1,0.1,0.1,0.1,0.1,0.1,0.1,0.1,0.1,0.1,0.1,0.1,0.1,0.1,0.1,0.1,0.1,0.1,0.1,0.1,0.1,0.1,0.1,0.1,0.1,0.1,0.1,0.1,0.1,0.1,0.1,0.1,0.1,0.1,0.1,0.1,0.1,0.1,0.1,0.1,0.1,0.1,0.1,0.1,0.1,0.1,0.1,0.1,0.1,0.1,0.1,0.1,0.1,0.1,0.1,0.1,0.1,0.1,0.1,0.1,0.1,0.1,0.1,0.1,0.1,0.1,0.1,0.1,0.1,0.1,0.1,0.1,0.1,0.1,0.1,0.1,0.1,0.1,0.1,0.1,0.1,0.1,0.1,0.1,0.1,0.1,0.1,0.1,0.1,0.1,0.1,0.1,0.1,0.1,0.1,0.1,0.1,0.1,0.1,0.1,0.1,0.1,0.1,0.1,0.1,0.1,0.1,0.1,0.1,0.1,0.1,0.1,0.1,0.1,0.1,0.1,0.1,0.1,0.1,0.1,0.1,0.1,0.1,0.1,0.1,0.1,0.1
0.1,0.1,0.1,0.1,0.1,0.1,0.1,0.1,0.1,0.1,0.1,0.1,0.1,0.1,0.1,0.1,0.1,0.1,0.1,0.1,0.1,0.1,0.1,0.1,0.1,0.1,0.1,0.1,0.1,0.1,0.1,0.1,0.1,0.1,0.1,0.1,0.1,0.1,0.1,0.1,0.1,0.1,0.1,0.1,0.1,0.1,0.1,0.1,0.1,0.1,0.1,0.1,0.1,0.1,0.1,0.1,0.1,0.1,0.1,0.1,0.1,0.1,0.1,0.1,0.1,0.1,0.1,0.1,0.1,0.1,0.1,0.1,0.1,0.1,0.1,0.1,0.1,0.1,0.1,0.1,0.1,0.1,0.1,0.1,0.1,0.1,0.1,0.1,0.1,0.1,0.1,0.1,0.1,0.1,0.1,0.1,0.1,0.1,0.1,0.1,0.1,0.1,0.1,0.1,0.1,0.1,0.1,0.1,0.1,0.1,0.1,0.1,0.1,0.1,0.1,0.1,0.1,0.1,0.1,0.1,0.1,0.1,0.1,0.1,0.1,0.1,0.1,0.1,0.1,0.1,0.1,0.1,0.1,0.1,0.1,0.1,0.1,0.1,0.1,0.1,0.1,0.1,0.1,0.1,0.1,0.1,0.1,0.1,0.1,0.1,0.1,0.1,0.1,0.1,0.1,0.1,0.1,0.1,0.1,0.1,0.1,0.1,0.1,0.1,0.1,0.1,0.1,0.1,0.1,0.1,0.1,0.1,0.1,0.1,0.1,0.1,0.1,0.1,0.1,0.1,0.1,0.1,0.1,0.1,0.1,0.1,0.1,0.1,0.1,0.1,0.1,0.1,0.1,0.1,0.1,0.1,0.1,0.1,0.1,0.1,0.1,0.1,0.1,0.1,0.1,0.1,0.1,0.1,0.1,0.1,0.1,0.1,0.1,0.1,0.1,0.1,0.1,0.1,0.1,0.1,0.1,0.1,0.1,0.1,0.1,0.1,0.1,0.1,0.1,0.1,0.1,0.1,0.1,0.1,0.1,0.1,0.1,0.1,0.1,0.1,0.1,0.1,0.1,0.1,0.1,0.1,0.1,0.1,0.1,0.1,1,1,1,1,1,1,1,1,1,1,1,1,1,1,1,1,1,1,1,1,1,1,2,2,2,2,2,2,2,2,2,1,1,1,1,1,1,1,1,1,1,1,1,1,1,1,1,1,1,1,1,1,1,0.1,0.1,0.1,0.1,0.1,0.1,0.1,0.1,0.1,0.1,0.1,0.1,0.1,0.1,0.1,0.1,0.1,0.1,0.1,0.1,0.1,0.1,0.1,0.1,0.1,0.1,0.1,0.1,0.1,0.1,0.1,0.1,0.1,0.1,0.1,0.1,0.1,0.1,0.1,0.1,0.1,0.1,0.1,0.1,0.1,0.1,0.1,0.1,0.1,0.1,0.1,0.1,0.1,0.1,0.1,0.1,0.1,0.1,0.1,0.1,0.1,0.1,0.1,0.1,0.1,0.1,0.1,0.1,0.1,0.1,0.1,0.1,0.1,0.1,0.1,0.1,0.1,0.1,0.1,0.1,0.1,0.1,0.1,0.1,0.1,0.1,0.1,0.1,0.1,0.1,0.1,0.1,0.1,0.1,0.1,0.1,0.1,0.1,0.1,0.1,0.1,0.1,0.1,0.1,0.1,0.1,0.1,0.1,0.1,0.1,0.1,0.1,0.1,0.1,0.1,0.1,0.1,0.1,0.1,0.1,0.1,0.1,0.1,0.1,0.1,0.1,0.1,0.1,0.1,0.1,0.1,0.1,0.1,0.1,0.1,0.1,0.1,0.1,0.1,0.1,0.1,0.1,0.1,0.1,0.1,0.1,0.1,0.1,0.1,0.1,0.1,0.1,0.1,0.1,0.1,0.1,0.1,0.1,0.1,0.1,0.1,0.1,0.1,0.1,0.1,0.1,0.1,0.1,0.1,0.1,0.1,0.1,0.1,0.1,0.1,0.1,0.1,0.1,0.1,0.1,0.1,0.1,0.1,0.1,0.1,0.1,0.1,0.1,0.1,0.1,0.1,0.1,0.1,0.1,0.1,0.1,0.1,0.1,0.1,0.1,0.1,0.1,0.1,0.1,0.1,0.1,0.1,0.1,0.1,0.1,0.1,0.1,0.1,0.1,0.1,0.1,0.1,0.1,0.1,0.1,0.1,0.1,0.1,0.1,0.1,0.1,0.1,0.1,0.1,0.1,0.1,0.1,0.1,0.1,0.1,0.1,0.1,0.1,0.1,0.1,0.1,0.1,0.1,0.1,0.1,0.1,0.1
0.1,0.1,0.1,0.1,0.1,0.1,0.1,0.1,0.1,0.1,0.1,0.1,0.1,0.1,0.1,0.1,0.1,0.1,0.1,0.1,0.1,0.1,0.1,0.1,0.1,0.1,0.1,0.1,0.1,0.1,0.1,0.1,0.1,0.1,0.1,0.1,0.1,0.1,0.1,0.1,0.1,0.1,0.1,0.1,0.1,0.1,0.1,0.1,0.1,0.1,0.1,0.1,0.1,0.1,0.1,0.1,0.1,0.1,0.1,0.1,0.1,0.1,0.1,0.1,0.1,0.1,0.1,0.1,0.1,0.1,0.1,0.1,0.1,0.1,0.1,0.1,0.1,0.1,0.1,0.1,0.1,0.1,0.1,0.1,0.1,0.1,0.1,0.1,0.1,0.1,0.1,0.1,0.1,0.1,0.1,0.1,0.1,0.1,0.1,0.1,0.1,0.1,0.1,0.1,0.1,0.1,0.1,0.1,0.1,0.1,0.1,0.1,0.1,0.1,0.1,0.1,0.1,0.1,0.1,0.1,0.1,0.1,0.1,0.1,0.1,0.1,0.1,0.1,0.1,0.1,0.1,0.1,0.1,0.1,0.1,0.1,0.1,0.1,0.1,0.1,0.1,0.1,0.1,0.1,0.1,0.1,0.1,0.1,0.1,0.1,0.1,0.1,0.1,0.1,0.1,0.1,0.1,0.1,0.1,0.1,0.1,0.1,0.1,0.1,0.1,0.1,0.1,0.1,0.1,0.1,0.1,0.1,0.1,0.1,0.1,0.1,0.1,0.1,0.1,0.1,0.1,0.1,0.1,0.1,0.1,0.1,0.1,0.1,0.1,0.1,0.1,0.1,0.1,0.1,0.1,0.1,0.1,0.1,0.1,0.1,0.1,0.1,0.1,0.1,0.1,0.1,0.1,0.1,0.1,0.1,0.1,0.1,0.1,0.1,0.1,0.1,0.1,0.1,0.1,0.1,0.1,0.1,0.1,0.1,0.1,0.1,0.1,0.1,0.1,0.1,0.1,0.1,0.1,0.1,0.1,0.1,0.1,0.1,0.1,0.1,0.1,0.1,0.1,0.1,0.1,0.1,0.1,0.1,1,1,1,1,1,1,1,1,1,1,1,1,1,1,1,1,1,2,2,2,2,2,2,2,2,2,2,2,2,2,2,2,2,2,2,2,2,2,2,2,1,1,1,1,1,1,1,1,1,1,1,1,1,1,1,1,1,0.1,0.1,0.1,0.1,0.1,0.1,0.1,0.1,0.1,0.1,0.1,0.1,0.1,0.1,0.1,0.1,0.1,0.1,0.1,0.1,0.1,0.1,0.1,0.1,0.1,0.1,0.1,0.1,0.1,0.1,0.1,0.1,0.1,0.1,0.1,0.1,0.1,0.1,0.1,0.1,0.1,0.1,0.1,0.1,0.1,0.1,0.1,0.1,0.1,0.1,0.1,0.1,0.1,0.1,0.1,0.1,0.1,0.1,0.1,0.1,0.1,0.1,0.1,0.1,0.1,0.1,0.1,0.1,0.1,0.1,0.1,0.1,0.1,0.1,0.1,0.1,0.1,0.1,0.1,0.1,0.1,0.1,0.1,0.1,0.1,0.1,0.1,0.1,0.1,0.1,0.1,0.1,0.1,0.1,0.1,0.1,0.1,0.1,0.1,0.1,0.1,0.1,0.1,0.1,0.1,0.1,0.1,0.1,0.1,0.1,0.1,0.1,0.1,0.1,0.1,0.1,0.1,0.1,0.1,0.1,0.1,0.1,0.1,0.1,0.1,0.1,0.1,0.1,0.1,0.1,0.1,0.1,0.1,0.1,0.1,0.1,0.1,0.1,0.1,0.1,0.1,0.1,0.1,0.1,0.1,0.1,0.1,0.1,0.1,0.1,0.1,0.1,0.1,0.1,0.1,0.1,0.1,0.1,0.1,0.1,0.1,0.1,0.1,0.1,0.1,0.1,0.1,0.1,0.1,0.1,0.1,0.1,0.1,0.1,0.1,0.1,0.1,0.1,0.1,0.1,0.1,0.1,0.1,0.1,0.1,0.1,0.1,0.1,0.1,0.1,0.1,0.1,0.1,0.1,0.1,0.1,0.1,0.1,0.1,0.1,0.1,0.1,0.1,0.1,0.1,0.1,0.1,0.1,0.1,0.1,0.1,0.1,0.1,0.1,0.1,0.1,0.1,0.1,0.1,0.1,0.1,0.1,0.1,0.1,0.1,0.1,0.1,0.1,0.1,0.1,0.1,0.1,0.1,0.1,0.1,0.1,0.1,0.1,0.1,0.1,0.1,0.1,0.1,0.1,0.1
0.1,0.1,0.1,0.1,0.1,0.1,0.1,0.1,0.1,0.1,0.1,0.1,0.1,0.1,0.1,0.1,0.1,0.1,0.1,0.1,0.1,0.1,0.1,0.1,0.1,0.1,0.1,0.1,0.1,0.1,0.1,0.1,0.1,0.1,0.1,0.1,0.1,0.1,0.1,0.1,0.1,0.1,0.1,0.1,0.1,0.1,0.1,0.1,0.1,0.1,0.1,0.1,0.1,0.1,0.1,0.1,0.1,0.1,0.1,0.1,0.1,0.1,0.1,0.1,0.1,0.1,0.1,0.1,0.1,0.1,0.1,0.1,0.1,0.1,0.1,0.1,0.1,0.1,0.1,0.1,0.1,0.1,0.1,0.1,0.1,0.1,0.1,0.1,0.1,0.1,0.1,0.1,0.1,0.1,0.1,0.1,0.1,0.1,0.1,0.1,0.1,0.1,0.1,0.1,0.1,0.1,0.1,0.1,0.1,0.1,0.1,0.1,0.1,0.1,0.1,0.1,0.1,0.1,0.1,0.1,0.1,0.1,0.1,0.1,0.1,0.1,0.1,0.1,0.1,0.1,0.1,0.1,0.1,0.1,0.1,0.1,0.1,0.1,0.1,0.1,0.1,0.1,0.1,0.1,0.1,0.1,0.1,0.1,0.1,0.1,0.1,0.1,0.1,0.1,0.1,0.1,0.1,0.1,0.1,0.1,0.1,0.1,0.1,0.1,0.1,0.1,0.1,0.1,0.1,0.1,0.1,0.1,0.1,0.1,0.1,0.1,0.1,0.1,0.1,0.1,0.1,0.1,0.1,0.1,0.1,0.1,0.1,0.1,0.1,0.1,0.1,0.1,0.1,0.1,0.1,0.1,0.1,0.1,0.1,0.1,0.1,0.1,0.1,0.1,0.1,0.1,0.1,0.1,0.1,0.1,0.1,0.1,0.1,0.1,0.1,0.1,0.1,0.1,0.1,0.1,0.1,0.1,0.1,0.1,0.1,0.1,0.1,0.1,0.1,0.1,0.1,0.1,0.1,0.1,0.1,0.1,0.1,0.1,0.1,0.1,0.1,0.1,0.1,0.1,0.1,1,1,1,1,1,1,1,1,1,1,1,1,1,1,1,1,2,2,2,2,2,2,2,2,2,2,2,2,2,2,2,2,2,2,2,2,2,2,2,2,2,2,2,2,2,2,2,1,1,1,1,1,1,1,1,1,1,1,1,1,1,1,1,0.1,0.1,0.1,0.1,0.1,0.1,0.1,0.1,0.1,0.1,0.1,0.1,0.1,0.1,0.1,0.1,0.1,0.1,0.1,0.1,0.1,0.1,0.1,0.1,0.1,0.1,0.1,0.1,0.1,0.1,0.1,0.1,0.1,0.1,0.1,0.1,0.1,0.1,0.1,0.1,0.1,0.1,0.1,0.1,0.1,0.1,0.1,0.1,0.1,0.1,0.1,0.1,0.1,0.1,0.1,0.1,0.1,0.1,0.1,0.1,0.1,0.1,0.1,0.1,0.1,0.1,0.1,0.1,0.1,0.1,0.1,0.1,0.1,0.1,0.1,0.1,0.1,0.1,0.1,0.1,0.1,0.1,0.1,0.1,0.1,0.1,0.1,0.1,0.1,0.1,0.1,0.1,0.1,0.1,0.1,0.1,0.1,0.1,0.1,0.1,0.1,0.1,0.1,0.1,0.1,0.1,0.1,0.1,0.1,0.1,0.1,0.1,0.1,0.1,0.1,0.1,0.1,0.1,0.1,0.1,0.1,0.1,0.1,0.1,0.1,0.1,0.1,0.1,0.1,0.1,0.1,0.1,0.1,0.1,0.1,0.1,0.1,0.1,0.1,0.1,0.1,0.1,0.1,0.1,0.1,0.1,0.1,0.1,0.1,0.1,0.1,0.1,0.1,0.1,0.1,0.1,0.1,0.1,0.1,0.1,0.1,0.1,0.1,0.1,0.1,0.1,0.1,0.1,0.1,0.1,0.1,0.1,0.1,0.1,0.1,0.1,0.1,0.1,0.1,0.1,0.1,0.1,0.1,0.1,0.1,0.1,0.1,0.1,0.1,0.1,0.1,0.1,0.1,0.1,0.1,0.1,0.1,0.1,0.1,0.1,0.1,0.1,0.1,0.1,0.1,0.1,0.1,0.1,0.1,0.1,0.1,0.1,0.1,0.1,0.1,0.1,0.1,0.1,0.1,0.1,0.1,0.1,0.1,0.1,0.1,0.1,0.1,0.1,0.1,0.1,0.1,0.1,0.1,0.1,0.1,0.1,0.1,0.1,0.1,0.1,0.1,0.1
0.1,0.1,0.1,0.1,0.1,0.1,0.1,0.1,0.1,0.1,0.1,0.1,0.1,0.1,0.1,0.1,0.1,0.1,0.1,0.1,0.1,0.1,0.1,0.1,0.1,0.1,0.1,0.1,0.1,0.1,0.1,0.1,0.1,0.1,0.1,0.1,0.1,0.1,0.1,0.1,0.1,0.1,0.1,0.1,0.1,0.1,0.1,0.1,0.1,0.1,0.1,0.1,0.1,0.1,0.1,0.1,0.1,0.1,0.1,0.1,0.1,0.1,0.1,0.1,0.1,0.1,0.1,0.1,0.1,0.1,0.1,0.1,0.1,0.1,0.1,0.1,0.1,0.1,0.1,0.1,0.1,0.1,0.1,0.1,0.1,0.1,0.1,0.1,0.1,0.1,0.1,0.1,0.1,0.1,0.1,0.1,0.1,0.1,0.1,0.1,0.1,0.1,0.1,0.1,0.1,0.1,0.1,0.1,0.1,0.1,0.1,0.1,0.1,0.1,0.1,0.1,0.1,0.1,0.1,0.1,0.1,0.1,0.1,0.1,0.1,0.1,0.1,0.1,0.1,0.1,0.1,0.1,0.1,0.1,0.1,0.1,0.1,0.1,0.1,0.1,0.1,0.1,0.1,0.1,0.1,0.1,0.1,0.1,0.1,0.1,0.1,0.1,0.1,0.1,0.1,0.1,0.1,0.1,0.1,0.1,0.1,0.1,0.1,0.1,0.1,0.1,0.1,0.1,0.1,0.1,0.1,0.1,0.1,0.1,0.1,0.1,0.1,0.1,0.1,0.1,0.1,0.1,0.1,0.1,0.1,0.1,0.1,0.1,0.1,0.1,0.1,0.1,0.1,0.1,0.1,0.1,0.1,0.1,0.1,0.1,0.1,0.1,0.1,0.1,0.1,0.1,0.1,0.1,0.1,0.1,0.1,0.1,0.1,0.1,0.1,0.1,0.1,0.1,0.1,0.1,0.1,0.1,0.1,0.1,0.1,0.1,0.1,0.1,0.1,0.1,0.1,0.1,0.1,0.1,0.1,0.1,0.1,0.1,0.1,0.1,0.1,0.1,0.1,1,1,1,1,1,1,1,1,1,1,1,1,1,1,1,2,2,2,2,2,2,2,2,2,2,2,2,2,2,2,2,2,2,2,2,2,2,2,2,2,2,2,2,2,2,2,2,2,2,2,2,2,1,1,1,1,1,1,1,1,1,1,1,1,1,1,1,0.1,0.1,0.1,0.1,0.1,0.1,0.1,0.1,0.1,0.1,0.1,0.1,0.1,0.1,0.1,0.1,0.1,0.1,0.1,0.1,0.1,0.1,0.1,0.1,0.1,0.1,0.1,0.1,0.1,0.1,0.1,0.1,0.1,0.1,0.1,0.1,0.1,0.1,0.1,0.1,0.1,0.1,0.1,0.1,0.1,0.1,0.1,0.1,0.1,0.1,0.1,0.1,0.1,0.1,0.1,0.1,0.1,0.1,0.1,0.1,0.1,0.1,0.1,0.1,0.1,0.1,0.1,0.1,0.1,0.1,0.1,0.1,0.1,0.1,0.1,0.1,0.1,0.1,0.1,0.1,0.1,0.1,0.1,0.1,0.1,0.1,0.1,0.1,0.1,0.1,0.1,0.1,0.1,0.1,0.1,0.1,0.1,0.1,0.1,0.1,0.1,0.1,0.1,0.1,0.1,0.1,0.1,0.1,0.1,0.1,0.1,0.1,0.1,0.1,0.1,0.1,0.1,0.1,0.1,0.1,0.1,0.1,0.1,0.1,0.1,0.1,0.1,0.1,0.1,0.1,0.1,0.1,0.1,0.1,0.1,0.1,0.1,0.1,0.1,0.1,0.1,0.1,0.1,0.1,0.1,0.1,0.1,0.1,0.1,0.1,0.1,0.1,0.1,0.1,0.1,0.1,0.1,0.1,0.1,0.1,0.1,0.1,0.1,0.1,0.1,0.1,0.1,0.1,0.1,0.1,0.1,0.1,0.1,0.1,0.1,0.1,0.1,0.1,0.1,0.1,0.1,0.1,0.1,0.1,0.1,0.1,0.1,0.1,0.1,0.1,0.1,0.1,0.1,0.1,0.1,0.1,0.1,0.1,0.1,0.1,0.1,0.1,0.1,0.1,0.1,0.1,0.1,0.1,0.1,0.1,0.1,0.1,0.1,0.1,0.1,0.1,0.1,0.1,0.1,0.1,0.1,0.1,0.1,0.1,0.1,0.1,0.1,0.1,0.1,0.1,0.1,0.1,0.1,0.1,0.1,0.1,0.1,0.1,0.1,0.1
0.1,0.1,0.1,0.1,0.1,0.1,0.1,0.1,0.1,0.1,0.1,0.1,0.1,0.1,0.1,0.1,0.1,0.1,0.1,0.1,0.1,0.1,0.1,0.1,0.1,0.1,0.1,0.1,0.1,0.1,0.1,0.1,0.1,0.1,0.1,0.1,0.1,0.1,0.1,0.1,0.1,0.1,0.1,0.1,0.1,0.1,0.1,0.1,0.1,0.1,0.1,0.1,0.1,0.1,0.1,0.1,0.1,0.1,0.1,0.1,0.1,0.1,0.1,0.1,0.1,0.1,0.1,0.1,0.1,0.1,0.1,0.1,0.1,0.1,0.1,0.1,0.1,0.1,0.1,0.1,0.1,0.1,0.1,0.1,0.1,0.1,0.1,0.1,0.1,0.1,0.1,0.1,0.1,0.1,0.1,0.1,0.1,0.1,0.1,0.1,0.1,0.1,0.1,0.1,0.1,0.1,0.1,0.1,0.1,0.1,0.1,0.1,0.1,0.1,0.1,0.1,0.1,0.1,0.1,0.1,0.1,0.1,0.1,0.1,0.1,0.1,0.1,0.1,0.1,0.1,0.1,0.1,0.1,0.1,0.1,0.1,0.1,0.1,0.1,0.1,0.1,0.1,0.1,0.1,0.1,0.1,0.1,0.1,0.1,0.1,0.1,0.1,0.1,0.1,0.1,0.1,0.1,0.1,0.1,0.1,0.1,0.1,0.1,0.1,0.1,0.1,0.1,0.1,0.1,0.1,0.1,0.1,0.1,0.1,0.1,0.1,0.1,0.1,0.1,0.1,0.1,0.1,0.1,0.1,0.1,0.1,0.1,0.1,0.1,0.1,0.1,0.1,0.1,0.1,0.1,0.1,0.1,0.1,0.1,0.1,0.1,0.1,0.1,0.1,0.1,0.1,0.1,0.1,0.1,0.1,0.1,0.1,0.1,0.1,0.1,0.1,0.1,0.1,0.1,0.1,0.1,0.1,0.1,0.1,0.1,0.1,0.1,0.1,0.1,0.1,0.1,0.1,0.1,0.1,0.1,0.1,0.1,0.1,0.1,0.1,0.1,1,1,1,1,1,1,1,1,1,1,1,1,1,1,2,2,2,2,2,2,2,2,2,2,2,2,2,2,2,2,2,2,2,2,2,2,2,2,2,2,2,2,2,2,2,2,2,2,2,2,2,2,2,2,2,2,2,1,1,1,1,1,1,1,1,1,1,1,1,1,1,0.1,0.1,0.1,0.1,0.1,0.1,0.1,0.1,0.1,0.1,0.1,0.1,0.1,0.1,0.1,0.1,0.1,0.1,0.1,0.1,0.1,0.1,0.1,0.1,0.1,0.1,0.1,0.1,0.1,0.1,0.1,0.1,0.1,0.1,0.1,0.1,0.1,0.1,0.1,0.1,0.1,0.1,0.1,0.1,0.1,0.1,0.1,0.1,0.1,0.1,0.1,0.1,0.1,0.1,0.1,0.1,0.1,0.1,0.1,0.1,0.1,0.1,0.1,0.1,0.1,0.1,0.1,0.1,0.1,0.1,0.1,0.1,0.1,0.1,0.1,0.1,0.1,0.1,0.1,0.1,0.1,0.1,0.1,0.1,0.1,0.1,0.1,0.1,0.1,0.1,0.1,0.1,0.1,0.1,0.1,0.1,0.1,0.1,0.1,0.1,0.1,0.1,0.1,0.1,0.1,0.1,0.1,0.1,0.1,0.1,0.1,0.1,0.1,0.1,0.1,0.1,0.1,0.1,0.1,0.1,0.1,0.1,0.1,0.1,0.1,0.1,0.1,0.1,0.1,0.1,0.1,0.1,0.1,0.1,0.1,0.1,0.1,0.1,0.1,0.1,0.1,0.1,0.1,0.1,0.1,0.1,0.1,0.1,0.1,0.1,0.1,0.1,0.1,0.1,0.1,0.1,0.1,0.1,0.1,0.1,0.1,0.1,0.1,0.1,0.1,0.1,0.1,0.1,0.1,0.1,0.1,0.1,0.1,0.1,0.1,0.1,0.1,0.1,0.1,0.1,0.1,0.1,0.1,0.1,0.1,0.1,0.1,0.1,0.1,0.1,0.1,0.1,0.1,0.1,0.1,0.1,0.1,0.1,0.1,0.1,0.1,0.1,0.1,0.1,0.1,0.1,0.1,0.1,0.1,0.1,0.1,0.1,0.1,0.1,0.1,0.1,0.1,0.1,0.1,0.1,0.1,0.1,0.1,0.1,0.1,0.1,0.1,0.1,0.1,0.1,0.1,0.1,0.1,0.1,0.1,0.1,0.1,0.1
0.1,0.1,0.1,0.1,0.1,0.1,0.1,0.1,0.1,0.1,0.1,0.1,0.1,0.1,0.1,0.1,0.1,0.1,0.1,0.1,0.1,0.1,0.1,0.1,0.1,0.1,0.1,0.1,0.1,0.1,0.1,0.1,0.1,0.1,0.1,0.1,0.1,0.1,0.1,0.1,0.1,0.1,0.1,0.1,0.1,0.1,0.1,0.1,0.1,0.1,0.1,0.1,0.1,0.1,0.1,0.1,0.1,0.1,0.1,0.1,0.1,0.1,0.1,0.1,0.1,0.1,0.1,0.1,0.1,0.1,0.1,0.1,0.1,0.1,0.1,0.1,0.1,0.1,0.1,0.1,0.1,0.1,0.1,0.1,0.1,0.1,0.1,0.1,0.1,0.1,0.1,0.1,0.1,0.1,0.1,0.1,0.1,0.1,0.1,0.1,0.1,0.1,0.1,0.1,0.1,0.1,0.1,0.1,0.1,0.1,0.1,0.1,0.1,0.1,0.1,0.1,0.1,0.1,0.1,0.1,0.1,0.1,0.1,0.1,0.1,0.1,0.1,0.1,0.1,0.1,0.1,0.1,0.1,0.1,0.1,0.1,0.1,0.1,0.1,0.1,0.1,0.1,0.1,0.1,0.1,0.1,0.1,0.1,0.1,0.1,0.1,0.1,0.1,0.1,0.1,0.1,0.1,0.1,0.1,0.1,0.1,0.1,0.1,0.1,0.1,0.1,0.1,0.1,0.1,0.1,0.1,0.1,0.1,0.1,0.1,0.1,0.1,0.1,0.1,0.1,0.1,0.1,0.1,0.1,0.1,0.1,0.1,0.1,0.1,0.1,0.1,0.1,0.1,0.1,0.1,0.1,0.1,0.1,0.1,0.1,0.1,0.1,0.1,0.1,0.1,0.1,0.1,0.1,0.1,0.1,0.1,0.1,0.1,0.1,0.1,0.1,0.1,0.1,0.1,0.1,0.1,0.1,0.1,0.1,0.1,0.1,0.1,0.1,0.1,0.1,0.1,0.1,0.1,0.1,0.1,0.1,0.1,0.1,0.1,1,1,1,1,1,1,1,1,1,1,1,1,1,2,2,2,2,2,2,2,2,2,2,2,2,2,2,2,2,2,2,2,2,2,3,3,3,3,3,3,3,2,2,2,2,2,2,2,2,2,2,2,2,2,2,2,2,2,2,2,2,2,1,1,1,1,1,1,1,1,1,1,1,1,1,0.1,0.1,0.1,0.1,0.1,0.1,0.1,0.1,0.1,0.1,0.1,0.1,0.1,0.1,0.1,0.1,0.1,0.1,0.1,0.1,0.1,0.1,0.1,0.1,0.1,0.1,0.1,0.1,0.1,0.1,0.1,0.1,0.1,0.1,0.1,0.1,0.1,0.1,0.1,0.1,0.1,0.1,0.1,0.1,0.1,0.1,0.1,0.1,0.1,0.1,0.1,0.1,0.1,0.1,0.1,0.1,0.1,0.1,0.1,0.1,0.1,0.1,0.1,0.1,0.1,0.1,0.1,0.1,0.1,0.1,0.1,0.1,0.1,0.1,0.1,0.1,0.1,0.1,0.1,0.1,0.1,0.1,0.1,0.1,0.1,0.1,0.1,0.1,0.1,0.1,0.1,0.1,0.1,0.1,0.1,0.1,0.1,0.1,0.1,0.1,0.1,0.1,0.1,0.1,0.1,0.1,0.1,0.1,0.1,0.1,0.1,0.1,0.1,0.1,0.1,0.1,0.1,0.1,0.1,0.1,0.1,0.1,0.1,0.1,0.1,0.1,0.1,0.1,0.1,0.1,0.1,0.1,0.1,0.1,0.1,0.1,0.1,0.1,0.1,0.1,0.1,0.1,0.1,0.1,0.1,0.1,0.1,0.1,0.1,0.1,0.1,0.1,0.1,0.1,0.1,0.1,0.1,0.1,0.1,0.1,0.1,0.1,0.1,0.1,0.1,0.1,0.1,0.1,0.1,0.1,0.1,0.1,0.1,0.1,0.1,0.1,0.1,0.1,0.1,0.1,0.1,0.1,0.1,0.1,0.1,0.1,0.1,0.1,0.1,0.1,0.1,0.1,0.1,0.1,0.1,0.1,0.1,0.1,0.1,0.1,0.1,0.1,0.1,0.1,0.1,0.1,0.1,0.1,0.1,0.1,0.1,0.1,0.1,0.1,0.1,0.1,0.1,0.1,0.1,0.1,0.1,0.1,0.1,0.1,0.1,0.1,0.1,0.1,0.1,0.1,0.1,0.1,0.1,0.1,0.1,0.1
0.1,0.1,0.1,0.1,0.1,0.1,0.1,0.1,0.1,0.1,0.1,0.1,0.1,0.1,0.1,0.1,0.1,0.1,0.1,0.1,0.1,0.1,0.1,0.1,0.1,0.1,0.1,0.1,0.1,0.1,0.1,0.1,0.1,0.1,0.1,0.1,0.1,0.1,0.1,0.1,0.1,0.1,0.1,0.1,0.1,0.1,0.1,0.1,0.1,0.1,0.1,0.1,0.1,0.1,0.1,0.1,0.1,0.1,0.1,0.1,0.1,0.1,0.1,0.1,0.1,0.1,0.1,0.1,0.1,0.1,0.1,0.1,0.1,0.1,0.1,0.1,0.1,0.1,0.1,0.1,0.1,0.1,0.1,0.1,0.1,0.1,0.1,0.1,0.1,0.1,0.1,0.1,0.1,0.1,0.1,0.1,0.1,0.1,0.1,0.1,0.1,0.1,0.1,0.1,0.1,0.1,0.1,0.1,0.1,0.1,0.1,0.1,0.1,0.1,0.1,0.1,0.1,0.1,0.1,0.1,0.1,0.1,0.1,0.1,0.1,0.1,0.1,0.1,0.1,0.1,0.1,0.1,0.1,0.1,0.1,0.1,0.1,0.1,0.1,0.1,0.1,0.1,0.1,0.1,0.1,0.1,0.1,0.1,0.1,0.1,0.1,0.1,0.1,0.1,0.1,0.1,0.1,0.1,0.1,0.1,0.1,0.1,0.1,0.1,0.1,0.1,0.1,0.1,0.1,0.1,0.1,0.1,0.1,0.1,0.1,0.1,0.1,0.1,0.1,0.1,0.1,0.1,0.1,0.1,0.1,0.1,0.1,0.1,0.1,0.1,0.1,0.1,0.1,0.1,0.1,0.1,0.1,0.1,0.1,0.1,0.1,0.1,0.1,0.1,0.1,0.1,0.1,0.1,0.1,0.1,0.1,0.1,0.1,0.1,0.1,0.1,0.1,0.1,0.1,0.1,0.1,0.1,0.1,0.1,0.1,0.1,0.1,0.1,0.1,0.1,0.1,0.1,0.1,0.1,0.1,0.1,0.1,1,1,1,1,1,1,1,1,1,1,1,1,2,2,2,2,2,2,2,2,2,2,2,2,2,2,2,2,2,2,2,2,2,3,3,3,3,3,3,3,3,3,3,3,3,3,2,2,2,2,2,2,2,2,2,2,2,2,2,2,2,2,2,2,2,2,2,1,1,1,1,1,1,1,1,1,1,1,1,0.1,0.1,0.1,0.1,0.1,0.1,0.1,0.1,0.1,0.1,0.1,0.1,0.1,0.1,0.1,0.1,0.1,0.1,0.1,0.1,0.1,0.1,0.1,0.1,0.1,0.1,0.1,0.1,0.1,0.1,0.1,0.1,0.1,0.1,0.1,0.1,0.1,0.1,0.1,0.1,0.1,0.1,0.1,0.1,0.1,0.1,0.1,0.1,0.1,0.1,0.1,0.1,0.1,0.1,0.1,0.1,0.1,0.1,0.1,0.1,0.1,0.1,0.1,0.1,0.1,0.1,0.1,0.1,0.1,0.1,0.1,0.1,0.1,0.1,0.1,0.1,0.1,0.1,0.1,0.1,0.1,0.1,0.1,0.1,0.1,0.1,0.1,0.1,0.1,0.1,0.1,0.1,0.1,0.1,0.1,0.1,0.1,0.1,0.1,0.1,0.1,0.1,0.1,0.1,0.1,0.1,0.1,0.1,0.1,0.1,0.1,0.1,0.1,0.1,0.1,0.1,0.1,0.1,0.1,0.1,0.1,0.1,0.1,0.1,0.1,0.1,0.1,0.1,0.1,0.1,0.1,0.1,0.1,0.1,0.1,0.1,0.1,0.1,0.1,0.1,0.1,0.1,0.1,0.1,0.1,0.1,0.1,0.1,0.1,0.1,0.1,0.1,0.1,0.1,0.1,0.1,0.1,0.1,0.1,0.1,0.1,0.1,0.1,0.1,0.1,0.1,0.1,0.1,0.1,0.1,0.1,0.1,0.1,0.1,0.1,0.1,0.1,0.1,0.1,0.1,0.1,0.1,0.1,0.1,0.1,0.1,0.1,0.1,0.1,0.1,0.1,0.1,0.1,0.1,0.1,0.1,0.1,0.1,0.1,0.1,0.1,0.1,0.1,0.1,0.1,0.1,0.1,0.1,0.1,0.1,0.1,0.1,0.1,0.1,0.1,0.1,0.1,0.1,0.1,0.1,0.1,0.1,0.1,0.1,0.1,0.1,0.1,0.1,0.1,0.1,0.1,0.1,0.1,0.1
0.1,0.1,0.1,0.1,0.1,0.1,0.1,0.1,0.1,0.1,0.1,0.1,0.1,0.1,0.1,0.1,0.1,0.1,0.1,0.1,0.1,0.1,0.1,0.1,0.1,0.1,0.1,0.1,0.1,0.1,0.1,0.1,0.1,0.1,0.1,0.1,0.1,0.1,0.1,0.1,0.1,0.1,0.1,0.1,0.1,0.1,0.1,0.1,0.1,0.1,0.1,0.1,0.1,0.1,0.1,0.1,0.1,0.1,0.1,0.1,0.1,0.1,0.1,0.1,0.1,0.1,0.1,0.1,0.1,0.1,0.1,0.1,0.1,0.1,0.1,0.1,0.1,0.1,0.1,0.1,0.1,0.1,0.1,0.1,0.1,0.1,0.1,0.1,0.1,0.1,0.1,0.1,0.1,0.1,0.1,0.1,0.1,0.1,0.1,0.1,0.1,0.1,0.1,0.1,0.1,0.1,0.1,0.1,0.1,0.1,0.1,0.1,0.1,0.1,0.1,0.1,0.1,0.1,0.1,0.1,0.1,0.1,0.1,0.1,0.1,0.1,0.1,0.1,0.1,0.1,0.1,0.1,0.1,0.1,0.1,0.1,0.1,0.1,0.1,0.1,0.1,0.1,0.1,0.1,0.1,0.1,0.1,0.1,0.1,0.1,0.1,0.1,0.1,0.1,0.1,0.1,0.1,0.1,0.1,0.1,0.1,0.1,0.1,0.1,0.1,0.1,0.1,0.1,0.1,0.1,0.1,0.1,0.1,0.1,0.1,0.1,0.1,0.1,0.1,0.1,0.1,0.1,0.1,0.1,0.1,0.1,0.1,0.1,0.1,0.1,0.1,0.1,0.1,0.1,0.1,0.1,0.1,0.1,0.1,0.1,0.1,0.1,0.1,0.1,0.1,0.1,0.1,0.1,0.1,0.1,0.1,0.1,0.1,0.1,0.1,0.1,0.1,0.1,0.1,0.1,0.1,0.1,0.1,0.1,0.1,0.1,0.1,0.1,0.1,0.1,0.1,0.1,0.1,0.1,0.1,1,1,1,1,1,1,1,1,1,1,1,1,2,2,2,2,2,2,2,2,2,2,2,2,2,2,2,2,2,2,2,2,2,2,2,2,2,2,2,2,3,3,3,2,2,2,2,2,2,2,2,2,2,2,2,2,2,2,2,2,2,2,2,2,2,2,2,2,2,2,2,1,1,1,1,1,1,1,1,1,1,1,1,0.1,0.1,0.1,0.1,0.1,0.1,0.1,0.1,0.1,0.1,0.1,0.1,0.1,0.1,0.1,0.1,0.1,0.1,0.1,0.1,0.1,0.1,0.1,0.1,0.1,0.1,0.1,0.1,0.1,0.1,0.1,0.1,0.1,0.1,0.1,0.1,0.1,0.1,0.1,0.1,0.1,0.1,0.1,0.1,0.1,0.1,0.1,0.1,0.1,0.1,0.1,0.1,0.1,0.1,0.1,0.1,0.1,0.1,0.1,0.1,0.1,0.1,0.1,0.1,0.1,0.1,0.1,0.1,0.1,0.1,0.1,0.1,0.1,0.1,0.1,0.1,0.1,0.1,0.1,0.1,0.1,0.1,0.1,0.1,0.1,0.1,0.1,0.1,0.1,0.1,0.1,0.1,0.1,0.1,0.1,0.1,0.1,0.1,0.1,0.1,0.1,0.1,0.1,0.1,0.1,0.1,0.1,0.1,0.1,0.1,0.1,0.1,0.1,0.1,0.1,0.1,0.1,0.1,0.1,0.1,0.1,0.1,0.1,0.1,0.1,0.1,0.1,0.1,0.1,0.1,0.1,0.1,0.1,0.1,0.1,0.1,0.1,0.1,0.1,0.1,0.1,0.1,0.1,0.1,0.1,0.1,0.1,0.1,0.1,0.1,0.1,0.1,0.1,0.1,0.1,0.1,0.1,0.1,0.1,0.1,0.1,0.1,0.1,0.1,0.1,0.1,0.1,0.1,0.1,0.1,0.1,0.1,0.1,0.1,0.1,0.1,0.1,0.1,0.1,0.1,0.1,0.1,0.1,0.1,0.1,0.1,0.1,0.1,0.1,0.1,0.1,0.1,0.1,0.1,0.1,0.1,0.1,0.1,0.1,0.1,0.1,0.1,0.1,0.1,0.1,0.1,0.1,0.1,0.1,0.1,0.1,0.1,0.1,0.1,0.1,0.1,0.1,0.1,0.1,0.1,0.1,0.1,0.1,0.1,0.1,0.1,0.1,0.1,0.1,0.1,0.1,0.1
0.1,0.1,0.1,0.1,0.1,0.1,0.1,0.1,0.1,0.1,0.1,0.1,0.1,0.1,0.1,0.1,0.1,0.1,0.1,0.1,0.1,0.1,0.1,0.1,0.1,0.1,0.1,0.1,0.1,0.1,0.1,0.1,0.1,0.1,0.1,0.1,0.1,0.1,0.1,0.1,0.1,0.1,0.1,0.1,0.1,0.1,0.1,0.1,0.1,0.1,0.1,0.1,0.1,0.1,0.1,0.1,0.1,0.1,0.1,0.1,0.1,0.1,0.1,0.1,0.1,0.1,0.1,0.1,0.1,0.1,0.1,0.1,0.1,0.1,0.1,0.1,0.1,0.1,0.1,0.1,0.1,0.1,0.1,0.1,0.1,0.1,0.1,0.1,0.1,0.1,0.1,0.1,0.1,0.1,0.1,0.1,0.1,0.1,0.1,0.1,0.1,0.1,0.1,0.1,0.1,0.1,0.1,0.1,0.1,0.1,0.1,0.1,0.1,0.1,0.1,0.1,0.1,0.1,0.1,0.1,0.1,0.1,0.1,0.1,0.1,0.1,0.1,0.1,0.1,0.1,0.1,0.1,0.1,0.1,0.1,0.1,0.1,0.1,0.1,0.1,0.1,0.1,0.1,0.1,0.1,0.1,0.1,0.1,0.1,0.1,0.1,0.1,0.1,0.1,0.1,0.1,0.1,0.1,0.1,0.1,0.1,0.1,0.1,0.1,0.1,0.1,0.1,0.1,0.1,0.1,0.1,0.1,0.1,0.1,0.1,0.1,0.1,0.1,0.1,0.1,0.1,0.1,0.1,0.1,0.1,0.1,0.1,0.1,0.1,0.1,0.1,0.1,0.1,1,1,1,1,1,1,1,1,1,1,1,1,0.1,0.1,0.1,0.1,0.1,0.1,0.1,0.1,0.1,0.1,0.1,0.1,0.1,0.1,0.1,0.1,0.1,0.1,0.1,0.1,0.1,0.1,0.1,0.1,0.1,0.1,0.1,0.1,1,1,1,1,1,1,1,1,1,1,1,2,2,2,2,2,2,2,2,2,2,2,2,2,2,2,2,2,2,2,2,2,2,2,2,2,2,2,2,2,2,2,2,2,2,2,2,2,2,2,2,2,2,2,2,2,2,2,2,2,2,2,2,2,2,2,2,2,2,2,2,2,2,2,2,2,1,1,1,1,1,1,1,1,1,1,1,0.1,0.1,0.1,0.1,0.1,0.1,0.1,0.1,0.1,0.1,0.1,0.1,0.1,0.1,0.1,0.1,0.1,0.1,0.1,0.1,0.1,0.1,0.1,0.1,0.1,0.1,0.1,0.1,1,1,1,1,1,1,1,1,1,1,1,1,0.1,0.1,0.1,0.1,0.1,0.1,0.1,0.1,0.1,0.1,0.1,0.1,0.1,0.1,0.1,0.1,0.1,0.1,0.1,0.1,0.1,0.1,0.1,0.1,0.1,0.1,0.1,0.1,0.1,0.1,0.1,0.1,0.1,0.1,0.1,0.1,0.1,0.1,0.1,0.1,0.1,0.1,0.1,0.1,0.1,0.1,0.1,0.1,0.1,0.1,0.1,0.1,0.1,0.1,0.1,0.1,0.1,0.1,0.1,0.1,0.1,0.1,0.1,0.1,0.1,0.1,0.1,0.1,0.1,0.1,0.1,0.1,0.1,0.1,0.1,0.1,0.1,0.1,0.1,0.1,0.1,0.1,0.1,0.1,0.1,0.1,0.1,0.1,0.1,0.1,0.1,0.1,0.1,0.1,0.1,0.1,0.1,0.1,0.1,0.1,0.1,0.1,0.1,0.1,0.1,0.1,0.1,0.1,0.1,0.1,0.1,0.1,0.1,0.1,0.1,0.1,0.1,0.1,0.1,0.1,0.1,0.1,0.1,0.1,0.1,0.1,0.1,0.1,0.1,0.1,0.1,0.1,0.1,0.1,0.1,0.1,0.1,0.1,0.1,0.1,0.1,0.1,0.1,0.1,0.1,0.1,0.1,0.1,0.1,0.1,0.1,0.1,0.1,0.1,0.1,0.1,0.1,0.1,0.1,0.1,0.1,0.1,0.1,0.1,0.1,0.1,0.1,0.1,0.1,0.1,0.1,0.1,0.1,0.1,0.1,0.1,0.1,0.1,0.1,0.1,0.1,0.1,0.1,0.1,0.1,0.1,0.1,0.1,0.1,0.1
0.1,0.1,0.1,0.1,0.1,0.1,0.1,0.1,0.1,0.1,0.1,0.1,0.1,0.1,0.1,0.1,0.1,0.1,0.1,0.1,0.1,0.1,0.1,0.1,0.1,0.1,0.1,0.1,0.1,0.1,0.1,0.1,0.1,0.1,0.1,0.1,0.1,0.1,0.1,0.1,0.1,0.1,0.1,0.1,0.1,0.1,0.1,0.1,0.1,0.1,0.1,0.1,0.1,0.1,0.1,0.1,0.1,0.1,0.1,0.1,0.1,0.1,0.1,0.1,0.1,0.1,0.1,0.1,0.1,0.1,0.1,0.1,0.1,0.1,0.1,0.1,0.1,0.1,0.1,0.1,0.1,0.1,0.1,0.1,0.1,0.1,0.1,0.1,0.1,0.1,0.1,0.1,0.1,0.1,0.1,0.1,0.1,0.1,0.1,0.1,0.1,0.1,0.1,0.1,0.1,0.1,0.1,0.1,0.1,0.1,0.1,0.1,0.1,0.1,0.1,0.1,0.1,0.1,0.1,0.1,0.1,0.1,0.1,0.1,0.1,0.1,0.1,0.1,0.1,0.1,0.1,0.1,0.1,0.1,0.1,0.1,0.1,0.1,0.1,0.1,0.1,0.1,0.1,0.1,0.1,0.1,0.1,0.1,0.1,0.1,0.1,0.1,0.1,0.1,0.1,0.1,0.1,0.1,0.1,0.1,0.1,0.1,0.1,0.1,0.1,0.1,0.1,0.1,0.1,0.1,0.1,0.1,0.1,0.1,0.1,0.1,0.1,0.1,0.1,0.1,0.1,0.1,0.1,0.1,0.1,0.1,0.1,0.1,0.1,0.1,1,1,1,1,1,1,1,1,1,1,1,1,1,1,1,1,1,0.1,0.1,0.1,0.1,0.1,0.1,0.1,0.1,0.1,0.1,0.1,0.1,0.1,0.1,0.1,0.1,0.1,0.1,0.1,0.1,0.1,0.1,0.1,0.1,1,1,1,1,1,1,1,1,1,1,1,2,2,2,2,2,2,2,2,2,2,2,2,2,2,2,2,2,2,2,2,2,2,2,2,2,2,2,2,2,2,2,2,2,2,2,2,2,2,2,2,2,2,2,2,2,2,2,2,2,2,2,2,2,2,2,2,2,2,2,2,2,2,2,2,2,2,2,2,2,1,1,1,1,1,1,1,1,1,1,1,0.1,0.1,0.1,0.1,0.1,0.1,0.1,0.1,0.1,0.1,0.1,0.1,0.1,0.1,0.1,0.1,0.1,0.1,0.1,0.1,0.1,0.1,0.1,0.1,1,1,1,1,1,1,1,1,1,1,1,1,1,1,1,1,1,0.1,0.1,0.1,0.1,0.1,0.1,0.1,0.1,0.1,0.1,0.1,0.1,0.1,0.1,0.1,0.1,0.1,0.1,0.1,0.1,0.1,0.1,0.1,0.1,0.1,0.1,0.1,0.1,0.1,0.1,0.1,0.1,0.1,0.1,0.1,0.1,0.1,0.1,0.1,0.1,0.1,0.1,0.1,0.1,0.1,0.1,0.1,0.1,0.1,0.1,0.1,0.1,0.1,0.1,0.1,0.1,0.1,0.1,0.1,0.1,0.1,0.1,0.1,0.1,0.1,0.1,0.1,0.1,0.1,0.1,0.1,0.1,0.1,0.1,0.1,0.1,0.1,0.1,0.1,0.1,0.1,0.1,0.1,0.1,0.1,0.1,0.1,0.1,0.1,0.1,0.1,0.1,0.1,0.1,0.1,0.1,0.1,0.1,0.1,0.1,0.1,0.1,0.1,0.1,0.1,0.1,0.1,0.1,0.1,0.1,0.1,0.1,0.1,0.1,0.1,0.1,0.1,0.1,0.1,0.1,0.1,0.1,0.1,0.1,0.1,0.1,0.1,0.1,0.1,0.1,0.1,0.1,0.1,0.1,0.1,0.1,0.1,0.1,0.1,0.1,0.1,0.1,0.1,0.1,0.1,0.1,0.1,0.1,0.1,0.1,0.1,0.1,0.1,0.1,0.1,0.1,0.1,0.1,0.1,0.1,0.1,0.1,0.1,0.1,0.1,0.1,0.1,0.1,0.1,0.1,0.1,0.1,0.1,0.1,0.1,0.1,0.1,0.1,0.1,0.1,0.1,0.1,0.1,0.1,0.1,0.1,0.1
0.1,0.1,0.1,0.1,0.1,0.1,0.1,0.1,0.1,0.1,0.1,0.1,0.1,0.1,0.1,0.1,0.1,0.1,0.1,0.1,0.1,0.1,0.1,0.1,0.1,0.1,0.1,0.1,0.1,0.1,0.1,0.1,0.1,0.1,0.1,0.1,0.1,0.1,0.1,0.1,0.1,0.1,0.1,0.1,0.1,0.1,0.1,0.1,0.1,0.1,0.1,0.1,0.1,0.1,0.1,0.1,0.1,0.1,0.1,0.1,0.1,0.1,0.1,0.1,0.1,0.1,0.1,0.1,0.1,0.1,0.1,0.1,0.1,0.1,0.1,0.1,0.1,0.1,0.1,0.1,0.1,0.1,0.1,0.1,0.1,0.1,0.1,0.1,0.1,0.1,0.1,0.1,0.1,0.1,0.1,0.1,0.1,0.1,0.1,0.1,0.1,0.1,0.1,0.1,0.1,0.1,0.1,0.1,0.1,0.1,0.1,0.1,0.1,0.1,0.1,0.1,0.1,0.1,0.1,0.1,0.1,0.1,0.1,0.1,0.1,0.1,0.1,0.1,0.1,0.1,0.1,0.1,0.1,0.1,0.1,0.1,0.1,0.1,0.1,0.1,0.1,0.1,0.1,0.1,0.1,0.1,0.1,0.1,0.1,0.1,0.1,0.1,0.1,0.1,0.1,0.1,0.1,0.1,0.1,0.1,0.1,0.1,0.1,0.1,0.1,0.1,0.1,0.1,0.1,0.1,0.1,0.1,0.1,0.1,0.1,0.1,0.1,0.1,0.1,0.1,0.1,0.1,0.1,0.1,0.1,0.1,0.1,0.1,1,1,1,1,1,1,1,1,1,1,1,1,1,1,1,1,1,1,1,1,0.1,0.1,0.1,0.1,0.1,0.1,0.1,0.1,0.1,0.1,0.1,0.1,0.1,0.1,0.1,0.1,0.1,0.1,0.1,0.1,0.1,0.1,1,1,1,1,1,1,1,1,1,2,2,2,2,2,2,2,2,2,2,2,2,2,2,2,2,2,2,2,2,2,2,2,2,2,2,2,2,2,2,2,2,2,2,2,2,2,2,2,2,2,2,2,2,2,2,2,2,2,2,2,2,2,2,2,2,2,2,2,2,2,2,2,2,2,2,2,2,2,2,2,2,2,2,2,1,1,1,1,1,1,1,1,1,0.1,0.1,0.1,0.1,0.1,0.1,0.1,0.1,0.1,0.1,0.1,0.1,0.1,0.1,0.1,0.1,0.1,0.1,0.1,0.1,0.1,0.1,1,1,1,1,1,1,1,1,1,1,1,1,1,1,1,1,1,1,1,1,0.1,0.1,0.1,0.1,0.1,0.1,0.1,0.1,0.1,0.1,0.1,0.1,0.1,0.1,0.1,0.1,0.1,0.1,0.1,0.1,0.1,0.1,0.1,0.1,0.1,0.1,0.1,0.1,0.1,0.1,0.1,0.1,0.1,0.1,0.1,0.1,0.1,0.1,0.1,0.1,0.1,0.1,0.1,0.1,0.1,0.1,0.1,0.1,0.1,0.1,0.1,0.1,0.1,0.1,0.1,0.1,0.1,0.1,0.1,0.1,0.1,0.1,0.1,0.1,0.1,0.1,0.1,0.1,0.1,0.1,0.1,0.1,0.1,0.1,0.1,0.1,0.1,0.1,0.1,0.1,0.1,0.1,0.1,0.1,0.1,0.1,0.1,0.1,0.1,0.1,0.1,0.1,0.1,0.1,0.1,0.1,0.1,0.1,0.1,0.1,0.1,0.1,0.1,0.1,0.1,0.1,0.1,0.1,0.1,0.1,0.1,0.1,0.1,0.1,0.1,0.1,0.1,0.1,0.1,0.1,0.1,0.1,0.1,0.1,0.1,0.1,0.1,0.1,0.1,0.1,0.1,0.1,0.1,0.1,0.1,0.1,0.1,0.1,0.1,0.1,0.1,0.1,0.1,0.1,0.1,0.1,0.1,0.1,0.1,0.1,0.1,0.1,0.1,0.1,0.1,0.1,0.1,0.1,0.1,0.1,0.1,0.1,0.1,0.1,0.1,0.1,0.1,0.1,0.1,0.1,0.1,0.1,0.1,0.1,0.1,0.1,0.1,0.1,0.1,0.1,0.1,0.1,0.1,0.1,0.1
0.1,0.1,0.1,0.1,0.1,0.1,0.1,0.1,0.1,0.1,0.1,0.1,0.1,0.1,0.1,0.1,0.1,0.1,0.1,0.1,0.1,0.1,0.1,0.1,0.1,0.1,0.1,0.1,0.1,0.1,0.1,0.1,0.1,0.1,0.1,0.1,0.1,0.1,0.1,0.1,0.1,0.1,0.1,0.1,0.1,0.1,0.1,0.1,0.1,0.1,0.1,0.1,0.1,0.1,0.1,0.1,0.1,0.1,0.1,0.1,0.1,0.1,0.1,0.1,0.1,0.1,0.1,0.1,0.1,0.1,0.1,0.1,0.1,0.1,0.1,0.1,0.1,0.1,0.1,0.1,0.1,0.1,0.1,0.1,0.1,0.1,0.1,0.1,0.1,0.1,0.1,0.1,0.1,0.1,0.1,0.1,0.1,0.1,0.1,0.1,0.1,0.1,0.1,0.1,0.1,0.1,0.1,0.1,0.1,0.1,0.1,0.1,0.1,0.1,0.1,0.1,0.1,0.1,0.1,0.1,0.1,0.1,0.1,0.1,0.1,0.1,0.1,0.1,0.1,0.1,0.1,0.1,0.1,0.1,0.1,0.1,0.1,0.1,0.1,0.1,0.1,0.1,0.1,0.1,0.1,0.1,0.1,0.1,1,1,1,1,1,1,1,1,1,1,1,1,0.1,0.1,0.1,0.1,0.1,0.1,0.1,0.1,0.1,0.1,0.1,0.1,0.1,0.1,0.1,0.1,0.1,0.1,0.1,0.1,0.1,0.1,0.1,0.1,0.1,0.1,1,1,1,1,1,1,1,1,1,1,1,1,1,1,1,1,1,1,1,1,1,1,1,0.1,0.1,0.1,0.1,0.1,0.1,0.1,0.1,0.1,0.1,0.1,0.1,0.1,0.1,0.1,0.1,0.1,0.1,0.1,1,1,1,1,1,1,1,1,1,2,2,2,2,2,2,2,2,2,2,2,2,2,2,2,2,2,2,2,2,2,2,2,2,2,2,2,2,2,2,2,1,1,1,1,1,1,1,1,1,1,1,1,1,1,1,1,1,2,2,2,2,2,2,2,2,2,2,2,2,2,2,2,2,2,2,2,2,2,2,2,2,2,2,2,2,2,2,2,1,1,1,1,1,1,1,1,1,0.1,0.1,0.1,0.1,0.1,0.1,0.1,0.1,0.1,0.1,0.1,0.1,0.1,0.1,0.1,0.1,0.1,0.1,0.1,1,1,1,1,1,1,1,1,1,1,1,1,1,1,1,1,1,1,1,1,1,1,1,0.1,0.1,0.1,0.1,0.1,0.1,0.1,0.1,0.1,0.1,0.1,0.1,0.1,0.1,0.1,0.1,0.1,0.1,0.1,0.1,0.1,0.1,0.1,0.1,0.1,0.1,1,1,1,1,1,1,1,1,1,1,1,1,0.1,0.1,0.1,0.1,0.1,0.1,0.1,0.1,0.1,0.1,0.1,0.1,0.1,0.1,0.1,0.1,0.1,0.1,0.1,0.1,0.1,0.1,0.1,0.1,0.1,0.1,0.1,0.1,0.1,0.1,0.1,0.1,0.1,0.1,0.1,0.1,0.1,0.1,0.1,0.1,0.1,0.1,0.1,0.1,0.1,0.1,0.1,0.1,0.1,0.1,0.1,0.1,0.1,0.1,0.1,0.1,0.1,0.1,0.1,0.1,0.1,0.1,0.1,0.1,0.1,0.1,0.1,0.1,0.1,0.1,0.1,0.1,0.1,0.1,0.1,0.1,0.1,0.1,0.1,0.1,0.1,0.1,0.1,0.1,0.1,0.1,0.1,0.1,0.1,0.1,0.1,0.1,0.1,0.1,0.1,0.1,0.1,0.1,0.1,0.1,0.1,0.1,0.1,0.1,0.1,0.1,0.1,0.1,0.1,0.1,0.1,0.1,0.1,0.1,0.1,0.1,0.1,0.1,0.1,0.1,0.1,0.1,0.1,0.1,0.1,0.1,0.1,0.1,0.1,0.1,0.1,0.1,0.1,0.1,0.1,0.1,0.1,0.1,0.1,0.1,0.1,0.1,0.1,0.1,0.1
0.1,0.1,0.1,0.1,0.1,0.1,0.1,0.1,0.1,0.1,0.1,0.1,0.1,0.1,0.1,0.1,0.1,0.1,0.1,0.1,0.1,0.1,0.1,0.1,0.1,0.1,0.1,0.1,0.1,0.1,0.1,0.1,0.1,0.1,0.1,0.1,0.1,0.1,0.1,0.1,0.1,0.1,0.1,0.1,0.1,0.1,0.1,0.1,0.1,0.1,0.1,0.1,0.1,0.1,0.1,0.1,0.1,0.1,0.1,0.1,0.1,0.1,0.1,0.1,0.1,0.1,0.1,0.1,0.1,0.1,0.1,0.1,0.1,0.1,0.1,0.1,0.1,0.1,0.1,0.1,0.1,0.1,0.1,0.1,0.1,0.1,0.1,0.1,0.1,0.1,0.1,0.1,0.1,0.1,0.1,0.1,0.1,0.1,0.1,0.1,0.1,0.1,0.1,0.1,0.1,0.1,0.1,0.1,0.1,0.1,0.1,0.1,0.1,0.1,0.1,0.1,0.1,0.1,0.1,0.1,0.1,0.1,0.1,0.1,0.1,0.1,0.1,0.1,0.1,0.1,0.1,0.1,0.1,0.1,0.1,0.1,0.1,0.1,0.1,0.1,0.1,0.1,0.1,0.1,0.1,0.1,1,1,1,1,1,1,1,1,1,1,1,1,1,1,1,1,0.1,0.1,0.1,0.1,0.1,0.1,0.1,0.1,0.1,0.1,0.1,0.1,0.1,0.1,0.1,0.1,0.1,0.1,0.1,0.1,0.1,0.1,0.1,1,1,1,1,1,1,1,1,1,1,1,1,1,1,1,1,1,1,1,1,1,1,1,1,1,0.1,0.1,0.1,0.1,0.1,0.1,0.1,0.1,0.1,0.1,0.1,0.1,0.1,0.1,0.1,0.1,0.1,1,1,1,1,1,1,1,1,2,2,2,2,2,2,2,2,2,2,2,2,2,2,2,2,2,2,2,2,2,2,2,2,2,2,2,1,1,1,1,1,1,1,1,1,1,1,1,1,1,1,1,1,1,1,1,1,1,1,1,1,1,1,1,1,2,2,2,2,2,2,2,2,2,2,2,2,2,2,2,2,2,2,2,2,2,2,2,2,2,2,2,1,1,1,1,1,1,1,1,0.1,0.1,0.1,0.1,0.1,0.1,0.1,0.1,0.1,0.1,0.1,0.1,0.1,0.1,0.1,0.1,0.1,1,1,1,1,1,1,1,1,1,1,1,1,1,1,1,1,1,1,1,1,1,1,1,1,1,0.1,0.1,0.1,0.1,0.1,0.1,0.1,0.1,0.1,0.1,0.1,0.1,0.1,0.1,0.1,0.1,0.1,0.1,0.1,0.1,0.1,0.1,0.1,1,1,1,1,1,1,1,1,1,1,1,1,1,1,1,1,0.1,0.1,0.1,0.1,0.1,0.1,0.1,0.1,0.1,0.1,0.1,0.1,0.1,0.1,0.1,0.1,0.1,0.1,0.1,0.1,0.1,0.1,0.1,0.1,0.1,0.1,0.1,0.1,0.1,0.1,0.1,0.1,0.1,0.1,0.1,0.1,0.1,0.1,0.1,0.1,0.1,0.1,0.1,0.1,0.1,0.1,0.1,0.1,0.1,0.1,0.1,0.1,0.1,0.1,0.1,0.1,0.1,0.1,0.1,0.1,0.1,0.1,0.1,0.1,0.1,0.1,0.1,0.1,0.1,0.1,0.1,0.1,0.1,0.1,0.1,0.1,0.1,0.1,0.1,0.1,0.1,0.1,0.1,0.1,0.1,0.1,0.1,0.1,0.1,0.1,0.1,0.1,0.1,0.1,0.1,0.1,0.1,0.1,0.1,0.1,0.1,0.1,0.1,0.1,0.1,0.1,0.1,0.1,0.1,0.1,0.1,0.1,0.1,0.1,0.1,0.1,0.1,0.1,0.1,0.1,0.1,0.1,0.1,0.1,0.1,0.1,0.1,0.1,0.1,0.1,0.1,0.1,0.1,0.1,0.1,0.1,0.1,0.1,0.1,0.1,0.1,0.1,0.1
0.1,0.1,0.1,0.1,0.1,0.1,0.1,0.1,0.1,0.1,0.1,0.1,0.1,0.1,0.1,0.1,0.1,0.1,0.1,0.1,0.1,0.1,0.1,0.1,0.1,0.1,0.1,0.1,0.1,0.1,0.1,0.1,0.1,0.1,0.1,0.1,0.1,0.1,0.1,0.1,0.1,0.1,0.1,0.1,0.1,0.1,0.1,0.1,0.1,0.1,0.1,0.1,0.1,0.1,0.1,0.1,0.1,0.1,0.1,0.1,0.1,0.1,0.1,0.1,0.1,0.1,0.1,0.1,0.1,0.1,0.1,0.1,0.1,0.1,0.1,0.1,0.1,0.1,0.1,0.1,0.1,0.1,0.1,0.1,0.1,0.1,0.1,0.1,0.1,0.1,0.1,0.1,0.1,0.1,0.1,0.1,0.1,0.1,0.1,0.1,0.1,0.1,0.1,0.1,0.1,0.1,0.1,0.1,0.1,0.1,0.1,0.1,0.1,0.1,0.1,0.1,0.1,0.1,0.1,0.1,0.1,0.1,0.1,0.1,0.1,0.1,0.1,0.1,0.1,0.1,0.1,0.1,0.1,0.1,0.1,0.1,0.1,0.1,0.1,0.1,0.1,0.1,0.1,0.1,1,1,1,1,1,1,1,1,1,1,1,1,1,1,1,1,1,1,1,0.1,0.1,0.1,0.1,0.1,0.1,0.1,0.1,0.1,0.1,0.1,0.1,0.1,0.1,0.1,0.1,0.1,0.1,0.1,0.1,0.1,1,1,1,1,1,1,1,1,1,1,1,1,1,1,1,1,1,1,1,1,1,1,1,1,1,1,0.1,0.1,0.1,0.1,0.1,0.1,0.1,0.1,0.1,0.1,0.1,0.1,0.1,0.1,0.1,0.1,1,1,1,1,1,1,1,2,2,2,2,2,2,2,2,2,2,2,2,2,2,2,2,2,2,2,2,2,2,2,2,2,1,1,1,1,1,1,1,1,1,1,1,1,1,1,1,1,0.1,0.1,0.1,0.1,0.1,1,1,1,1,1,1,1,1,1,1,1,1,1,1,1,1,2,2,2,2,2,2,2,2,2,2,2,2,2,2,2,2,2,2,2,2,2,2,2,2,2,1,1,1,1,1,1,1,0.1,0.1,0.1,0.1,0.1,0.1,0.1,0.1,0.1,0.1,0.1,0.1,0.1,0.1,0.1,0.1,1,1,1,1,1,1,1,1,1,1,1,1,1,1,1,1,1,1,1,1,1,1,1,1,1,1,0.1,0.1,0.1,0.1,0.1,0.1,0.1,0.1,0.1,0.1,0.1,0.1,0.1,0.1,0.1,0.1,0.1,0.1,0.1,0.1,0.1,1,1,1,1,1,1,1,1,1,1,1,1,1,1,1,1,1,1,1,0.1,0.1,0.1,0.1,0.1,0.1,0.1,0.1,0.1,0.1,0.1,0.1,0.1,0.1,0.1,0.1,0.1,0.1,0.1,0.1,0.1,0.1,0.1,0.1,0.1,0.1,0.1,0.1,0.1,0.1,0.1,0.1,0.1,0.1,0.1,0.1,0.1,0.1,0.1,0.1,0.1,0.1,0.1,0.1,0.1,0.1,0.1,0.1,0.1,0.1,0.1,0.1,0.1,0.1,0.1,0.1,0.1,0.1,0.1,0.1,0.1,0.1,0.1,0.1,0.1,0.1,0.1,0.1,0.1,0.1,0.1,0.1,0.1,0.1,0.1,0.1,0.1,0.1,0.1,0.1,0.1,0.1,0.1,0.1,0.1,0.1,0.1,0.1,0.1,0.1,0.1,0.1,0.1,0.1,0.1,0.1,0.1,0.1,0.1,0.1,0.1,0.1,0.1,0.1,0.1,0.1,0.1,0.1,0.1,0.1,0.1,0.1,0.1,0.1,0.1,0.1,0.1,0.1,0.1,0.1,0.1,0.1,0.1,0.1,0.1,0.1,0.1,0.1,0.1,0.1,0.1,0.1,0.1,0.1,0.1,0.1,0.1,0.1,0.1,0.1,0.1
0.1,0.1,0.1,0.1,0.1,0.1,0.1,0.1,0.1,0.1,0.1,0.1,0.1,0.1,0.1,0.1,0.1,0.1,0.1,0.1,0.1,0.1,0.1,0.1,0.1,0.1,0.1,0.1,0.1,0.1,0.1,0.1,0.1,0.1,0.1,0.1,0.1,0.1,0.1,0.1,0.1,0.1,0.1,0.1,0.1,0.1,0.1,0.1,0.1,0.1,0.1,0.1,0.1,0.1,0.1,0.1,0.1,0.1,0.1,0.1,0.1,0.1,0.1,0.1,0.1,0.1,0.1,0.1,0.1,0.1,0.1,0.1,0.1,0.1,0.1,0.1,0.1,0.1,0.1,0.1,0.1,0.1,0.1,0.1,0.1,0.1,0.1,0.1,0.1,0.1,0.1,0.1,0.1,0.1,0.1,0.1,0.1,0.1,0.1,0.1,0.1,0.1,0.1,0.1,0.1,0.1,0.1,0.1,0.1,0.1,0.1,0.1,0.1,0.1,0.1,0.1,0.1,0.1,0.1,0.1,0.1,0.1,0.1,0.1,0.1,0.1,0.1,0.1,0.1,0.1,0.1,0.1,0.1,0.1,0.1,0.1,0.1,0.1,0.1,0.1,0.1,0.1,0.1,0.1,1,1,1,1,1,1,1,1,1,1,1,1,1,1,1,1,1,1,1,1,1,0.1,0.1,0.1,0.1,0.1,0.1,0.1,0.1,0.1,0.1,0.1,0.1,0.1,0.1,0.1,0.1,0.1,0.1,1,1,1,1,1,1,1,1,1,1,2,2,2,2,2,2,2,2,1,1,1,1,1,1,1,1,1,0.1,0.1,0.1,0.1,0.1,0.1,0.1,0.1,0.1,0.1,0.1,0.1,0.1,0.1,0.1,1,1,1,1,1,1,2,2,2,2,2,2,2,2,3,3,3,3,3,3,3,2,2,2,2,2,2,2,2,2,1,1,1,1,1,1,1,1,1,1,0.1,0.1,0.1,0.1,0.1,0.1,0.1,0.1,0.1,0.1,0.1,0.1,0.1,0.1,0.1,0.1,0.1,0.1,0.1,0.1,0.1,0.1,0.1,1,1,1,1,1,1,1,1,1,1,2,2,2,2,2,2,2,2,2,3,3,3,3,3,3,3,2,2,2,2,2,2,2,2,1,1,1,1,1,1,0.1,0.1,0.1,0.1,0.1,0.1,0.1,0.1,0.1,0.1,0.1,0.1,0.1,0.1,0.1,1,1,1,1,1,1,1,1,1,2,2,2,2,2,2,2,2,1,1,1,1,1,1,1,1,1,1,0.1,0.1,0.1,0.1,0.1,0.1,0.1,0.1,0.1,0.1,0.1,0.1,0.1,0.1,0.1,0.1,0.1,0.1,1,1,1,1,1,1,1,1,1,1,1,1,1,1,1,1,1,1,1,1,1,0.1,0.1,0.1,0.1,0.1,0.1,0.1,0.1,0.1,0.1,0.1,0.1,0.1,0.1,0.1,0.1,0.1,0.1,0.1,0.1,0.1,0.1,0.1,0.1,0.1,0.1,0.1,0.1,0.1,0.1,0.1,0.1,0.1,0.1,0.1,0.1,0.1,0.1,0.1,0.1,0.1,0.1,0.1,0.1,0.1,0.1,0.1,0.1,0.1,0.1,0.1,0.1,0.1,0.1,0.1,0.1,0.1,0.1,0.1,0.1,0.1,0.1,0.1,0.1,0.1,0.1,0.1,0.1,0.1,0.1,0.1,0.1,0.1,0.1,0.1,0.1,0.1,0.1,0.1,0.1,0.1,0.1,0.1,0.1,0.1,0.1,0.1,0.1,0.1,0.1,0.1,0.1,0.1,0.1,0.1,0.1,0.1,0.1,0.1,0.1,0.1,0.1,0.1,0.1,0.1,0.1,0.1,0.1,0.1,0.1,0.1,0.1,0.1,0.1,0.1,0.1,0.1,0.1,0.1,0.1,0.1,0.1,0.1,0.1,0.1,0.1,0.1,0.1,0.1,0.1,0.1,0.1,0.1,0.1,0.1,0.1,0.1,0.1,0.1,0.1,0.1
0.1,0.1,0.1,0.1,0.1,0.1,0.1,0.1,0.1,0.1,0.1,0.1,0.1,0.1,0.1,0.1,0.1,0.1,0.1,0.1,0.1,0.1,0.1,0.1,0.1,0.1,0.1,0.1,0.1,0.1,0.1,0.1,0.1,0.1,0.1,0.1,0.1,0.1,0.1,0.1,0.1,0.1,0.1,0.1,0.1,0.1,0.1,0.1,0.1,0.1,0.1,0.1,0.1,0.1,0.1,0.1,0.1,0.1,0.1,0.1,0.1,0.1,0.1,0.1,0.1,0.1,0.1,0.1,0.1,0.1,0.1,0.1,0.1,0.1,0.1,0.1,0.1,0.1,0.1,0.1,0.1,0.1,0.1,0.1,0.1,0.1,0.1,0.1,0.1,0.1,0.1,0.1,0.1,0.1,0.1,0.1,0.1,0.1,0.1,0.1,0.1,0.1,0.1,0.1,0.1,0.1,0.1,0.1,0.1,0.1,0.1,1,0.1,0.1,0.1,0.1,0.1,0.1,0.1,0.1,0.1,0.1,0.1,0.1,0.1,0.1,0.1,0.1,0.1,0.1,0.1,0.1,0.1,0.1,0.1,0.1,0.1,0.1,0.1,0.1,0.1,0.1,0.1,1,1,1,1,1,1,1,1,1,1,1,1,1,1,1,1,1,1,1,1,1,1,1,0.1,0.1,0.1,0.1,0.1,0.1,0.1,0.1,0.1,0.1,0.1,0.1,0.1,0.1,0.1,0.1,1,1,1,1,1,1,1,1,2,2,2,2,2,2,2,2,2,2,2,2,2,1,1,1,1,1,1,1,0.1,0.1,0.1,0.1,0.1,0.1,0.1,0.1,0.1,0.1,0.1,0.1,0.1,0.1,1,1,1,1,1,1,2,2,2,2,2,2,3,3,3,3,3,3,3,3,3,3,2,2,2,2,2,2,2,1,1,1,1,1,1,1,0.1,0.1,0.1,0.1,0.1,0.1,0.1,0.1,0.1,0.1,0.1,0.1,0.1,0.1,0.1,0.1,0.1,0.1,0.1,0.1,0.1,0.1,0.1,0.1,0.1,0.1,0.1,0.1,0.1,0.1,0.1,0.1,0.1,1,1,1,1,1,1,1,2,2,2,2,2,2,2,3,3,3,3,3,3,3,3,3,3,2,2,2,2,2,2,1,1,1,1,1,1,0.1,0.1,0.1,0.1,0.1,0.1,0.1,0.1,0.1,0.1,0.1,0.1,0.1,0.1,1,1,1,1,1,1,1,2,2,2,2,2,2,2,2,2,2,2,2,2,1,1,1,1,1,1,1,1,0.1,0.1,0.1,0.1,0.1,0.1,0.1,0.1,0.1,0.1,0.1,0.1,0.1,0.1,0.1,0.1,1,1,1,1,1,1,1,1,1,1,1,1,1,1,1,1,1,1,1,1,1,1,1,0.1,0.1,0.1,0.1,0.1,0.1,0.1,0.1,0.1,0.1,0.1,0.1,0.1,0.1,0.1,0.1,0.1,0.1,0.1,0.1,0.1,0.1,0.1,0.1,0.1,0.1,0.1,0.1,0.1,0.1,0.1,1,0.1,0.1,0.1,0.1,0.1,0.1,0.1,0.1,0.1,0.1,0.1,0.1,0.1,0.1,0.1,0.1,0.1,0.1,0.1,0.1,0.1,0.1,0.1,0.1,0.1,0.1,0.1,0.1,0.1,0.1,0.1,0.1,0.1,0.1,0.1,0.1,0.1,0.1,0.1,0.1,0.1,0.1,0.1,0.1,0.1,0.1,0.1,0.1,0.1,0.1,0.1,0.1,0.1,0.1,0.1,0.1,0.1,0.1,0.1,0.1,0.1,0.1,0.1,0.1,0.1,0.1,0.1,0.1,0.1,0.1,0.1,0.1,0.1,0.1,0.1,0.1,0.1,0.1,0.1,0.1,0.1,0.1,0.1,0.1,0.1,0.1,0.1,0.1,0.1,0.1,0.1,0.1,0.1,0.1,0.1,0.1,0.1,0.1,0.1,0.1,0.1,0.1,0.1,0.1,0.1,0.1,0.1,0.1
0.1,0.1,0.1,0.1,0.1,0.1,0.1,0.1,0.1,0.1,0.1,0.1,0.1,0.1,0.1,0.1,0.1,0.1,0.1,0.1,0.1,0.1,0.1,0.1,0.1,0.1,0.1,0.1,0.1,0.1,0.1,0.1,0.1,0.1,0.1,0.1,0.1,0.1,0.1,0.1,0.1,0.1,0.1,0.1,0.1,0.1,0.1,0.1,0.1,0.1,0.1,0.1,0.1,0.1,0.1,0.1,0.1,0.1,0.1,0.1,0.1,0.1,0.1,0.1,0.1,0.1,0.1,0.1,0.1,0.1,0.1,0.1,0.1,0.1,0.1,0.1,0.1,0.1,0.1,0.1,0.1,0.1,0.1,0.1,0.1,0.1,0.1,0.1,0.1,0.1,0.1,0.1,0.1,0.1,0.1,0.1,0.1,0.1,0.1,0.1,0.1,0.1,0.1,0.1,0.1,0.1,0.1,0.1,1,1,1,1,1,1,1,1,1,0.1,0.1,0.1,0.1,0.1,0.1,0.1,0.1,0.1,0.1,0.1,0.1,0.1,0.1,0.1,0.1,0.1,0.1,0.1,0.1,0.1,0.1,0.1,0.1,0.1,0.1,1,1,1,1,1,1,1,1,1,1,1,1,1,1,1,1,1,1,1,1,1,1,1,0.1,0.1,0.1,0.1,0.1,0.1,0.1,0.1,0.1,0.1,0.1,0.1,0.1,0.1,0.1,0.1,1,1,1,1,1,1,1,2,2,2,2,2,2,2,2,2,2,2,2,2,2,2,1,1,1,1,1,1,0.1,0.1,0.1,0.1,0.1,0.1,0.1,0.1,0.1,0.1,0.1,0.1,0.1,1,1,1,1,1,2,2,2,2,2,3,3,3,3,3,3,3,3,3,3,3,3,3,2,2,2,2,2,1,1,1,1,1,1,0.1,0.1,0.1,0.1,0.1,0.1,0.1,0.1,0.1,0.1,0.1,0.1,0.1,0.1,0.1,0.1,0.1,0.1,0.1,0.1,0.1,0.1,0.1,0.1,0.1,0.1,0.1,0.1,0.1,0.1,0.1,0.1,0.1,0.1,0.1,0.1,0.1,0.1,0.1,1,1,1,1,1,1,2,2,2,2,2,3,3,3,3,3,3,3,3,3,3,3,3,3,2,2,2,2,2,1,1,1,1,1,0.1,0.1,0.1,0.1,0.1,0.1,0.1,0.1,0.1,0.1,0.1,0.1,0.1,1,1,1,1,1,1,2,2,2,2,2,2,2,2,2,2,2,2,2,2,2,1,1,1,1,1,1,1,0.1,0.1,0.1,0.1,0.1,0.1,0.1,0.1,0.1,0.1,0.1,0.1,0.1,0.1,0.1,0.1,1,1,1,1,1,1,1,1,1,1,1,1,1,1,1,1,1,1,1,1,1,1,1,0.1,0.1,0.1,0.1,0.1,0.1,0.1,0.1,0.1,0.1,0.1,0.1,0.1,0.1,0.1,0.1,0.1,0.1,0.1,0.1,0.1,0.1,0.1,0.1,0.1,0.1,1,1,1,1,1,1,1,1,1,0.1,0.1,0.1,0.1,0.1,0.1,0.1,0.1,0.1,0.1,0.1,0.1,0.1,0.1,0.1,0.1,0.1,0.1,0.1,0.1,0.1,0.1,0.1,0.1,0.1,0.1,0.1,0.1,0.1,0.1,0.1,0.1,0.1,0.1,0.1,0.1,0.1,0.1,0.1,0.1,0.1,0.1,0.1,0.1,0.1,0.1,0.1,0.1,0.1,0.1,0.1,0.1,0.1,0.1,0.1,0.1,0.1,0.1,0.1,0.1,0.1,0.1,0.1,0.1,0.1,0.1,0.1,0.1,0.1,0.1,0.1,0.1,0.1,0.1,0.1,0.1,0.1,0.1,0.1,0.1,0.1,0.1,0.1,0.1,0.1,0.1,0.1,0.1,0.1,0.1,0.1,0.1,0.1,0.1,0.1,0.1,0.1,0.1,0.1,0.1,0.1,0.1,0.1,0.1,0.1
0.1,0.1,0.1,0.1,0.1,0.1,0.1,0.1,0.1,0.1,0.1,0.1,0.1,0.1,0.1,0.1,0.1,0.1,0.1,0.1,0.1,0.1,0.1,0.1,0.1,0.1,0.1,0.1,0.1,0.1,0.1,0.1,0.1,0.1,0.1,0.1,0.1,0.1,0.1,0.1,0.1,0.1,0.1,0.1,0.1,0.1,0.1,0.1,0.1,0.1,0.1,0.1,0.1,0.1,0.1,0.1,0.1,0.1,0.1,0.1,0.1,0.1,0.1,0.1,0.1,0.1,0.1,0.1,0.1,0.1,0.1,0.1,0.1,0.1,0.1,0.1,0.1,0.1,0.1,0.1,0.1,0.1,0.1,0.1,0.1,0.1,0.1,0.1,0.1,0.1,0.1,0.1,0.1,0.1,0.1,0.1,0.1,0.1,0.1,0.1,0.1,0.1,0.1,0.1,0.1,0.1,0.1,1,1,1,1,1,1,1,1,1,1,1,1,1,0.1,0.1,0.1,0.1,0.1,0.1,0.1,0.1,0.1,0.1,0.1,0.1,0.1,0.1,0.1,0.1,0.1,0.1,0.1,0.1,0.1,0.1,1,1,1,1,1,1,1,1,1,1,1,1,1,1,1,1,1,1,1,1,1,1,1,1,1,0.1,0.1,0.1,0.1,0.1,0.1,0.1,0.1,0.1,0.1,0.1,0.1,0.1,0.1,1,1,1,1,1,1,2,2,2,2,2,2,2,2,2,2,2,2,2,2,2,2,2,2,1,1,1,1,1,0.1,0.1,0.1,0.1,0.1,0.1,0.1,0.1,0.1,0.1,0.1,0.1,1,1,1,1,1,2,2,2,2,3,3,3,3,3,3,3,3,3,3,3,3,3,3,2,2,2,2,2,1,1,1,1,1,0.1,0.1,0.1,0.1,0.1,0.1,0.1,0.1,0.1,0.1,0.1,0.1,0.1,0.1,0.1,1,1,1,1,1,1,1,1,1,1,1,1,1,0.1,0.1,0.1,0.1,0.1,0.1,0.1,0.1,0.1,0.1,0.1,0.1,0.1,0.1,0.1,1,1,1,1,1,2,2,2,2,2,3,3,3,3,3,3,3,3,3,3,3,3,3,3,2,2,2,2,1,1,1,1,1,0.1,0.1,0.1,0.1,0.1,0.1,0.1,0.1,0.1,0.1,0.1,0.1,1,1,1,1,1,2,2,2,2,2,2,2,2,2,2,2,2,2,2,2,2,2,2,1,1,1,1,1,1,0.1,0.1,0.1,0.1,0.1,0.1,0.1,0.1,0.1,0.1,0.1,0.1,0.1,0.1,1,1,1,1,1,1,1,1,1,1,1,1,1,1,1,1,1,1,1,1,1,1,1,1,1,0.1,0.1,0.1,0.1,0.1,0.1,0.1,0.1,0.1,0.1,0.1,0.1,0.1,0.1,0.1,0.1,0.1,0.1,0.1,0.1,0.1,0.1,1,1,1,1,1,1,1,1,1,1,1,1,1,0.1,0.1,0.1,0.1,0.1,0.1,0.1,0.1,0.1,0.1,0.1,0.1,0.1,0.1,0.1,0.1,0.1,0.1,0.1,0.1,0.1,0.1,0.1,0.1,0.1,0.1,0.1,0.1,0.1,0.1,0.1,0.1,0.1,0.1,0.1,0.1,0.1,0.1,0.1,0.1,0.1,0.1,0.1,0.1,0.1,0.1,0.1,0.1,0.1,0.1,0.1,0.1,0.1,0.1,0.1,0.1,0.1,0.1,0.1,0.1,0.1,0.1,0.1,0.1,0.1,0.1,0.1,0.1,0.1,0.1,0.1,0.1,0.1,0.1,0.1,0.1,0.1,0.1,0.1,0.1,0.1,0.1,0.1,0.1,0.1,0.1,0.1,0.1,0.1,0.1,0.1,0.1,0.1,0.1,0.1,0.1,0.1,0.1,0.1,0.1,0.1,0.1,0.1,0.1
0.1,0.1,0.1,0.1,0.1,0.1,0.1,0.1,0.1,0.1,0.1,0.1,0.1,0.1,0.1,0.1,0.1,0.1,0.1,0.1,0.1,0.1,0.1,0.1,0.1,0.1,0.1,0.1,0.1,0.1,0.1,0.1,0.1,0.1,0.1,0.1,0.1,0.1,0.1,0.1,0.1,0.1,0.1,0.1,0.1,0.1,0.1,0.1,0.1,0.1,0.1,0.1,0.1,0.1,0.1,0.1,0.1,0.1,0.1,0.1,0.1,0.1,0.1,0.1,0.1,0.1,0.1,0.1,0.1,0.1,0.1,0.1,0.1,0.1,0.1,0.1,0.1,0.1,0.1,0.1,0.1,0.1,0.1,0.1,0.1,0.1,0.1,0.1,0.1,0.1,0.1,0.1,0.1,0.1,0.1,0.1,0.1,0.1,0.1,0.1,0.1,0.1,0.1,0.1,0.1,0.1,0.1,1,1,1,1,1,1,1,1,1,1,1,1,1,1,1,0.1,0.1,0.1,0.1,0.1,0.1,0.1,0.1,0.1,0.1,0.1,0.1,0.1,0.1,0.1,0.1,0.1,0.1,0.1,0.1,1,1,1,1,1,1,1,1,1,1,2,2,2,2,2,2,1,1,1,1,1,1,1,1,1,0.1,0.1,0.1,0.1,0.1,0.1,0.1,0.1,0.1,0.1,0.1,0.1,0.1,0.1,1,1,1,1,1,2,2,2,2,2,2,2,3,3,3,3,3,3,2,2,2,2,2,2,1,1,1,1,1,0.1,0.1,0.1,0.1,0.1,0.1,0.1,0.1,0.1,0.1,0.1,1,1,1,1,2,2,2,2,3,3,3,3,3,3,4,4,4,4,3,3,3,3,3,3,2,2,2,2,1,1,1,1,0.1,0.1,0.1,0.1,0.1,0.1,0.1,0.1,0.1,0.1,0.1,1,1,1,1,1,1,2,2,2,2,2,2,2,2,2,2,2,2,2,1,1,1,1,1,1,0.1,0.1,0.1,0.1,0.1,0.1,0.1,0.1,0.1,0.1,0.1,1,1,1,1,2,2,2,2,3,3,3,3,3,3,4,4,4,4,3,3,3,3,3,3,2,2,2,2,1,1,1,1,0.1,0.1,0.1,0.1,0.1,0.1,0.1,0.1,0.1,0.1,0.1,1,1,1,1,1,2,2,2,2,2,2,3,3,3,3,3,3,2,2,2,2,2,2,2,1,1,1,1,1,0.1,0.1,0.1,0.1,0.1,0.1,0.1,0.1,0.1,0.1,0.1,0.1,0.1,0.1,1,1,1,1,1,1,1,1,1,2,2,2,2,2,2,1,1,1,1,1,1,1,1,1,1,0.1,0.1,0.1,0.1,0.1,0.1,0.1,0.1,0.1,0.1,0.1,0.1,0.1,0.1,0.1,0.1,0.1,0.1,0.1,0.1,1,1,1,1,1,1,1,1,1,1,1,1,1,1,1,0.1,0.1,0.1,0.1,0.1,0.1,0.1,0.1,0.1,0.1,0.1,0.1,0.1,0.1,0.1,0.1,0.1,0.1,0.1,0.1,0.1,0.1,0.1,0.1,0.1,0.1,0.1,0.1,0.1,0.1,0.1,0.1,0.1,0.1,0.1,0.1,0.1,0.1,0.1,0.1,0.1,0.1,0.1,0.1,0.1,0.1,0.1,0.1,0.1,0.1,0.1,0.1,0.1,0.1,0.1,0.1,0.1,0.1,0.1,0.1,0.1,0.1,0.1,0.1,0.1,0.1,0.1,0.1,0.1,0.1,0.1,0.1,0.1,0.1,0.1,0.1,0.1,0.1,0.1,0.1,0.1,0.1,0.1,0.1,0.1,0.1,0.1,0.1,0.1,0.1,0.1,0.1,0.1,0.1,0.1,0.1,0.1,0.1,0.1,0.1,0.1,0.1,0.1,0.1
0.1,0.1,0.1,0.1,0.1,0.1,0.1,0.1,0.1,0.1,0.1,0.1,0.1,0.1,0.1,0.1,0.1,0.1,0.1,0.1,0.1,0.1,0.1,0.1,0.1,0.1,0.1,0.1,0.1,0.1,0.1,0.1,0.1,0.1,0.1,0.1,0.1,0.1,0.1,0.1,0.1,0.1,0.1,0.1,0.1,0.1,0.1,0.1,0.1,0.1,0.1,0.1,0.1,0.1,0.1,0.1,0.1,0.1,0.1,0.1,0.1,0.1,0.1,0.1,0.1,0.1,0.1,0.1,0.1,0.1,0.1,0.1,0.1,0.1,0.1,0.1,0.1,0.1,0.1,0.1,0.1,0.1,0.1,0.1,0.1,0.1,0.1,0.1,0.1,0.1,0.1,0.1,0.1,0.1,0.1,0.1,0.1,0.1,0.1,0.1,0.1,0.1,0.1,0.1,0.1,0.1,0.1,1,1,1,1,1,1,1,1,1,1,1,1,1,1,1,1,0.1,0.1,0.1,0.1,0.1,0.1,0.1,0.1,0.1,0.1,0.1,0.1,0.1,0.1,0.1,0.1,0.1,0.1,0.1,1,1,1,1,1,1,1,1,2,2,2,2,2,2,2,2,2,2,1,1,1,1,1,1,1,1,0.1,0.1,0.1,0.1,0.1,0.1,0.1,0.1,0.1,0.1,0.1,0.1,0.1,1,1,1,1,1,2,2,2,2,2,3,3,3,3,3,3,3,3,3,3,2,2,2,2,2,1,1,1,1,0.1,0.1,0.1,0.1,0.1,0.1,0.1,0.1,0.1,0.1,1,1,1,1,2,2,2,2,3,3,3,3,4,4,4,4,4,4,4,4,3,3,3,3,2,2,2,2,1,1,1,1,0.1,0.1,0.1,0.1,0.1,0.1,0.1,0.1,0.1,1,1,1,2,2,2,3,3,3,3,4,4,4,4,4,4,4,4,4,4,4,3,3,3,3,2,2,2,1,1,1,0.1,0.1,0.1,0.1,0.1,0.1,0.1,0.1,0.1,1,1,1,1,2,2,2,2,3,3,3,3,4,4,4,4,4,4,4,4,3,3,3,3,2,2,2,2,1,1,1,1,0.1,0.1,0.1,0.1,0.1,0.1,0.1,0.1,0.1,0.1,1,1,1,1,2,2,2,2,2,3,3,3,3,3,3,3,3,3,3,2,2,2,2,2,1,1,1,1,1,0.1,0.1,0.1,0.1,0.1,0.1,0.1,0.1,0.1,0.1,0.1,0.1,0.1,1,1,1,1,1,1,1,1,2,2,2,2,2,2,2,2,2,2,1,1,1,1,1,1,1,1,0.1,0.1,0.1,0.1,0.1,0.1,0.1,0.1,0.1,0.1,0.1,0.1,0.1,0.1,0.1,0.1,0.1,0.1,0.1,1,1,1,1,1,1,1,1,1,1,1,1,1,1,1,1,0.1,0.1,0.1,0.1,0.1,0.1,0.1,0.1,0.1,0.1,0.1,0.1,0.1,0.1,0.1,0.1,0.1,0.1,0.1,0.1,0.1,0.1,0.1,0.1,0.1,0.1,0.1,0.1,0.1,0.1,0.1,0.1,0.1,0.1,0.1,0.1,0.1,0.1,0.1,0.1,0.1,0.1,0.1,0.1,0.1,0.1,0.1,0.1,0.1,0.1,0.1,0.1,0.1,0.1,0.1,0.1,0.1,0.1,0.1,0.1,0.1,0.1,0.1,0.1,0.1,0.1,0.1,0.1,0.1,0.1,0.1,0.1,0.1,0.1,0.1,0.1,0.1,0.1,0.1,0.1,0.1,0.1,0.1,0.1,0.1,0.1,0.1,0.1,0.1,0.1,0.1,0.1,0.1,0.1,0.1,0.1,0.1,0.1,0.1,0.1,0.1,0.1,0.1,0.1
0.1,0.1,0.1,0.1,0.1,0.1,0.1,0.1,0.1,0.1,0.1,0.1,0.1,0.1,0.1,0.1,0.1,0.1,0.1,0.1,0.1,0.1,0.1,0.1,0.1,0.1,0.1,0.1,0.1,0.1,0.1,0.1,0.1,0.1,0.1,0.1,0.1,0.1,0.1,0.1,0.1,0.1,0.1,0.1,0.1,0.1,0.1,0.1,0.1,0.1,0.1,0.1,0.1,0.1,0.1,0.1,0.1,0.1,0.1,0.1,0.1,0.1,0.1,0.1,0.1,0.1,0.1,0.1,0.1,0.1,0.1,0.1,0.1,0.1,0.1,0.1,0.1,0.1,0.1,0.1,0.1,0.1,0.1,0.1,0.1,0.1,0.1,0.1,0.1,0.1,0.1,0.1,0.1,0.1,0.1,0.1,0.1,0.1,0.1,0.1,0.1,0.1,0.1,0.1,0.1,0.1,0.1,1,1,1,1,1,1,1,1,1,1,1,1,1,1,1,1,1,1,0.1,0.1,0.1,0.1,0.1,0.1,0.1,0.1,0.1,0.1,0.1,0.1,0.1,0.1,0.1,0.1,0.1,1,1,1,1,1,1,1,2,2,2,2,2,2,2,2,2,2,2,2,2,1,1,1,1,1,1,0.1,0.1,0.1,0.1,0.1,0.1,0.1,0.1,0.1,0.1,0.1,0.1,1,1,1,1,1,2,2,2,2,3,3,3,3,3,3,3,3,3,3,3,3,3,2,2,2,2,1,1,1,1,0.1,0.1,0.1,0.1,0.1,0.1,0.1,0.1,0.1,1,1,1,1,2,2,2,3,3,3,3,4,4,4,4,4,4,4,4,4,4,4,3,3,3,2,2,2,1,1,1,0.1,0.1,0.1,0.1,0.1,0.1,0.1,0.1,1,1,1,2,2,3,3,4,4,5,5,6,6,7,7,7,7,8,8,8,7,7,7,7,6,6,5,5,4,4,3,3,2,2,1,1,1,0.1,0.1,0.1,0.1,0.1,0.1,0.1,0.1,1,1,1,2,2,2,3,3,3,4,4,4,4,4,4,4,4,4,4,4,3,3,3,3,2,2,2,1,1,1,1,0.1,0.1,0.1,0.1,0.1,0.1,0.1,0.1,0.1,1,1,1,1,2,2,2,2,3,3,3,3,3,3,3,3,3,3,3,3,3,2,2,2,2,1,1,1,1,1,0.1,0.1,0.1,0.1,0.1,0.1,0.1,0.1,0.1,0.1,0.1,0.1,1,1,1,1,1,1,2,2,2,2,2,2,2,2,2,2,2,2,2,1,1,1,1,1,1,1,0.1,0.1,0.1,0.1,0.1,0.1,0.1,0.1,0.1,0.1,0.1,0.1,0.1,0.1,0.1,0.1,0.1,1,1,1,1,1,1,1,1,1,1,1,1,1,1,1,1,1,1,0.1,0.1,0.1,0.1,0.1,0.1,0.1,0.1,0.1,0.1,0.1,0.1,0.1,0.1,0.1,0.1,0.1,0.1,0.1,0.1,0.1,0.1,0.1,0.1,0.1,0.1,0.1,0.1,0.1,0.1,0.1,0.1,0.1,0.1,0.1,0.1,0.1,0.1,0.1,0.1,0.1,0.1,0.1,0.1,0.1,0.1,0.1,0.1,0.1,0.1,0.1,0.1,0.1,0.1,0.1,0.1,0.1,0.1,0.1,0.1,0.1,0.1,0.1,0.1,0.1,0.1,0.1,0.1,0.1,0.1,0.1,0.1,0.1,0.1,0.1,0.1,0.1,0.1,0.1,0.1,0.1,0.1,0.1,0.1,0.1,0.1,0.1,0.1,0.1,0.1,0.1,0.1,0.1,0.1,0.1,0.1,0.1,0.1,0.1,0.1,0.1,0.1,0.1,0.1
0.1,0.1,0.1,0.1,0.1,0.1,0.1,0.1,0.1,0.1,0.1,0.1,0.1,0.1,0.1,0.1,0.1,0.1,0.1,0.1,0.1,0.1,0.1,0.1,0.1,0.1,0.1,0.1,0.1,0.1,0.1,0.1,0.1,0.1,0.1,0.1,0.1,0.1,0.1,0.1,0.1,0.1,0.1,0.1,0.1,0.1,0.1,0.1,0.1,0.1,0.1,0.1,0.1,0.1,0.1,0.1,0.1,0.1,0.1,0.1,0.1,0.1,0.1,0.1,0.1,0.1,0.1,0.1,0.1,1,1,1,1,1,1,1,1,1,1,1,1,1,1,1,0.1,0.1,0.1,0.1,0.1,0.1,0.1,0.1,0.1,0.1,0.1,0.1,0.1,0.1,0.1,0.1,0.1,0.1,0.1,0.1,0.1,0.1,0.1,1,1,1,1,1,1,1,1,1,1,1,1,1,1,1,1,1,1,1,0.1,0.1,0.1,0.1,0.1,0.1,0.1,0.1,0.1,0.1,0.1,0.1,0.1,0.1,0.1,0.1,1,1,1,1,1,1,1,2,2,2,2,2,2,2,2,2,2,2,2,2,2,1,1,1,1,1,1,0.1,0.1,0.1,0.1,0.1,0.1,0.1,0.1,0.1,0.1,0.1,1,1,1,1,2,2,2,2,3,3,3,3,3,3,3,3,3,3,3,3,3,3,2,2,2,2,1,1,1,1,0.1,0.1,0.1,0.1,0.1,0.1,0.1,0.1,0.1,1,1,1,2,2,2,3,3,3,4,4,4,4,5,5,5,5,5,4,4,4,4,3,3,2,2,2,1,1,1,0.1,0.1,0.1,0.1,0.1,0.1,0.1,1,1,2,2,3,4,4,5,6,7,7,8,9,10,10,11,11,12,12,12,12,12,12,12,11,11,10,10,9,8,7,7,6,5,4,4,3,2,2,1,1,0.1,0.1,0.1,0.1,0.1,0.1,0.1,1,1,1,2,2,2,3,3,4,4,4,4,5,5,5,5,5,4,4,4,4,3,3,3,2,2,2,1,1,1,0.1,0.1,0.1,0.1,0.1,0.1,0.1,0.1,0.1,1,1,1,1,2,2,2,2,3,3,3,3,3,3,3,3,3,3,3,3,3,3,2,2,2,2,1,1,1,1,0.1,0.1,0.1,0.1,0.1,0.1,0.1,0.1,0.1,0.1,0.1,1,1,1,1,1,1,2,2,2,2,2,2,2,2,2,2,2,2,2,2,1,1,1,1,1,1,1,0.1,0.1,0.1,0.1,0.1,0.1,0.1,0.1,0.1,0.1,0.1,0.1,0.1,0.1,0.1,0.1,1,1,1,1,1,1,1,1,1,1,1,1,1,1,1,1,1,1,1,0.1,0.1,0.1,0.1,0.1,0.1,0.1,0.1,0.1,0.1,0.1,0.1,0.1,0.1,0.1,0.1,0.1,0.1,0.1,0.1,0.1,0.1,0.1,1,1,1,1,1,1,1,1,1,1,1,1,1,1,1,0.1,0.1,0.1,0.1,0.1,0.1,0.1,0.1,0.1,0.1,0.1,0.1,0.1,0.1,0.1,0.1,0.1,0.1,0.1,0.1,0.1,0.1,0.1,0.1,0.1,0.1,0.1,0.1,0.1,0.1,0.1,0.1,0.1,0.1,0.1,0.1,0.1,0.1,0.1,0.1,0.1,0.1,0.1,0.1,0.1,0.1,0.1,0.1,0.1,0.1,0.1,0.1,0.1,0.1,0.1,0.1,0.1,0.1,0.1,0.1,0.1,0.1,0.1,0.1,0.1,0.1
0.1,0.1,0.1,0.1,0.1,0.1,0.1,0.1,0.1,0.1,0.1,0.1,0.1,0.1,0.1,0.1,0.1,0.1,0.1,0.1,0.1,0.1,0.1,0.1,0.1,0.1,0.1,0.1,0.1,0.1,0.1,0.1,0.1,0.1,0.1,0.1,0.1,0.1,0.1,0.1,0.1,0.1,0.1,0.1,0.1,0.1,0.1,0.1,0.1,0.1,0.1,0.1,0.1,0.1,0.1,0.1,0.1,0.1,0.1,0.1,0.1,0.1,0.1,0.1,1,1,1,1,1,1,1,1,1,1,1,1,1,1,1,1,1,1,1,1,1,1,1,1,0.1,0.1,0.1,0.1,0.1,0.1,0.1,0.1,0.1,0.1,0.1,0.1,0.1,0.1,0.1,0.1,0.1,0.1,0.1,1,1,1,1,1,1,1,1,1,1,1,1,1,1,1,1,1,1,1,1,0.1,0.1,0.1,0.1,0.1,0.1,0.1,0.1,0.1,0.1,0.1,0.1,0.1,0.1,0.1,1,1,1,1,1,1,2,2,2,2,2,2,2,2,2,2,2,2,2,2,2,2,1,1,1,1,1,0.1,0.1,0.1,0.1,0.1,0.1,0.1,0.1,0.1,0.1,0.1,1,1,1,1,2,2,2,3,3,3,3,3,4,4,4,4,4,4,3,3,3,3,3,2,2,2,1,1,1,0.1,0.1,0.1,0.1,0.1,0.1,0.1,0.1,0.1,1,1,1,2,2,2,3,3,4,4,4,5,5,5,5,5,5,5,5,5,4,4,4,3,3,2,2,1,1,1,0.1,0.1,0.1,0.1,0.1,0.1,1,1,2,2,3,4,5,6,7,8,10,11,12,13,14,15,16,17,18,18,18,19,19,19,18,18,18,17,16,15,14,13,12,11,10,8,7,6,5,4,3,2,2,1,1,0.1,0.1,0.1,0.1,0.1,0.1,1,1,1,2,2,3,3,4,4,4,5,5,5,5,5,5,5,5,5,4,4,4,3,3,2,2,2,1,1,1,0.1,0.1,0.1,0.1,0.1,0.1,0.1,0.1,0.1,1,1,1,2,2,2,3,3,3,3,3,4,4,4,4,4,4,3,3,3,3,3,2,2,2,1,1,1,1,0.1,0.1,0.1,0.1,0.1,0.1,0.1,0.1,0.1,0.1,0.1,1,1,1,1,1,2,2,2,2,2,2,2,2,2,2,2,2,2,2,2,2,1,1,1,1,1,1,0.1,0.1,0.1,0.1,0.1,0.1,0.1,0.1,0.1,0.1,0.1,0.1,0.1,0.1,0.1,1,1,1,1,1,1,1,1,1,1,1,1,1,1,1,1,1,1,1,1,0.1,0.1,0.1,0.1,0.1,0.1,0.1,0.1,0.1,0.1,0.1,0.1,0.1,0.1,0.1,0.1,0.1,0.1,0.1,1,1,1,1,1,1,1,1,1,1,1,1,1,1,1,1,1,1,1,1,1,1,1,1,0.1,0.1,0.1,0.1,0.1,0.1,0.1,0.1,0.1,0.1,0.1,0.1,0.1,0.1,0.1,0.1,0.1,0.1,0.1,0.1,0.1,0.1,0.1,0.1,0.1,0.1,0.1,0.1,0.1,0.1,0.1,0.1,0.1,0.1,0.1,0.1,0.1,0.1,0.1,0.1,0.1,0.1,0.1,0.1,0.1,0.1,0.1,0.1,0.1,0.1,0.1,0.1,0.1,0.1,0.1,0.1,0.1,0.1,0.1,0.1,0.1
0.1,0.1,0.1,0.1,0.1,0.1,0.1,0.1,0.1,0.1,0.1,0.1,0.1,0.1,0.1,0.1,0.1,0.1,0.1,0.1,0.1,0.1,0.1,0.1,0.1,0.1,0.1,0.1,0.1,0.1,0.1,0.1,0.1,0.1,0.1,0.1,0.1,0.1,0.1,0.1,0.1,0.1,0.1,0.1,0.1,0.1,0.1,0.1,0.1,0.1,0.1,0.1,0.1,0.1,0.1,0.1,0.1,0.1,0.1,0.1,0.1,1,1,1,1,1,1,1,1,1,1,1,1,1,1,1,1,1,1,1,1,1,1,1,1,1,1,1,1,1,1,0.1,0.1,0.1,0.1,0.1,0.1,0.1,0.1,0.1,0.1,0.1,0.1,0.1,0.1,0.1,0.1,0.1,1,1,1,1,1,1,1,1,1,1,1,1,1,1,1,1,1,1,1,1,0.1,0.1,0.1,0.1,0.1,0.1,0.1,0.1,0.1,0.1,0.1,0.1,0.1,0.1,1,1,1,1,1,1,2,2,2,2,2,2,2,2,2,2,2,2,2,2,2,2,1,1,1,1,1,0.1,0.1,0.1,0.1,0.1,0.1,0.1,0.1,0.1,0.1,1,1,1,1,2,2,2,2,3,3,3,4,4,4,4,4,4,4,4,4,3,3,3,3,2,2,2,1,1,1,0.1,0.1,0.1,0.1,0.1,0.1,0.1,0.1,1,1,1,2,2,2,3,3,4,4,5,5,5,5,6,6,6,6,5,5,5,4,4,3,3,2,2,1,1,1,0.1,0.1,0.1,0.1,0.1,1,1,2,2,3,4,6,7,8,10,11,13,15,16,18,20,21,22,24,25,26,26,27,27,27,27,27,26,26,25,24,22,21,20,18,16,15,13,11,10,8,7,6,4,3,2,2,1,1,0.1,0.1,0.1,0.1,0.1,1,1,1,2,2,3,3,4,4,5,5,5,6,6,6,6,5,5,5,5,4,4,3,3,2,2,2,1,1,1,0.1,0.1,0.1,0.1,0.1,0.1,0.1,0.1,1,1,1,2,2,2,3,3,3,3,4,4,4,4,4,4,4,4,4,3,3,3,2,2,2,2,1,1,1,1,0.1,0.1,0.1,0.1,0.1,0.1,0.1,0.1,0.1,0.1,1,1,1,1,1,2,2,2,2,2,2,2,2,2,2,2,2,2,2,2,2,1,1,1,1,1,1,0.1,0.1,0.1,0.1,0.1,0.1,0.1,0.1,0.1,0.1,0.1,0.1,0.1,0.1,1,1,1,1,1,1,1,1,1,1,1,1,1,1,1,1,1,1,1,1,0.1,0.1,0.1,0.1,0.1,0.1,0.1,0.1,0.1,0.1,0.1,0.1,0.1,0.1,0.1,0.1,0.1,1,1,1,1,1,1,1,1,1,1,1,1,1,1,1,1,1,1,1,1,1,1,1,1,1,1,1,1,1,1,0.1,0.1,0.1,0.1,0.1,0.1,0.1,0.1,0.1,0.1,0.1,0.1,0.1,0.1,0.1,0.1,0.1,0.1,0.1,0.1,0.1,0.1,0.1,0.1,0.1,0.1,0.1,0.1,0.1,0.1,0.1,0.1,0.1,0.1,0.1,0.1,0.1,0.1,0.1,0.1,0.1,0.1,0.1,0.1,0.1,0.1,0.1,0.1,0.1,0.1,0.1,0.1,0.1,0.1,0.1,0.1,0.1,0.1
0.1,0.1,0.1,0.1,0.1,0.1,0.1,0.1,0.1,0.1,0.1,0.1,0.1,0.1,0.1,0.1,0.1,0.1,0.1,0.1,0.1,0.1,0.1,0.1,0.1,0.1,0.1,0.1,0.1,0.1,0.1,0.1,0.1,0.1,0.1,0.1,0.1,0.1,0.1,0.1,0.1,0.1,0.1,0.1,0.1,0.1,0.1,0.1,0.1,0.1,0.1,0.1,0.1,0.1,0.1,0.1,0.1,0.1,0.1,1,1,1,1,1,1,1,1,1,2,2,2,2,2,2,2,2,2,2,2,2,2,2,2,2,2,2,1,1,1,1,1,1,1,0.1,0.1,0.1,0.1,0.1,0.1,0.1,0.1,0.1,0.1,0.1,0.1,0.1,0.1,0.1,1,1,1,1,1,1,1,1,1,1,1,1,1,1,1,1,1,1,1,1,1,0.1,0.1,0.1,0.1,0.1,0.1,0.1,0.1,0.1,0.1,0.1,0.1,0.1,1,1,1,1,1,1,2,2,2,2,2,2,3,3,3,3,3,2,2,2,2,2,2,1,1,1,1,0.1,0.1,0.1,0.1,0.1,0.1,0.1,0.1,0.1,0.1,1,1,1,1,2,2,2,3,3,3,4,4,4,4,4,4,4,4,4,4,4,3,3,3,2,2,2,1,1,1,0.1,0.1,0.1,0.1,0.1,0.1,0.1,1,1,1,2,2,3,3,4,4,5,5,5,6,6,6,6,6,6,6,6,5,5,4,4,3,3,2,2,1,1,0.1,0.1,0.1,0.1,0.1,1,1,2,3,4,6,7,9,11,13,15,17,19,22,24,26,28,30,32,33,35,36,37,38,38,38,38,38,37,36,35,33,32,30,28,26,24,22,19,17,15,13,11,9,7,6,4,3,2,1,1,0.1,0.1,0.1,0.1,0.1,1,1,2,2,3,3,4,4,5,5,6,6,6,6,6,6,6,6,5,5,5,4,4,3,3,2,2,1,1,1,0.1,0.1,0.1,0.1,0.1,0.1,0.1,1,1,1,2,2,2,3,3,3,4,4,4,4,4,4,4,4,4,4,4,3,3,3,2,2,2,1,1,1,1,0.1,0.1,0.1,0.1,0.1,0.1,0.1,0.1,0.1,0.1,1,1,1,1,2,2,2,2,2,2,3,3,3,3,3,2,2,2,2,2,2,1,1,1,1,1,1,0.1,0.1,0.1,0.1,0.1,0.1,0.1,0.1,0.1,0.1,0.1,0.1,0.1,1,1,1,1,1,1,1,1,1,1,1,1,1,1,1,1,1,1,1,1,1,0.1,0.1,0.1,0.1,0.1,0.1,0.1,0.1,0.1,0.1,0.1,0.1,0.1,0.1,0.1,1,1,1,1,1,1,1,2,2,2,2,2,2,2,2,2,2,2,2,2,2,2,2,2,2,1,1,1,1,1,1,1,1,1,0.1,0.1,0.1,0.1,0.1,0.1,0.1,0.1,0.1,0.1,0.1,0.1,0.1,0.1,0.1,0.1,0.1,0.1,0.1,0.1,0.1,0.1,0.1,0.1,0.1,0.1,0.1,0.1,0.1,0.1,0.1,0.1,0.1,0.1,0.1,0.1,0.1,0.1,0.1,0.1,0.1,0.1,0.1,0.1,0.1,0.1,0.1,0.1,0.1,0.1,0.1,0.1,0.1,0.1,0.1,0.1
0.1,0.1,0.1,0.1,0.1,0.1,0.1,0.1,0.1,0.1,0.1,0.1,0.1,0.1,0.1,0.1,0.1,0.1,0.1,0.1,0.1,0.1,0.1,0.1,0.1,0.1,0.1,0.1,0.1,0.1,0.1,0.1,0.1,0.1,0.1,0.1,0.1,0.1,0.1,0.1,0.1,0.1,0.1,0.1,0.1,0.1,0.1,0.1,0.1,0.1,0.1,0.1,0.1,0.1,0.1,0.1,0.1,1,1,1,1,1,1,1,1,2,2,2,2,2,2,2,3,3,3,3,3,3,3,3,3,3,3,3,2,2,2,2,2,1,1,1,1,1,1,0.1,0.1,0.1,0.1,0.1,0.1,0.1,0.1,0.1,0.1,0.1,0.1,0.1,1,1,1,1,1,1,1,1,1,2,2,2,2,2,1,1,1,1,1,1,1,1,0.1,0.1,0.1,0.1,0.1,0.1,0.1,0.1,0.1,0.1,0.1,0.1,0.1,1,1,1,1,2,2,2,2,2,2,3,3,3,3,3,3,3,2,2,2,2,2,1,1,1,1,1,0.1,0.1,0.1,0.1,0.1,0.1,0.1,0.1,0.1,1,1,1,1,2,2,3,3,3,4,4,4,4,4,4,4,4,4,4,4,4,3,3,3,2,2,1,1,1,1,0.1,0.1,0.1,0.1,0.1,0.1,0.1,1,1,2,2,3,3,4,4,5,5,6,6,6,7,7,7,7,7,6,6,6,5,4,4,3,3,2,1,1,0.1,0.1,0.1,0.1,0.1,1,2,3,4,5,7,9,11,13,16,19,21,24,27,30,33,36,39,41,44,46,48,49,50,51,52,52,52,51,50,49,48,46,44,41,39,36,33,30,27,24,21,19,16,13,11,9,7,5,4,3,2,1,0.1,0.1,0.1,0.1,0.1,1,1,2,3,3,4,4,5,6,6,6,7,7,7,7,7,6,6,6,5,5,4,4,3,3,2,2,1,1,0.1,0.1,0.1,0.1,0.1,0.1,0.1,1,1,1,1,2,2,3,3,3,4,4,4,4,4,4,4,4,4,4,4,4,3,3,3,2,2,1,1,1,1,0.1,0.1,0.1,0.1,0.1,0.1,0.1,0.1,0.1,1,1,1,1,1,2,2,2,2,2,3,3,3,3,3,3,3,2,2,2,2,2,2,1,1,1,1,0.1,0.1,0.1,0.1,0.1,0.1,0.1,0.1,0.1,0.1,0.1,0.1,0.1,1,1,1,1,1,1,1,1,2,2,2,2,2,1,1,1,1,1,1,1,1,1,0.1,0.1,0.1,0.1,0.1,0.1,0.1,0.1,0.1,0.1,0.1,0.1,0.1,1,1,1,1,1,1,2,2,2,2,2,3,3,3,3,3,3,3,3,3,3,3,3,2,2,2,2,2,2,2,1,1,1,1,1,1,1,1,0.1,0.1,0.1,0.1,0.1,0.1,0.1,0.1,0.1,0.1,0.1,0.1,0.1,0.1,0.1,0.1,0.1,0.1,0.1,0.1,0.1,0.1,0.1,0.1,0.1,0.1,0.1,0.1,0.1,0.1,0.1,0.1,0.1,0.1,0.1,0.1,0.1,0.1,0.1,0.1,0.1,0.1,0.1,0.1,0.1,0.1,0.1,0.1,0.1,0.1,0.1,0.1,0.1,0.1
0.1,0.1,0.1,0.1,0.1,0.1,0.1,0.1,0.1,0.1,0.1,0.1,0.1,0.1,0.1,0.1,0.1,0.1,0.1,0.1,0.1,0.1,0.1,0.1,0.1,0.1,0.1,0.1,0.1,0.1,0.1,0.1,0.1,0.1,0.1,0.1,0.1,0.1,0.1,0.1,0.1,0.1,0.1,0.1,0.1,0.1,0.1,0.1,0.1,0.1,0.1,0.1,0.1,0.1,0.1,1,1,1,1,1,1,1,2,2,2,2,2,3,3,3,3,3,3,4,4,4,4,4,4,4,4,4,4,3,3,3,3,3,2,2,2,2,1,1,1,1,1,0.1,0.1,0.1,0.1,0.1,0.1,0.1,0.1,0.1,0.1,0.1,1,1,1,1,1,1,1,2,2,2,2,2,2,2,2,2,2,1,1,1,1,1,1,0.1,0.1,0.1,0.1,0.1,0.1,0.1,0.1,0.1,0.1,0.1,0.1,1,1,1,1,2,2,2,2,2,3,3,3,3,3,3,3,3,3,2,2,2,2,2,1,1,1,1,0.1,0.1,0.1,0.1,0.1,0.1,0.1,0.1,0.1,1,1,1,2,2,2,3,3,3,4,4,4,4,5,5,5,5,4,4,4,4,3,3,3,2,2,1,1,1,0.1,0.1,0.1,0.1,0.1,0.1,0.1,1,1,1,2,2,3,4,4,5,6,6,7,7,7,8,8,8,7,7,7,6,6,5,4,4,3,2,2,1,0.1,0.1,0.1,0.1,0.1,1,2,3,4,6,8,10,13,16,19,23,26,30,34,37,41,45,49,52,55,58,61,64,66,67,68,69,69,69,68,67,66,64,61,58,55,52,49,45,41,37,34,30,26,23,19,16,13,10,8,6,4,3,2,1,0.1,0.1,0.1,0.1,0.1,1,2,2,3,4,4,5,6,6,7,7,7,8,8,8,7,7,7,6,6,5,4,4,3,2,2,1,1,1,0.1,0.1,0.1,0.1,0.1,0.1,0.1,1,1,1,2,2,3,3,3,4,4,4,4,5,5,5,5,4,4,4,4,3,3,3,2,2,2,1,1,1,0.1,0.1,0.1,0.1,0.1,0.1,0.1,0.1,0.1,1,1,1,1,2,2,2,2,2,3,3,3,3,3,3,3,3,3,2,2,2,2,2,1,1,1,1,0.1,0.1,0.1,0.1,0.1,0.1,0.1,0.1,0.1,0.1,0.1,0.1,1,1,1,1,1,1,2,2,2,2,2,2,2,2,2,2,1,1,1,1,1,1,1,0.1,0.1,0.1,0.1,0.1,0.1,0.1,0.1,0.1,0.1,0.1,1,1,1,1,1,2,2,2,2,3,3,3,3,3,4,4,4,4,4,4,4,4,4,4,3,3,3,3,3,3,2,2,2,2,2,1,1,1,1,1,1,1,0.1,0.1,0.1,0.1,0.1,0.1,0.1,0.1,0.1,0.1,0.1,0.1,0.1,0.1,0.1,0.1,0.1,0.1,0.1,0.1,0.1,0.1,0.1,0.1,0.1,0.1,0.1,0.1,0.1,0.1,0.1,0.1,0.1,0.1,0.1,0.1,0.1,0.1,0.1,0.1,0.1,0.1,0.1,0.1,0.1,0.1,0.1,0.1,0.1,0.1,0.1,0.1
0.1,0.1,0.1,0.1,0.1,0.1,0.1,0.1,0.1,0.1,0.1,0.1,0.1,0.1,0.1,0.1,0.1,0.1,0.1,0.1,0.1,0.1,0.1,0.1,0.1,0.1,0.1,0.1,0.1,0.1,0.1,0.1,0.1,0.1,0.1,0.1,0.1,0.1,0.1,0.1,0.1,0.1,0.1,0.1,0.1,0.1,0.1,0.1,0.1,0.1,0.1,0.1,0.1,0.1,1,1,1,1,1,1,2,2,2,2,3,3,3,3,4,4,4,4,4,5,5,5,5,5,5,5,5,5,5,5,4,4,4,3,3,3,3,2,2,2,1,1,1,1,0.1,0.1,0.1,0.1,0.1,0.1,0.1,0.1,0.1,0.1,0.1,1,1,1,1,1,1,2,2,2,2,2,2,2,2,2,2,2,1,1,1,1,1,1,0.1,0.1,0.1,0.1,0.1,0.1,0.1,0.1,0.1,0.1,0.1,1,1,1,1,2,2,2,2,2,3,3,3,3,3,3,3,3,3,3,2,2,2,2,1,1,1,1,0.1,0.1,0.1,0.1,0.1,0.1,0.1,0.1,0.1,1,1,1,2,2,2,3,3,4,4,4,5,5,5,5,5,5,5,4,4,4,3,3,3,2,2,1,1,1,0.1,0.1,0.1,0.1,0.1,0.1,1,1,1,2,2,3,4,4,5,6,6,7,8,8,8,8,8,8,8,8,7,7,6,5,4,4,3,2,1,1,0.1,0.1,0.1,0.1,1,2,3,5,7,9,12,15,19,22,27,31,35,40,45,50,55,60,64,69,73,76,80,83,85,87,89,90,90,90,89,87,85,83,80,76,73,69,64,60,55,50,45,40,35,31,27,22,19,15,12,9,7,5,3,2,1,0.1,0.1,0.1,0.1,1,1,2,3,4,4,5,6,7,7,8,8,8,8,8,8,8,8,7,6,6,5,4,4,3,2,2,1,1,1,0.1,0.1,0.1,0.1,0.1,0.1,1,1,1,2,2,3,3,3,4,4,4,5,5,5,5,5,5,5,4,4,4,3,3,2,2,2,1,1,1,0.1,0.1,0.1,0.1,0.1,0.1,0.1,0.1,0.1,1,1,1,1,2,2,2,2,3,3,3,3,3,3,3,3,3,3,2,2,2,2,2,1,1,1,1,0.1,0.1,0.1,0.1,0.1,0.1,0.1,0.1,0.1,0.1,0.1,1,1,1,1,1,1,2,2,2,2,2,2,2,2,2,2,2,1,1,1,1,1,1,0.1,0.1,0.1,0.1,0.1,0.1,0.1,0.1,0.1,0.1,0.1,1,1,1,1,2,2,2,3,3,3,3,4,4,4,5,5,5,5,5,5,5,5,5,5,5,4,4,4,4,4,3,3,3,3,2,2,2,2,1,1,1,1,1,1,0.1,0.1,0.1,0.1,0.1,0.1,0.1,0.1,0.1,0.1,0.1,0.1,0.1,0.1,0.1,0.1,0.1,0.1,0.1,0.1,0.1,0.1,0.1,0.1,0.1,0.1,0.1,0.1,0.1,0.1,0.1,0.1,0.1,0.1,0.1,0.1,0.1,0.1,0.1,0.1,0.1,0.1,0.1,0.1,0.1,0.1,0.1,0.1,0.1,0.1,0.1
0.1,0.1,0.1,0.1,0.1,0.1,0.1,0.1,0.1,0.1,0.1,0.1,0.1,0.1,0.1,0.1,0.1,0.1,0.1,0.1,0.1,0.1,0.1,0.1,0.1,0.1,0.1,0.1,0.1,0.1,0.1,0.1,0.1,0.1,0.1,0.1,0.1,0.1,0.1,0.1,0.1,0.1,0.1,0.1,0.1,0.1,0.1,0.1,0.1,0.1,0.1,0.1,1,1,1,1,1,1,2,2,2,2,3,3,3,4,4,4,5,5,5,6,6,6,6,6,6,6,6,6,6,6,6,6,6,5,5,5,4,4,3,3,3,2,2,2,1,1,1,0.1,0.1,0.1,0.1,0.1,0.1,0.1,0.1,0.1,0.1,1,1,1,1,1,2,2,2,2,2,2,2,2,2,2,2,2,2,2,1,1,1,1,1,0.1,0.1,0.1,0.1,0.1,0.1,0.1,0.1,0.1,0.1,1,1,1,1,2,2,2,2,3,3,3,3,3,3,3,3,3,3,3,3,2,2,2,1,1,1,1,0.1,0.1,0.1,0.1,0.1,0.1,0.1,0.1,0.1,1,1,1,2,2,3,3,3,4,4,4,5,5,5,5,5,5,5,5,4,4,3,3,3,2,2,1,1,0.1,0.1,0.1,0.1,0.1,0.1,0.1,1,1,2,2,3,4,5,5,6,7,7,8,9,9,9,9,9,9,9,8,8,7,6,5,4,3,2,2,1,0.1,0.1,0.1,0.1,1,2,3,5,7,10,13,17,21,26,30,36,41,47,53,59,65,71,77,83,88,93,98,102,106,109,112,114,115,115,115,114,112,109,106,102,98,93,88,83,77,71,65,59,53,47,41,36,30,26,21,17,13,10,7,5,3,2,1,0.1,0.1,0.1,0.1,1,2,2,3,4,5,6,7,8,8,9,9,9,9,9,9,9,8,7,7,6,5,5,4,3,2,2,1,1,0.1,0.1,0.1,0.1,0.1,0.1,0.1,1,1,2,2,3,3,3,4,4,5,5,5,5,5,5,5,5,4,4,4,3,3,3,2,2,1,1,1,0.1,0.1,0.1,0.1,0.1,0.1,0.1,0.1,0.1,1,1,1,1,2,2,2,3,3,3,3,3,3,3,3,3,3,3,3,2,2,2,2,1,1,1,1,0.1,0.1,0.1,0.1,0.1,0.1,0.1,0.1,0.1,0.1,1,1,1,1,1,2,2,2,2,2,2,2,2,2,2,2,2,2,2,1,1,1,1,1,0.1,0.1,0.1,0.1,0.1,0.1,0.1,0.1,0.1,0.1,1,1,1,2,2,2,3,3,3,4,4,5,5,5,6,6,6,6,6,6,6,6,6,6,6,6,6,6,5,5,5,4,4,4,3,3,3,2,2,2,2,1,1,1,1,1,1,0.1,0.1,0.1,0.1,0.1,0.1,0.1,0.1,0.1,0.1,0.1,0.1,0.1,0.1,0.1,0.1,0.1,0.1,0.1,0.1,0.1,0.1,0.1,0.1,0.1,0.1,0.1,0.1,0.1,0.1,0.1,0.1,0.1,0.1,0.1,0.1,0.1,0.1,0.1,0.1,0.1,0.1,0.1,0.1,0.1,0.1,0.1,0.1,0.1
0.1,0.1,0.1,0.1,0.1,0.1,0.1,0.1,0.1,0.1,0.1,0.1,0.1,0.1,0.1,0.1,0.1,0.1,0.1,0.1,0.1,0.1,0.1,0.1,0.1,0.1,0.1,0.1,0.1,0.1,0.1,0.1,0.1,0.1,0.1,0.1,0.1,0.1,0.1,0.1,0.1,0.1,0.1,0.1,0.1,0.1,0.1,0.1,0.1,0.1,0.1,1,1,1,1,1,1,2,2,2,3,3,3,4,4,5,5,5,6,6,7,7,7,7,8,8,8,8,8,8,8,8,8,7,7,7,6,6,5,5,5,4,4,3,3,2,2,1,1,1,0.1,0.1,0.1,0.1,0.1,0.1,0.1,0.1,0.1,1,1,1,1,1,2,2,2,2,2,2,2,2,2,2,2,2,2,2,2,1,1,1,1,1,0.1,0.1,0.1,0.1,0.1,0.1,0.1,0.1,0.1,0.1,1,1,1,1,2,2,2,3,3,3,3,3,3,3,3,3,3,3,3,2,2,2,2,1,1,1,0.1,0.1,0.1,0.1,0.1,0.1,0.1,0.1,1,1,1,1,2,2,3,3,4,4,4,5,5,5,5,5,5,5,5,5,4,4,3,3,2,2,2,1,1,0.1,0.1,0.1,0.1,0.1,0.1,1,1,2,2,3,4,5,5,6,7,8,9,9,10,10,10,10,10,10,9,9,8,7,6,5,4,3,2,1,1,0.1,0.1,0.1,1,2,3,5,8,11,14,18,23,28,34,40,47,54,61,68,76,83,91,98,105,112,118,124,129,134,137,140,143,144,144,144,143,140,137,134,129,124,118,112,105,98,91,83,76,68,61,54,47,40,34,28,23,18,14,11,8,5,3,2,1,0.1,0.1,0.1,1,1,2,3,4,5,6,7,8,9,9,10,10,10,10,10,10,9,9,8,7,6,5,5,4,3,2,2,1,1,0.1,0.1,0.1,0.1,0.1,0.1,1,1,2,2,2,3,3,4,4,5,5,5,5,5,5,5,5,5,4,4,4,3,3,2,2,1,1,1,1,0.1,0.1,0.1,0.1,0.1,0.1,0.1,0.1,1,1,1,2,2,2,2,3,3,3,3,3,3,3,3,3,3,3,3,2,2,2,1,1,1,1,0.1,0.1,0.1,0.1,0.1,0.1,0.1,0.1,0.1,0.1,1,1,1,1,1,2,2,2,2,2,2,2,2,2,2,2,2,2,2,2,1,1,1,1,1,0.1,0.1,0.1,0.1,0.1,0.1,0.1,0.1,0.1,1,1,1,2,2,3,3,4,4,5,5,5,6,6,7,7,7,8,8,8,8,8,8,8,8,8,7,7,7,7,6,6,5,5,5,4,4,3,3,3,2,2,2,1,1,1,1,1,1,0.1,0.1,0.1,0.1,0.1,0.1,0.1,0.1,0.1,0.1,0.1,0.1,0.1,0.1,0.1,0.1,0.1,0.1,0.1,0.1,0.1,0.1,0.1,0.1,0.1,0.1,0.1,0.1,0.1,0.1,0.1,0.1,0.1,0.1,0.1,0.1,0.1,0.1,0.1,0.1,0.1,0.1,0.1,0.1,0.1,0.1,0.1,0.1
0.1,0.1,0.1,0.1,0.1,0.1,0.1,0.1,0.1,0.1,0.1,0.1,0.1,0.1,0.1,0.1,0.1,0.1,0.1,0.1,0.1,0.1,0.1,0.1,0.1,0.1,0.1,0.1,0.1,0.1,0.1,0.1,0.1,0.1,0.1,0.1,0.1,0.1,0.1,0.1,0.1,0.1,0.1,0.1,0.1,0.1,0.1,0.1,0.1,0.1,1,1,1,1,1,2,2,2,3,3,3,4,4,5,5,6,6,7,7,8,8,9,9,9,10,10,10,10,10,10,10,10,10,9,9,9,8,8,7,6,6,5,5,4,3,3,2,2,1,1,1,0.1,0.1,0.1,0.1,0.1,0.1,0.1,0.1,0.1,1,1,1,1,2,2,2,2,3,3,3,3,3,3,3,3,2,2,2,2,1,1,1,1,0.1,0.1,0.1,0.1,0.1,0.1,0.1,0.1,0.1,0.1,1,1,1,1,2,2,2,3,3,3,3,3,3,3,3,3,3,3,3,3,2,2,2,1,1,1,0.1,0.1,0.1,0.1,0.1,0.1,0.1,0.1,1,1,1,2,2,2,3,3,4,4,5,5,5,5,5,5,5,5,5,5,4,4,3,3,2,2,1,1,1,0.1,0.1,0.1,0.1,0.1,0.1,1,1,2,3,4,4,5,6,7,8,9,10,10,11,11,11,11,11,11,10,9,8,7,6,5,4,3,2,1,0.1,0.1,0.1,1,1,3,5,8,11,15,19,25,31,37,44,52,60,69,77,86,96,105,114,123,131,140,147,154,160,166,170,174,177,178,179,178,177,174,170,166,160,154,147,140,131,123,114,105,96,86,77,69,60,52,44,37,31,25,19,15,11,8,5,3,1,1,0.1,0.1,0.1,1,2,3,4,5,6,7,8,9,10,11,11,11,11,11,11,10,10,9,8,7,6,5,4,4,3,2,1,1,0.1,0.1,0.1,0.1,0.1,0.1,1,1,1,2,2,3,3,4,4,5,5,5,5,5,5,5,5,5,5,4,4,3,3,2,2,2,1,1,1,0.1,0.1,0.1,0.1,0.1,0.1,0.1,0.1,1,1,1,2,2,2,3,3,3,3,3,3,3,3,3,3,3,3,3,2,2,2,1,1,1,1,0.1,0.1,0.1,0.1,0.1,0.1,0.1,0.1,0.1,0.1,1,1,1,1,2,2,2,2,3,3,3,3,3,3,3,3,2,2,2,2,1,1,1,1,0.1,0.1,0.1,0.1,0.1,0.1,0.1,0.1,0.1,1,1,1,2,2,3,3,4,5,5,6,6,7,8,8,9,9,9,10,10,10,10,10,10,10,10,10,9,9,9,8,8,7,7,6,6,5,5,4,4,3,3,3,2,2,2,1,1,1,1,1,0.1,0.1,0.1,0.1,0.1,0.1,0.1,0.1,0.1,0.1,0.1,0.1,0.1,0.1,0.1,0.1,0.1,0.1,0.1,0.1,0.1,0.1,0.1,0.1,0.1,0.1,0.1,0.1,0.1,0.1,0.1,0.1,0.1,0.1,0.1,0.1,0.1,0.1,0.1,0.1,0.1,0.1,0.1,0.1,0.1,0.1,0.1
0.1,0.1,0.1,0.1,0.1,0.1,0.1,0.1,0.1,0.1,0.1,0.1,0.1,0.1,0.1,0.1,0.1,0.1,0.1,0.1,0.1,0.1,0.1,0.1,0.1,0.1,0.1,0.1,0.1,0.1,0.1,0.1,0.1,0.1,0.1,0.1,0.1,0.1,0.1,0.1,0.1,0.1,0.1,0.1,0.1,0.1,0.1,0.1,0.1,1,1,1,1,1,2,2,2,3,3,4,4,5,5,6,6,7,8,8,9,9,10,10,11,11,12,12,12,12,12,12,12,12,12,11,11,11,10,9,9,8,7,7,6,5,4,4,3,2,2,1,1,1,0.1,0.1,0.1,0.1,0.1,0.1,0.1,0.1,1,1,1,1,2,2,2,3,3,3,3,3,3,3,3,3,3,2,2,2,2,1,1,1,1,0.1,0.1,0.1,0.1,0.1,0.1,0.1,0.1,0.1,1,1,1,1,2,2,2,3,3,3,3,3,4,4,4,3,3,3,3,3,2,2,2,1,1,1,1,0.1,0.1,0.1,0.1,0.1,0.1,0.1,1,1,1,2,2,3,3,4,4,4,5,5,5,6,6,6,5,5,5,5,4,4,3,3,2,2,1,1,0.1,0.1,0.1,0.1,0.1,0.1,1,1,2,3,3,4,5,6,7,8,9,10,11,12,12,12,13,12,12,12,11,10,9,8,6,5,4,2,1,1,0.1,0.1,0.1,1,3,5,7,11,15,20,26,32,40,48,56,66,76,86,97,108,119,130,141,151,162,172,181,189,197,203,209,213,216,218,219,218,216,213,209,203,197,189,181,172,162,151,141,130,119,108,97,86,76,66,56,48,40,32,26,20,15,11,7,5,3,1,0.1,0.1,0.1,1,1,2,4,5,6,8,9,10,11,12,12,12,13,12,12,12,11,10,9,8,7,6,5,4,3,3,2,1,1,0.1,0.1,0.1,0.1,0.1,0.1,1,1,2,2,3,3,4,4,5,5,5,5,6,6,6,5,5,5,4,4,4,3,3,2,2,1,1,1,0.1,0.1,0.1,0.1,0.1,0.1,0.1,1,1,1,1,2,2,2,3,3,3,3,3,4,4,4,3,3,3,3,3,2,2,2,1,1,1,1,0.1,0.1,0.1,0.1,0.1,0.1,0.1,0.1,0.1,1,1,1,1,2,2,2,2,3,3,3,3,3,3,3,3,3,3,2,2,2,1,1,1,1,0.1,0.1,0.1,0.1,0.1,0.1,0.1,0.1,1,1,1,2,2,3,4,4,5,6,7,7,8,9,9,10,11,11,11,12,12,12,12,12,12,12,12,12,11,11,10,10,9,9,8,8,7,6,6,5,5,4,4,3,3,2,2,2,1,1,1,1,1,0.1,0.1,0.1,0.1,0.1,0.1,0.1,0.1,0.1,0.1,0.1,0.1,0.1,0.1,0.1,0.1,0.1,0.1,0.1,0.1,0.1,0.1,0.1,0.1,0.1,0.1,0.1,0.1,0.1,0.1,0.1,0.1,0.1,0.1,0.1,0.1,0.1,0.1,0.1,0.1,0.1,0.1,0.1,0.1,0.1,0.1
0.1,0.1,0.1,0.1,0.1,0.1,0.1,0.1,0.1,0.1,0.1,0.1,0.1,0.1,0.1,0.1,0.1,0.1,0.1,0.1,0.1,0.1,0.1,0.1,0.1,0.1,0.1,0.1,0.1,0.1,0.1,0.1,0.1,0.1,0.1,0.1,0.1,0.1,0.1,0.1,0.1,0.1,0.1,0.1,0.1,0.1,0.1,0.1,1,1,1,1,1,2,2,2,3,3,4,5,5,6,6,7,8,9,9,10,11,11,12,13,13,14,14,14,15,15,15,15,15,15,14,14,13,13,12,12,11,10,9,8,7,6,6,5,4,3,3,2,1,1,1,0.1,0.1,0.1,0.1,0.1,0.1,0.1,1,1,1,2,2,2,2,3,3,3,3,3,3,3,3,3,3,3,3,2,2,2,1,1,1,1,0.1,0.1,0.1,0.1,0.1,0.1,0.1,0.1,0.1,1,1,1,2,2,2,3,3,3,3,4,4,4,4,4,3,3,3,3,2,2,2,1,1,1,1,0.1,0.1,0.1,0.1,0.1,0.1,0.1,1,1,1,2,2,3,3,4,4,5,5,5,5,6,6,6,6,5,5,5,4,4,3,3,2,2,1,1,0.1,0.1,0.1,0.1,0.1,1,1,2,2,3,4,5,6,8,9,10,11,12,13,13,14,14,14,14,13,12,11,10,9,8,6,5,3,2,1,0.1,0.1,0.1,1,2,4,7,10,15,20,26,33,41,50,60,71,82,94,106,119,132,146,159,172,184,197,208,219,229,238,246,252,257,261,263,264,263,261,257,252,246,238,229,219,208,197,184,172,159,146,132,119,106,94,82,71,60,50,41,33,26,20,15,10,7,4,2,1,0.1,0.1,0.1,1,2,3,5,6,8,9,10,11,12,13,14,14,14,14,13,13,12,11,10,9,8,6,5,4,3,2,2,1,1,0.1,0.1,0.1,0.1,0.1,1,1,2,2,3,3,4,4,5,5,5,6,6,6,6,5,5,5,5,4,4,3,3,2,2,1,1,1,0.1,0.1,0.1,0.1,0.1,0.1,0.1,1,1,1,1,2,2,2,3,3,3,3,4,4,4,4,4,3,3,3,3,2,2,2,1,1,1,0.1,0.1,0.1,0.1,0.1,0.1,0.1,0.1,0.1,1,1,1,1,2,2,2,3,3,3,3,3,3,3,3,3,3,3,3,2,2,2,2,1,1,1,0.1,0.1,0.1,0.1,0.1,0.1,0.1,1,1,1,2,3,3,4,5,6,6,7,8,9,10,11,12,12,13,13,14,14,15,15,15,15,15,15,14,14,14,13,13,12,11,11,10,9,9,8,7,6,6,5,5,4,3,3,2,2,2,1,1,1,1,1,0.1,0.1,0.1,0.1,0.1,0.1,0.1,0.1,0.1,0.1,0.1,0.1,0.1,0.1,0.1,0.1,0.1,0.1,0.1,0.1,0.1,0.1,0.1,0.1,0.1,0.1,0.1,0.1,0.1,0.1,0.1,0.1,0.1,0.1,0.1,0.1,0.1,0.1,0.1,0.1,0.1,0.1,0.1,0.1,0.1
0.1,0.1,0.1,0.1,0.1,0.1,0.1,0.1,0.1,0.1,0.1,0.1,0.1,0.1,0.1,0.1,0.1,0.1,0.1,0.1,0.1,0.1,0.1,0.1,0.1,0.1,0.1,0.1,0.1,0.1,0.1,0.1,0.1,0.1,0.1,0.1,0.1,0.1,0.1,0.1,0.1,0.1,0.1,0.1,0.1,0.1,0.1,1,1,1,1,1,2,2,3,3,4,4,5,5,6,7,8,9,9,10,11,12,13,14,14,15,16,16,17,17,18,18,18,18,18,18,17,17,16,16,15,14,13,12,11,10,9,8,7,6,5,4,3,3,2,1,1,0.1,0.1,0.1,0.1,0.1,0.1,0.1,1,1,1,2,2,2,3,3,3,3,4,4,4,4,4,4,4,3,3,3,2,2,2,1,1,1,1,0.1,0.1,0.1,0.1,0.1,0.1,0.1,0.1,1,1,1,2,2,2,3,3,3,3,4,4,4,4,4,4,3,3,3,3,2,2,2,1,1,1,0.1,0.1,0.1,0.1,0.1,0.1,0.1,1,1,1,2,2,3,3,4,4,5,5,5,6,6,6,6,6,5,5,5,4,4,3,3,2,1,1,1,0.1,0.1,0.1,0.1,0.1,1,1,2,3,4,5,6,8,9,10,11,12,13,14,15,15,15,15,15,14,13,12,11,9,8,6,5,3,2,1,0.1,0.1,0.1,1,3,6,9,14,19,26,34,42,52,63,75,87,101,115,130,145,160,176,192,207,222,236,250,263,275,285,294,302,308,312,315,316,315,312,308,302,294,285,275,263,250,236,222,207,192,176,160,145,130,115,101,87,75,63,52,42,34,26,19,14,9,6,3,1,0.1,0.1,0.1,1,2,3,5,6,8,9,11,12,13,14,15,15,15,15,15,14,13,12,11,10,9,8,6,5,4,3,2,1,1,0.1,0.1,0.1,0.1,0.1,1,1,1,2,3,3,4,4,5,5,5,6,6,6,6,6,5,5,5,4,4,3,3,2,2,1,1,1,0.1,0.1,0.1,0.1,0.1,0.1,0.1,1,1,1,2,2,2,3,3,3,3,4,4,4,4,4,4,3,3,3,3,2,2,2,1,1,1,0.1,0.1,0.1,0.1,0.1,0.1,0.1,0.1,1,1,1,1,2,2,2,3,3,3,4,4,4,4,4,4,4,3,3,3,3,2,2,2,1,1,1,0.1,0.1,0.1,0.1,0.1,0.1,0.1,1,1,2,3,3,4,5,6,7,8,9,10,11,12,13,14,15,16,16,17,17,18,18,18,18,18,18,17,17,16,16,15,14,14,13,12,11,10,9,9,8,7,6,5,5,4,4,3,3,2,2,1,1,1,1,1,0.1,0.1,0.1,0.1,0.1,0.1,0.1,0.1,0.1,0.1,0.1,0.1,0.1,0.1,0.1,0.1,0.1,0.1,0.1,0.1,0.1,0.1,0.1,0.1,0.1,0.1,0.1,0.1,0.1,0.1,0.1,0.1,0.1,0.1,0.1,0.1,0.1,0.1,0.1,0.1,0.1,0.1,0.1,0.1
0.1,0.1,0.1,0.1,0.1,0.1,0.1,0.1,0.1,0.1,0.1,0.1,0.1,0.1,0.1,0.1,0.1,0.1,0.1,0.1,0.1,0.1,0.1,0.1,0.1,0.1,0.1,0.1,0.1,0.1,0.1,0.1,0.1,0.1,0.1,0.1,0.1,0.1,0.1,0.1,0.1,0.1,0.1,0.1,0.1,0.1,0.1,1,1,1,1,2,2,3,3,4,4,5,6,7,7,8,9,10,11,12,13,14,15,16,17,18,19,19,20,20,21,21,21,21,21,21,21,20,19,19,18,17,16,15,13,12,11,10,9,7,6,5,4,3,2,2,1,1,0.1,0.1,0.1,0.1,0.1,0.1,1,1,1,2,2,2,3,3,3,4,4,4,4,4,4,4,4,4,3,3,3,2,2,2,1,1,1,0.1,0.1,0.1,0.1,0.1,0.1,0.1,0.1,1,1,1,2,2,2,3,3,3,3,4,4,4,4,4,4,3,3,3,3,2,2,2,1,1,1,0.1,0.1,0.1,0.1,0.1,0.1,0.1,1,1,1,2,2,3,3,4,4,5,5,6,6,6,6,6,6,5,5,5,4,4,3,2,2,1,1,0.1,0.1,0.1,0.1,0.1,1,1,2,3,4,5,6,7,9,10,12,13,14,15,16,16,17,17,17,16,15,14,13,11,10,8,6,4,3,1,1,0.1,0.1,1,2,5,8,13,18,25,33,42,53,64,77,91,106,122,139,156,174,192,211,229,247,264,281,297,312,326,338,348,357,364,369,372,373,372,369,364,357,348,338,326,312,297,281,264,247,229,211,192,174,156,139,122,106,91,77,64,53,42,33,25,18,13,8,5,2,1,0.1,0.1,1,1,3,4,6,8,10,11,13,14,15,16,17,17,17,16,16,15,14,13,12,10,9,7,6,5,4,3,2,1,1,0.1,0.1,0.1,0.1,0.1,1,1,2,2,3,4,4,5,5,5,6,6,6,6,6,6,5,5,4,4,3,3,2,2,1,1,1,0.1,0.1,0.1,0.1,0.1,0.1,0.1,1,1,1,2,2,2,3,3,3,3,4,4,4,4,4,4,3,3,3,3,2,2,2,1,1,1,0.1,0.1,0.1,0.1,0.1,0.1,0.1,0.1,1,1,1,2,2,2,3,3,3,4,4,4,4,4,4,4,4,4,3,3,3,2,2,2,1,1,1,0.1,0.1,0.1,0.1,0.1,0.1,1,1,2,2,3,4,5,6,7,9,10,11,12,13,15,16,17,18,19,19,20,21,21,21,21,21,21,21,20,20,19,19,18,17,16,15,14,13,12,11,10,9,8,7,7,6,5,4,4,3,3,2,2,1,1,1,1,0.1,0.1,0.1,0.1,0.1,0.1,0.1,0.1,0.1,0.1,0.1,0.1,0.1,0.1,0.1,0.1,0.1,0.1,0.1,0.1,0.1,0.1,0.1,0.1,0.1,0.1,0.1,0.1,0.1,0.1,0.1,0.1,0.1,0.1,0.1,0.1,0.1,0.1,0.1,0.1,0.1,0.1,0.1,0.1
0.1,0.1,0.1,0.1,0.1,0.1,0.1,0.1,0.1,0.1,0.1,0.1,0.1,0.1,0.1,0.1,0.1,0.1,0.1,0.1,0.1,0.1,0.1,0.1,0.1,0.1,0.1,0.1,0.1,0.1,0.1,0.1,0.1,0.1,0.1,0.1,0.1,0.1,0.1,0.1,0.1,0.1,0.1,0.1,0.1,0.1,1,1,1,1,2,2,3,3,4,4,5,6,7,8,9,10,11,12,13,14,15,17,18,19,20,21,22,23,23,24,24,25,25,25,25,25,24,24,23,22,21,20,19,17,16,15,13,12,10,9,8,6,5,4,3,2,2,1,1,0.1,0.1,0.1,0.1,0.1,0.1,1,1,2,2,2,3,3,4,4,4,5,5,5,5,5,4,4,4,4,3,3,2,2,2,1,1,1,0.1,0.1,0.1,0.1,0.1,0.1,0.1,1,1,1,1,2,2,3,3,3,3,4,4,4,4,4,4,4,3,3,3,2,2,2,1,1,1,0.1,0.1,0.1,0.1,0.1,0.1,0.1,1,1,1,2,2,3,4,4,5,5,5,6,6,6,6,6,6,5,5,5,4,3,3,2,2,1,1,0.1,0.1,0.1,0.1,0.1,1,1,2,3,5,6,7,9,10,12,13,15,16,17,18,18,18,18,18,17,16,15,14,12,10,8,6,4,2,1,0.1,0.1,0.1,2,4,7,11,17,23,32,41,52,65,78,94,110,128,146,166,186,207,228,249,270,291,312,331,349,367,382,396,409,419,427,433,436,438,436,433,427,419,409,396,382,367,349,331,312,291,270,249,228,207,186,166,146,128,110,94,78,65,52,41,32,23,17,11,7,4,2,0.1,0.1,0.1,1,2,4,6,8,10,12,14,15,16,17,18,18,18,18,18,17,16,15,13,12,10,9,7,6,5,3,2,1,1,0.1,0.1,0.1,0.1,0.1,1,1,2,2,3,3,4,5,5,5,6,6,6,6,6,6,5,5,5,4,4,3,2,2,1,1,1,0.1,0.1,0.1,0.1,0.1,0.1,0.1,1,1,1,2,2,2,3,3,3,4,4,4,4,4,4,4,3,3,3,3,2,2,1,1,1,1,0.1,0.1,0.1,0.1,0.1,0.1,0.1,1,1,1,2,2,2,3,3,4,4,4,4,5,5,5,5,5,4,4,4,3,3,2,2,2,1,1,0.1,0.1,0.1,0.1,0.1,0.1,1,1,2,2,3,4,5,6,8,9,10,12,13,15,16,17,19,20,21,22,23,24,24,25,25,25,25,25,24,24,23,23,22,21,20,19,18,17,15,14,13,12,11,10,9,8,7,6,5,4,4,3,3,2,2,1,1,1,1,0.1,0.1,0.1,0.1,0.1,0.1,0.1,0.1,0.1,0.1,0.1,0.1,0.1,0.1,0.1,0.1,0.1,0.1,0.1,0.1,0.1,0.1,0.1,0.1,0.1,0.1,0.1,0.1,0.1,0.1,0.1,0.1,0.1,0.1,0.1,0.1,0.1,0.1,0.1,0.1,0.1,0.1,0.1
0.1,0.1,0.1,0.1,0.1,0.1,0.1,0.1,0.1,0.1,0.1,0.1,0.1,0.1,0.1,0.1,0.1,0.1,0.1,0.1,0.1,0.1,0.1,0.1,0.1,0.1,0.1,0.1,0.1,0.1,0.1,0.1,0.1,0.1,0.1,0.1,0.1,0.1,0.1,0.1,0.1,0.1,0.1,0.1,0.1,1,1,1,1,2,2,2,3,4,4,5,6,7,8,9,10,11,13,14,15,17,18,19,21,22,23,24,25,26,27,28,28,29,29,29,29,29,28,28,27,26,25,23,22,20,19,17,16,14,12,11,9,8,6,5,4,3,2,1,1,0.1,0.1,0.1,0.1,0.1,0.1,1,1,2,2,3,3,4,4,4,5,5,5,5,5,5,5,5,4,4,4,3,3,2,2,1,1,1,0.1,0.1,0.1,0.1,0.1,0.1,0.1,0.1,1,1,1,2,2,2,3,3,3,4,4,4,4,4,4,4,3,3,3,2,2,2,1,1,1,0.1,0.1,0.1,0.1,0.1,0.1,0.1,1,1,2,2,3,3,4,4,5,5,6,6,6,6,6,6,6,5,5,4,4,3,3,2,1,1,0.1,0.1,0.1,0.1,0.1,1,1,2,3,4,5,7,8,10,12,13,15,16,18,19,19,20,20,20,20,19,17,16,14,12,10,8,6,4,2,1,0.1,0.1,1,2,5,9,14,21,29,39,50,63,78,94,112,131,151,173,196,219,243,268,292,316,340,364,386,407,427,445,461,475,487,496,503,507,508,507,503,496,487,475,461,445,427,407,386,364,340,316,292,268,243,219,196,173,151,131,112,94,78,63,50,39,29,21,14,9,5,2,1,0.1,0.1,1,2,4,6,8,10,12,14,16,17,19,20,20,20,20,19,19,18,16,15,13,12,10,8,7,5,4,3,2,1,1,0.1,0.1,0.1,0.1,0.1,1,1,2,3,3,4,4,5,5,6,6,6,6,6,6,6,5,5,4,4,3,3,2,2,1,1,0.1,0.1,0.1,0.1,0.1,0.1,0.1,1,1,1,2,2,2,3,3,3,4,4,4,4,4,4,4,3,3,3,2,2,2,1,1,1,0.1,0.1,0.1,0.1,0.1,0.1,0.1,0.1,1,1,1,2,2,3,3,4,4,4,5,5,5,5,5,5,5,5,4,4,4,3,3,2,2,1,1,0.1,0.1,0.1,0.1,0.1,0.1,1,1,2,3,4,5,6,8,9,11,12,14,16,17,19,20,22,23,25,26,27,28,28,29,29,29,29,29,28,28,27,26,25,24,23,22,21,19,18,17,15,14,13,11,10,9,8,7,6,5,4,4,3,2,2,2,1,1,1,1,0.1,0.1,0.1,0.1,0.1,0.1,0.1,0.1,0.1,0.1,0.1,0.1,0.1,0.1,0.1,0.1,0.1,0.1,0.1,0.1,0.1,0.1,0.1,0.1,0.1,0.1,0.1,0.1,0.1,0.1,0.1,0.1,0.1,0.1,0.1,0.1,0.1,0.1,0.1,0.1,0.1,0.1
0.1,0.1,0.1,0.1,0.1,0.1,0.1,0.1,0.1,0.1,0.1,0.1,0.1,0.1,0.1,0.1,0.1,0.1,0.1,0.1,0.1,0.1,0.1,0.1,0.1,0.1,0.1,0.1,0.1,0.1,0.1,0.1,0.1,0.1,0.1,0.1,0.1,0.1,0.1,0.1,0.1,0.1,0.1,0.1,0.1,1,1,1,1,2,2,3,4,4,5,6,7,8,9,10,12,13,15,16,18,19,21,22,24,25,27,28,29,30,31,32,33,33,34,34,33,33,33,32,31,30,29,27,25,24,22,20,18,16,15,13,11,9,8,6,5,4,3,2,1,1,0.1,0.1,0.1,0.1,0.1,1,1,2,2,3,3,4,4,5,5,5,6,6,6,6,6,5,5,5,4,4,3,3,2,2,1,1,1,0.1,0.1,0.1,0.1,0.1,0.1,0.1,1,1,1,2,2,2,3,3,3,4,4,4,4,4,4,4,4,3,3,3,2,2,1,1,1,0.1,0.1,0.1,0.1,0.1,0.1,0.1,1,1,2,2,3,3,4,4,5,5,6,6,6,6,6,6,6,5,5,4,4,3,2,2,1,1,0.1,0.1,0.1,0.1,0.1,1,2,3,4,5,6,8,10,12,13,15,17,18,20,21,22,22,22,22,21,20,19,17,15,13,10,8,6,4,2,1,0.1,0.1,1,4,7,12,18,26,36,48,61,76,93,112,132,154,178,203,229,256,283,311,339,367,394,421,446,471,493,514,532,548,561,572,579,584,586,584,579,572,561,548,532,514,493,471,446,421,394,367,339,311,283,256,229,203,178,154,132,112,93,76,61,48,36,26,18,12,7,4,1,0.1,0.1,1,2,4,6,8,10,13,15,17,19,20,21,22,22,22,22,21,20,18,17,15,13,12,10,8,6,5,4,3,2,1,0.1,0.1,0.1,0.1,0.1,1,1,2,2,3,4,4,5,5,6,6,6,6,6,6,6,5,5,4,4,3,3,2,2,1,1,0.1,0.1,0.1,0.1,0.1,0.1,0.1,1,1,1,2,2,3,3,3,4,4,4,4,4,4,4,4,3,3,3,2,2,2,1,1,1,0.1,0.1,0.1,0.1,0.1,0.1,0.1,1,1,1,2,2,3,3,4,4,5,5,5,6,6,6,6,6,5,5,5,4,4,3,3,2,2,1,1,0.1,0.1,0.1,0.1,0.1,1,1,2,3,4,5,6,8,9,11,13,15,16,18,20,22,24,25,27,29,30,31,32,33,33,33,34,34,33,33,32,31,30,29,28,27,25,24,22,21,19,18,16,15,13,12,10,9,8,7,6,5,4,4,3,2,2,1,1,1,1,0.1,0.1,0.1,0.1,0.1,0.1,0.1,0.1,0.1,0.1,0.1,0.1,0.1,0.1,0.1,0.1,0.1,0.1,0.1,0.1,0.1,0.1,0.1,0.1,0.1,0.1,0.1,0.1,0.1,0.1,0.1,0.1,0.1,0.1,0.1,0.1,0.1,0.1,0.1,0.1,0.1,0.1
0.1,0.1,0.1,0.1,0.1,0.1,0.1,0.1,0.1,0.1,0.1,0.1,0.1,0.1,0.1,0.1,0.1,0.1,0.1,0.1,0.1,0.1,0.1,0.1,0.1,0.1,0.1,0.1,0.1,0.1,0.1,0.1,0.1,0.1,0.1,0.1,0.1,0.1,0.1,0.1,0.1,0.1,0.1,0.1,1,1,1,1,2,2,3,3,4,5,6,7,8,9,11,12,14,15,17,18,20,22,24,26,27,29,31,32,33,35,36,37,37,38,38,38,38,38,37,37,35,34,33,31,29,28,26,23,21,19,17,15,13,11,9,7,6,4,3,2,1,1,0.1,0.1,0.1,0.1,0.1,1,1,2,2,3,3,4,5,5,5,6,6,6,6,6,6,6,6,5,5,4,4,3,3,2,2,1,1,0.1,0.1,0.1,0.1,0.1,0.1,0.1,1,1,1,2,2,2,3,3,3,4,4,4,4,4,4,4,4,3,3,3,2,2,1,1,1,0.1,0.1,0.1,0.1,0.1,0.1,0.1,1,1,2,2,3,3,4,4,5,5,6,6,6,6,6,6,6,5,5,4,4,3,2,2,1,1,0.1,0.1,0.1,0.1,1,1,2,3,4,6,8,9,11,13,15,17,19,20,22,23,24,24,24,24,23,22,20,18,16,13,11,8,6,3,2,0.1,0.1,1,2,5,9,15,23,32,44,57,72,90,109,131,155,180,207,235,265,295,327,358,390,422,453,483,512,539,565,588,609,627,642,654,662,668,669,668,662,654,642,627,609,588,565,539,512,483,453,422,390,358,327,295,265,235,207,180,155,131,109,90,72,57,44,32,23,15,9,5,2,1,0.1,0.1,2,3,6,8,11,13,16,18,20,22,23,24,24,24,24,23,22,20,19,17,15,13,11,9,8,6,4,3,2,1,1,0.1,0.1,0.1,0.1,1,1,2,2,3,4,4,5,5,6,6,6,6,6,6,6,5,5,4,4,3,3,2,2,1,1,0.1,0.1,0.1,0.1,0.1,0.1,0.1,1,1,1,2,2,3,3,3,4,4,4,4,4,4,4,4,3,3,3,2,2,2,1,1,1,0.1,0.1,0.1,0.1,0.1,0.1,0.1,1,1,2,2,3,3,4,4,5,5,6,6,6,6,6,6,6,6,5,5,5,4,3,3,2,2,1,1,0.1,0.1,0.1,0.1,0.1,1,1,2,3,4,6,7,9,11,13,15,17,19,21,23,26,28,29,31,33,34,35,37,37,38,38,38,38,38,37,37,36,35,33,32,31,29,27,26,24,22,20,18,17,15,14,12,11,9,8,7,6,5,4,3,3,2,2,1,1,1,1,0.1,0.1,0.1,0.1,0.1,0.1,0.1,0.1,0.1,0.1,0.1,0.1,0.1,0.1,0.1,0.1,0.1,0.1,0.1,0.1,0.1,0.1,0.1,0.1,0.1,0.1,0.1,0.1,0.1,0.1,0.1,0.1,0.1,0.1,0.1,0.1,0.1,0.1,0.1,0.1,0.1
0.1,0.1,0.1,0.1,0.1,0.1,0.1,0.1,0.1,0.1,0.1,0.1,0.1,0.1,0.1,0.1,0.1,0.1,0.1,0.1,0.1,0.1,0.1,0.1,0.1,0.1,0.1,0.1,0.1,0.1,0.1,0.1,0.1,0.1,0.1,0.1,0.1,0.1,0.1,0.1,0.1,0.1,0.1,0.1,1,1,1,2,2,3,3,4,5,6,7,8,9,11,12,14,15,17,19,21,23,25,27,29,31,33,35,36,38,39,41,42,43,43,44,44,44,43,42,42,40,39,37,36,34,32,29,27,25,22,20,17,15,13,11,9,7,5,4,3,2,1,0.1,0.1,0.1,0.1,0.1,1,1,2,2,3,4,4,5,5,6,6,7,7,7,7,7,7,6,6,5,5,4,4,3,3,2,1,1,1,0.1,0.1,0.1,0.1,0.1,0.1,0.1,1,1,1,2,2,3,3,3,4,4,4,4,4,4,4,4,3,3,3,2,2,1,1,1,0.1,0.1,0.1,0.1,0.1,0.1,0.1,1,1,2,2,3,3,4,4,5,5,6,6,6,6,6,6,6,5,5,4,3,3,2,1,1,0.1,0.1,0.1,0.1,0.1,1,2,3,4,5,7,9,11,13,15,17,19,21,23,24,25,26,26,26,25,24,23,21,19,16,14,11,8,5,3,1,0.1,0.1,1,3,7,12,19,28,39,52,67,85,105,128,152,179,208,238,270,304,338,374,409,445,481,516,550,582,613,642,668,691,711,728,742,751,757,759,757,751,742,728,711,691,668,642,613,582,550,516,481,445,409,374,338,304,270,238,208,179,152,128,105,85,67,52,39,28,19,12,7,3,1,0.1,0.1,1,3,5,8,11,14,16,19,21,23,24,25,26,26,26,25,24,23,21,19,17,15,13,11,9,7,5,4,3,2,1,0.1,0.1,0.1,0.1,0.1,1,1,2,3,3,4,5,5,6,6,6,6,6,6,6,5,5,4,4,3,3,2,2,1,1,0.1,0.1,0.1,0.1,0.1,0.1,0.1,1,1,1,2,2,3,3,3,4,4,4,4,4,4,4,4,3,3,3,2,2,1,1,1,0.1,0.1,0.1,0.1,0.1,0.1,0.1,1,1,1,2,3,3,4,4,5,5,6,6,7,7,7,7,7,7,6,6,5,5,4,4,3,2,2,1,1,0.1,0.1,0.1,0.1,0.1,1,2,3,4,5,7,9,11,13,15,17,20,22,25,27,29,32,34,36,37,39,40,42,42,43,44,44,44,43,43,42,41,39,38,36,35,33,31,29,27,25,23,21,19,17,15,14,12,11,9,8,7,6,5,4,3,3,2,2,1,1,1,0.1,0.1,0.1,0.1,0.1,0.1,0.1,0.1,0.1,0.1,0.1,0.1,0.1,0.1,0.1,0.1,0.1,0.1,0.1,0.1,0.1,0.1,0.1,0.1,0.1,0.1,0.1,0.1,0.1,0.1,0.1,0.1,0.1,0.1,0.1,0.1,0.1,0.1,0.1,0.1,0.1
0.1,0.1,0.1,0.1,0.1,0.1,0.1,0.1,0.1,0.1,0.1,0.1,0.1,0.1,0.1,0.1,0.1,0.1,0.1,0.1,0.1,0.1,0.1,0.1,0.1,0.1,0.1,0.1,0.1,0.1,0.1,0.1,0.1,0.1,0.1,0.1,0.1,0.1,0.1,0.1,0.1,0.1,0.1,1,1,1,1,2,2,3,4,5,5,7,8,9,10,12,14,16,17,19,22,24,26,28,30,33,35,37,39,41,43,44,46,47,48,49,49,49,49,49,48,47,46,44,42,40,38,36,33,31,28,25,23,20,17,15,12,10,8,6,5,3,2,1,1,0.1,0.1,0.1,0.1,1,1,2,2,3,4,4,5,6,6,7,7,7,8,8,8,7,7,7,6,6,5,4,4,3,2,2,1,1,0.1,0.1,0.1,0.1,0.1,0.1,0.1,1,1,1,2,2,3,3,3,4,4,4,4,4,4,4,4,3,3,3,2,2,1,1,1,0.1,0.1,0.1,0.1,0.1,0.1,0.1,1,1,2,2,3,3,4,5,5,6,6,6,6,6,6,6,6,5,5,4,3,3,2,1,1,0.1,0.1,0.1,0.1,1,1,2,3,5,6,8,10,12,15,17,19,21,23,25,26,28,28,28,28,27,26,25,22,20,17,14,11,8,5,3,1,0.1,0.1,1,4,8,15,23,33,46,61,79,99,122,147,175,205,237,272,308,346,384,424,464,504,544,583,621,658,692,724,753,779,802,821,836,846,853,855,853,846,836,821,802,779,753,724,692,658,621,583,544,504,464,424,384,346,308,272,237,205,175,147,122,99,79,61,46,33,23,15,8,4,1,0.1,0.1,1,3,5,8,11,14,17,20,22,25,26,27,28,28,28,28,26,25,23,21,19,17,15,12,10,8,6,5,3,2,1,1,0.1,0.1,0.1,0.1,1,1,2,3,3,4,5,5,6,6,6,6,6,6,6,6,5,5,4,3,3,2,2,1,1,0.1,0.1,0.1,0.1,0.1,0.1,0.1,1,1,1,2,2,3,3,3,4,4,4,4,4,4,4,4,3,3,3,2,2,1,1,1,0.1,0.1,0.1,0.1,0.1,0.1,0.1,1,1,2,2,3,4,4,5,6,6,7,7,7,8,8,8,7,7,7,6,6,5,4,4,3,2,2,1,1,0.1,0.1,0.1,0.1,1,1,2,3,5,6,8,10,12,15,17,20,23,25,28,31,33,36,38,40,42,44,46,47,48,49,49,49,49,49,48,47,46,44,43,41,39,37,35,33,30,28,26,24,22,19,17,16,14,12,10,9,8,7,5,5,4,3,2,2,1,1,1,1,0.1,0.1,0.1,0.1,0.1,0.1,0.1,0.1,0.1,0.1,0.1,0.1,0.1,0.1,0.1,0.1,0.1,0.1,0.1,0.1,0.1,0.1,0.1,0.1,0.1,0.1,0.1,0.1,0.1,0.1,0.1,0.1,0.1,0.1,0.1,0.1,0.1,0.1,0.1,0.1
0.1,0.1,0.1,0.1,0.1,0.1,0.1,0.1,0.1,0.1,0.1,0.1,0.1,0.1,0.1,0.1,0.1,0.1,0.1,0.1,0.1,0.1,0.1,0.1,0.1,0.1,0.1,0.1,0.1,0.1,0.1,0.1,0.1,0.1,0.1,0.1,0.1,0.1,0.1,0.1,0.1,0.1,0.1,1,1,1,2,2,3,3,4,5,6,7,9,10,12,14,15,17,20,22,24,27,29,32,34,37,39,41,44,46,48,50,51,53,54,54,55,55,55,55,54,53,51,50,48,45,43,40,38,35,32,29,26,23,20,17,14,12,9,7,6,4,3,2,1,0.1,0.1,0.1,0.1,0.1,1,2,2,3,4,5,5,6,7,7,8,8,8,8,8,8,8,7,7,6,6,5,4,3,3,2,2,1,1,0.1,0.1,0.1,0.1,0.1,0.1,1,1,1,2,2,3,3,3,4,4,4,4,4,4,4,4,4,3,3,2,2,1,1,1,0.1,0.1,0.1,0.1,0.1,0.1,0.1,1,1,2,2,3,4,4,5,5,6,6,6,6,6,6,6,6,5,5,4,3,2,2,1,1,0.1,0.1,0.1,0.1,1,1,3,4,5,7,9,12,14,16,19,21,24,26,27,29,30,31,31,30,30,28,26,24,21,18,14,11,8,5,3,1,0.1,0.1,2,5,11,18,27,39,54,71,91,114,139,168,199,233,269,308,348,390,433,478,522,567,611,655,697,737,776,811,844,872,897,918,935,947,954,957,954,947,935,918,897,872,844,811,776,737,697,655,611,567,522,478,433,390,348,308,269,233,199,168,139,114,91,71,54,39,27,18,11,5,2,0.1,0.1,1,3,5,8,11,14,18,21,24,26,28,30,30,31,31,30,29,27,26,24,21,19,16,14,12,9,7,5,4,3,1,1,0.1,0.1,0.1,0.1,1,1,2,2,3,4,5,5,6,6,6,6,6,6,6,6,5,5,4,4,3,2,2,1,1,0.1,0.1,0.1,0.1,0.1,0.1,0.1,1,1,1,2,2,3,3,4,4,4,4,4,4,4,4,4,3,3,3,2,2,1,1,1,0.1,0.1,0.1,0.1,0.1,0.1,1,1,2,2,3,3,4,5,6,6,7,7,8,8,8,8,8,8,8,7,7,6,5,5,4,3,2,2,1,0.1,0.1,0.1,0.1,0.1,1,2,3,4,6,7,9,12,14,17,20,23,26,29,32,35,38,40,43,45,48,50,51,53,54,55,55,55,55,54,54,53,51,50,48,46,44,41,39,37,34,32,29,27,24,22,20,17,15,14,12,10,9,7,6,5,4,3,3,2,2,1,1,1,0.1,0.1,0.1,0.1,0.1,0.1,0.1,0.1,0.1,0.1,0.1,0.1,0.1,0.1,0.1,0.1,0.1,0.1,0.1,0.1,0.1,0.1,0.1,0.1,0.1,0.1,0.1,0.1,0.1,0.1,0.1,0.1,0.1,0.1,0.1,0.1,0.1,0.1,0.1,0.1
0.1,0.1,0.1,0.1,0.1,0.1,0.1,0.1,0.1,0.1,0.1,0.1,0.1,0.1,0.1,0.1,0.1,0.1,0.1,0.1,0.1,0.1,0.1,0.1,0.1,0.1,0.1,0.1,0.1,0.1,0.1,0.1,0.1,0.1,0.1,0.1,0.1,0.1,0.1,0.1,0.1,0.1,1,1,1,1,2,2,3,4,5,6,7,8,10,11,13,15,17,19,22,24,27,30,32,35,38,41,43,46,49,51,53,55,57,58,60,61,61,61,61,61,60,59,57,55,53,51,48,45,42,39,36,32,29,26,22,19,16,13,11,9,6,5,3,2,1,0.1,0.1,0.1,0.1,0.1,1,2,2,3,4,5,6,7,7,8,8,9,9,9,9,9,8,8,7,7,6,5,5,4,3,2,2,1,1,0.1,0.1,0.1,0.1,0.1,0.1,1,1,1,2,2,3,3,3,4,4,4,4,4,4,4,4,4,3,3,2,2,2,1,1,0.1,0.1,0.1,0.1,0.1,0.1,0.1,1,1,2,2,3,4,4,5,5,6,6,6,6,6,6,6,6,5,4,4,3,2,2,1,1,0.1,0.1,0.1,0.1,1,2,3,5,6,8,11,13,16,18,21,23,26,28,30,32,33,33,33,33,32,30,28,25,22,19,15,11,8,5,2,1,0.1,1,3,7,13,21,32,46,62,81,104,130,158,190,225,262,303,345,390,437,485,534,583,633,682,730,777,821,863,903,938,970,998,1021,1039,1052,1060,1063,1060,1052,1039,1021,998,970,938,903,863,821,777,730,682,633,583,534,485,437,390,345,303,262,225,190,158,130,104,81,62,46,32,21,13,7,3,1,0.1,1,2,5,8,11,15,19,22,25,28,30,32,33,33,33,33,32,30,28,26,23,21,18,16,13,11,8,6,5,3,2,1,0.1,0.1,0.1,0.1,1,1,2,2,3,4,4,5,6,6,6,6,6,6,6,6,5,5,4,4,3,2,2,1,1,0.1,0.1,0.1,0.1,0.1,0.1,0.1,1,1,2,2,2,3,3,4,4,4,4,4,4,4,4,4,3,3,3,2,2,1,1,1,0.1,0.1,0.1,0.1,0.1,0.1,1,1,2,2,3,4,5,5,6,7,7,8,8,9,9,9,9,9,8,8,7,7,6,5,4,3,2,2,1,0.1,0.1,0.1,0.1,0.1,1,2,3,5,6,9,11,13,16,19,22,26,29,32,36,39,42,45,48,51,53,55,57,59,60,61,61,61,61,61,60,58,57,55,53,51,49,46,43,41,38,35,32,30,27,24,22,19,17,15,13,11,10,8,7,6,5,4,3,2,2,1,1,1,1,0.1,0.1,0.1,0.1,0.1,0.1,0.1,0.1,0.1,0.1,0.1,0.1,0.1,0.1,0.1,0.1,0.1,0.1,0.1,0.1,0.1,0.1,0.1,0.1,0.1,0.1,0.1,0.1,0.1,0.1,0.1,0.1,0.1,0.1,0.1,0.1,0.1,0.1,0.1
0.1,0.1,0.1,0.1,0.1,0.1,0.1,0.1,0.1,0.1,0.1,0.1,0.1,0.1,0.1,0.1,0.1,0.1,0.1,0.1,0.1,0.1,0.1,0.1,0.1,0.1,0.1,0.1,0.1,0.1,0.1,0.1,0.1,0.1,0.1,0.1,0.1,0.1,0.1,0.1,0.1,0.1,1,1,1,2,2,3,3,4,5,6,8,9,11,13,15,17,19,22,24,27,30,33,36,39,42,45,48,51,54,56,59,61,63,65,66,67,68,68,68,67,66,65,63,61,59,56,53,50,47,43,40,36,32,29,25,22,18,15,12,10,7,5,4,2,1,1,0.1,0.1,0.1,0.1,1,2,2,3,4,5,6,7,8,8,9,9,10,10,10,10,9,9,8,8,7,6,5,4,4,3,2,1,1,1,0.1,0.1,0.1,0.1,0.1,0.1,1,1,2,2,3,3,3,4,4,4,4,4,4,4,4,4,3,3,2,2,2,1,1,0.1,0.1,0.1,0.1,0.1,0.1,0.1,1,1,2,2,3,4,4,5,5,6,6,6,7,7,6,6,6,5,4,4,3,2,1,1,0.1,0.1,0.1,0.1,1,1,2,4,5,7,9,12,15,17,20,23,26,28,31,33,34,35,36,36,35,34,32,29,26,23,19,15,12,8,5,2,0.1,0.1,1,4,8,15,25,37,53,71,93,118,146,178,213,252,293,338,385,434,486,539,593,647,701,755,808,859,908,955,998,1037,1072,1102,1128,1148,1162,1171,1174,1171,1162,1148,1128,1102,1072,1037,998,955,908,859,808,755,701,647,593,539,486,434,385,338,293,252,213,178,146,118,93,71,53,37,25,15,8,4,1,0.1,0.1,2,5,8,12,15,19,23,26,29,32,34,35,36,36,35,34,33,31,28,26,23,20,17,15,12,9,7,5,4,2,1,1,0.1,0.1,0.1,0.1,1,1,2,3,4,4,5,6,6,6,7,7,6,6,6,5,5,4,4,3,2,2,1,1,0.1,0.1,0.1,0.1,0.1,0.1,0.1,1,1,2,2,2,3,3,4,4,4,4,4,4,4,4,4,3,3,3,2,2,1,1,0.1,0.1,0.1,0.1,0.1,0.1,1,1,1,2,3,4,4,5,6,7,8,8,9,9,10,10,10,10,9,9,8,8,7,6,5,4,3,2,2,1,0.1,0.1,0.1,0.1,1,1,2,4,5,7,10,12,15,18,22,25,29,32,36,40,43,47,50,53,56,59,61,63,65,66,67,68,68,68,67,66,65,63,61,59,56,54,51,48,45,42,39,36,33,30,27,24,22,19,17,15,13,11,9,8,6,5,4,3,3,2,2,1,1,1,0.1,0.1,0.1,0.1,0.1,0.1,0.1,0.1,0.1,0.1,0.1,0.1,0.1,0.1,0.1,0.1,0.1,0.1,0.1,0.1,0.1,0.1,0.1,0.1,0.1,0.1,0.1,0.1,0.1,0.1,0.1,0.1,0.1,0.1,0.1,0.1,0.1,0.1,0.1
0.1,0.1,0.1,0.1,0.1,0.1,0.1,0.1,0.1,0.1,0.1,0.1,0.1,0.1,0.1,0.1,0.1,0.1,0.1,0.1,0.1,0.1,0.1,0.1,0.1,0.1,0.1,0.1,0.1,0.1,0.1,0.1,0.1,0.1,0.1,0.1,0.1,0.1,0.1,0.1,0.1,0.1,1,1,1,2,2,3,4,5,6,7,9,10,12,14,16,18,21,24,27,30,33,36,39,43,46,49,53,56,59,62,64,67,69,71,72,73,74,74,74,74,73,71,70,67,65,62,59,55,52,48,44,40,36,32,28,24,20,17,14,11,8,6,4,3,2,1,0.1,0.1,0.1,0.1,1,2,2,3,4,5,6,7,8,9,10,10,10,11,11,10,10,10,9,8,7,7,6,5,4,3,2,2,1,1,0.1,0.1,0.1,0.1,0.1,0.1,1,1,2,2,2,3,3,4,4,4,4,4,4,4,4,4,3,3,3,2,2,1,1,0.1,0.1,0.1,0.1,0.1,0.1,0.1,1,1,2,2,3,4,4,5,6,6,6,7,7,7,6,6,6,5,4,4,3,2,1,1,0.1,0.1,0.1,0.1,1,2,3,4,6,8,11,13,16,19,22,25,28,31,33,35,37,38,38,38,37,36,34,31,28,24,20,16,12,8,5,2,0.1,0.1,1,5,10,18,29,43,60,80,104,132,163,198,237,280,325,374,426,480,536,594,653,713,772,831,889,945,999,1049,1096,1139,1177,1210,1238,1260,1276,1285,1288,1285,1276,1260,1238,1210,1177,1139,1096,1049,999,945,889,831,772,713,653,594,536,480,426,374,325,280,237,198,163,132,104,80,60,43,29,18,10,5,1,0.1,0.1,2,5,8,12,16,20,24,28,31,34,36,37,38,38,38,37,35,33,31,28,25,22,19,16,13,11,8,6,4,3,2,1,0.1,0.1,0.1,0.1,1,1,2,3,4,4,5,6,6,6,7,7,7,6,6,6,5,4,4,3,2,2,1,1,0.1,0.1,0.1,0.1,0.1,0.1,0.1,1,1,2,2,3,3,3,4,4,4,4,4,4,4,4,4,3,3,2,2,2,1,1,0.1,0.1,0.1,0.1,0.1,0.1,1,1,2,2,3,4,5,6,7,7,8,9,10,10,10,11,11,10,10,10,9,8,7,6,5,4,3,2,2,1,0.1,0.1,0.1,0.1,1,2,3,4,6,8,11,14,17,20,24,28,32,36,40,44,48,52,55,59,62,65,67,70,71,73,74,74,74,74,73,72,71,69,67,64,62,59,56,53,49,46,43,39,36,33,30,27,24,21,18,16,14,12,10,9,7,6,5,4,3,2,2,1,1,1,0.1,0.1,0.1,0.1,0.1,0.1,0.1,0.1,0.1,0.1,0.1,0.1,0.1,0.1,0.1,0.1,0.1,0.1,0.1,0.1,0.1,0.1,0.1,0.1,0.1,0.1,0.1,0.1,0.1,0.1,0.1,0.1,0.1,0.1,0.1,0.1,0.1,0.1,0.1
0.1,0.1,0.1,0.1,0.1,0.1,0.1,0.1,0.1,0.1,0.1,0.1,0.1,0.1,0.1,0.1,0.1,0.1,0.1,0.1,0.1,0.1,0.1,0.1,0.1,0.1,0.1,0.1,0.1,0.1,0.1,0.1,0.1,0.1,0.1,0.1,0.1,0.1,0.1,0.1,0.1,1,1,1,1,2,3,3,4,5,6,8,9,11,13,15,18,20,23,26,29,32,36,39,43,46,50,54,57,61,64,67,70,73,75,77,79,80,81,81,81,81,80,78,76,74,71,68,64,61,57,53,48,44,39,35,31,27,23,19,15,12,10,7,5,3,2,1,0.1,0.1,0.1,0.1,1,2,2,3,4,6,7,8,9,9,10,11,11,11,11,11,11,10,10,9,8,7,6,5,4,4,3,2,1,1,0.1,0.1,0.1,0.1,0.1,0.1,1,1,1,2,2,3,3,4,4,4,4,5,5,4,4,4,4,3,3,2,2,1,1,0.1,0.1,0.1,0.1,0.1,0.1,1,1,1,2,3,3,4,5,5,6,6,6,7,7,7,6,6,6,5,4,3,3,2,1,1,0.1,0.1,0.1,0.1,1,2,3,5,7,9,12,15,18,21,24,28,31,33,36,38,40,41,41,41,40,38,36,33,29,25,21,16,12,8,4,2,0.1,0.1,2,6,12,21,33,48,67,90,116,147,181,220,262,308,358,412,468,527,588,651,715,780,845,909,972,1033,1091,1146,1197,1243,1284,1320,1350,1374,1391,1402,1405,1402,1391,1374,1350,1320,1284,1243,1197,1146,1091,1033,972,909,845,780,715,651,588,527,468,412,358,308,262,220,181,147,116,90,67,48,33,21,12,6,2,0.1,0.1,2,4,8,12,16,21,25,29,33,36,38,40,41,41,41,40,38,36,33,31,28,24,21,18,15,12,9,7,5,3,2,1,0.1,0.1,0.1,0.1,1,1,2,3,3,4,5,6,6,6,7,7,7,6,6,6,5,5,4,3,3,2,1,1,1,0.1,0.1,0.1,0.1,0.1,0.1,1,1,2,2,3,3,4,4,4,4,5,5,4,4,4,4,3,3,2,2,1,1,1,0.1,0.1,0.1,0.1,0.1,0.1,1,1,2,3,4,4,5,6,7,8,9,10,10,11,11,11,11,11,11,10,9,9,8,7,6,4,3,2,2,1,0.1,0.1,0.1,0.1,1,2,3,5,7,10,12,15,19,23,27,31,35,39,44,48,53,57,61,64,68,71,74,76,78,80,81,81,81,81,80,79,77,75,73,70,67,64,61,57,54,50,46,43,39,36,32,29,26,23,20,18,15,13,11,9,8,6,5,4,3,3,2,1,1,1,1,0.1,0.1,0.1,0.1,0.1,0.1,0.1,0.1,0.1,0.1,0.1,0.1,0.1,0.1,0.1,0.1,0.1,0.1,0.1,0.1,0.1,0.1,0.1,0.1,0.1,0.1,0.1,0.1,0.1,0.1,0.1,0.1,0.1,0.1,0.1,0.1,0.1,0.1
0.1,0.1,0.1,0.1,0.1,0.1,0.1,0.1,0.1,0.1,0.1,0.1,0.1,0.1,0.1,0.1,0.1,0.1,0.1,0.1,0.1,0.1,0.1,0.1,0.1,0.1,0.1,0.1,0.1,0.1,0.1,0.1,0.1,0.1,0.1,0.1,0.1,0.1,0.1,0.1,0.1,1,1,1,2,2,3,4,5,6,7,9,10,12,14,17,19,22,25,28,32,35,39,43,46,50,54,58,62,66,70,73,76,79,82,84,86,87,88,88,88,88,86,85,83,80,77,74,70,66,62,57,53,48,43,38,34,29,25,21,17,14,11,8,6,4,2,1,0.1,0.1,0.1,0.1,1,2,2,4,5,6,7,8,9,10,11,11,12,12,12,12,12,11,11,10,9,8,7,6,5,4,3,2,2,1,1,0.1,0.1,0.1,0.1,0.1,1,1,1,2,2,3,3,4,4,4,5,5,5,4,4,4,4,3,3,2,2,1,1,0.1,0.1,0.1,0.1,0.1,0.1,1,1,1,2,3,3,4,5,5,6,6,7,7,7,7,7,6,6,5,4,3,3,2,1,1,0.1,0.1,0.1,0.1,1,2,4,6,8,10,13,16,20,23,26,30,33,36,39,41,43,44,44,44,42,40,38,35,31,26,22,17,12,8,4,2,0.1,0.1,2,7,14,24,37,54,75,99,128,161,199,241,287,337,392,449,511,575,641,709,779,849,919,988,1056,1121,1184,1243,1299,1349,1393,1432,1465,1490,1509,1520,1524,1520,1509,1490,1465,1432,1393,1349,1299,1243,1184,1121,1056,988,919,849,779,709,641,575,511,449,392,337,287,241,199,161,128,99,75,54,37,24,14,7,2,0.1,0.1,2,4,8,12,17,22,26,31,35,38,40,42,44,44,44,43,41,39,36,33,30,26,23,20,16,13,10,8,6,4,2,1,0.1,0.1,0.1,0.1,1,1,2,3,3,4,5,6,6,7,7,7,7,7,6,6,5,5,4,3,3,2,1,1,1,0.1,0.1,0.1,0.1,0.1,0.1,1,1,2,2,3,3,4,4,4,4,5,5,5,4,4,4,3,3,2,2,1,1,1,0.1,0.1,0.1,0.1,0.1,1,1,2,2,3,4,5,6,7,8,9,10,11,11,12,12,12,12,12,11,11,10,9,8,7,6,5,4,2,2,1,0.1,0.1,0.1,0.1,1,2,4,6,8,11,14,17,21,25,29,34,38,43,48,53,57,62,66,70,74,77,80,83,85,86,88,88,88,88,87,86,84,82,79,76,73,70,66,62,58,54,50,46,43,39,35,32,28,25,22,19,17,14,12,10,9,7,6,5,4,3,2,2,1,1,1,0.1,0.1,0.1,0.1,0.1,0.1,0.1,0.1,0.1,0.1,0.1,0.1,0.1,0.1,0.1,0.1,0.1,0.1,0.1,0.1,0.1,0.1,0.1,0.1,0.1,0.1,0.1,0.1,0.1,0.1,0.1,0.1,0.1,0.1,0.1,0.1,0.1,0.1
0.1,0.1,0.1,0.1,0.1,0.1,0.1,0.1,0.1,0.1,0.1,0.1,0.1,0.1,0.1,0.1,0.1,0.1,0.1,0.1,0.1,0.1,0.1,0.1,0.1,0.1,0.1,0.1,0.1,0.1,0.1,0.1,0.1,0.1,0.1,0.1,0.1,0.1,0.1,0.1,0.1,1,1,1,2,2,3,4,5,6,8,9,11,13,15,18,21,24,27,30,34,38,42,46,50,54,59,63,67,71,75,79,82,85,88,90,92,94,95,95,95,94,93,92,89,87,83,80,76,71,67,62,57,52,47,42,37,32,27,23,19,15,12,9,6,4,3,1,1,0.1,0.1,0.1,1,2,3,4,5,6,7,9,10,11,11,12,13,13,13,13,13,12,11,11,10,9,8,6,5,4,3,3,2,1,1,0.1,0.1,0.1,0.1,0.1,1,1,1,2,2,3,3,4,4,4,5,5,5,5,4,4,4,3,3,2,2,1,1,1,0.1,0.1,0.1,0.1,0.1,1,1,1,2,3,3,4,5,5,6,6,7,7,7,7,7,6,6,5,4,3,3,2,1,1,0.1,0.1,0.1,1,1,3,4,6,9,11,14,18,21,25,29,32,36,39,41,44,45,46,47,46,45,43,40,36,32,27,22,17,13,8,4,1,0.1,0.1,3,8,16,27,41,60,82,109,140,176,217,262,312,367,425,487,553,622,694,767,842,917,993,1067,1140,1211,1278,1342,1401,1455,1503,1545,1579,1607,1627,1639,1643,1639,1627,1607,1579,1545,1503,1455,1401,1342,1278,1211,1140,1067,993,917,842,767,694,622,553,487,425,367,312,262,217,176,140,109,82,60,41,27,16,8,3,0.1,0.1,1,4,8,13,17,22,27,32,36,40,43,45,46,47,46,45,44,41,39,36,32,29,25,21,18,14,11,9,6,4,3,1,1,0.1,0.1,0.1,1,1,2,3,3,4,5,6,6,7,7,7,7,7,6,6,5,5,4,3,3,2,1,1,1,0.1,0.1,0.1,0.1,0.1,1,1,1,2,2,3,3,4,4,4,5,5,5,5,4,4,4,3,3,2,2,1,1,1,0.1,0.1,0.1,0.1,0.1,1,1,2,3,3,4,5,6,8,9,10,11,11,12,13,13,13,13,13,12,11,11,10,9,7,6,5,4,3,2,1,0.1,0.1,0.1,1,1,3,4,6,9,12,15,19,23,27,32,37,42,47,52,57,62,67,71,76,80,83,87,89,92,93,94,95,95,95,94,92,90,88,85,82,79,75,71,67,63,59,54,50,46,42,38,34,30,27,24,21,18,15,13,11,9,8,6,5,4,3,2,2,1,1,1,0.1,0.1,0.1,0.1,0.1,0.1,0.1,0.1,0.1,0.1,0.1,0.1,0.1,0.1,0.1,0.1,0.1,0.1,0.1,0.1,0.1,0.1,0.1,0.1,0.1,0.1,0.1,0.1,0.1,0.1,0.1,0.1,0.1,0.1,0.1,0.1,0.1,0.1
0.1,0.1,0.1,0.1,0.1,0.1,0.1,0.1,0.1,0.1,0.1,0.1,0.1,0.1,0.1,0.1,0.1,0.1,0.1,0.1,0.1,0.1,0.1,0.1,0.1,0.1,0.1,0.1,0.1,0.1,0.1,0.1,0.1,0.1,0.1,0.1,0.1,0.1,0.1,0.1,0.1,1,1,1,2,3,3,4,5,7,8,10,12,14,17,19,22,26,29,33,37,41,45,49,54,58,63,67,72,76,80,84,88,91,94,97,99,101,102,102,102,101,100,98,96,93,90,86,81,77,72,67,61,56,50,45,40,34,29,25,20,16,13,10,7,5,3,1,1,0.1,0.1,0.1,1,2,3,4,5,6,8,9,10,11,12,13,13,14,14,14,13,13,12,11,10,9,8,7,6,5,4,3,2,1,1,0.1,0.1,0.1,0.1,0.1,1,1,1,2,2,3,3,4,4,5,5,5,5,5,4,4,4,3,3,2,2,1,1,1,0.1,0.1,0.1,0.1,0.1,1,1,2,2,3,3,4,5,6,6,7,7,7,7,7,7,6,6,5,4,3,2,2,1,0.1,0.1,0.1,0.1,1,2,3,5,7,10,12,16,19,23,27,31,34,38,41,44,47,48,49,49,49,47,45,42,38,34,29,23,18,13,8,4,1,0.1,1,3,9,18,30,45,65,90,119,153,191,235,284,337,396,458,525,596,670,746,825,905,985,1066,1146,1224,1299,1371,1440,1503,1560,1612,1656,1694,1723,1744,1757,1761,1757,1744,1723,1694,1656,1612,1560,1503,1440,1371,1299,1224,1146,1066,985,905,825,746,670,596,525,458,396,337,284,235,191,153,119,90,65,45,30,18,9,3,1,0.1,1,4,8,13,18,23,29,34,38,42,45,47,49,49,49,48,47,44,41,38,34,31,27,23,19,16,12,10,7,5,3,2,1,0.1,0.1,0.1,0.1,1,2,2,3,4,5,6,6,7,7,7,7,7,7,6,6,5,4,3,3,2,2,1,1,0.1,0.1,0.1,0.1,0.1,1,1,1,2,2,3,3,4,4,4,5,5,5,5,5,4,4,3,3,2,2,1,1,1,0.1,0.1,0.1,0.1,0.1,1,1,2,3,4,5,6,7,8,9,10,11,12,13,13,14,14,14,13,13,12,11,10,9,8,6,5,4,3,2,1,0.1,0.1,0.1,1,1,3,5,7,10,13,16,20,25,29,34,40,45,50,56,61,67,72,77,81,86,90,93,96,98,100,101,102,102,102,101,99,97,94,91,88,84,80,76,72,67,63,58,54,49,45,41,37,33,29,26,22,19,17,14,12,10,8,7,5,4,3,3,2,1,1,1,0.1,0.1,0.1,0.1,0.1,0.1,0.1,0.1,0.1,0.1,0.1,0.1,0.1,0.1,0.1,0.1,0.1,0.1,0.1,0.1,0.1,0.1,0.1,0.1,0.1,0.1,0.1,0.1,0.1,0.1,0.1,0.1,0.1,0.1,0.1,0.1,0.1,0.1
0.1,0.1,0.1,0.1,0.1,0.1,0.1,0.1,0.1,0.1,0.1,0.1,0.1,0.1,0.1,0.1,0.1,0.1,0.1,0.1,0.1,0.1,0.1,0.1,0.1,0.1,0.1,0.1,0.1,0.1,0.1,0.1,0.1,0.1,0.1,0.1,0.1,0.1,0.1,0.1,0.1,1,1,2,2,3,4,5,6,7,9,11,13,15,18,21,24,27,31,35,39,43,48,53,57,62,67,72,77,81,86,90,94,97,101,103,105,107,108,109,109,108,107,105,102,99,96,92,87,82,77,71,66,60,54,48,42,37,32,27,22,18,14,10,7,5,3,2,1,0.1,0.1,0.1,1,2,3,4,5,7,8,9,11,12,13,14,14,14,15,14,14,14,13,12,11,10,9,8,6,5,4,3,2,1,1,0.1,0.1,0.1,0.1,0.1,0.1,1,1,2,2,3,3,4,4,5,5,5,5,5,5,4,4,3,3,2,2,1,1,1,0.1,0.1,0.1,0.1,0.1,1,1,2,2,3,4,4,5,6,6,7,7,7,7,7,7,6,6,5,4,3,2,2,1,0.1,0.1,0.1,0.1,1,2,3,5,8,10,13,17,21,25,29,33,37,41,44,47,49,51,52,52,52,50,47,44,40,35,30,24,19,13,8,4,1,0.1,1,4,10,19,32,50,71,97,128,164,206,252,304,362,424,491,562,637,716,798,881,967,1052,1138,1223,1306,1386,1463,1536,1603,1664,1719,1766,1806,1837,1860,1873,1878,1873,1860,1837,1806,1766,1719,1664,1603,1536,1463,1386,1306,1223,1138,1052,967,881,798,716,637,562,491,424,362,304,252,206,164,128,97,71,50,32,19,10,4,1,0.1,1,4,8,13,19,24,30,35,40,44,47,50,52,52,52,51,49,47,44,41,37,33,29,25,21,17,13,10,8,5,3,2,1,0.1,0.1,0.1,0.1,1,2,2,3,4,5,6,6,7,7,7,7,7,7,6,6,5,4,4,3,2,2,1,1,0.1,0.1,0.1,0.1,0.1,1,1,1,2,2,3,3,4,4,5,5,5,5,5,5,4,4,3,3,2,2,1,1,0.1,0.1,0.1,0.1,0.1,0.1,1,1,2,3,4,5,6,8,9,10,11,12,13,14,14,14,15,14,14,14,13,12,11,9,8,7,5,4,3,2,1,0.1,0.1,0.1,1,2,3,5,7,10,14,18,22,27,32,37,42,48,54,60,66,71,77,82,87,92,96,99,102,105,107,108,109,109,108,107,105,103,101,97,94,90,86,81,77,72,67,62,57,53,48,43,39,35,31,27,24,21,18,15,13,11,9,7,6,5,4,3,2,2,1,1,0.1,0.1,0.1,0.1,0.1,0.1,0.1,0.1,0.1,0.1,0.1,0.1,0.1,0.1,0.1,0.1,0.1,0.1,0.1,0.1,0.1,0.1,0.1,0.1,0.1,0.1,0.1,0.1,0.1,0.1,0.1,0.1,0.1,0.1,0.1,0.1,0.1,0.1
0.1,0.1,0.1,0.1,0.1,0.1,0.1,0.1,0.1,0.1,0.1,0.1,0.1,0.1,0.1,0.1,0.1,0.1,0.1,0.1,0.1,0.1,0.1,0.1,0.1,0.1,0.1,0.1,0.1,0.1,0.1,0.1,0.1,0.1,0.1,0.1,0.1,0.1,0.1,0.1,1,1,1,2,2,3,4,5,6,8,9,11,14,16,19,22,25,29,33,37,41,46,51,56,61,66,71,76,81,86,91,95,100,103,107,110,112,114,115,115,115,115,113,111,109,105,102,97,92,87,82,76,70,64,57,51,45,39,34,28,23,19,15,11,8,5,3,2,1,0.1,0.1,0.1,1,2,3,4,5,7,8,10,11,12,13,14,15,15,15,15,15,14,14,13,12,11,9,8,7,6,4,3,2,2,1,0.1,0.1,0.1,0.1,0.1,0.1,1,1,2,2,3,4,4,4,5,5,5,5,5,5,4,4,4,3,2,2,1,1,1,0.1,0.1,0.1,0.1,0.1,1,1,2,2,3,4,4,5,6,6,7,7,7,7,7,7,7,6,5,4,3,2,2,1,0.1,0.1,0.1,0.1,1,2,4,6,8,11,14,18,22,26,31,35,39,43,46,50,52,54,55,55,54,52,50,46,42,37,31,25,19,14,8,4,1,0.1,1,5,11,21,35,53,76,104,137,176,220,269,325,385,451,522,598,678,761,848,936,1026,1117,1208,1298,1386,1471,1552,1629,1700,1765,1823,1873,1915,1948,1972,1987,1991,1987,1972,1948,1915,1873,1823,1765,1700,1629,1552,1471,1386,1298,1208,1117,1026,936,848,761,678,598,522,451,385,325,269,220,176,137,104,76,53,35,21,11,5,1,0.1,1,4,8,14,19,25,31,37,42,46,50,52,54,55,55,54,52,50,46,43,39,35,31,26,22,18,14,11,8,6,4,2,1,0.1,0.1,0.1,0.1,1,2,2,3,4,5,6,7,7,7,7,7,7,7,6,6,5,4,4,3,2,2,1,1,0.1,0.1,0.1,0.1,0.1,1,1,1,2,2,3,4,4,4,5,5,5,5,5,5,4,4,4,3,2,2,1,1,0.1,0.1,0.1,0.1,0.1,0.1,1,2,2,3,4,6,7,8,9,11,12,13,14,14,15,15,15,15,15,14,13,12,11,10,8,7,5,4,3,2,1,0.1,0.1,0.1,1,2,3,5,8,11,15,19,23,28,34,39,45,51,57,64,70,76,82,87,92,97,102,105,109,111,113,115,115,115,115,114,112,110,107,103,100,95,91,86,81,76,71,66,61,56,51,46,41,37,33,29,25,22,19,16,14,11,9,8,6,5,4,3,2,2,1,1,1,0.1,0.1,0.1,0.1,0.1,0.1,0.1,0.1,0.1,0.1,0.1,0.1,0.1,0.1,0.1,0.1,0.1,0.1,0.1,0.1,0.1,0.1,0.1,0.1,0.1,0.1,0.1,0.1,0.1,0.1,0.1,0.1,0.1,0.1,0.1,0.1,0.1
0.1,0.1,0.1,0.1,0.1,0.1,0.1,0.1,0.1,0.1,0.1,0.1,0.1,0.1,0.1,0.1,0.1,0.1,0.1,0.1,0.1,0.1,0.1,0.1,0.1,0.1,0.1,0.1,0.1,0.1,0.1,0.1,0.1,0.1,0.1,0.1,0.1,0.1,0.1,0.1,1,1,1,2,2,3,4,5,7,8,10,12,14,17,20,23,27,31,35,39,44,49,54,59,64,70,75,80,86,91,96,101,105,109,112,115,118,120,121,122,122,121,120,117,115,111,107,103,98,92,86,80,74,67,61,54,48,42,36,30,25,20,16,12,9,6,4,2,1,0.1,0.1,0.1,1,2,3,4,6,7,9,10,12,13,14,15,16,16,16,16,16,15,14,13,12,11,10,9,7,6,5,4,3,2,1,1,0.1,0.1,0.1,0.1,0.1,1,1,2,2,3,4,4,5,5,5,5,5,5,5,5,4,4,3,3,2,1,1,1,0.1,0.1,0.1,0.1,0.1,1,1,2,2,3,4,5,5,6,7,7,8,8,8,8,7,7,6,5,4,3,2,2,1,0.1,0.1,0.1,0.1,1,2,4,6,9,12,15,19,23,28,32,37,41,45,49,52,55,57,58,58,57,55,52,48,44,38,32,26,20,14,9,4,1,0.1,1,5,12,23,38,57,81,111,146,186,233,285,344,408,477,552,632,716,804,895,989,1084,1180,1275,1370,1463,1552,1638,1719,1794,1862,1923,1976,2020,2055,2080,2095,2100,2095,2080,2055,2020,1976,1923,1862,1794,1719,1638,1552,1463,1370,1275,1180,1084,989,895,804,716,632,552,477,408,344,285,233,186,146,111,81,57,38,23,12,5,1,0.1,1,4,9,14,20,26,32,38,44,48,52,55,57,58,58,57,55,52,49,45,41,37,32,28,23,19,15,12,9,6,4,2,1,0.1,0.1,0.1,0.1,1,2,2,3,4,5,6,7,7,8,8,8,8,7,7,6,5,5,4,3,2,2,1,1,0.1,0.1,0.1,0.1,0.1,1,1,1,2,3,3,4,4,5,5,5,5,5,5,5,5,4,4,3,2,2,1,1,0.1,0.1,0.1,0.1,0.1,1,1,2,3,4,5,6,7,9,10,11,12,13,14,15,16,16,16,16,16,15,14,13,12,10,9,7,6,4,3,2,1,0.1,0.1,0.1,1,2,4,6,9,12,16,20,25,30,36,42,48,54,61,67,74,80,86,92,98,103,107,111,115,117,120,121,122,122,121,120,118,115,112,109,105,101,96,91,86,80,75,70,64,59,54,49,44,39,35,31,27,23,20,17,14,12,10,8,7,5,4,3,2,2,1,1,1,0.1,0.1,0.1,0.1,0.1,0.1,0.1,0.1,0.1,0.1,0.1,0.1,0.1,0.1,0.1,0.1,0.1,0.1,0.1,0.1,0.1,0.1,0.1,0.1,0.1,0.1,0.1,0.1,0.1,0.1,0.1,0.1,0.1,0.1,0.1,0.1,0.1
0.1,0.1,0.1,0.1,0.1,0.1,0.1,0.1,0.1,0.1,0.1,0.1,0.1,0.1,0.1,0.1,0.1,0.1,0.1,0.1,0.1,0.1,0.1,0.1,0.1,0.1,0.1,0.1,0.1,0.1,0.1,0.1,0.1,0.1,0.1,0.1,0.1,0.1,0.1,0.1,1,1,1,2,2,3,4,6,7,9,10,13,15,18,21,24,28,32,36,41,46,51,56,62,67,73,79,84,90,95,101,106,110,114,118,121,124,126,127,128,128,127,125,123,120,117,113,108,102,97,91,84,78,71,64,57,50,44,38,32,26,21,17,13,9,6,4,2,1,0.1,0.1,0.1,1,2,3,4,6,7,9,11,12,14,15,16,16,17,17,17,16,16,15,14,13,12,10,9,8,6,5,4,3,2,1,1,0.1,0.1,0.1,0.1,0.1,1,1,2,3,3,4,4,5,5,5,5,5,5,5,5,4,4,3,3,2,2,1,1,0.1,0.1,0.1,0.1,0.1,1,1,2,2,3,4,5,6,6,7,7,8,8,8,8,7,7,6,5,4,3,3,2,1,0.1,0.1,0.1,0.1,1,3,4,7,9,13,16,20,25,29,34,39,43,47,51,55,57,59,60,60,59,57,54,50,46,40,34,27,21,15,9,4,1,0.1,1,5,13,24,40,60,86,117,153,196,245,300,361,428,502,580,664,752,844,940,1038,1138,1238,1338,1438,1535,1629,1718,1803,1882,1953,2017,2073,2119,2155,2182,2198,2203,2198,2182,2155,2119,2073,2017,1953,1882,1803,1718,1629,1535,1438,1338,1238,1138,1038,940,844,752,664,580,502,428,361,300,245,196,153,117,86,60,40,24,13,5,1,0.1,1,4,9,15,21,27,34,40,46,50,54,57,59,60,60,59,57,55,51,47,43,39,34,29,25,20,16,13,9,7,4,3,1,0.1,0.1,0.1,0.1,1,2,3,3,4,5,6,7,7,8,8,8,8,7,7,6,6,5,4,3,2,2,1,1,0.1,0.1,0.1,0.1,0.1,1,1,2,2,3,3,4,4,5,5,5,5,5,5,5,5,4,4,3,3,2,1,1,0.1,0.1,0.1,0.1,0.1,1,1,2,3,4,5,6,8,9,10,12,13,14,15,16,16,17,17,17,16,16,15,14,12,11,9,7,6,4,3,2,1,0.1,0.1,0.1,1,2,4,6,9,13,17,21,26,32,38,44,50,57,64,71,78,84,91,97,102,108,113,117,120,123,125,127,128,128,127,126,124,121,118,114,110,106,101,95,90,84,79,73,67,62,56,51,46,41,36,32,28,24,21,18,15,13,10,9,7,6,4,3,2,2,1,1,1,0.1,0.1,0.1,0.1,0.1,0.1,0.1,0.1,0.1,0.1,0.1,0.1,0.1,0.1,0.1,0.1,0.1,0.1,0.1,0.1,0.1,0.1,0.1,0.1,0.1,0.1,0.1,0.1,0.1,0.1,0.1,0.1,0.1,0.1,0.1,0.1,0.1
0.1,0.1,0.1,0.1,0.1,0.1,0.1,0.1,0.1,0.1,0.1,0.1,0.1,0.1,0.1,0.1,0.1,0.1,0.1,0.1,0.1,0.1,0.1,0.1,0.1,0.1,0.1,0.1,0.1,0.1,0.1,0.1,0.1,0.1,0.1,0.1,0.1,0.1,0.1,0.1,1,1,1,2,3,3,4,6,7,9,11,13,16,19,22,25,29,33,38,43,48,53,59,64,70,76,82,88,94,100,105,110,115,119,123,126,129,131,133,133,133,132,131,129,126,122,117,112,107,101,95,88,81,74,67,60,53,46,39,33,27,22,17,13,9,6,4,2,1,0.1,0.1,0.1,1,2,3,5,6,8,9,11,13,14,15,16,17,17,18,18,17,17,16,15,14,12,11,9,8,7,5,4,3,2,1,1,0.1,0.1,0.1,0.1,0.1,1,1,2,3,3,4,4,5,5,6,6,6,6,5,5,4,4,3,3,2,2,1,1,0.1,0.1,0.1,0.1,0.1,1,1,2,3,3,4,5,6,7,7,8,8,8,8,8,8,7,6,6,5,4,3,2,1,0.1,0.1,0.1,0.1,1,3,5,7,10,13,17,21,26,30,35,40,45,49,53,57,60,62,63,63,62,60,57,52,47,42,35,28,22,15,9,4,1,0.1,1,6,13,25,42,63,89,122,160,205,256,313,377,447,524,606,693,785,881,981,1083,1187,1292,1397,1500,1602,1700,1793,1882,1964,2038,2105,2163,2211,2249,2277,2293,2299,2293,2277,2249,2211,2163,2105,2038,1964,1882,1793,1700,1602,1500,1397,1292,1187,1083,981,881,785,693,606,524,447,377,313,256,205,160,122,89,63,42,25,13,6,1,0.1,1,4,9,15,22,28,35,42,47,52,57,60,62,63,63,62,60,57,53,49,45,40,35,30,26,21,17,13,10,7,5,3,1,0.1,0.1,0.1,0.1,1,2,3,4,5,6,6,7,8,8,8,8,8,8,7,7,6,5,4,3,3,2,1,1,0.1,0.1,0.1,0.1,0.1,1,1,2,2,3,3,4,4,5,5,6,6,6,6,5,5,4,4,3,3,2,1,1,0.1,0.1,0.1,0.1,0.1,1,1,2,3,4,5,7,8,9,11,12,14,15,16,17,17,18,18,17,17,16,15,14,13,11,9,8,6,5,3,2,1,0.1,0.1,0.1,1,2,4,6,9,13,17,22,27,33,39,46,53,60,67,74,81,88,95,101,107,112,117,122,126,129,131,132,133,133,133,131,129,126,123,119,115,110,105,100,94,88,82,76,70,64,59,53,48,43,38,33,29,25,22,19,16,13,11,9,7,6,4,3,3,2,1,1,1,0.1,0.1,0.1,0.1,0.1,0.1,0.1,0.1,0.1,0.1,0.1,0.1,0.1,0.1,0.1,0.1,0.1,0.1,0.1,0.1,0.1,0.1,0.1,0.1,0.1,0.1,0.1,0.1,0.1,0.1,0.1,0.1,0.1,0.1,0.1,0.1,0.1
0.1,0.1,0.1,0.1,0.1,0.1,0.1,0.1,0.1,0.1,0.1,0.1,0.1,0.1,0.1,0.1,0.1,0.1,0.1,0.1,0.1,0.1,0.1,0.1,0.1,0.1,0.1,0.1,0.1,0.1,0.1,0.1,0.1,0.1,0.1,0.1,0.1,0.1,0.1,0.1,1,1,1,2,3,4,5,6,7,9,11,14,16,19,23,26,30,35,39,44,50,55,61,67,73,79,85,91,97,103,109,114,119,124,128,131,134,136,138,138,138,137,136,133,130,126,122,117,111,105,98,91,84,77,69,62,55,47,41,34,28,23,18,14,10,7,4,2,1,0.1,0.1,0.1,1,2,3,5,6,8,10,12,13,15,16,17,18,18,18,18,18,17,16,15,14,13,11,10,8,7,5,4,3,2,1,1,0.1,0.1,0.1,0.1,0.1,1,1,2,3,3,4,5,5,5,6,6,6,6,6,5,5,4,4,3,2,2,1,1,0.1,0.1,0.1,0.1,0.1,1,1,2,3,3,4,5,6,7,8,8,8,9,9,8,8,7,7,6,5,4,3,2,1,0.1,0.1,0.1,0.1,1,3,5,7,10,14,18,22,27,32,37,42,47,51,56,59,62,64,65,65,64,62,59,55,49,43,37,30,22,16,10,5,1,0.1,1,6,14,26,43,65,93,126,166,212,265,325,391,464,543,628,719,814,914,1018,1124,1232,1341,1450,1557,1662,1764,1861,1953,2038,2115,2185,2245,2295,2334,2363,2380,2386,2380,2363,2334,2295,2245,2185,2115,2038,1953,1861,1764,1662,1557,1450,1341,1232,1124,1018,914,814,719,628,543,464,391,325,265,212,166,126,93,65,43,26,14,6,1,0.1,1,5,10,16,22,30,37,43,49,55,59,62,64,65,65,64,62,59,56,51,47,42,37,32,27,22,18,14,10,7,5,3,1,0.1,0.1,0.1,0.1,1,2,3,4,5,6,7,7,8,8,9,9,8,8,8,7,6,5,4,3,3,2,1,1,0.1,0.1,0.1,0.1,0.1,1,1,2,2,3,4,4,5,5,6,6,6,6,6,5,5,5,4,3,3,2,1,1,0.1,0.1,0.1,0.1,0.1,1,1,2,3,4,5,7,8,10,11,13,14,15,16,17,18,18,18,18,18,17,16,15,13,12,10,8,6,5,3,2,1,0.1,0.1,0.1,1,2,4,7,10,14,18,23,28,34,41,47,55,62,69,77,84,91,98,105,111,117,122,126,130,133,136,137,138,138,138,136,134,131,128,124,119,114,109,103,97,91,85,79,73,67,61,55,50,44,39,35,30,26,23,19,16,14,11,9,7,6,5,4,3,2,1,1,1,0.1,0.1,0.1,0.1,0.1,0.1,0.1,0.1,0.1,0.1,0.1,0.1,0.1,0.1,0.1,0.1,0.1,0.1,0.1,0.1,0.1,0.1,0.1,0.1,0.1,0.1,0.1,0.1,0.1,0.1,0.1,0.1,0.1,0.1,0.1,0.1,0.1
0.1,0.1,0.1,0.1,0.1,0.1,0.1,0.1,0.1,0.1,0.1,0.1,0.1,0.1,0.1,0.1,0.1,0.1,0.1,0.1,0.1,0.1,0.1,0.1,0.1,0.1,0.1,0.1,0.1,0.1,0.1,0.1,0.1,0.1,0.1,0.1,0.1,0.1,0.1,0.1,1,1,1,2,3,4,5,6,8,10,12,14,17,20,23,27,31,36,41,46,51,57,63,69,75,82,88,94,101,107,112,118,123,128,132,135,138,141,142,143,143,142,140,138,134,130,126,120,114,108,101,94,87,79,71,64,56,49,42,35,29,24,18,14,10,7,4,2,1,0.1,0.1,0.1,1,2,3,5,7,8,10,12,14,15,16,18,18,19,19,19,18,18,17,16,15,13,12,10,8,7,6,4,3,2,1,1,0.1,0.1,0.1,0.1,1,1,2,2,3,4,4,5,5,6,6,6,6,6,6,5,5,4,4,3,2,2,1,1,0.1,0.1,0.1,0.1,0.1,1,1,2,3,4,5,5,6,7,8,8,9,9,9,9,8,8,7,6,5,4,3,2,1,0.1,0.1,0.1,0.1,1,3,5,7,10,14,18,23,27,33,38,43,48,53,57,61,64,66,68,68,67,64,61,57,51,45,38,31,23,16,10,5,1,0.1,1,6,14,27,44,67,95,130,171,218,273,335,403,478,560,648,741,840,943,1050,1160,1271,1384,1496,1607,1715,1821,1921,2016,2104,2184,2255,2317,2369,2410,2439,2457,2463,2457,2439,2410,2369,2317,2255,2184,2104,2016,1921,1821,1715,1607,1496,1384,1271,1160,1050,943,840,741,648,560,478,403,335,273,218,171,130,95,67,44,27,14,6,1,0.1,1,5,10,16,23,31,38,45,51,57,61,64,67,68,68,66,64,61,57,53,48,43,38,33,27,23,18,14,10,7,5,3,1,0.1,0.1,0.1,0.1,1,2,3,4,5,6,7,8,8,9,9,9,9,8,8,7,6,5,5,4,3,2,1,1,0.1,0.1,0.1,0.1,0.1,1,1,2,2,3,4,4,5,5,6,6,6,6,6,6,5,5,4,4,3,2,2,1,1,0.1,0.1,0.1,0.1,1,1,2,3,4,6,7,8,10,12,13,15,16,17,18,18,19,19,19,18,18,16,15,14,12,10,8,7,5,3,2,1,0.1,0.1,0.1,1,2,4,7,10,14,18,24,29,35,42,49,56,64,71,79,87,94,101,108,114,120,126,130,134,138,140,142,143,143,142,141,138,135,132,128,123,118,112,107,101,94,88,82,75,69,63,57,51,46,41,36,31,27,23,20,17,14,12,10,8,6,5,4,3,2,1,1,1,0.1,0.1,0.1,0.1,0.1,0.1,0.1,0.1,0.1,0.1,0.1,0.1,0.1,0.1,0.1,0.1,0.1,0.1,0.1,0.1,0.1,0.1,0.1,0.1,0.1,0.1,0.1,0.1,0.1,0.1,0.1,0.1,0.1,0.1,0.1,0.1,0.1
0.1,0.1,0.1,0.1,0.1,0.1,0.1,0.1,0.1,0.1,0.1,0.1,0.1,0.1,0.1,0.1,0.1,0.1,0.1,0.1,0.1,0.1,0.1,0.1,0.1,0.1,0.1,0.1,0.1,0.1,0.1,0.1,0.1,0.1,0.1,0.1,0.1,0.1,0.1,0.1,1,1,1,2,3,4,5,6,8,10,12,14,17,20,24,28,32,37,42,47,53,58,65,71,77,84,90,97,103,110,115,121,126,131,135,139,142,144,146,147,147,146,144,141,138,134,129,124,117,111,104,96,89,81,73,65,57,50,43,36,30,24,19,14,10,7,4,2,1,0.1,0.1,0.1,1,2,4,5,7,9,11,12,14,16,17,18,19,19,20,19,19,18,17,16,15,13,12,10,9,7,6,4,3,2,1,1,0.1,0.1,0.1,0.1,1,1,2,2,3,4,4,5,6,6,6,6,6,6,6,6,5,5,4,3,2,2,1,1,0.1,0.1,0.1,0.1,0.1,1,1,2,3,4,5,6,7,7,8,9,9,9,10,9,9,8,7,6,5,4,3,2,1,0.1,0.1,0.1,0.1,1,3,5,7,10,14,18,23,28,33,39,44,50,55,59,63,66,68,70,70,69,67,63,59,53,47,40,32,24,17,11,5,2,0.1,1,6,14,27,45,68,97,132,174,223,279,342,412,489,573,663,760,861,967,1077,1189,1304,1420,1535,1649,1761,1869,1972,2069,2160,2242,2316,2380,2433,2475,2505,2524,2530,2524,2505,2475,2433,2380,2316,2242,2160,2069,1972,1869,1761,1649,1535,1420,1304,1189,1077,967,861,760,663,573,489,412,342,279,223,174,132,97,68,45,27,14,6,1,0.1,2,5,11,17,24,32,40,47,53,59,63,67,69,70,70,68,66,63,59,55,50,44,39,33,28,23,18,14,10,7,5,3,1,0.1,0.1,0.1,0.1,1,2,3,4,5,6,7,8,9,9,10,9,9,9,8,7,7,6,5,4,3,2,1,1,0.1,0.1,0.1,0.1,0.1,1,1,2,2,3,4,5,5,6,6,6,6,6,6,6,6,5,4,4,3,2,2,1,1,0.1,0.1,0.1,0.1,1,1,2,3,4,6,7,9,10,12,13,15,16,17,18,19,19,20,19,19,18,17,16,14,12,11,9,7,5,4,2,1,0.1,0.1,0.1,1,2,4,7,10,14,19,24,30,36,43,50,57,65,73,81,89,96,104,111,117,124,129,134,138,141,144,146,147,147,146,144,142,139,135,131,126,121,115,110,103,97,90,84,77,71,65,58,53,47,42,37,32,28,24,20,17,14,12,10,8,6,5,4,3,2,1,1,1,0.1,0.1,0.1,0.1,0.1,0.1,0.1,0.1,0.1,0.1,0.1,0.1,0.1,0.1,0.1,0.1,0.1,0.1,0.1,0.1,0.1,0.1,0.1,0.1,0.1,0.1,0.1,0.1,0.1,0.1,0.1,0.1,0.1,0.1,0.1,0.1,0.1
0.1,0.1,0.1,0.1,0.1,0.1,0.1,0.1,0.1,0.1,0.1,0.1,0.1,0.1,0.1,0.1,0.1,0.1,0.1,0.1,0.1,0.1,0.1,0.1,0.1,0.1,0.1,0.1,0.1,0.1,0.1,0.1,0.1,0.1,0.1,0.1,0.1,0.1,0.1,0.1,1,1,1,2,3,4,5,6,8,10,12,15,18,21,24,28,33,37,43,48,54,60,66,72,79,86,92,99,105,112,118,124,129,134,138,142,145,147,149,150,150,149,147,144,141,137,132,126,120,113,106,98,90,82,74,66,58,51,44,37,30,24,19,14,10,7,4,2,1,0.1,0.1,0.1,1,2,4,5,7,9,11,13,15,16,18,19,19,20,20,20,19,19,18,17,15,14,12,10,9,7,6,4,3,2,1,1,0.1,0.1,0.1,0.1,1,1,2,3,3,4,5,5,6,6,7,7,7,7,6,6,5,5,4,3,3,2,1,1,0.1,0.1,0.1,0.1,0.1,1,1,2,3,4,5,6,7,8,9,9,10,10,10,10,9,9,8,7,6,5,3,2,1,1,0.1,0.1,0.1,1,3,5,7,10,14,19,23,28,34,40,45,51,56,60,65,68,70,72,72,71,69,65,61,55,48,41,33,26,18,11,6,2,0.1,1,6,14,27,45,68,98,134,176,226,283,347,419,498,583,675,774,877,985,1098,1213,1330,1448,1566,1683,1797,1908,2013,2113,2206,2290,2365,2431,2485,2528,2559,2578,2584,2578,2559,2528,2485,2431,2365,2290,2206,2113,2013,1908,1797,1683,1566,1448,1330,1213,1098,985,877,774,675,583,498,419,347,283,226,176,134,98,68,45,27,14,6,1,0.1,2,6,11,18,26,33,41,48,55,61,65,69,71,72,72,70,68,65,60,56,51,45,40,34,28,23,19,14,10,7,5,3,1,0.1,0.1,0.1,1,1,2,3,5,6,7,8,9,9,10,10,10,10,9,9,8,7,6,5,4,3,2,1,1,0.1,0.1,0.1,0.1,0.1,1,1,2,3,3,4,5,5,6,6,7,7,7,7,6,6,5,5,4,3,3,2,1,1,0.1,0.1,0.1,0.1,1,1,2,3,4,6,7,9,10,12,14,15,17,18,19,19,20,20,20,19,19,18,16,15,13,11,9,7,5,4,2,1,0.1,0.1,0.1,1,2,4,7,10,14,19,24,30,37,44,51,58,66,74,82,90,98,106,113,120,126,132,137,141,144,147,149,150,150,149,147,145,142,138,134,129,124,118,112,105,99,92,86,79,72,66,60,54,48,43,37,33,28,24,21,18,15,12,10,8,6,5,4,3,2,1,1,1,0.1,0.1,0.1,0.1,0.1,0.1,0.1,0.1,0.1,0.1,0.1,0.1,0.1,0.1,0.1,0.1,0.1,0.1,0.1,0.1,0.1,0.1,0.1,0.1,0.1,0.1,0.1,0.1,0.1,0.1,0.1,0.1,0.1,0.1,0.1,0.1,0.1
0.1,0.1,0.1,0.1,0.1,0.1,0.1,0.1,0.1,0.1,0.1,0.1,0.1,0.1,0.1,0.1,0.1,0.1,0.1,0.1,0.1,0.1,0.1,0.1,0.1,0.1,0.1,0.1,0.1,0.1,0.1,0.1,0.1,0.1,0.1,0.1,0.1,0.1,0.1,0.1,1,1,1,2,3,4,5,6,8,10,12,15,18,21,25,29,33,38,43,49,54,61,67,73,80,87,94,101,107,114,120,126,131,136,141,144,147,150,151,152,152,151,149,146,143,139,134,128,121,115,107,100,92,83,75,67,59,51,44,37,30,24,19,14,10,7,4,2,1,0.1,0.1,0.1,1,2,4,6,8,9,11,13,15,17,18,19,20,20,21,20,20,19,18,17,15,14,12,10,9,7,6,4,3,2,1,1,0.1,0.1,0.1,0.1,1,1,2,3,4,4,5,6,6,7,7,7,7,7,7,6,6,5,4,3,3,2,1,1,0.1,0.1,0.1,0.1,0.1,1,1,2,3,4,5,6,7,8,9,10,10,11,11,10,10,9,8,7,6,5,4,3,1,1,0.1,0.1,0.1,1,3,5,7,10,14,19,23,29,34,40,46,51,57,62,66,69,72,73,74,73,71,67,63,57,50,43,35,27,19,12,6,2,0.1,1,5,13,26,44,68,98,134,177,227,285,350,423,503,590,683,783,888,998,1112,1229,1349,1469,1589,1708,1824,1937,2044,2146,2240,2326,2403,2469,2525,2568,2600,2619,2626,2619,2600,2568,2525,2469,2403,2326,2240,2146,2044,1937,1824,1708,1589,1469,1349,1229,1112,998,888,783,683,590,503,423,350,285,227,177,134,98,68,44,26,13,5,1,0.1,2,6,12,19,27,35,43,50,57,63,67,71,73,74,73,72,69,66,62,57,51,46,40,34,29,23,19,14,10,7,5,3,1,0.1,0.1,0.1,1,1,3,4,5,6,7,8,9,10,10,11,11,10,10,9,8,7,6,5,4,3,2,1,1,0.1,0.1,0.1,0.1,0.1,1,1,2,3,3,4,5,6,6,7,7,7,7,7,7,6,6,5,4,4,3,2,1,1,0.1,0.1,0.1,0.1,1,1,2,3,4,6,7,9,10,12,14,15,17,18,19,20,20,21,20,20,19,18,17,15,13,11,9,8,6,4,2,1,0.1,0.1,0.1,1,2,4,7,10,14,19,24,30,37,44,51,59,67,75,83,92,100,107,115,121,128,134,139,143,146,149,151,152,152,151,150,147,144,141,136,131,126,120,114,107,101,94,87,80,73,67,61,54,49,43,38,33,29,25,21,18,15,12,10,8,6,5,4,3,2,1,1,1,0.1,0.1,0.1,0.1,0.1,0.1,0.1,0.1,0.1,0.1,0.1,0.1,0.1,0.1,0.1,0.1,0.1,0.1,0.1,0.1,0.1,0.1,0.1,0.1,0.1,0.1,0.1,0.1,0.1,0.1,0.1,0.1,0.1,0.1,0.1,0.1,0.1
0.1,0.1,0.1,0.1,0.1,0.1,0.1,0.1,0.1,0.1,0.1,0.1,0.1,0.1,0.1,0.1,0.1,0.1,0.1,0.1,0.1,0.1,0.1,0.1,0.1,0.1,0.1,0.1,0.1,0.1,0.1,0.1,0.1,0.1,0.1,0.1,0.1,0.1,0.1,0.1,1,1,1,2,3,4,5,6,8,10,12,15,18,21,25,29,34,38,44,49,55,61,68,74,81,88,95,102,108,115,121,127,133,138,142,146,149,151,153,154,154,153,151,148,144,140,135,129,122,115,108,100,92,84,76,67,59,51,44,37,30,24,19,14,10,7,4,2,1,0.1,0.1,0.1,1,3,4,6,8,10,12,14,16,17,19,20,20,21,21,21,20,19,18,17,16,14,12,10,9,7,6,4,3,2,1,0.1,0.1,0.1,0.1,0.1,1,1,2,3,4,5,5,6,7,7,8,8,8,7,7,7,6,5,4,4,3,2,1,1,0.1,0.1,0.1,0.1,0.1,1,2,2,3,4,5,7,8,9,10,10,11,11,11,11,11,10,9,8,7,5,4,3,2,1,0.1,0.1,0.1,1,2,4,7,10,14,18,23,29,34,40,46,52,58,63,67,71,73,75,75,75,72,69,64,59,52,44,36,28,20,13,7,2,0.1,1,5,13,25,43,67,96,133,176,227,285,351,424,504,592,687,787,894,1005,1120,1239,1360,1481,1603,1723,1841,1955,2064,2167,2263,2350,2427,2495,2551,2596,2628,2647,2654,2647,2628,2596,2551,2495,2427,2350,2263,2167,2064,1955,1841,1723,1603,1481,1360,1239,1120,1005,894,787,687,592,504,424,351,285,227,176,133,96,67,43,25,13,5,1,0.1,2,7,13,20,28,36,44,52,59,64,69,72,75,75,75,73,71,67,63,58,52,46,40,34,29,23,18,14,10,7,4,2,1,0.1,0.1,0.1,1,2,3,4,5,7,8,9,10,11,11,11,11,11,10,10,9,8,7,5,4,3,2,2,1,0.1,0.1,0.1,0.1,0.1,1,1,2,3,4,4,5,6,7,7,7,8,8,8,7,7,6,5,5,4,3,2,1,1,0.1,0.1,0.1,0.1,0.1,1,2,3,4,6,7,9,10,12,14,16,17,18,19,20,21,21,21,20,20,19,17,16,14,12,10,8,6,4,3,1,0.1,0.1,0.1,1,2,4,7,10,14,19,24,30,37,44,51,59,67,76,84,92,100,108,115,122,129,135,140,144,148,151,153,154,154,153,151,149,146,142,138,133,127,121,115,108,102,95,88,81,74,68,61,55,49,44,38,34,29,25,21,18,15,12,10,8,6,5,4,3,2,1,1,1,0.1,0.1,0.1,0.1,0.1,0.1,0.1,0.1,0.1,0.1,0.1,0.1,0.1,0.1,0.1,0.1,0.1,0.1,0.1,0.1,0.1,0.1,0.1,0.1,0.1,0.1,0.1,0.1,0.1,0.1,0.1,0.1,0.1,0.1,0.1,0.1,0.1
0.1,0.1,0.1,0.1,0.1,0.1,0.1,0.1,0.1,0.1,0.1,0.1,0.1,0.1,0.1,0.1,0.1,0.1,0.1,0.1,0.1,0.1,0.1,0.1,0.1,0.1,0.1,0.1,0.1,0.1,0.1,0.1,0.1,0.1,0.1,0.1,0.1,0.1,0.1,0.1,1,1,1,2,3,4,5,6,8,10,12,15,18,21,25,29,34,38,44,49,55,61,68,74,81,88,95,102,109,115,122,128,133,138,143,147,150,152,154,154,154,153,151,148,145,140,135,129,123,116,108,100,92,84,75,67,59,51,44,37,30,24,19,14,10,7,4,2,1,0.1,0.1,1,1,3,4,6,8,10,12,14,16,18,19,20,21,21,21,21,20,20,18,17,16,14,12,10,9,7,5,4,3,2,1,0.1,0.1,0.1,0.1,1,1,2,2,3,4,5,6,7,7,8,8,8,8,8,7,7,6,6,5,4,3,2,1,1,0.1,0.1,0.1,0.1,0.1,1,2,2,3,5,6,7,8,9,10,11,12,12,12,12,11,11,10,9,7,6,5,3,2,1,0.1,0.1,0.1,1,2,4,7,10,14,18,23,29,34,40,46,52,58,63,68,72,74,76,77,76,74,71,66,60,54,46,38,30,21,14,8,3,0.1,1,4,12,24,42,65,94,131,174,224,283,348,422,502,590,685,787,894,1006,1122,1241,1363,1485,1608,1729,1848,1963,2073,2176,2273,2361,2439,2507,2564,2608,2641,2661,2667,2661,2641,2608,2564,2507,2439,2361,2273,2176,2073,1963,1848,1729,1608,1485,1363,1241,1122,1006,894,787,685,590,502,422,348,283,224,174,131,94,65,42,24,12,4,1,0.1,3,8,14,21,30,38,46,54,60,66,71,74,76,77,76,74,72,68,63,58,52,46,40,34,29,23,18,14,10,7,4,2,1,0.1,0.1,0.1,1,2,3,5,6,7,9,10,11,11,12,12,12,12,11,10,9,8,7,6,5,3,2,2,1,0.1,0.1,0.1,0.1,0.1,1,1,2,3,4,5,6,6,7,7,8,8,8,8,8,7,7,6,5,4,3,2,2,1,1,0.1,0.1,0.1,0.1,1,2,3,4,5,7,9,10,12,14,16,17,18,20,20,21,21,21,21,20,19,18,16,14,12,10,8,6,4,3,1,1,0.1,0.1,1,2,4,7,10,14,19,24,30,37,44,51,59,67,75,84,92,100,108,116,123,129,135,140,145,148,151,153,154,154,154,152,150,147,143,138,133,128,122,115,109,102,95,88,81,74,68,61,55,49,44,38,34,29,25,21,18,15,12,10,8,6,5,4,3,2,1,1,1,0.1,0.1,0.1,0.1,0.1,0.1,0.1,0.1,0.1,0.1,0.1,0.1,0.1,0.1,0.1,0.1,0.1,0.1,0.1,0.1,0.1,0.1,0.1,0.1,0.1,0.1,0.1,0.1,0.1,0.1,0.1,0.1,0.1,0.1,0.1,0.1,0.1
0.1,0.1,0.1,0.1,0.1,0.1,0.1,0.1,0.1,0.1,0.1,0.1,0.1,0.1,0.1,0.1,0.1,0.1,0.1,0.1,0.1,0.1,0.1,0.1,0.1,0.1,0.1,0.1,0.1,0.1,0.1,0.1,0.1,0.1,0.1,0.1,0.1,0.1,0.1,0.1,1,1,1,2,3,4,5,6,8,10,12,15,18,21,25,29,33,38,44,49,55,61,68,74,81,88,95,102,109,115,122,128,133,138,143,147,150,152,154,154,154,153,151,148,144,140,135,129,122,115,108,100,91,83,75,67,58,51,43,36,29,23,18,13,9,6,4,2,1,0.1,0.1,1,2,3,5,7,9,11,13,15,16,18,19,20,21,21,22,21,21,20,19,17,16,14,12,10,8,7,5,4,3,2,1,0.1,0.1,0.1,0.1,1,1,2,3,4,5,5,6,7,8,8,9,9,9,8,8,7,7,6,5,4,3,2,2,1,0.1,0.1,0.1,0.1,0.1,1,2,3,4,5,6,7,9,10,11,12,12,13,13,13,12,12,11,9,8,7,5,4,2,1,0.1,0.1,0.1,1,2,4,6,9,13,18,23,28,34,40,46,52,58,64,68,72,75,77,78,78,76,72,68,62,55,48,40,31,23,15,8,3,0.1,0.1,4,11,23,40,63,92,127,170,220,278,343,416,497,585,680,781,888,1000,1116,1236,1357,1480,1603,1725,1844,1959,2069,2173,2270,2358,2437,2505,2562,2607,2640,2659,2666,2659,2640,2607,2562,2505,2437,2358,2270,2173,2069,1959,1844,1725,1603,1480,1357,1236,1116,1000,888,781,680,585,497,416,343,278,220,170,127,92,63,40,23,11,4,0.1,0.1,3,8,15,23,31,40,48,55,62,68,72,76,78,78,77,75,72,68,64,58,52,46,40,34,28,23,18,13,9,6,4,2,1,0.1,0.1,0.1,1,2,4,5,7,8,9,11,12,12,13,13,13,12,12,11,10,9,7,6,5,4,3,2,1,0.1,0.1,0.1,0.1,0.1,1,2,2,3,4,5,6,7,7,8,8,9,9,9,8,8,7,6,5,5,4,3,2,1,1,0.1,0.1,0.1,0.1,1,2,3,4,5,7,8,10,12,14,16,17,19,20,21,21,22,21,21,20,19,18,16,15,13,11,9,7,5,3,2,1,0.1,0.1,1,2,4,6,9,13,18,23,29,36,43,51,58,67,75,83,91,100,108,115,122,129,135,140,144,148,151,153,154,154,154,152,150,147,143,138,133,128,122,115,109,102,95,88,81,74,68,61,55,49,44,38,33,29,25,21,18,15,12,10,8,6,5,4,3,2,1,1,1,0.1,0.1,0.1,0.1,0.1,0.1,0.1,0.1,0.1,0.1,0.1,0.1,0.1,0.1,0.1,0.1,0.1,0.1,0.1,0.1,0.1,0.1,0.1,0.1,0.1,0.1,0.1,0.1,0.1,0.1,0.1,0.1,0.1,0.1,0.1,0.1,0.1
0.1,0.1,0.1,0.1,0.1,0.1,0.1,0.1,0.1,0.1,0.1,0.1,0.1,0.1,0.1,0.1,0.1,0.1,0.1,0.1,0.1,0.1,0.1,0.1,0.1,0.1,0.1,0.1,0.1,0.1,0.1,0.1,0.1,0.1,0.1,0.1,0.1,0.1,0.1,0.1,1,1,1,2,3,4,5,6,8,10,12,15,18,21,25,29,33,38,43,49,55,61,67,74,81,88,94,101,108,115,121,127,132,137,142,146,149,151,153,153,153,152,150,147,143,139,134,128,121,114,106,98,90,82,74,65,57,50,42,35,29,23,17,13,9,6,3,2,1,0.1,0.1,1,2,3,5,7,9,11,13,15,17,18,20,21,21,22,22,21,21,20,18,17,15,14,12,10,8,7,5,4,2,1,1,0.1,0.1,0.1,0.1,1,1,2,3,4,5,6,7,8,8,9,9,9,9,9,8,8,7,6,5,4,3,2,2,1,0.1,0.1,0.1,0.1,0.1,1,2,3,4,5,6,8,9,10,11,12,13,14,14,14,13,12,11,10,9,7,6,4,3,2,1,0.1,0.1,0.1,2,3,6,9,13,17,22,28,33,40,46,52,58,64,69,73,76,78,79,79,77,74,70,64,57,49,41,33,24,16,9,4,1,0.1,3,10,21,37,59,88,123,165,214,271,336,408,488,575,669,770,876,988,1103,1222,1344,1466,1589,1710,1829,1944,2054,2158,2254,2342,2421,2489,2546,2591,2623,2643,2650,2643,2623,2591,2546,2489,2421,2342,2254,2158,2054,1944,1829,1710,1589,1466,1344,1222,1103,988,876,770,669,575,488,408,336,271,214,165,123,88,59,37,21,10,3,0.1,1,4,9,16,24,33,41,49,57,64,70,74,77,79,79,78,76,73,69,64,58,52,46,40,33,28,22,17,13,9,6,3,2,0.1,0.1,0.1,1,2,3,4,6,7,9,10,11,12,13,14,14,14,13,12,11,10,9,8,6,5,4,3,2,1,0.1,0.1,0.1,0.1,0.1,1,2,2,3,4,5,6,7,8,8,9,9,9,9,9,8,8,7,6,5,4,3,2,1,1,0.1,0.1,0.1,0.1,1,1,2,4,5,7,8,10,12,14,15,17,18,20,21,21,22,22,21,21,20,18,17,15,13,11,9,7,5,3,2,1,0.1,0.1,1,2,3,6,9,13,17,23,29,35,42,50,57,65,74,82,90,98,106,114,121,128,134,139,143,147,150,152,153,153,153,151,149,146,142,137,132,127,121,115,108,101,94,88,81,74,67,61,55,49,43,38,33,29,25,21,18,15,12,10,8,6,5,4,3,2,1,1,1,0.1,0.1,0.1,0.1,0.1,0.1,0.1,0.1,0.1,0.1,0.1,0.1,0.1,0.1,0.1,0.1,0.1,0.1,0.1,0.1,0.1,0.1,0.1,0.1,0.1,0.1,0.1,0.1,0.1,0.1,0.1,0.1,0.1,0.1,0.1,0.1,0.1
0.1,0.1,0.1,0.1,0.1,0.1,0.1,0.1,0.1,0.1,0.1,0.1,0.1,0.1,0.1,0.1,0.1,0.1,0.1,0.1,0.1,0.1,0.1,0.1,0.1,0.1,0.1,0.1,0.1,0.1,0.1,0.1,0.1,0.1,0.1,0.1,0.1,0.1,0.1,0.1,1,1,1,2,3,4,5,6,8,10,12,14,17,21,24,28,33,37,42,48,54,60,66,73,80,86,93,100,107,113,120,125,131,136,140,144,147,149,151,151,151,150,148,145,141,137,132,126,119,112,104,97,89,80,72,64,56,48,41,34,28,22,17,12,8,5,3,1,0.1,0.1,0.1,1,2,3,5,7,9,11,13,15,17,19,20,21,22,22,22,21,21,20,18,17,15,13,12,10,8,6,5,3,2,1,1,0.1,0.1,0.1,0.1,1,2,3,4,5,6,7,7,8,9,9,10,10,10,9,9,8,7,7,6,5,4,3,2,1,0.1,0.1,0.1,0.1,0.1,1,2,3,4,5,7,8,10,11,12,13,14,14,15,15,14,13,12,11,10,8,7,5,3,2,1,0.1,0.1,0.1,1,3,5,8,12,16,21,27,33,39,45,51,58,63,68,73,76,79,80,80,78,75,71,65,59,51,43,34,26,18,10,5,1,0.1,2,8,19,34,56,83,117,158,206,262,326,397,476,561,654,754,859,969,1084,1201,1322,1443,1564,1685,1803,1917,2026,2129,2225,2313,2391,2459,2515,2560,2592,2612,2618,2612,2592,2560,2515,2459,2391,2313,2225,2129,2026,1917,1803,1685,1564,1443,1322,1201,1084,969,859,754,654,561,476,397,326,262,206,158,117,83,56,34,19,8,2,0.1,1,5,10,18,26,34,43,51,59,65,71,75,78,80,80,79,76,73,68,63,58,51,45,39,33,27,21,16,12,8,5,3,1,0.1,0.1,0.1,1,2,3,5,7,8,10,11,12,13,14,15,15,14,14,13,12,11,10,8,7,5,4,3,2,1,0.1,0.1,0.1,0.1,0.1,1,2,3,4,5,6,7,7,8,9,9,10,10,10,9,9,8,7,7,6,5,4,3,2,1,0.1,0.1,0.1,0.1,1,1,2,3,5,6,8,10,12,13,15,17,18,20,21,21,22,22,22,21,20,19,17,15,13,11,9,7,5,3,2,1,0.1,0.1,0.1,1,3,5,8,12,17,22,28,34,41,48,56,64,72,80,89,97,104,112,119,126,132,137,141,145,148,150,151,151,151,149,147,144,140,136,131,125,120,113,107,100,93,86,80,73,66,60,54,48,42,37,33,28,24,21,17,14,12,10,8,6,5,4,3,2,1,1,1,0.1,0.1,0.1,0.1,0.1,0.1,0.1,0.1,0.1,0.1,0.1,0.1,0.1,0.1,0.1,0.1,0.1,0.1,0.1,0.1,0.1,0.1,0.1,0.1,0.1,0.1,0.1,0.1,0.1,0.1,0.1,0.1,0.1,0.1,0.1,0.1,0.1
0.1,0.1,0.1,0.1,0.1,0.1,0.1,0.1,0.1,0.1,0.1,0.1,0.1,0.1,0.1,0.1,0.1,0.1,0.1,0.1,0.1,0.1,0.1,0.1,0.1,0.1,0.1,0.1,0.1,0.1,0.1,0.1,0.1,0.1,0.1,0.1,0.1,0.1,0.1,0.1,1,1,1,2,3,3,5,6,7,9,11,14,17,20,24,28,32,37,42,47,53,59,65,71,78,85,92,98,105,111,117,123,129,133,138,141,144,146,148,148,148,147,145,142,138,134,129,123,116,109,102,94,86,78,70,62,54,46,39,33,26,21,16,11,8,5,3,1,0.1,0.1,0.1,1,2,4,6,8,10,12,14,16,17,19,20,21,22,22,22,21,21,19,18,17,15,13,11,9,8,6,4,3,2,1,0.1,0.1,0.1,0.1,1,1,2,3,4,5,6,7,8,9,10,10,10,11,10,10,9,9,8,7,6,5,4,3,2,1,0.1,0.1,0.1,0.1,1,1,2,3,4,6,7,9,10,12,13,14,15,15,16,16,15,15,14,12,11,9,7,6,4,2,1,0.1,0.1,0.1,1,2,5,7,11,15,20,26,32,38,44,51,57,63,68,73,76,79,80,80,79,76,72,67,61,53,45,36,27,19,12,6,2,0.1,2,7,17,31,52,78,111,150,197,251,313,383,460,544,635,733,836,944,1057,1173,1292,1411,1531,1650,1766,1879,1987,2089,2184,2270,2347,2414,2470,2514,2546,2566,2572,2566,2546,2514,2470,2414,2347,2270,2184,2089,1987,1879,1766,1650,1531,1411,1292,1173,1057,944,836,733,635,544,460,383,313,251,197,150,111,78,52,31,17,7,2,0.1,2,6,12,19,27,36,45,53,61,67,72,76,79,80,80,79,76,73,68,63,57,51,44,38,32,26,20,15,11,7,5,2,1,0.1,0.1,0.1,1,2,4,6,7,9,11,12,14,15,15,16,16,15,15,14,13,12,10,9,7,6,4,3,2,1,1,0.1,0.1,0.1,0.1,1,2,3,4,5,6,7,8,9,9,10,10,11,10,10,10,9,8,7,6,5,4,3,2,1,1,0.1,0.1,0.1,0.1,1,2,3,4,6,8,9,11,13,15,17,18,19,21,21,22,22,22,21,20,19,17,16,14,12,10,8,6,4,2,1,0.1,0.1,0.1,1,3,5,8,11,16,21,26,33,39,46,54,62,70,78,86,94,102,109,116,123,129,134,138,142,145,147,148,148,148,146,144,141,138,133,129,123,117,111,105,98,92,85,78,71,65,59,53,47,42,37,32,28,24,20,17,14,11,9,7,6,5,3,3,2,1,1,1,0.1,0.1,0.1,0.1,0.1,0.1,0.1,0.1,0.1,0.1,0.1,0.1,0.1,0.1,0.1,0.1,0.1,0.1,0.1,0.1,0.1,0.1,0.1,0.1,0.1,0.1,0.1,0.1,0.1,0.1,0.1,0.1,0.1,0.1,0.1,0.1,0.1
0.1,0.1,0.1,0.1,0.1,0.1,0.1,0.1,0.1,0.1,0.1,0.1,0.1,0.1,0.1,0.1,0.1,0.1,0.1,0.1,0.1,0.1,0.1,0.1,0.1,0.1,0.1,0.1,0.1,0.1,0.1,0.1,0.1,0.1,0.1,0.1,0.1,0.1,0.1,0.1,0.1,1,1,2,2,3,4,6,7,9,11,13,16,19,23,27,31,35,40,46,51,57,63,70,76,83,89,96,102,109,115,120,126,130,134,138,141,143,144,145,144,143,141,138,135,130,125,119,113,106,99,91,83,75,67,59,52,44,37,31,25,19,15,11,7,4,2,1,0.1,0.1,0.1,1,3,4,6,8,10,12,14,16,18,19,20,21,22,22,22,21,20,19,18,16,14,13,11,9,7,5,4,3,2,1,0.1,0.1,0.1,0.1,1,2,2,3,5,6,7,8,9,10,10,11,11,11,11,11,10,9,8,7,6,5,4,3,2,1,1,0.1,0.1,0.1,1,1,2,3,5,6,8,9,11,12,14,15,16,17,17,17,17,16,15,14,12,10,8,7,5,3,2,1,0.1,0.1,1,2,4,7,10,14,19,24,30,37,43,49,56,62,67,72,76,79,80,81,80,77,74,69,62,55,47,38,29,21,13,7,2,0.1,1,5,14,28,47,72,103,141,186,239,299,366,441,523,612,707,808,914,1024,1138,1254,1371,1489,1605,1719,1830,1936,2036,2129,2214,2290,2356,2411,2455,2486,2505,2512,2505,2486,2455,2411,2356,2290,2214,2129,2036,1936,1830,1719,1605,1489,1371,1254,1138,1024,914,808,707,612,523,441,366,299,239,186,141,103,72,47,28,14,5,1,0.1,2,7,13,21,29,38,47,55,62,69,74,77,80,81,80,79,76,72,67,62,56,49,43,37,30,24,19,14,10,7,4,2,1,0.1,0.1,1,2,3,5,7,8,10,12,14,15,16,17,17,17,17,16,15,14,12,11,9,8,6,5,3,2,1,1,0.1,0.1,0.1,1,1,2,3,4,5,6,7,8,9,10,11,11,11,11,11,10,10,9,8,7,6,5,3,2,2,1,0.1,0.1,0.1,0.1,1,2,3,4,5,7,9,11,13,14,16,18,19,20,21,22,22,22,21,20,19,18,16,14,12,10,8,6,4,3,1,0.1,0.1,0.1,1,2,4,7,11,15,19,25,31,37,44,52,59,67,75,83,91,99,106,113,119,125,130,135,138,141,143,144,145,144,143,141,138,134,130,126,120,115,109,102,96,89,83,76,70,63,57,51,46,40,35,31,27,23,19,16,13,11,9,7,6,4,3,2,2,1,1,0.1,0.1,0.1,0.1,0.1,0.1,0.1,0.1,0.1,0.1,0.1,0.1,0.1,0.1,0.1,0.1,0.1,0.1,0.1,0.1,0.1,0.1,0.1,0.1,0.1,0.1,0.1,0.1,0.1,0.1,0.1,0.1,0.1,0.1,0.1,0.1,0.1,0.1
0.1,0.1,0.1,0.1,0.1,0.1,0.1,0.1,0.1,0.1,0.1,0.1,0.1,0.1,0.1,0.1,0.1,0.1,0.1,0.1,0.1,0.1,0.1,0.1,0.1,0.1,0.1,0.1,0.1,0.1,0.1,0.1,0.1,0.1,0.1,0.1,0.1,0.1,0.1,0.1,0.1,1,1,2,2,3,4,5,7,9,11,13,16,19,22,26,30,34,39,44,50,55,61,67,74,80,87,93,99,105,111,117,122,126,130,134,137,139,140,140,140,139,137,134,130,126,121,115,109,102,95,87,80,72,64,57,49,42,35,29,23,18,13,10,6,4,2,1,0.1,0.1,1,2,3,4,6,8,10,13,15,16,18,19,21,21,22,22,22,21,20,19,17,16,14,12,10,8,7,5,4,2,1,1,0.1,0.1,0.1,0.1,1,2,3,4,5,6,8,9,10,11,11,12,12,12,12,11,11,10,9,8,7,5,4,3,2,1,1,0.1,0.1,0.1,1,1,2,3,5,6,8,10,11,13,15,16,17,18,18,18,18,17,16,15,13,11,10,8,6,4,2,1,0.1,0.1,0.1,1,3,6,9,13,18,23,29,35,41,48,54,61,66,71,75,78,80,81,80,78,75,70,64,57,49,40,31,23,15,8,3,0.1,0.1,4,12,24,42,65,95,131,174,224,282,347,419,498,584,676,774,877,985,1095,1208,1323,1437,1551,1663,1771,1874,1972,2063,2147,2221,2285,2339,2382,2412,2431,2437,2431,2412,2382,2339,2285,2221,2147,2063,1972,1874,1771,1663,1551,1437,1323,1208,1095,985,877,774,676,584,498,419,347,282,224,174,131,95,65,42,24,12,4,0.1,0.1,3,8,15,23,31,40,49,57,64,70,75,78,80,81,80,78,75,71,66,61,54,48,41,35,29,23,18,13,9,6,3,1,0.1,0.1,0.1,1,2,4,6,8,10,11,13,15,16,17,18,18,18,18,17,16,15,13,11,10,8,6,5,3,2,1,1,0.1,0.1,0.1,1,1,2,3,4,5,7,8,9,10,11,11,12,12,12,12,11,11,10,9,8,6,5,4,3,2,1,0.1,0.1,0.1,0.1,1,1,2,4,5,7,8,10,12,14,16,17,19,20,21,22,22,22,21,21,19,18,16,15,13,10,8,6,4,3,2,1,0.1,0.1,1,2,4,6,10,13,18,23,29,35,42,49,57,64,72,80,87,95,102,109,115,121,126,130,134,137,139,140,140,140,139,137,134,130,126,122,117,111,105,99,93,87,80,74,67,61,55,50,44,39,34,30,26,22,19,16,13,11,9,7,5,4,3,2,2,1,1,0.1,0.1,0.1,0.1,0.1,0.1,0.1,0.1,0.1,0.1,0.1,0.1,0.1,0.1,0.1,0.1,0.1,0.1,0.1,0.1,0.1,0.1,0.1,0.1,0.1,0.1,0.1,0.1,0.1,0.1,0.1,0.1,0.1,0.1,0.1,0.1,0.1,0.1
0.1,0.1,0.1,0.1,0.1,0.1,0.1,0.1,0.1,0.1,0.1,0.1,0.1,0.1,0.1,0.1,0.1,0.1,0.1,0.1,0.1,0.1,0.1,0.1,0.1,0.1,0.1,0.1,0.1,0.1,0.1,0.1,0.1,0.1,0.1,0.1,0.1,0.1,0.1,0.1,0.1,1,1,1,2,3,4,5,6,8,10,12,15,18,21,25,29,33,37,42,48,53,59,65,71,77,83,90,96,102,107,113,117,122,126,129,132,134,135,135,135,134,132,129,125,121,116,110,104,98,91,83,76,68,61,54,46,39,33,27,21,17,12,9,6,3,2,0.1,0.1,0.1,1,2,3,5,7,9,11,13,15,17,18,20,21,21,22,22,21,21,20,18,17,15,13,12,10,8,6,5,3,2,1,0.1,0.1,0.1,0.1,1,1,2,3,5,6,7,8,10,11,12,12,13,13,13,13,12,11,11,9,8,7,6,4,3,2,1,1,0.1,0.1,0.1,1,1,2,4,5,7,9,10,12,14,15,17,18,19,19,20,19,19,18,16,15,13,11,9,7,5,3,1,0.1,0.1,0.1,1,3,5,8,12,16,22,27,33,40,46,53,59,65,70,74,78,80,81,81,79,76,71,65,58,51,42,33,25,17,10,4,1,0.1,3,9,20,37,58,86,120,161,209,263,325,395,471,553,642,737,836,940,1047,1156,1267,1378,1489,1597,1702,1802,1898,1986,2067,2139,2202,2254,2296,2326,2344,2350,2344,2326,2296,2254,2202,2139,2067,1986,1898,1802,1702,1597,1489,1378,1267,1156,1047,940,836,737,642,553,471,395,325,263,209,161,120,86,58,37,20,9,3,0.1,1,4,10,17,25,33,42,51,58,65,71,76,79,81,81,80,78,74,70,65,59,53,46,40,33,27,22,16,12,8,5,3,1,0.1,0.1,0.1,1,3,5,7,9,11,13,15,16,18,19,19,20,19,19,18,17,15,14,12,10,9,7,5,4,2,1,1,0.1,0.1,0.1,1,1,2,3,4,6,7,8,9,11,11,12,13,13,13,13,12,12,11,10,8,7,6,5,3,2,1,1,0.1,0.1,0.1,0.1,1,2,3,5,6,8,10,12,13,15,17,18,20,21,21,22,22,21,21,20,18,17,15,13,11,9,7,5,3,2,1,0.1,0.1,0.1,2,3,6,9,12,17,21,27,33,39,46,54,61,68,76,83,91,98,104,110,116,121,125,129,132,134,135,135,135,134,132,129,126,122,117,113,107,102,96,90,83,77,71,65,59,53,48,42,37,33,29,25,21,18,15,12,10,8,6,5,4,3,2,1,1,1,0.1,0.1,0.1,0.1,0.1,0.1,0.1,0.1,0.1,0.1,0.1,0.1,0.1,0.1,0.1,0.1,0.1,0.1,0.1,0.1,0.1,0.1,0.1,0.1,0.1,0.1,0.1,0.1,0.1,0.1,0.1,0.1,0.1,0.1,0.1,0.1,0.1,0.1
0.1,0.1,0.1,0.1,0.1,0.1,0.1,0.1,0.1,0.1,0.1,0.1,0.1,0.1,0.1,0.1,0.1,0.1,0.1,0.1,0.1,0.1,0.1,0.1,0.1,0.1,0.1,0.1,0.1,0.1,0.1,0.1,0.1,0.1,0.1,0.1,0.1,0.1,0.1,0.1,0.1,1,1,1,2,3,3,5,6,8,9,12,14,17,20,23,27,31,36,40,45,51,56,62,68,74,80,86,92,97,103,108,112,117,120,124,126,128,129,129,129,128,126,123,119,115,110,105,99,93,86,79,72,64,57,50,43,37,30,25,20,15,11,7,5,3,1,0.1,0.1,0.1,1,2,4,5,7,9,11,13,15,17,18,20,21,21,21,21,21,20,19,18,16,15,13,11,9,7,6,4,3,2,1,0.1,0.1,0.1,0.1,1,2,3,4,5,7,8,9,10,12,12,13,14,14,14,13,13,12,11,10,9,7,6,5,3,2,1,1,0.1,0.1,0.1,1,1,2,4,5,7,9,11,13,15,16,18,19,20,21,21,21,20,19,18,16,14,12,10,8,6,4,2,1,0.1,0.1,1,2,4,7,10,15,20,25,32,38,44,51,57,63,69,73,77,79,81,81,79,77,72,67,60,53,44,36,27,19,11,5,1,0.1,2,7,17,31,51,77,108,147,192,243,302,368,441,520,605,695,790,890,993,1098,1205,1312,1418,1523,1624,1721,1813,1899,1977,2047,2107,2158,2198,2227,2244,2250,2244,2227,2198,2158,2107,2047,1977,1899,1813,1721,1624,1523,1418,1312,1205,1098,993,890,790,695,605,520,441,368,302,243,192,147,108,77,51,31,17,7,2,0.1,1,5,11,19,27,36,44,53,60,67,72,77,79,81,81,79,77,73,69,63,57,51,44,38,32,25,20,15,10,7,4,2,1,0.1,0.1,1,2,4,6,8,10,12,14,16,18,19,20,21,21,21,20,19,18,16,15,13,11,9,7,5,4,2,1,1,0.1,0.1,0.1,1,1,2,3,5,6,7,9,10,11,12,13,13,14,14,14,13,12,12,10,9,8,7,5,4,3,2,1,0.1,0.1,0.1,0.1,1,2,3,4,6,7,9,11,13,15,16,18,19,20,21,21,21,21,21,20,18,17,15,13,11,9,7,5,4,2,1,0.1,0.1,0.1,1,3,5,7,11,15,20,25,30,37,43,50,57,64,72,79,86,93,99,105,110,115,119,123,126,128,129,129,129,128,126,124,120,117,112,108,103,97,92,86,80,74,68,62,56,51,45,40,36,31,27,23,20,17,14,12,9,8,6,5,3,3,2,1,1,1,0.1,0.1,0.1,0.1,0.1,0.1,0.1,0.1,0.1,0.1,0.1,0.1,0.1,0.1,0.1,0.1,0.1,0.1,0.1,0.1,0.1,0.1,0.1,0.1,0.1,0.1,0.1,0.1,0.1,0.1,0.1,0.1,0.1,0.1,0.1,0.1,0.1,0.1
0.1,0.1,0.1,0.1,0.1,0.1,0.1,0.1,0.1,0.1,0.1,0.1,0.1,0.1,0.1,0.1,0.1,0.1,0.1,0.1,0.1,0.1,0.1,0.1,0.1,0.1,0.1,0.1,0.1,0.1,0.1,0.1,0.1,0.1,0.1,0.1,0.1,0.1,0.1,0.1,0.1,0.1,1,1,2,2,3,4,5,7,9,11,13,16,19,22,25,29,34,38,43,48,53,59,64,70,76,81,87,92,98,102,107,111,114,117,120,121,122,123,122,121,119,116,113,109,104,99,93,87,81,74,67,60,53,46,40,34,28,22,18,13,10,6,4,2,1,0.1,0.1,0.1,1,2,4,6,8,10,12,14,16,17,19,20,21,21,21,21,21,20,19,17,16,14,12,10,8,7,5,4,2,1,1,0.1,0.1,0.1,1,1,2,3,5,6,7,9,10,11,13,14,14,15,15,15,14,14,13,12,11,9,8,6,5,4,2,1,1,0.1,0.1,0.1,1,1,3,4,6,8,10,12,14,16,17,19,21,22,22,23,22,22,21,20,18,16,14,11,9,7,5,3,1,0.1,0.1,0.1,1,3,6,9,13,18,24,29,36,42,49,55,61,67,72,76,79,80,81,80,77,73,68,62,54,46,38,29,21,13,7,2,0.1,1,5,13,26,44,67,96,132,174,222,278,340,408,483,564,650,741,836,934,1034,1137,1239,1341,1441,1538,1631,1720,1802,1877,1944,2002,2051,2089,2117,2134,2140,2134,2117,2089,2051,2002,1944,1877,1802,1720,1631,1538,1441,1341,1239,1137,1034,934,836,741,650,564,483,408,340,278,222,174,132,96,67,44,26,13,5,1,0.1,2,7,13,21,29,38,46,54,62,68,73,77,80,81,80,79,76,72,67,61,55,49,42,36,29,24,18,13,9,6,3,1,0.1,0.1,0.1,1,3,5,7,9,11,14,16,18,20,21,22,22,23,22,22,21,19,17,16,14,12,10,8,6,4,3,1,1,0.1,0.1,0.1,1,1,2,4,5,6,8,9,11,12,13,14,14,15,15,15,14,14,13,11,10,9,7,6,5,3,2,1,1,0.1,0.1,0.1,1,1,2,4,5,7,8,10,12,14,16,17,19,20,21,21,21,21,21,20,19,17,16,14,12,10,8,6,4,2,1,0.1,0.1,0.1,1,2,4,6,10,13,18,22,28,34,40,46,53,60,67,74,81,87,93,99,104,109,113,116,119,121,122,123,122,121,120,117,114,111,107,102,98,92,87,81,76,70,64,59,53,48,43,38,34,29,25,22,19,16,13,11,9,7,5,4,3,2,2,1,1,0.1,0.1,0.1,0.1,0.1,0.1,0.1,0.1,0.1,0.1,0.1,0.1,0.1,0.1,0.1,0.1,0.1,0.1,0.1,0.1,0.1,0.1,0.1,0.1,0.1,0.1,0.1,0.1,0.1,0.1,0.1,0.1,0.1,0.1,0.1,0.1,0.1,0.1,0.1
0.1,0.1,0.1,0.1,0.1,0.1,0.1,0.1,0.1,0.1,0.1,0.1,0.1,0.1,0.1,0.1,0.1,0.1,0.1,0.1,0.1,0.1,0.1,0.1,0.1,0.1,0.1,0.1,0.1,0.1,0.1,0.1,0.1,0.1,0.1,0.1,0.1,0.1,0.1,0.1,0.1,0.1,1,1,1,2,3,4,5,6,8,10,12,15,17,20,24,28,32,36,40,45,50,55,61,66,71,77,82,87,92,97,101,105,108,111,113,115,115,116,115,114,112,109,106,102,98,93,87,81,75,69,62,55,49,43,36,31,25,20,16,12,8,5,3,2,0.1,0.1,0.1,1,2,3,4,6,8,10,12,14,16,17,19,20,20,21,21,21,20,19,18,16,15,13,11,9,8,6,4,3,2,1,0.1,0.1,0.1,0.1,1,2,3,4,5,7,8,10,11,13,14,15,15,16,16,16,15,15,14,13,11,10,8,7,5,4,2,1,1,0.1,0.1,0.1,1,2,3,4,6,8,10,12,14,17,19,20,22,23,24,24,24,24,23,21,20,18,15,13,10,8,6,4,2,1,0.1,0.1,1,2,5,8,12,16,22,27,34,40,47,53,59,65,70,74,77,79,80,80,78,74,69,63,56,49,40,32,23,15,9,4,1,0.1,3,10,21,36,57,84,116,155,200,252,310,374,445,521,602,688,778,871,966,1063,1161,1258,1353,1446,1534,1619,1697,1769,1833,1888,1935,1972,1998,2015,2020,2015,1998,1972,1935,1888,1833,1769,1697,1619,1534,1446,1353,1258,1161,1063,966,871,778,688,602,521,445,374,310,252,200,155,116,84,57,36,21,10,3,0.1,1,4,9,15,23,32,40,49,56,63,69,74,78,80,80,79,77,74,70,65,59,53,47,40,34,27,22,16,12,8,5,2,1,0.1,0.1,1,2,4,6,8,10,13,15,18,20,21,23,24,24,24,24,23,22,20,19,17,14,12,10,8,6,4,3,2,1,0.1,0.1,0.1,1,1,2,4,5,7,8,10,11,13,14,15,15,16,16,16,15,15,14,13,11,10,8,7,5,4,3,2,1,0.1,0.1,0.1,0.1,1,2,3,4,6,8,9,11,13,15,16,18,19,20,21,21,21,20,20,19,17,16,14,12,10,8,6,4,3,2,1,0.1,0.1,0.1,2,3,5,8,12,16,20,25,31,36,43,49,55,62,69,75,81,87,93,98,102,106,109,112,114,115,116,115,115,113,111,108,105,101,97,92,87,82,77,71,66,61,55,50,45,40,36,32,28,24,20,17,15,12,10,8,6,5,4,3,2,1,1,1,0.1,0.1,0.1,0.1,0.1,0.1,0.1,0.1,0.1,0.1,0.1,0.1,0.1,0.1,0.1,0.1,0.1,0.1,0.1,0.1,0.1,0.1,0.1,0.1,0.1,0.1,0.1,0.1,0.1,0.1,0.1,0.1,0.1,0.1,0.1,0.1,0.1,0.1,0.1
0.1,0.1,0.1,0.1,0.1,0.1,0.1,0.1,0.1,0.1,0.1,0.1,0.1,0.1,0.1,0.1,0.1,0.1,0.1,0.1,0.1,0.1,0.1,0.1,0.1,0.1,0.1,0.1,0.1,0.1,0.1,0.1,0.1,0.1,0.1,0.1,0.1,0.1,0.1,0.1,0.1,0.1,1,1,1,2,3,3,5,6,7,9,11,13,16,19,22,26,29,33,38,42,47,52,57,62,67,72,77,82,86,91,95,98,101,104,106,107,108,108,108,106,104,102,99,95,91,86,81,75,69,63,57,51,45,39,33,27,22,18,13,10,7,4,2,1,0.1,0.1,0.1,1,2,3,5,7,9,11,13,14,16,18,19,20,20,21,21,20,19,18,17,16,14,12,10,9,7,5,4,2,1,1,0.1,0.1,0.1,1,1,2,3,5,6,8,9,11,12,14,15,16,16,17,17,17,16,16,14,13,12,10,9,7,5,4,3,2,1,0.1,0.1,0.1,1,2,3,4,6,8,11,13,15,17,20,22,23,25,26,26,26,26,25,23,22,20,17,15,12,9,7,5,3,1,0.1,0.1,0.1,2,4,6,10,14,19,25,31,38,44,51,57,63,68,72,76,78,80,79,78,75,71,65,58,51,43,34,26,18,11,5,1,0.1,2,7,16,29,48,72,101,137,178,226,279,339,405,476,552,632,717,804,894,986,1078,1169,1260,1347,1432,1511,1586,1654,1714,1767,1811,1846,1872,1887,1892,1887,1872,1846,1811,1767,1714,1654,1586,1511,1432,1347,1260,1169,1078,986,894,804,717,632,552,476,405,339,279,226,178,137,101,72,48,29,16,7,2,0.1,1,5,11,18,26,34,43,51,58,65,71,75,78,79,80,78,76,72,68,63,57,51,44,38,31,25,19,14,10,6,4,2,0.1,0.1,0.1,1,3,5,7,9,12,15,17,20,22,23,25,26,26,26,26,25,23,22,20,17,15,13,11,8,6,4,3,2,1,0.1,0.1,0.1,1,2,3,4,5,7,9,10,12,13,14,16,16,17,17,17,16,16,15,14,12,11,9,8,6,5,3,2,1,1,0.1,0.1,0.1,1,1,2,4,5,7,9,10,12,14,16,17,18,19,20,21,21,20,20,19,18,16,14,13,11,9,7,5,3,2,1,0.1,0.1,0.1,1,2,4,7,10,13,18,22,27,33,39,45,51,57,63,69,75,81,86,91,95,99,102,104,106,108,108,108,107,106,104,101,98,95,91,86,82,77,72,67,62,57,52,47,42,38,33,29,26,22,19,16,13,11,9,7,6,5,3,3,2,1,1,1,0.1,0.1,0.1,0.1,0.1,0.1,0.1,0.1,0.1,0.1,0.1,0.1,0.1,0.1,0.1,0.1,0.1,0.1,0.1,0.1,0.1,0.1,0.1,0.1,0.1,0.1,0.1,0.1,0.1,0.1,0.1,0.1,0.1,0.1,0.1,0.1,0.1,0.1,0.1
0.1,0.1,0.1,0.1,0.1,0.1,0.1,0.1,0.1,0.1,0.1,0.1,0.1,0.1,0.1,0.1,0.1,0.1,0.1,0.1,0.1,0.1,0.1,0.1,0.1,0.1,0.1,0.1,0.1,0.1,0.1,0.1,0.1,0.1,0.1,0.1,0.1,0.1,0.1,0.1,0.1,0.1,0.1,1,1,2,2,3,4,5,7,8,10,12,15,17,20,23,27,31,35,39,43,48,53,57,62,67,71,76,80,84,88,91,94,96,98,100,100,100,100,98,97,94,91,87,83,79,74,69,63,57,52,46,40,34,29,24,19,15,11,8,6,3,2,1,0.1,0.1,0.1,1,2,4,6,7,9,11,13,15,16,18,19,20,20,20,20,20,19,18,16,15,13,11,10,8,6,5,3,2,1,0.1,0.1,0.1,0.1,1,2,3,4,6,7,9,10,12,14,15,16,17,18,18,18,18,17,16,15,14,12,11,9,7,6,4,3,2,1,0.1,0.1,0.1,1,2,3,5,7,9,11,14,16,18,21,23,25,26,27,28,28,28,27,26,24,22,19,17,14,11,8,6,4,2,1,0.1,0.1,1,3,5,9,13,17,23,29,35,41,48,54,60,66,70,74,77,79,79,78,75,72,67,60,53,45,37,29,21,13,7,3,0.1,1,4,11,23,39,60,86,118,156,199,248,303,364,430,500,575,654,736,820,905,992,1078,1162,1245,1324,1399,1469,1533,1590,1640,1682,1715,1739,1753,1758,1753,1739,1715,1682,1640,1590,1533,1469,1399,1324,1245,1162,1078,992,905,820,736,654,575,500,430,364,303,248,199,156,118,86,60,39,23,11,4,1,0.1,3,7,13,21,29,37,45,53,60,67,72,75,78,79,79,77,74,70,66,60,54,48,41,35,29,23,17,13,9,5,3,1,0.1,0.1,1,2,4,6,8,11,14,17,19,22,24,26,27,28,28,28,27,26,25,23,21,18,16,14,11,9,7,5,3,2,1,0.1,0.1,0.1,1,2,3,4,6,7,9,11,12,14,15,16,17,18,18,18,18,17,16,15,14,12,10,9,7,6,4,3,2,1,0.1,0.1,0.1,0.1,1,2,3,5,6,8,10,11,13,15,16,18,19,20,20,20,20,20,19,18,16,15,13,11,9,7,6,4,2,1,0.1,0.1,0.1,1,2,3,6,8,11,15,19,24,29,34,40,46,52,57,63,69,74,79,83,87,91,94,97,98,100,100,100,100,98,96,94,91,88,84,80,76,71,67,62,57,53,48,43,39,35,31,27,23,20,17,15,12,10,8,7,5,4,3,2,2,1,1,0.1,0.1,0.1,0.1,0.1,0.1,0.1,0.1,0.1,0.1,0.1,0.1,0.1,0.1,0.1,0.1,0.1,0.1,0.1,0.1,0.1,0.1,0.1,0.1,0.1,0.1,0.1,0.1,0.1,0.1,0.1,0.1,0.1,0.1,0.1,0.1,0.1,0.1,0.1,0.1
0.1,0.1,0.1,0.1,0.1,0.1,0.1,0.1,0.1,0.1,0.1,0.1,0.1,0.1,0.1,0.1,0.1,0.1,0.1,0.1,0.1,0.1,0.1,0.1,0.1,0.1,0.1,0.1,0.1,0.1,0.1,0.1,0.1,0.1,0.1,0.1,0.1,0.1,0.1,0.1,0.1,0.1,0.1,1,1,1,2,3,4,5,6,7,9,11,13,16,18,21,25,28,32,36,40,44,48,53,57,61,66,70,74,78,81,84,87,89,90,92,92,92,91,90,89,86,83,80,76,72,67,62,57,52,46,41,36,30,26,21,17,13,10,7,4,2,1,0.1,0.1,0.1,1,2,3,4,6,8,10,12,13,15,17,18,19,19,20,20,20,19,18,17,16,14,12,11,9,7,5,4,3,2,1,0.1,0.1,0.1,1,1,2,3,5,6,8,10,12,13,15,16,17,18,19,19,19,19,18,17,16,15,13,11,10,8,6,4,3,2,1,0.1,0.1,0.1,1,2,3,5,7,9,12,14,17,19,22,24,26,28,29,30,30,30,29,28,26,24,21,19,16,13,10,7,5,3,1,0.1,0.1,1,2,4,7,11,15,20,26,32,39,45,52,58,63,68,72,75,77,78,78,76,72,68,62,56,48,40,32,24,16,9,4,1,0.1,2,8,17,30,48,71,100,133,173,217,267,323,383,448,517,590,666,744,823,903,983,1062,1139,1213,1283,1349,1408,1462,1509,1548,1579,1601,1614,1619,1614,1601,1579,1548,1509,1462,1408,1349,1283,1213,1139,1062,983,903,823,744,666,590,517,448,383,323,267,217,173,133,100,71,48,30,17,8,2,0.1,1,4,9,16,24,32,40,48,56,62,68,72,76,78,78,77,75,72,68,63,58,52,45,39,32,26,20,15,11,7,4,2,1,0.1,0.1,1,3,5,7,10,13,16,19,21,24,26,28,29,30,30,30,29,28,26,24,22,19,17,14,12,9,7,5,3,2,1,0.1,0.1,0.1,1,2,3,4,6,8,10,11,13,15,16,17,18,19,19,19,19,18,17,16,15,13,12,10,8,6,5,3,2,1,1,0.1,0.1,0.1,1,2,3,4,5,7,9,11,12,14,16,17,18,19,20,20,20,19,19,18,17,15,13,12,10,8,6,4,3,2,1,0.1,0.1,0.1,1,2,4,7,10,13,17,21,26,30,36,41,46,52,57,62,67,72,76,80,83,86,89,90,91,92,92,92,90,89,87,84,81,78,74,70,66,61,57,53,48,44,40,36,32,28,25,21,18,16,13,11,9,7,6,5,4,3,2,1,1,1,0.1,0.1,0.1,0.1,0.1,0.1,0.1,0.1,0.1,0.1,0.1,0.1,0.1,0.1,0.1,0.1,0.1,0.1,0.1,0.1,0.1,0.1,0.1,0.1,0.1,0.1,0.1,0.1,0.1,0.1,0.1,0.1,0.1,0.1,0.1,0.1,0.1,0.1,0.1,0.1
0.1,0.1,0.1,0.1,0.1,0.1,0.1,0.1,0.1,0.1,0.1,0.1,0.1,0.1,0.1,0.1,0.1,0.1,0.1,0.1,0.1,0.1,0.1,0.1,0.1,0.1,0.1,0.1,0.1,0.1,0.1,0.1,0.1,0.1,0.1,0.1,0.1,0.1,0.1,0.1,0.1,0.1,0.1,0.1,1,1,2,2,3,4,5,6,8,10,12,14,16,19,22,25,29,32,36,40,44,48,52,56,60,64,67,71,74,77,79,81,82,83,84,84,83,82,80,78,75,72,68,64,60,55,51,46,41,36,31,26,22,18,14,11,8,5,3,2,1,0.1,0.1,0.1,1,2,3,5,7,8,10,12,14,15,17,18,19,19,19,19,19,18,17,16,15,13,11,10,8,6,5,3,2,1,0.1,0.1,0.1,0.1,1,2,3,4,6,7,9,11,13,15,16,18,19,20,20,21,20,20,19,18,17,15,14,12,10,8,6,4,3,2,1,0.1,0.1,0.1,1,2,3,5,7,10,12,15,18,20,23,25,28,29,31,32,32,32,31,30,28,26,24,21,18,15,12,9,6,4,2,1,0.1,0.1,1,3,6,9,13,18,24,30,36,42,49,55,61,66,70,74,76,77,77,76,73,69,64,58,51,43,35,27,19,12,6,2,0.1,1,4,11,23,38,58,82,112,147,187,232,282,337,396,459,526,595,667,740,814,888,961,1032,1100,1165,1226,1281,1331,1375,1411,1439,1460,1473,1477,1473,1460,1439,1411,1375,1331,1281,1226,1165,1100,1032,961,888,814,740,667,595,526,459,396,337,282,232,187,147,112,82,58,38,23,11,4,1,0.1,2,6,12,19,27,35,43,51,58,64,69,73,76,77,77,76,74,70,66,61,55,49,42,36,30,24,18,13,9,6,3,1,0.1,0.1,1,2,4,6,9,12,15,18,21,24,26,28,30,31,32,32,32,31,29,28,25,23,20,18,15,12,10,7,5,3,2,1,0.1,0.1,0.1,1,2,3,4,6,8,10,12,14,15,17,18,19,20,20,21,20,20,19,18,16,15,13,11,9,7,6,4,3,2,1,0.1,0.1,0.1,0.1,1,2,3,5,6,8,10,11,13,15,16,17,18,19,19,19,19,19,18,17,15,14,12,10,8,7,5,3,2,1,0.1,0.1,0.1,1,2,3,5,8,11,14,18,22,26,31,36,41,46,51,55,60,64,68,72,75,78,80,82,83,84,84,83,82,81,79,77,74,71,67,64,60,56,52,48,44,40,36,32,29,25,22,19,16,14,12,10,8,6,5,4,3,2,2,1,1,0.1,0.1,0.1,0.1,0.1,0.1,0.1,0.1,0.1,0.1,0.1,0.1,0.1,0.1,0.1,0.1,0.1,0.1,0.1,0.1,0.1,0.1,0.1,0.1,0.1,0.1,0.1,0.1,0.1,0.1,0.1,0.1,0.1,0.1,0.1,0.1,0.1,0.1,0.1,0.1,0.1
0.1,0.1,0.1,0.1,0.1,0.1,0.1,0.1,0.1,0.1,0.1,0.1,0.1,0.1,0.1,0.1,0.1,0.1,0.1,0.1,0.1,0.1,0.1,0.1,0.1,0.1,0.1,0.1,0.1,0.1,0.1,0.1,0.1,0.1,0.1,0.1,0.1,0.1,0.1,0.1,0.1,0.1,0.1,0.1,1,1,1,2,3,3,4,6,7,9,10,12,15,17,20,23,26,29,32,36,39,43,47,50,54,57,61,64,67,69,71,73,74,75,76,75,75,74,72,70,67,64,61,57,53,49,45,40,36,31,27,22,18,15,11,9,6,4,2,1,0.1,0.1,0.1,1,1,3,4,6,7,9,11,13,14,16,17,18,19,19,19,19,18,18,16,15,14,12,10,9,7,5,4,3,2,1,0.1,0.1,0.1,0.1,1,2,3,5,7,8,10,12,14,16,18,19,20,21,22,22,22,21,20,19,18,16,14,12,10,8,6,5,3,2,1,0.1,0.1,0.1,1,2,3,5,8,10,13,16,19,21,24,27,29,31,33,34,34,34,33,32,31,29,26,23,20,17,14,10,7,5,3,1,0.1,0.1,1,2,4,7,11,16,21,27,33,39,46,52,58,63,68,72,74,76,77,76,74,70,66,60,53,46,38,30,22,15,9,4,1,0.1,2,7,16,28,45,66,92,122,157,198,242,291,345,402,462,525,590,657,725,792,859,924,987,1047,1103,1154,1200,1239,1273,1299,1319,1330,1334,1330,1319,1299,1273,1239,1200,1154,1103,1047,987,924,859,792,725,657,590,525,462,402,345,291,242,198,157,122,92,66,45,28,16,7,2,0.1,1,4,9,15,22,30,38,46,53,60,66,70,74,76,77,76,74,72,68,63,58,52,46,39,33,27,21,16,11,7,4,2,1,0.1,0.1,1,3,5,7,10,14,17,20,23,26,29,31,32,33,34,34,34,33,31,29,27,24,21,19,16,13,10,8,5,3,2,1,0.1,0.1,0.1,1,2,3,5,6,8,10,12,14,16,18,19,20,21,22,22,22,21,20,19,18,16,14,12,10,8,7,5,3,2,1,0.1,0.1,0.1,0.1,1,2,3,4,5,7,9,10,12,14,15,16,18,18,19,19,19,19,18,17,16,14,13,11,9,7,6,4,3,1,1,0.1,0.1,0.1,1,2,4,6,9,11,15,18,22,27,31,36,40,45,49,53,57,61,64,67,70,72,74,75,75,76,75,74,73,71,69,67,64,61,57,54,50,47,43,39,36,32,29,26,23,20,17,15,12,10,9,7,6,4,3,3,2,1,1,1,0.1,0.1,0.1,0.1,0.1,0.1,0.1,0.1,0.1,0.1,0.1,0.1,0.1,0.1,0.1,0.1,0.1,0.1,0.1,0.1,0.1,0.1,0.1,0.1,0.1,0.1,0.1,0.1,0.1,0.1,0.1,0.1,0.1,0.1,0.1,0.1,0.1,0.1,0.1,0.1,0.1
0.1,0.1,0.1,0.1,0.1,0.1,0.1,0.1,0.1,0.1,0.1,0.1,0.1,0.1,0.1,0.1,0.1,0.1,0.1,0.1,0.1,0.1,0.1,0.1,0.1,0.1,0.1,0.1,0.1,0.1,0.1,0.1,0.1,0.1,0.1,0.1,0.1,0.1,0.1,0.1,0.1,0.1,0.1,0.1,0.1,1,1,2,2,3,4,5,6,7,9,11,13,15,17,20,23,26,29,32,35,38,42,45,48,51,54,57,60,62,64,65,66,67,67,67,67,65,64,62,59,57,54,50,46,43,39,34,30,26,22,19,15,12,9,7,4,3,1,1,0.1,0.1,0.1,1,2,3,5,6,8,10,11,13,14,16,17,18,18,19,19,18,18,17,16,14,13,11,10,8,6,5,3,2,1,0.1,0.1,0.1,0.1,1,2,3,4,6,8,10,12,14,15,17,19,20,21,22,23,23,23,22,21,20,19,17,15,13,11,9,7,5,3,2,1,0.1,0.1,0.1,1,2,4,6,8,10,13,16,19,22,25,28,31,33,34,36,36,36,36,35,33,31,29,26,22,19,16,12,9,6,4,2,1,0.1,0.1,1,3,6,9,14,19,24,30,36,42,49,55,60,65,69,73,75,76,76,74,71,67,62,56,49,41,34,26,18,12,6,2,0.1,1,4,10,20,33,51,73,99,130,165,204,248,295,346,400,457,515,576,637,698,759,818,875,929,980,1027,1069,1105,1136,1160,1177,1188,1192,1188,1177,1160,1136,1105,1069,1027,980,929,875,818,759,698,637,576,515,457,400,346,295,248,204,165,130,99,73,51,33,20,10,4,1,0.1,2,6,12,18,26,34,41,49,56,62,67,71,74,76,76,75,73,69,65,60,55,49,42,36,30,24,19,14,9,6,3,1,0.1,0.1,1,2,4,6,9,12,16,19,22,26,29,31,33,35,36,36,36,36,34,33,31,28,25,22,19,16,13,10,8,6,4,2,1,0.1,0.1,0.1,1,2,3,5,7,9,11,13,15,17,19,20,21,22,23,23,23,22,21,20,19,17,15,14,12,10,8,6,4,3,2,1,0.1,0.1,0.1,0.1,1,2,3,5,6,8,10,11,13,14,16,17,18,18,19,19,18,18,17,16,14,13,11,10,8,6,5,3,2,1,0.1,0.1,0.1,1,1,3,4,7,9,12,15,19,22,26,30,34,39,43,46,50,54,57,59,62,64,65,67,67,67,67,66,65,64,62,60,57,54,51,48,45,42,38,35,32,29,26,23,20,17,15,13,11,9,7,6,5,4,3,2,2,1,1,0.1,0.1,0.1,0.1,0.1,0.1,0.1,0.1,0.1,0.1,0.1,0.1,0.1,0.1,0.1,0.1,0.1,0.1,0.1,0.1,0.1,0.1,0.1,0.1,0.1,0.1,0.1,0.1,0.1,0.1,0.1,0.1,0.1,0.1,0.1,0.1,0.1,0.1,0.1,0.1,0.1,0.1
0.1,0.1,0.1,0.1,0.1,0.1,0.1,0.1,0.1,0.1,0.1,0.1,0.1,0.1,0.1,0.1,0.1,0.1,0.1,0.1,0.1,0.1,0.1,0.1,0.1,0.1,0.1,0.1,0.1,0.1,0.1,0.1,0.1,0.1,0.1,0.1,0.1,0.1,0.1,0.1,0.1,0.1,0.1,0.1,0.1,1,1,1,2,2,3,4,5,6,8,9,11,13,15,17,20,22,25,28,31,34,37,40,42,45,48,50,53,55,56,57,58,59,59,59,58,57,56,54,52,49,46,43,40,36,33,29,26,22,18,15,12,9,7,5,3,2,1,0.1,0.1,0.1,1,2,3,4,5,7,9,10,12,13,15,16,17,18,18,18,18,18,17,16,15,13,12,10,9,7,5,4,3,2,1,0.1,0.1,0.1,0.1,1,2,4,5,7,9,11,13,15,17,19,20,22,23,24,24,24,24,23,22,21,19,18,16,13,11,9,7,5,3,2,1,0.1,0.1,0.1,1,2,4,6,8,11,14,17,20,23,26,29,32,34,36,37,38,38,38,37,36,34,31,28,25,21,18,14,11,8,5,3,1,0.1,0.1,1,2,4,8,11,16,21,27,33,39,45,51,57,62,67,70,73,75,75,74,72,69,64,58,52,45,37,30,22,15,9,4,1,0.1,1,5,13,23,37,55,78,104,134,168,206,248,292,340,391,443,497,551,606,661,714,766,815,860,903,940,973,1001,1023,1039,1048,1051,1048,1039,1023,1001,973,940,903,860,815,766,714,661,606,551,497,443,391,340,292,248,206,168,134,104,78,55,37,23,13,5,1,0.1,1,4,9,15,22,30,37,45,52,58,64,69,72,74,75,75,73,70,67,62,57,51,45,39,33,27,21,16,11,8,4,2,1,0.1,0.1,1,3,5,8,11,14,18,21,25,28,31,34,36,37,38,38,38,37,36,34,32,29,26,23,20,17,14,11,8,6,4,2,1,0.1,0.1,0.1,1,2,3,5,7,9,11,13,16,18,19,21,22,23,24,24,24,24,23,22,20,19,17,15,13,11,9,7,5,4,2,1,0.1,0.1,0.1,0.1,1,2,3,4,5,7,9,10,12,13,15,16,17,18,18,18,18,18,17,16,15,13,12,10,9,7,5,4,3,2,1,0.1,0.1,0.1,1,2,3,5,7,9,12,15,18,22,26,29,33,36,40,43,46,49,52,54,56,57,58,59,59,59,58,57,56,55,53,50,48,45,42,40,37,34,31,28,25,22,20,17,15,13,11,9,8,6,5,4,3,2,2,1,1,1,0.1,0.1,0.1,0.1,0.1,0.1,0.1,0.1,0.1,0.1,0.1,0.1,0.1,0.1,0.1,0.1,0.1,0.1,0.1,0.1,0.1,0.1,0.1,0.1,0.1,0.1,0.1,0.1,0.1,0.1,0.1,0.1,0.1,0.1,0.1,0.1,0.1,0.1,0.1,0.1,0.1,0.1
0.1,0.1,0.1,0.1,0.1,0.1,0.1,0.1,0.1,0.1,0.1,0.1,0.1,0.1,0.1,0.1,0.1,0.1,0.1,0.1,0.1,0.1,0.1,0.1,0.1,0.1,0.1,0.1,0.1,0.1,0.1,0.1,0.1,0.1,0.1,0.1,0.1,0.1,0.1,0.1,0.1,0.1,0.1,0.1,0.1,0.1,1,1,1,2,2,3,4,5,6,8,9,11,13,15,17,19,22,24,27,29,32,34,37,39,42,44,46,47,49,50,51,51,51,51,51,50,48,46,44,42,39,37,34,31,27,24,21,18,15,12,9,7,5,3,2,1,0.1,0.1,0.1,0.1,1,2,3,5,6,8,9,11,12,14,15,16,17,17,18,18,17,17,16,15,14,12,11,9,8,6,5,3,2,1,0.1,0.1,0.1,0.1,1,2,3,4,6,8,10,12,14,16,18,20,22,23,24,25,25,25,25,24,23,22,20,18,16,14,12,9,7,5,3,2,1,0.1,0.1,0.1,1,2,4,6,8,11,14,18,21,24,27,31,33,36,38,39,40,41,40,40,38,36,34,31,27,24,20,16,13,10,6,4,2,1,0.1,0.1,1,3,6,9,14,19,24,30,36,42,48,54,59,64,68,71,73,74,74,72,70,66,61,55,48,41,34,26,19,13,7,3,0.1,0.1,2,7,15,26,40,58,80,106,135,167,203,242,284,328,374,421,470,518,567,614,660,704,744,782,816,845,870,890,904,913,915,913,904,890,870,845,816,782,744,704,660,614,567,518,470,421,374,328,284,242,203,167,135,106,80,58,40,26,15,7,2,0.1,0.1,3,7,13,19,26,34,41,48,55,61,66,70,72,74,74,73,71,68,64,59,54,48,42,36,30,24,19,14,9,6,3,1,0.1,0.1,1,2,4,6,10,13,16,20,24,27,31,34,36,38,40,40,41,40,39,38,36,33,31,27,24,21,18,14,11,8,6,4,2,1,0.1,0.1,0.1,1,2,3,5,7,9,12,14,16,18,20,22,23,24,25,25,25,25,24,23,22,20,18,16,14,12,10,8,6,4,3,2,1,0.1,0.1,0.1,0.1,1,2,3,5,6,8,9,11,12,14,15,16,17,17,18,18,17,17,16,15,14,12,11,9,8,6,5,3,2,1,0.1,0.1,0.1,0.1,1,2,3,5,7,9,12,15,18,21,24,27,31,34,37,39,42,44,46,48,50,51,51,51,51,51,50,49,47,46,44,42,39,37,34,32,29,27,24,22,19,17,15,13,11,9,8,6,5,4,3,2,2,1,1,1,0.1,0.1,0.1,0.1,0.1,0.1,0.1,0.1,0.1,0.1,0.1,0.1,0.1,0.1,0.1,0.1,0.1,0.1,0.1,0.1,0.1,0.1,0.1,0.1,0.1,0.1,0.1,0.1,0.1,0.1,0.1,0.1,0.1,0.1,0.1,0.1,0.1,0.1,0.1,0.1,0.1,0.1,0.1
0.1,0.1,0.1,0.1,0.1,0.1,0.1,0.1,0.1,0.1,0.1,0.1,0.1,0.1,0.1,0.1,0.1,0.1,0.1,0.1,0.1,0.1,0.1,0.1,0.1,0.1,0.1,0.1,0.1,0.1,0.1,0.1,0.1,0.1,0.1,0.1,0.1,0.1,0.1,0.1,0.1,0.1,0.1,0.1,0.1,0.1,0.1,1,1,1,2,3,3,4,5,6,8,9,11,12,14,16,18,20,23,25,27,29,32,34,36,38,39,41,42,43,44,44,44,44,43,42,41,39,37,35,33,30,28,25,22,19,17,14,11,9,7,5,3,2,1,0.1,0.1,0.1,0.1,1,2,3,4,5,7,8,10,11,13,14,15,16,17,17,17,17,17,16,15,14,13,11,10,8,7,5,4,3,2,1,0.1,0.1,0.1,0.1,1,2,4,5,7,9,11,13,15,18,20,21,23,25,26,26,27,27,26,25,24,23,21,19,17,14,12,10,7,5,4,2,1,0.1,0.1,0.1,1,2,4,6,9,12,15,18,22,25,28,32,35,37,39,41,42,43,43,42,41,39,36,33,30,26,23,19,15,11,8,5,3,1,0.1,0.1,1,2,4,8,11,16,21,27,33,39,45,51,56,61,66,69,72,73,74,73,71,68,63,58,52,45,38,31,24,17,11,6,2,0.1,0.1,3,8,16,27,42,59,80,104,132,162,195,231,269,309,350,392,435,477,519,559,598,634,667,697,723,745,762,775,782,785,782,775,762,745,723,697,667,634,598,559,519,477,435,392,350,309,269,231,195,162,132,104,80,59,42,27,16,8,3,0.1,0.1,2,6,11,17,24,31,38,45,52,58,63,68,71,73,74,73,72,69,66,61,56,51,45,39,33,27,21,16,11,8,4,2,1,0.1,0.1,1,3,5,8,11,15,19,23,26,30,33,36,39,41,42,43,43,42,41,39,37,35,32,28,25,22,18,15,12,9,6,4,2,1,0.1,0.1,0.1,1,2,4,5,7,10,12,14,17,19,21,23,24,25,26,27,27,26,26,25,23,21,20,18,15,13,11,9,7,5,4,2,1,0.1,0.1,0.1,0.1,1,2,3,4,5,7,8,10,11,13,14,15,16,17,17,17,17,17,16,15,14,13,11,10,8,7,5,4,3,2,1,0.1,0.1,0.1,0.1,1,2,3,5,7,9,11,14,17,19,22,25,28,30,33,35,37,39,41,42,43,44,44,44,44,43,42,41,39,38,36,34,32,29,27,25,23,20,18,16,14,12,11,9,8,6,5,4,3,3,2,1,1,1,0.1,0.1,0.1,0.1,0.1,0.1,0.1,0.1,0.1,0.1,0.1,0.1,0.1,0.1,0.1,0.1,0.1,0.1,0.1,0.1,0.1,0.1,0.1,0.1,0.1,0.1,0.1,0.1,0.1,0.1,0.1,0.1,0.1,0.1,0.1,0.1,0.1,0.1,0.1,0.1,0.1,0.1,0.1,0.1
0.1,0.1,0.1,0.1,0.1,0.1,0.1,0.1,0.1,0.1,0.1,0.1,0.1,0.1,0.1,0.1,0.1,0.1,0.1,0.1,0.1,0.1,0.1,0.1,0.1,0.1,0.1,0.1,0.1,0.1,0.1,0.1,0.1,0.1,0.1,0.1,0.1,0.1,0.1,0.1,0.1,0.1,0.1,0.1,0.1,0.1,0.1,0.1,1,1,1,2,3,3,4,5,6,7,9,10,12,13,15,17,19,21,23,25,27,28,30,32,33,34,35,36,37,37,37,37,36,35,34,33,31,29,27,25,22,20,18,15,13,11,9,7,5,3,2,1,0.1,0.1,0.1,0.1,1,1,2,4,5,6,8,9,11,12,13,14,15,16,17,17,17,17,16,15,14,13,12,10,9,7,6,4,3,2,1,0.1,0.1,0.1,0.1,1,2,3,4,6,8,10,12,14,17,19,21,23,25,26,27,28,28,28,27,26,25,24,22,20,17,15,12,10,8,5,4,2,1,0.1,0.1,0.1,1,2,4,6,9,12,15,19,22,26,29,33,36,39,41,43,44,45,45,44,43,41,39,36,33,29,25,21,17,13,10,7,4,2,1,0.1,0.1,1,3,6,9,14,18,24,29,35,41,47,53,58,63,67,70,72,73,73,72,69,65,61,55,49,42,35,28,21,15,9,5,1,0.1,1,3,9,17,27,41,58,77,100,125,153,183,215,249,284,321,357,394,430,465,498,530,559,585,607,627,642,653,659,662,659,653,642,627,607,585,559,530,498,465,430,394,357,321,284,249,215,183,153,125,100,77,58,41,27,17,9,3,1,0.1,1,5,9,15,21,28,35,42,49,55,61,65,69,72,73,73,72,70,67,63,58,53,47,41,35,29,24,18,14,9,6,3,1,0.1,0.1,1,2,4,7,10,13,17,21,25,29,33,36,39,41,43,44,45,45,44,43,41,39,36,33,29,26,22,19,15,12,9,6,4,2,1,0.1,0.1,0.1,1,2,4,5,8,10,12,15,17,20,22,24,25,26,27,28,28,28,27,26,25,23,21,19,17,14,12,10,8,6,4,3,2,1,0.1,0.1,0.1,0.1,1,2,3,4,6,7,9,10,12,13,14,15,16,17,17,17,17,16,15,14,13,12,11,9,8,6,5,4,2,1,1,0.1,0.1,0.1,0.1,1,2,3,5,7,9,11,13,15,18,20,22,25,27,29,31,33,34,35,36,37,37,37,37,36,35,34,33,32,30,28,27,25,23,21,19,17,15,13,12,10,9,7,6,5,4,3,3,2,1,1,1,0.1,0.1,0.1,0.1,0.1,0.1,0.1,0.1,0.1,0.1,0.1,0.1,0.1,0.1,0.1,0.1,0.1,0.1,0.1,0.1,0.1,0.1,0.1,0.1,0.1,0.1,0.1,0.1,0.1,0.1,0.1,0.1,0.1,0.1,0.1,0.1,0.1,0.1,0.1,0.1,0.1,0.1,0.1,0.1,0.1
0.1,0.1,0.1,0.1,0.1,0.1,0.1,0.1,0.1,0.1,0.1,0.1,0.1,0.1,0.1,0.1,0.1,0.1,0.1,0.1,0.1,0.1,0.1,0.1,0.1,0.1,0.1,0.1,0.1,0.1,0.1,0.1,0.1,0.1,0.1,0.1,0.1,0.1,0.1,0.1,0.1,0.1,0.1,0.1,0.1,0.1,0.1,0.1,0.1,1,1,1,2,2,3,4,5,6,7,8,9,11,12,14,15,17,19,20,22,23,25,26,27,28,29,30,30,30,30,30,29,29,28,26,25,23,21,20,18,16,13,11,10,8,6,4,3,2,1,0.1,0.1,0.1,0.1,1,1,2,3,4,6,7,8,10,11,13,14,15,16,16,16,17,16,16,15,15,13,12,11,9,8,6,5,4,3,2,1,0.1,0.1,0.1,0.1,1,2,4,5,7,9,11,13,16,18,20,22,24,26,27,28,29,29,29,28,27,26,24,22,20,18,15,13,10,8,6,4,2,1,0.1,0.1,0.1,1,2,4,6,9,12,15,19,23,26,30,34,37,40,42,44,46,47,47,46,45,44,41,38,35,31,28,24,19,15,12,8,5,3,1,0.1,0.1,1,2,4,7,11,16,21,26,32,38,44,50,55,60,64,68,70,72,73,72,70,67,64,59,53,47,40,33,26,20,14,8,4,1,0.1,1,4,9,16,26,39,54,72,93,115,140,167,195,225,255,286,317,348,377,406,433,458,480,500,516,529,539,545,547,545,539,529,516,500,480,458,433,406,377,348,317,286,255,225,195,167,140,115,93,72,54,39,26,16,9,4,1,0.1,1,4,8,14,20,26,33,40,47,53,59,64,67,70,72,73,72,70,68,64,60,55,50,44,38,32,26,21,16,11,7,4,2,1,0.1,0.1,1,3,5,8,12,15,19,24,28,31,35,38,41,44,45,46,47,47,46,44,42,40,37,34,30,26,23,19,15,12,9,6,4,2,1,0.1,0.1,0.1,1,2,4,6,8,10,13,15,18,20,22,24,26,27,28,29,29,29,28,27,26,24,22,20,18,16,13,11,9,7,5,4,2,1,0.1,0.1,0.1,0.1,1,2,3,4,5,6,8,9,11,12,13,15,15,16,16,17,16,16,16,15,14,13,11,10,8,7,6,4,3,2,1,1,0.1,0.1,0.1,0.1,1,2,3,4,6,8,10,11,13,16,18,20,21,23,25,26,28,29,29,30,30,30,30,30,29,28,27,26,25,23,22,20,19,17,15,14,12,11,9,8,7,6,5,4,3,2,2,1,1,1,0.1,0.1,0.1,0.1,0.1,0.1,0.1,0.1,0.1,0.1,0.1,0.1,0.1,0.1,0.1,0.1,0.1,0.1,0.1,0.1,0.1,0.1,0.1,0.1,0.1,0.1,0.1,0.1,0.1,0.1,0.1,0.1,0.1,0.1,0.1,0.1,0.1,0.1,0.1,0.1,0.1,0.1,0.1,0.1,0.1,0.1
0.1,0.1,0.1,0.1,0.1,0.1,0.1,0.1,0.1,0.1,0.1,0.1,0.1,0.1,0.1,0.1,0.1,0.1,0.1,0.1,0.1,0.1,0.1,0.1,0.1,0.1,0.1,0.1,0.1,0.1,0.1,0.1,0.1,0.1,0.1,0.1,0.1,0.1,0.1,0.1,0.1,0.1,0.1,0.1,0.1,0.1,0.1,0.1,0.1,0.1,1,1,1,2,2,3,4,4,5,6,7,9,10,11,12,14,15,16,18,19,20,21,22,23,24,24,24,24,24,24,23,23,22,21,19,18,17,15,13,12,10,8,7,5,4,3,2,1,0.1,0.1,0.1,0.1,1,1,2,3,4,5,7,8,9,11,12,13,14,15,16,16,16,16,16,15,15,14,13,11,10,8,7,6,4,3,2,1,0.1,0.1,0.1,0.1,1,2,3,4,6,8,10,12,15,17,19,22,24,25,27,28,29,30,30,30,29,28,27,25,23,20,18,15,13,10,8,6,4,2,1,0.1,0.1,0.1,1,2,4,6,9,12,16,19,23,27,31,35,38,41,44,46,47,48,49,48,47,46,44,41,38,34,30,26,22,18,14,10,7,4,2,1,0.1,0.1,1,3,6,9,13,18,23,29,35,41,46,52,57,62,66,69,71,72,72,71,69,66,62,57,51,45,39,32,25,19,13,8,4,1,0.1,1,3,8,15,24,35,49,65,83,102,124,147,171,196,222,248,273,298,322,345,366,385,402,415,427,435,440,441,440,435,427,415,402,385,366,345,322,298,273,248,222,196,171,147,124,102,83,65,49,35,24,15,8,3,1,0.1,1,4,8,13,19,25,32,39,45,51,57,62,66,69,71,72,72,71,69,66,62,57,52,46,41,35,29,23,18,13,9,6,3,1,0.1,0.1,1,2,4,7,10,14,18,22,26,30,34,38,41,44,46,47,48,49,48,47,46,44,41,38,35,31,27,23,19,16,12,9,6,4,2,1,0.1,0.1,0.1,1,2,4,6,8,10,13,15,18,20,23,25,27,28,29,30,30,30,29,28,27,25,24,22,19,17,15,12,10,8,6,4,3,2,1,0.1,0.1,0.1,0.1,1,2,3,4,6,7,8,10,11,13,14,15,15,16,16,16,16,16,15,14,13,12,11,9,8,7,5,4,3,2,1,1,0.1,0.1,0.1,0.1,1,2,3,4,5,7,8,10,12,13,15,17,18,19,21,22,23,23,24,24,24,24,24,24,23,22,21,20,19,18,16,15,14,12,11,10,9,7,6,5,4,4,3,2,2,1,1,1,0.1,0.1,0.1,0.1,0.1,0.1,0.1,0.1,0.1,0.1,0.1,0.1,0.1,0.1,0.1,0.1,0.1,0.1,0.1,0.1,0.1,0.1,0.1,0.1,0.1,0.1,0.1,0.1,0.1,0.1,0.1,0.1,0.1,0.1,0.1,0.1,0.1,0.1,0.1,0.1,0.1,0.1,0.1,0.1,0.1,0.1,0.1
0.1,0.1,0.1,0.1,0.1,0.1,0.1,0.1,0.1,0.1,0.1,0.1,0.1,0.1,0.1,0.1,0.1,0.1,0.1,0.1,0.1,0.1,0.1,0.1,0.1,0.1,0.1,0.1,0.1,0.1,0.1,0.1,0.1,0.1,0.1,0.1,0.1,0.1,0.1,0.1,0.1,0.1,0.1,0.1,0.1,0.1,0.1,0.1,0.1,0.1,0.1,1,1,1,2,2,3,3,4,5,6,6,7,8,10,11,12,13,14,15,16,17,17,18,18,19,19,19,19,19,18,17,17,16,15,13,12,11,10,8,7,6,4,3,2,1,1,0.1,0.1,0.1,0.1,1,1,2,3,4,5,6,7,9,10,11,12,13,14,15,16,16,16,16,15,15,14,13,12,10,9,8,6,5,4,2,1,1,0.1,0.1,0.1,0.1,1,2,4,5,7,9,11,13,16,18,21,23,25,27,28,29,30,31,31,31,30,29,27,25,23,21,18,16,13,10,8,6,4,2,1,0.1,0.1,0.1,1,2,4,7,9,13,16,20,24,28,31,35,39,42,45,47,49,50,50,50,49,48,46,43,40,36,33,28,24,20,16,12,8,5,3,1,0.1,0.1,1,2,4,7,11,15,20,26,31,37,43,49,54,59,63,67,69,71,72,72,71,68,65,61,56,50,44,38,31,24,18,13,8,4,1,0.1,0.1,3,7,12,20,30,42,55,71,87,106,125,145,166,187,207,228,248,266,284,299,313,325,334,341,345,346,345,341,334,325,313,299,284,266,248,228,207,187,166,145,125,106,87,71,55,42,30,20,12,7,3,0.1,0.1,1,4,8,13,18,24,31,38,44,50,56,61,65,68,71,72,72,71,69,67,63,59,54,49,43,37,31,26,20,15,11,7,4,2,1,0.1,0.1,1,3,5,8,12,16,20,24,28,33,36,40,43,46,48,49,50,50,50,49,47,45,42,39,35,31,28,24,20,16,13,9,7,4,2,1,0.1,0.1,0.1,1,2,4,6,8,10,13,16,18,21,23,25,27,29,30,31,31,31,30,29,28,27,25,23,21,18,16,13,11,9,7,5,4,2,1,0.1,0.1,0.1,0.1,1,1,2,4,5,6,8,9,10,12,13,14,15,15,16,16,16,16,15,14,13,12,11,10,9,7,6,5,4,3,2,1,1,0.1,0.1,0.1,0.1,1,1,2,3,4,6,7,8,10,11,12,13,15,16,17,17,18,19,19,19,19,19,18,18,17,17,16,15,14,13,12,11,10,8,7,6,6,5,4,3,3,2,2,1,1,1,0.1,0.1,0.1,0.1,0.1,0.1,0.1,0.1,0.1,0.1,0.1,0.1,0.1,0.1,0.1,0.1,0.1,0.1,0.1,0.1,0.1,0.1,0.1,0.1,0.1,0.1,0.1,0.1,0.1,0.1,0.1,0.1,0.1,0.1,0.1,0.1,0.1,0.1,0.1,0.1,0.1,0.1,0.1,0.1,0.1,0.1,0.1,0.1
0.1,0.1,0.1,0.1,0.1,0.1,0.1,0.1,0.1,0.1,0.1,0.1,0.1,0.1,0.1,0.1,0.1,0.1,0.1,0.1,0.1,0.1,0.1,0.1,0.1,0.1,0.1,0.1,0.1,0.1,0.1,0.1,0.1,0.1,0.1,0.1,0.1,0.1,0.1,0.1,0.1,0.1,0.1,0.1,0.1,0.1,0.1,0.1,0.1,0.1,0.1,0.1,0.1,1,1,1,2,2,3,3,4,5,5,6,7,8,9,10,10,11,12,13,13,14,14,14,14,14,14,14,13,13,12,11,11,10,9,7,6,5,4,3,2,2,1,1,0.1,0.1,0.1,0.1,1,1,2,3,4,5,6,7,8,10,11,12,13,14,15,15,15,16,15,15,15,14,13,12,11,9,8,7,5,4,3,2,1,0.1,0.1,0.1,0.1,1,2,3,4,6,8,10,12,15,17,19,22,24,26,28,29,30,31,32,32,31,30,29,28,26,23,21,18,16,13,11,8,6,4,2,1,0.1,0.1,0.1,1,2,4,7,9,13,16,20,24,28,32,36,39,43,46,48,50,51,52,52,51,50,48,45,42,39,35,31,26,22,18,14,10,7,4,2,1,0.1,0.1,1,3,6,9,13,18,23,28,34,40,45,51,56,60,64,68,70,72,72,72,70,68,64,60,55,49,43,37,31,24,18,13,8,4,2,0.1,0.1,2,5,9,16,24,34,45,57,71,86,101,118,134,151,167,183,198,212,224,235,245,252,258,261,262,261,258,252,245,235,224,212,198,183,167,151,134,118,101,86,71,57,45,34,24,16,9,5,2,0.1,0.1,2,4,8,13,18,24,31,37,43,49,55,60,64,68,70,72,72,72,70,68,64,60,56,51,45,40,34,28,23,18,13,9,6,3,1,0.1,0.1,1,2,4,7,10,14,18,22,26,31,35,39,42,45,48,50,51,52,52,51,50,48,46,43,39,36,32,28,24,20,16,13,9,7,4,2,1,0.1,0.1,0.1,1,2,4,6,8,11,13,16,18,21,23,26,28,29,30,31,32,32,31,30,29,28,26,24,22,19,17,15,12,10,8,6,4,3,2,1,0.1,0.1,0.1,0.1,1,2,3,4,5,7,8,9,11,12,13,14,15,15,15,16,15,15,15,14,13,12,11,10,8,7,6,5,4,3,2,1,1,0.1,0.1,0.1,0.1,1,1,2,2,3,4,5,6,7,9,10,11,11,12,13,13,14,14,14,14,14,14,14,13,13,12,11,10,10,9,8,7,6,5,5,4,3,3,2,2,1,1,1,0.1,0.1,0.1,0.1,0.1,0.1,0.1,0.1,0.1,0.1,0.1,0.1,0.1,0.1,0.1,0.1,0.1,0.1,0.1,0.1,0.1,0.1,0.1,0.1,0.1,0.1,0.1,0.1,0.1,0.1,0.1,0.1,0.1,0.1,0.1,0.1,0.1,0.1,0.1,0.1,0.1,0.1,0.1,0.1,0.1,0.1,0.1,0.1,0.1,0.1
0.1,0.1,0.1,0.1,0.1,0.1,0.1,0.1,0.1,0.1,0.1,0.1,0.1,0.1,0.1,0.1,0.1,0.1,0.1,0.1,0.1,0.1,0.1,0.1,0.1,0.1,0.1,0.1,0.1,0.1,0.1,0.1,0.1,0.1,0.1,0.1,0.1,0.1,0.1,0.1,0.1,0.1,0.1,0.1,0.1,0.1,0.1,0.1,0.1,0.1,0.1,0.1,0.1,0.1,1,1,1,1,2,2,3,3,4,4,5,6,6,7,7,8,9,9,9,10,10,10,10,10,10,10,9,9,8,8,7,6,6,5,4,3,2,2,1,1,0.1,0.1,0.1,0.1,0.1,1,1,2,3,4,5,6,7,8,9,11,12,13,13,14,15,15,15,15,15,15,14,13,12,11,10,8,7,6,5,3,2,1,1,0.1,0.1,0.1,0.1,1,2,3,5,7,9,11,13,16,18,21,23,25,27,29,30,31,32,32,32,32,31,29,28,26,24,21,19,16,13,11,8,6,4,2,1,0.1,0.1,0.1,1,2,4,7,9,13,16,20,24,28,32,36,40,43,46,49,51,52,53,53,53,52,50,47,44,41,37,33,29,24,20,16,12,8,5,3,1,0.1,0.1,1,2,4,7,11,15,20,25,30,36,42,47,53,58,62,66,69,71,72,72,72,70,68,64,60,55,50,44,38,31,25,19,14,9,5,2,1,0.1,1,3,6,11,17,25,34,43,54,66,78,90,103,115,128,139,150,160,169,176,182,186,189,190,189,186,182,176,169,160,150,139,128,115,103,90,78,66,54,43,34,25,17,11,6,3,1,0.1,1,2,5,9,14,19,25,31,38,44,50,55,60,64,68,70,72,72,72,71,69,66,62,58,53,47,42,36,30,25,20,15,11,7,4,2,1,0.1,0.1,1,3,5,8,12,16,20,24,29,33,37,41,44,47,50,52,53,53,53,52,51,49,46,43,40,36,32,28,24,20,16,13,9,7,4,2,1,0.1,0.1,0.1,1,2,4,6,8,11,13,16,19,21,24,26,28,29,31,32,32,32,32,31,30,29,27,25,23,21,18,16,13,11,9,7,5,3,2,1,0.1,0.1,0.1,0.1,1,1,2,3,5,6,7,8,10,11,12,13,14,15,15,15,15,15,15,14,13,13,12,11,9,8,7,6,5,4,3,2,1,1,0.1,0.1,0.1,0.1,0.1,1,1,2,2,3,4,5,6,6,7,8,8,9,9,10,10,10,10,10,10,10,9,9,9,8,7,7,6,6,5,4,4,3,3,2,2,1,1,1,1,0.1,0.1,0.1,0.1,0.1,0.1,0.1,0.1,0.1,0.1,0.1,0.1,0.1,0.1,0.1,0.1,0.1,0.1,0.1,0.1,0.1,0.1,0.1,0.1,0.1,0.1,0.1,0.1,0.1,0.1,0.1,0.1,0.1,0.1,0.1,0.1,0.1,0.1,0.1,0.1,0.1,0.1,0.1,0.1,0.1,0.1,0.1,0.1,0.1,0.1,0.1
0.1,0.1,0.1,0.1,0.1,0.1,0.1,0.1,0.1,0.1,0.1,0.1,0.1,0.1,0.1,0.1,0.1,0.1,0.1,0.1,0.1,0.1,0.1,0.1,0.1,0.1,0.1,0.1,0.1,0.1,0.1,0.1,0.1,0.1,0.1,0.1,0.1,0.1,0.1,0.1,0.1,0.1,0.1,0.1,0.1,0.1,0.1,0.1,0.1,0.1,0.1,0.1,0.1,0.1,0.1,0.1,1,1,1,1,2,2,2,3,3,4,4,5,5,5,6,6,6,7,7,7,7,7,7,7,6,6,5,5,4,4,3,3,2,2,1,1,0.1,0.1,0.1,0.1,0.1,0.1,1,1,2,3,4,5,6,7,8,9,10,11,12,13,14,14,15,15,15,15,14,14,13,12,11,10,9,8,6,5,4,3,2,1,0.1,0.1,0.1,0.1,1,2,3,4,6,8,10,12,14,17,19,21,24,26,28,29,31,32,32,33,33,32,31,30,28,26,24,21,19,16,13,11,8,6,4,2,1,0.1,0.1,0.1,1,2,4,7,9,13,16,20,24,28,32,36,40,43,47,49,51,53,54,54,54,53,51,49,46,43,39,35,31,26,22,18,14,10,7,4,2,1,0.1,0.1,1,3,5,9,13,17,22,27,33,38,44,49,55,59,63,67,70,72,73,73,72,70,68,64,60,56,50,45,39,33,27,21,16,11,7,4,1,0.1,0.1,1,3,6,11,16,23,30,38,46,55,64,74,83,91,99,107,113,119,124,127,129,129,129,127,124,119,113,107,99,91,83,74,64,55,46,38,30,23,16,11,6,3,1,0.1,0.1,1,4,7,11,16,21,27,33,39,45,50,56,60,64,68,70,72,73,73,72,70,67,63,59,55,49,44,38,33,27,22,17,13,9,5,3,1,0.1,0.1,1,2,4,7,10,14,18,22,26,31,35,39,43,46,49,51,53,54,54,54,53,51,49,47,43,40,36,32,28,24,20,16,13,9,7,4,2,1,0.1,0.1,0.1,1,2,4,6,8,11,13,16,19,21,24,26,28,30,31,32,33,33,32,32,31,29,28,26,24,21,19,17,14,12,10,8,6,4,3,2,1,0.1,0.1,0.1,0.1,1,2,3,4,5,6,8,9,10,11,12,13,14,14,15,15,15,15,14,14,13,12,11,10,9,8,7,6,5,4,3,2,1,1,0.1,0.1,0.1,0.1,0.1,0.1,1,1,2,2,3,3,4,4,5,5,6,6,7,7,7,7,7,7,7,6,6,6,5,5,5,4,4,3,3,2,2,2,1,1,1,1,0.1,0.1,0.1,0.1,0.1,0.1,0.1,0.1,0.1,0.1,0.1,0.1,0.1,0.1,0.1,0.1,0.1,0.1,0.1,0.1,0.1,0.1,0.1,0.1,0.1,0.1,0.1,0.1,0.1,0.1,0.1,0.1,0.1,0.1,0.1,0.1,0.1,0.1,0.1,0.1,0.1,0.1,0.1,0.1,0.1,0.1,0.1,0.1,0.1,0.1,0.1,0.1,0.1
0.1,0.1,0.1,0.1,0.1,0.1,0.1,0.1,0.1,0.1,0.1,0.1,0.1,0.1,0.1,0.1,0.1,0.1,0.1,0.1,0.1,0.1,0.1,0.1,0.1,0.1,0.1,0.1,0.1,0.1,0.1,0.1,0.1,0.1,0.1,0.1,0.1,0.1,0.1,0.1,0.1,0.1,0.1,0.1,0.1,0.1,0.1,0.1,0.1,0.1,0.1,0.1,0.1,0.1,0.1,0.1,0.1,0.1,0.1,1,1,1,1,2,2,2,3,3,3,3,4,4,4,4,4,4,4,4,4,4,4,3,3,3,2,2,2,1,1,0.1,0.1,0.1,0.1,0.1,0.1,0.1,1,1,2,2,3,4,5,6,7,8,9,10,11,12,13,14,14,15,15,15,15,14,14,13,12,11,10,9,8,7,5,4,3,2,1,1,0.1,0.1,0.1,0.1,1,2,3,5,6,8,11,13,15,18,20,22,25,27,28,30,31,32,33,33,33,32,31,30,28,26,24,21,19,16,13,10,8,6,4,2,1,0.1,0.1,0.1,1,2,4,7,9,13,16,20,24,28,32,36,40,43,47,50,52,54,55,55,55,54,53,50,48,45,41,37,33,28,24,20,15,12,8,5,3,1,0.1,0.1,1,2,4,7,10,14,19,24,29,35,40,46,51,56,61,65,68,71,73,74,74,73,71,69,65,61,57,52,46,41,35,29,24,18,14,9,6,3,1,0.1,0.1,1,3,5,9,13,18,23,29,35,42,48,54,59,65,69,73,77,79,81,81,81,79,77,73,69,65,59,54,48,42,35,29,23,18,13,9,5,3,1,0.1,0.1,1,3,6,9,14,18,24,29,35,41,46,52,57,61,65,69,71,73,74,74,73,71,68,65,61,56,51,46,40,35,29,24,19,14,10,7,4,2,1,0.1,0.1,1,3,5,8,12,15,20,24,28,33,37,41,45,48,50,53,54,55,55,55,54,52,50,47,43,40,36,32,28,24,20,16,13,9,7,4,2,1,0.1,0.1,0.1,1,2,4,6,8,10,13,16,19,21,24,26,28,30,31,32,33,33,33,32,31,30,28,27,25,22,20,18,15,13,11,8,6,5,3,2,1,0.1,0.1,0.1,0.1,1,1,2,3,4,5,7,8,9,10,11,12,13,14,14,15,15,15,15,14,14,13,12,11,10,9,8,7,6,5,4,3,2,2,1,1,0.1,0.1,0.1,0.1,0.1,0.1,0.1,1,1,2,2,2,3,3,3,4,4,4,4,4,4,4,4,4,4,4,3,3,3,3,2,2,2,1,1,1,1,0.1,0.1,0.1,0.1,0.1,0.1,0.1,0.1,0.1,0.1,0.1,0.1,0.1,0.1,0.1,0.1,0.1,0.1,0.1,0.1,0.1,0.1,0.1,0.1,0.1,0.1,0.1,0.1,0.1,0.1,0.1,0.1,0.1,0.1,0.1,0.1,0.1,0.1,0.1,0.1,0.1,0.1,0.1,0.1,0.1,0.1,0.1,0.1,0.1,0.1,0.1,0.1,0.1,0.1,0.1,0.1
0.1,0.1,0.1,0.1,0.1,0.1,0.1,0.1,0.1,0.1,0.1,0.1,0.1,0.1,0.1,0.1,0.1,0.1,0.1,0.1,0.1,0.1,0.1,0.1,0.1,0.1,0.1,0.1,0.1,0.1,0.1,0.1,0.1,0.1,0.1,0.1,1,1,1,1,1,1,0.1,0.1,0.1,0.1,0.1,0.1,0.1,0.1,0.1,0.1,0.1,0.1,0.1,0.1,0.1,0.1,0.1,0.1,0.1,0.1,1,1,1,1,1,1,2,2,2,2,2,2,2,2,2,2,2,2,2,2,1,1,1,1,0.1,0.1,0.1,0.1,0.1,0.1,0.1,0.1,1,1,2,2,3,4,4,5,6,7,8,9,10,11,12,13,13,14,14,15,15,15,14,14,13,12,12,11,9,8,7,6,5,4,2,2,1,0.1,0.1,0.1,0.1,1,1,3,4,5,7,9,11,14,16,18,21,23,25,27,29,30,32,32,33,33,33,32,31,30,28,26,23,21,18,16,13,10,8,6,4,2,1,0.1,0.1,0.1,1,2,4,6,9,12,16,20,24,28,32,36,40,43,47,49,52,54,55,55,55,55,53,52,49,46,42,39,35,30,26,21,17,13,10,7,4,2,1,0.1,0.1,1,3,5,8,12,16,21,26,31,37,43,48,53,58,62,66,70,72,74,75,75,74,72,70,67,63,59,54,49,44,38,33,27,22,17,13,9,6,3,1,0.1,0.1,0.1,1,3,6,8,12,15,19,23,26,30,34,37,39,41,43,44,44,44,43,41,39,37,34,30,26,23,19,15,12,8,6,3,1,0.1,0.1,0.1,1,3,6,9,13,17,22,27,33,38,44,49,54,59,63,67,70,72,74,75,75,74,72,70,66,62,58,53,48,43,37,31,26,21,16,12,8,5,3,1,0.1,0.1,1,2,4,7,10,13,17,21,26,30,35,39,42,46,49,52,53,55,55,55,55,54,52,49,47,43,40,36,32,28,24,20,16,12,9,6,4,2,1,0.1,0.1,0.1,1,2,4,6,8,10,13,16,18,21,23,26,28,30,31,32,33,33,33,32,32,30,29,27,25,23,21,18,16,14,11,9,7,5,4,3,1,1,0.1,0.1,0.1,0.1,1,2,2,4,5,6,7,8,9,11,12,12,13,14,14,15,15,15,14,14,13,13,12,11,10,9,8,7,6,5,4,4,3,2,2,1,1,0.1,0.1,0.1,0.1,0.1,0.1,0.1,0.1,1,1,1,1,2,2,2,2,2,2,2,2,2,2,2,2,2,2,1,1,1,1,1,1,0.1,0.1,0.1,0.1,0.1,0.1,0.1,0.1,0.1,0.1,0.1,0.1,0.1,0.1,0.1,0.1,0.1,0.1,0.1,0.1,1,1,1,1,1,1,0.1,0.1,0.1,0.1,0.1,0.1,0.1,0.1,0.1,0.1,0.1,0.1,0.1,0.1,0.1,0.1,0.1,0.1,0.1,0.1,0.1,0.1,0.1,0.1,0.1,0.1,0.1,0.1,0.1,0.1,0.1,0.1,0.1
0.1,0.1,0.1,0.1,0.1,0.1,0.1,0.1,0.1,0.1,0.1,0.1,0.1,0.1,0.1,0.1,0.1,0.1,0.1,0.1,0.1,0.1,0.1,0.1,0.1,0.1,0.1,0.1,0.1,0.1,0.1,0.1,0.1,0.1,0.1,1,1,1,1,1,1,1,1,1,1,1,0.1,0.1,0.1,0.1,0.1,0.1,0.1,0.1,0.1,0.1,0.1,0.1,0.1,0.1,0.1,0.1,0.1,0.1,0.1,0.1,1,1,1,1,1,1,1,1,1,1,1,1,1,1,1,1,0.1,0.1,0.1,0.1,0.1,0.1,0.1,0.1,0.1,0.1,1,1,1,2,3,3,4,5,6,7,7,8,9,10,11,12,13,13,14,14,14,15,14,14,14,13,13,12,11,10,9,7,6,5,4,3,2,1,1,0.1,0.1,0.1,0.1,1,2,3,4,6,8,10,12,14,17,19,21,24,26,28,29,31,32,32,33,33,33,32,31,29,27,25,23,21,18,15,13,10,8,6,4,2,1,0.1,0.1,0.1,1,2,4,6,9,12,16,19,23,27,31,35,39,43,46,49,51,53,55,55,56,55,54,52,50,47,44,40,36,32,27,23,19,15,11,8,5,3,1,0.1,0.1,1,2,4,6,10,14,18,23,28,34,39,45,50,55,60,64,68,71,74,75,76,76,76,74,72,69,66,62,58,53,48,43,37,32,27,22,18,14,10,7,4,2,1,0.1,0.1,0.1,1,2,4,5,7,9,11,13,15,16,17,18,19,19,19,18,17,16,15,13,11,9,7,5,4,2,1,0.1,0.1,0.1,1,2,4,7,10,14,18,22,27,32,37,43,48,53,58,62,66,69,72,74,76,76,76,75,74,71,68,64,60,55,50,45,39,34,28,23,18,14,10,6,4,2,1,0.1,0.1,1,3,5,8,11,15,19,23,27,32,36,40,44,47,50,52,54,55,56,55,55,53,51,49,46,43,39,35,31,27,23,19,16,12,9,6,4,2,1,0.1,0.1,0.1,1,2,4,6,8,10,13,15,18,21,23,25,27,29,31,32,33,33,33,32,32,31,29,28,26,24,21,19,17,14,12,10,8,6,4,3,2,1,0.1,0.1,0.1,0.1,1,1,2,3,4,5,6,7,9,10,11,12,13,13,14,14,14,15,14,14,14,13,13,12,11,10,9,8,7,7,6,5,4,3,3,2,1,1,1,0.1,0.1,0.1,0.1,0.1,0.1,0.1,0.1,0.1,0.1,1,1,1,1,1,1,1,1,1,1,1,1,1,1,1,1,0.1,0.1,0.1,0.1,0.1,0.1,0.1,0.1,0.1,0.1,0.1,0.1,0.1,0.1,0.1,0.1,0.1,0.1,0.1,0.1,1,1,1,1,1,1,1,1,1,1,1,0.1,0.1,0.1,0.1,0.1,0.1,0.1,0.1,0.1,0.1,0.1,0.1,0.1,0.1,0.1,0.1,0.1,0.1,0.1,0.1,0.1,0.1,0.1,0.1,0.1,0.1,0.1,0.1,0.1,0.1,0.1,0.1
0.1,0.1,0.1,0.1,0.1,0.1,0.1,0.1,0.1,0.1,0.1,0.1,0.1,0.1,0.1,0.1,0.1,0.1,0.1,0.1,0.1,0.1,0.1,0.1,0.1,0.1,0.1,0.1,0.1,0.1,0.1,0.1,0.1,0.1,0.1,1,1,1,1,1,1,1,1,1,1,1,1,1,1,0.1,0.1,0.1,0.1,0.1,0.1,0.1,0.1,0.1,0.1,0.1,0.1,0.1,0.1,0.1,0.1,0.1,0.1,0.1,0.1,0.1,0.1,0.1,0.1,0.1,0.1,0.1,0.1,0.1,0.1,0.1,0.1,0.1,0.1,0.1,0.1,0.1,0.1,0.1,0.1,1,1,1,2,2,3,3,4,5,5,6,7,8,9,10,11,11,12,13,13,14,14,14,14,14,14,14,13,13,12,11,10,9,8,7,5,4,3,2,1,1,0.1,0.1,0.1,0.1,1,1,2,4,5,7,9,11,13,15,17,20,22,24,26,28,29,31,32,32,33,32,32,31,30,29,27,25,22,20,18,15,12,10,8,5,4,2,1,0.1,0.1,0.1,1,2,4,6,9,12,15,19,23,27,31,34,38,42,45,48,51,53,54,55,55,55,54,53,50,48,45,41,37,33,29,25,20,16,13,9,6,4,2,1,0.1,0.1,1,3,5,8,11,15,20,25,30,36,41,46,52,57,62,66,70,73,75,77,78,78,78,77,75,73,70,66,62,58,53,48,43,38,33,28,24,20,16,12,9,7,5,3,2,1,0.1,0.1,0.1,0.1,1,1,2,3,3,4,4,4,5,4,4,4,3,3,2,1,1,0.1,0.1,0.1,0.1,1,2,3,5,7,9,12,16,20,24,28,33,38,43,48,53,58,62,66,70,73,75,77,78,78,78,77,75,73,70,66,62,57,52,46,41,36,30,25,20,15,11,8,5,3,1,0.1,0.1,1,2,4,6,9,13,16,20,25,29,33,37,41,45,48,50,53,54,55,55,55,54,53,51,48,45,42,38,34,31,27,23,19,15,12,9,6,4,2,1,0.1,0.1,0.1,1,2,4,5,8,10,12,15,18,20,22,25,27,29,30,31,32,32,33,32,32,31,29,28,26,24,22,20,17,15,13,11,9,7,5,4,2,1,1,0.1,0.1,0.1,0.1,1,1,2,3,4,5,7,8,9,10,11,12,13,13,14,14,14,14,14,14,14,13,13,12,11,11,10,9,8,7,6,5,5,4,3,3,2,2,1,1,1,0.1,0.1,0.1,0.1,0.1,0.1,0.1,0.1,0.1,0.1,0.1,0.1,0.1,0.1,0.1,0.1,0.1,0.1,0.1,0.1,0.1,0.1,0.1,0.1,0.1,0.1,0.1,0.1,0.1,0.1,0.1,0.1,0.1,0.1,0.1,0.1,0.1,0.1,0.1,0.1,1,1,1,1,1,1,1,1,1,1,1,1,1,1,0.1,0.1,0.1,0.1,0.1,0.1,0.1,0.1,0.1,0.1,0.1,0.1,0.1,0.1,0.1,0.1,0.1,0.1,0.1,0.1,0.1,0.1,0.1,0.1,0.1,0.1,0.1,0.1,0.1,0.1,0.1,0.1
0.1,0.1,0.1,0.1,0.1,0.1,0.1,0.1,0.1,0.1,0.1,0.1,0.1,0.1,0.1,0.1,0.1,0.1,0.1,0.1,0.1,0.1,0.1,0.1,0.1,0.1,0.1,0.1,0.1,0.1,0.1,0.1,0.1,0.1,0.1,1,1,1,1,1,1,1,1,1,1,1,1,1,1,1,1,1,1,1,0.1,0.1,0.1,0.1,0.1,0.1,0.1,0.1,0.1,0.1,0.1,0.1,0.1,0.1,0.1,0.1,0.1,0.1,0.1,0.1,0.1,0.1,0.1,0.1,0.1,0.1,0.1,0.1,0.1,0.1,0.1,1,1,1,1,2,2,2,3,3,4,5,5,6,7,8,8,9,10,11,12,12,13,13,14,14,14,14,14,14,14,13,13,12,11,10,9,8,7,6,5,4,3,2,1,1,0.1,0.1,0.1,0.1,1,2,3,4,6,7,9,11,13,15,18,20,22,24,26,28,29,30,31,32,32,32,31,31,29,28,26,24,22,19,17,14,12,10,7,5,3,2,1,0.1,0.1,0.1,1,2,4,6,8,11,15,18,22,26,30,33,37,41,44,47,50,52,53,54,55,54,54,52,50,48,45,42,38,34,30,26,22,18,14,11,7,5,3,1,0.1,0.1,0.1,2,4,6,9,13,17,22,27,32,37,43,48,54,59,63,68,71,75,77,79,80,81,81,80,79,77,74,71,68,64,59,55,50,46,41,37,32,28,24,20,17,14,11,9,7,5,4,3,2,1,1,0.1,0.1,0.1,0.1,0.1,0.1,0.1,0.1,0.1,0.1,0.1,0.1,0.1,1,1,2,3,4,5,7,9,11,14,17,20,24,28,32,37,41,46,50,55,59,64,68,71,74,77,79,80,81,81,80,79,77,75,71,68,63,59,54,48,43,37,32,27,22,17,13,9,6,4,2,0.1,0.1,0.1,1,3,5,7,11,14,18,22,26,30,34,38,42,45,48,50,52,54,54,55,54,53,52,50,47,44,41,37,33,30,26,22,18,15,11,8,6,4,2,1,0.1,0.1,0.1,1,2,3,5,7,10,12,14,17,19,22,24,26,28,29,31,31,32,32,32,31,30,29,28,26,24,22,20,18,15,13,11,9,7,6,4,3,2,1,0.1,0.1,0.1,0.1,1,1,2,3,4,5,6,7,8,9,10,11,12,13,13,14,14,14,14,14,14,14,13,13,12,12,11,10,9,8,8,7,6,5,5,4,3,3,2,2,2,1,1,1,1,0.1,0.1,0.1,0.1,0.1,0.1,0.1,0.1,0.1,0.1,0.1,0.1,0.1,0.1,0.1,0.1,0.1,0.1,0.1,0.1,0.1,0.1,0.1,0.1,0.1,0.1,0.1,0.1,0.1,0.1,0.1,1,1,1,1,1,1,1,1,1,1,1,1,1,1,1,1,1,1,1,0.1,0.1,0.1,0.1,0.1,0.1,0.1,0.1,0.1,0.1,0.1,0.1,0.1,0.1,0.1,0.1,0.1,0.1,0.1,0.1,0.1,0.1,0.1,0.1,0.1,0.1,0.1,0.1,0.1,0.1,0.1,0.1
0.1,0.1,0.1,0.1,0.1,0.1,0.1,0.1,0.1,0.1,0.1,0.1,0.1,0.1,0.1,0.1,0.1,0.1,0.1,0.1,0.1,0.1,0.1,0.1,0.1,0.1,0.1,0.1,0.1,0.1,0.1,0.1,0.1,0.1,1,1,1,1,1,1,1,1,1,1,1,1,1,1,1,1,1,1,1,1,1,1,1,1,1,1,0.1,0.1,0.1,0.1,0.1,0.1,0.1,0.1,0.1,0.1,0.1,0.1,0.1,0.1,0.1,0.1,0.1,0.1,0.1,1,1,1,1,1,1,2,2,2,2,3,3,4,4,5,6,6,7,8,8,9,10,11,11,12,13,13,14,14,14,14,14,14,14,14,13,13,12,11,10,9,8,7,6,5,4,3,2,1,1,0.1,0.1,0.1,0.1,1,1,2,3,5,6,8,10,12,14,16,18,20,22,24,26,27,29,30,31,31,31,31,30,30,28,27,25,23,21,19,16,14,11,9,7,5,3,2,1,0.1,0.1,0.1,1,2,4,6,8,11,14,17,21,25,28,32,36,39,43,46,48,50,52,53,54,54,53,52,50,48,45,42,39,35,31,27,23,19,15,12,9,6,3,2,1,0.1,0.1,1,2,5,7,11,14,19,24,29,34,39,45,50,55,60,65,69,73,77,80,82,83,84,85,84,83,82,80,77,74,71,67,63,59,55,51,47,43,38,35,31,27,24,21,19,16,14,12,10,9,8,7,6,6,5,5,5,5,5,5,5,6,6,7,8,9,10,12,14,16,19,21,24,27,31,35,38,43,47,51,55,59,63,67,71,74,77,80,82,83,84,85,84,83,82,80,77,73,69,65,60,55,50,45,39,34,29,24,19,14,11,7,5,2,1,0.1,0.1,1,2,3,6,9,12,15,19,23,27,31,35,39,42,45,48,50,52,53,54,54,53,52,50,48,46,43,39,36,32,28,25,21,17,14,11,8,6,4,2,1,0.1,0.1,0.1,1,2,3,5,7,9,11,14,16,19,21,23,25,27,28,30,30,31,31,31,31,30,29,27,26,24,22,20,18,16,14,12,10,8,6,5,3,2,1,1,0.1,0.1,0.1,0.1,1,1,2,3,4,5,6,7,8,9,10,11,12,13,13,14,14,14,14,14,14,14,14,13,13,12,11,11,10,9,8,8,7,6,6,5,4,4,3,3,2,2,2,2,1,1,1,1,1,1,0.1,0.1,0.1,0.1,0.1,0.1,0.1,0.1,0.1,0.1,0.1,0.1,0.1,0.1,0.1,0.1,0.1,0.1,0.1,1,1,1,1,1,1,1,1,1,1,1,1,1,1,1,1,1,1,1,1,1,1,1,1,1,1,0.1,0.1,0.1,0.1,0.1,0.1,0.1,0.1,0.1,0.1,0.1,0.1,0.1,0.1,0.1,0.1,0.1,0.1,0.1,0.1,0.1,0.1,0.1,0.1,0.1,0.1,0.1,0.1,0.1,0.1,0.1
0.1,0.1,0.1,0.1,0.1,0.1,0.1,0.1,0.1,0.1,0.1,0.1,0.1,0.1,0.1,0.1,0.1,0.1,0.1,0.1,0.1,0.1,0.1,0.1,0.1,0.1,0.1,0.1,0.1,0.1,0.1,0.1,0.1,0.1,0.1,1,1,1,1,1,1,1,1,1,1,1,1,1,1,1,1,1,1,1,1,1,1,1,1,1,1,1,1,1,1,1,1,1,1,1,1,1,1,1,1,1,1,1,1,1,2,2,2,2,3,3,3,4,4,4,5,6,6,7,7,8,9,9,10,11,11,12,12,13,13,14,14,14,14,14,14,14,14,13,13,12,11,10,9,8,7,6,5,4,3,2,2,1,0.1,0.1,0.1,0.1,0.1,1,2,2,4,5,6,8,10,12,14,16,18,20,22,24,25,27,28,29,30,30,30,30,29,28,27,26,24,22,20,18,15,13,11,9,7,5,3,2,1,0.1,0.1,0.1,1,2,3,5,8,10,13,17,20,24,27,31,34,38,41,44,46,48,50,51,52,52,52,51,49,47,45,42,39,35,32,28,24,20,16,13,10,7,4,2,1,0.1,0.1,0.1,2,3,6,9,12,16,20,25,30,36,41,46,52,57,62,67,71,76,79,82,85,87,88,89,89,89,88,86,85,82,80,77,73,70,66,63,59,55,51,48,44,41,38,35,32,30,27,25,24,22,21,20,19,18,17,17,17,17,17,18,19,20,21,22,24,25,27,30,32,35,38,41,44,48,51,55,59,63,66,70,73,77,80,82,85,86,88,89,89,89,88,87,85,82,79,76,71,67,62,57,52,46,41,36,30,25,20,16,12,9,6,3,2,0.1,0.1,0.1,1,2,4,7,10,13,16,20,24,28,32,35,39,42,45,47,49,51,52,52,52,51,50,48,46,44,41,38,34,31,27,24,20,17,13,10,8,5,3,2,1,0.1,0.1,0.1,1,2,3,5,7,9,11,13,15,18,20,22,24,26,27,28,29,30,30,30,30,29,28,27,25,24,22,20,18,16,14,12,10,8,6,5,4,2,2,1,0.1,0.1,0.1,0.1,0.1,1,2,2,3,4,5,6,7,8,9,10,11,12,13,13,14,14,14,14,14,14,14,14,13,13,12,12,11,11,10,9,9,8,7,7,6,6,5,4,4,4,3,3,3,2,2,2,2,1,1,1,1,1,1,1,1,1,1,1,1,1,1,1,1,1,1,1,1,1,1,1,1,1,1,1,1,1,1,1,1,1,1,1,1,1,1,1,1,1,1,1,1,1,0.1,0.1,0.1,0.1,0.1,0.1,0.1,0.1,0.1,0.1,0.1,0.1,0.1,0.1,0.1,0.1,0.1,0.1,0.1,0.1,0.1,0.1,0.1,0.1,0.1,0.1,0.1,0.1,0.1,0.1,0.1,0.1
0.1,0.1,0.1,0.1,0.1,0.1,0.1,0.1,0.1,0.1,0.1,0.1,0.1,0.1,0.1,0.1,0.1,0.1,0.1,0.1,0.1,0.1,0.1,0.1,0.1,0.1,0.1,0.1,0.1,0.1,0.1,0.1,0.1,0.1,0.1,1,1,1,1,1,1,1,1,1,1,1,1,1,1,1,1,2,2,2,2,2,2,2,2,2,2,2,2,2,2,2,2,2,2,2,2,2,2,2,2,2,2,2,3,3,3,3,3,4,4,4,5,5,6,6,7,7,8,8,9,10,10,11,11,12,13,13,13,14,14,14,15,15,15,14,14,14,13,13,12,11,10,9,8,7,6,5,4,3,3,2,1,1,0.1,0.1,0.1,0.1,1,1,2,3,4,5,7,9,10,12,14,16,18,20,22,23,25,26,27,28,28,29,29,28,28,27,26,24,23,21,19,17,15,12,10,8,6,4,3,2,1,0.1,0.1,0.1,1,2,3,5,7,10,13,16,19,22,26,29,32,36,39,42,44,46,48,49,50,50,50,49,48,46,44,42,39,35,32,28,25,21,17,14,11,8,5,3,2,1,0.1,0.1,1,2,4,7,10,13,17,22,27,32,37,43,48,53,59,64,69,74,78,82,85,88,91,92,94,95,95,95,94,93,92,90,88,85,82,80,77,73,70,67,64,61,58,55,53,50,48,46,44,42,41,39,38,37,37,37,36,37,37,37,38,39,41,42,44,46,48,50,53,55,58,61,64,67,70,73,77,80,82,85,88,90,92,93,94,95,95,95,94,92,91,88,85,82,78,74,69,64,59,53,48,43,37,32,27,22,17,13,10,7,4,2,1,0.1,0.1,1,2,3,5,8,11,14,17,21,25,28,32,35,39,42,44,46,48,49,50,50,50,49,48,46,44,42,39,36,32,29,26,22,19,16,13,10,7,5,3,2,1,0.1,0.1,0.1,1,2,3,4,6,8,10,12,15,17,19,21,23,24,26,27,28,28,29,29,28,28,27,26,25,23,22,20,18,16,14,12,10,9,7,5,4,3,2,1,1,0.1,0.1,0.1,0.1,1,1,2,3,3,4,5,6,7,8,9,10,11,12,13,13,14,14,14,15,15,15,14,14,14,13,13,13,12,11,11,10,10,9,8,8,7,7,6,6,5,5,4,4,4,3,3,3,3,3,2,2,2,2,2,2,2,2,2,2,2,2,2,2,2,2,2,2,2,2,2,2,2,2,2,2,2,1,1,1,1,1,1,1,1,1,1,1,1,1,1,1,1,0.1,0.1,0.1,0.1,0.1,0.1,0.1,0.1,0.1,0.1,0.1,0.1,0.1,0.1,0.1,0.1,0.1,0.1,0.1,0.1,0.1,0.1,0.1,0.1,0.1,0.1,0.1,0.1,0.1,0.1,0.1,0.1
0.1,0.1,0.1,0.1,0.1,0.1,0.1,0.1,0.1,0.1,0.1,0.1,0.1,0.1,0.1,0.1,0.1,0.1,0.1,0.1,0.1,0.1,0.1,0.1,0.1,0.1,0.1,0.1,0.1,0.1,0.1,0.1,0.1,0.1,0.1,1,1,1,1,1,1,1,1,1,1,1,1,2,2,2,2,2,2,2,2,2,2,2,2,2,2,2,2,2,2,2,3,3,3,3,3,3,3,3,3,4,4,4,4,4,5,5,5,6,6,6,7,7,8,8,9,9,10,10,11,11,12,12,13,13,14,14,14,15,15,15,15,15,14,14,14,13,13,12,11,10,9,9,8,7,6,5,4,3,2,1,1,0.1,0.1,0.1,0.1,0.1,1,1,2,3,4,6,7,9,10,12,14,16,18,19,21,22,24,25,26,27,27,27,27,27,26,25,24,23,21,20,18,16,14,12,10,8,6,4,3,2,1,0.1,0.1,0.1,1,2,3,5,7,9,12,15,18,21,24,27,30,34,36,39,42,44,45,47,48,48,48,47,46,45,43,41,38,35,32,29,25,22,18,15,12,9,6,4,2,1,0.1,0.1,0.1,1,3,5,8,11,15,19,23,28,33,39,44,50,55,61,66,71,76,81,85,89,92,95,98,100,101,102,103,103,103,102,101,100,98,97,95,93,90,88,85,83,81,78,76,74,72,70,68,67,65,64,63,62,62,61,61,61,62,62,63,64,65,67,68,70,72,74,76,78,81,83,85,88,90,93,95,97,98,100,101,102,103,103,103,102,101,100,98,95,92,89,85,81,76,71,66,61,55,50,44,39,33,28,23,19,15,11,8,5,3,1,0.1,0.1,0.1,1,2,4,6,9,12,15,18,22,25,29,32,35,38,41,43,45,46,47,48,48,48,47,45,44,42,39,36,34,30,27,24,21,18,15,12,9,7,5,3,2,1,0.1,0.1,0.1,1,2,3,4,6,8,10,12,14,16,18,20,21,23,24,25,26,27,27,27,27,27,26,25,24,22,21,19,18,16,14,12,10,9,7,6,4,3,2,1,1,0.1,0.1,0.1,0.1,0.1,1,1,2,3,4,5,6,7,8,9,9,10,11,12,13,13,14,14,14,15,15,15,15,15,14,14,14,13,13,12,12,11,11,10,10,9,9,8,8,7,7,6,6,6,5,5,5,4,4,4,4,4,3,3,3,3,3,3,3,3,3,2,2,2,2,2,2,2,2,2,2,2,2,2,2,2,2,2,2,2,1,1,1,1,1,1,1,1,1,1,1,1,0.1,0.1,0.1,0.1,0.1,0.1,0.1,0.1,0.1,0.1,0.1,0.1,0.1,0.1,0.1,0.1,0.1,0.1,0.1,0.1,0.1,0.1,0.1,0.1,0.1,0.1,0.1,0.1,0.1,0.1,0.1,0.1
0.1,0.1,0.1,0.1,0.1,0.1,0.1,0.1,0.1,0.1,0.1,0.1,0.1,0.1,0.1,0.1,0.1,0.1,0.1,0.1,0.1,0.1,0.1,0.1,0.1,0.1,0.1,0.1,0.1,0.1,0.1,0.1,0.1,0.1,0.1,1,1,1,1,1,1,1,1,1,1,2,2,2,2,2,2,2,2,2,2,3,3,3,3,3,3,3,3,3,3,4,4,4,4,4,4,4,5,5,5,5,5,6,6,6,7,7,7,8,8,8,9,9,10,10,11,11,12,12,13,13,13,14,14,14,15,15,15,15,15,15,15,15,14,14,13,13,12,11,10,10,9,8,7,6,5,4,3,2,2,1,1,0.1,0.1,0.1,0.1,0.1,1,2,2,4,5,6,7,9,10,12,14,15,17,19,20,22,23,24,25,25,26,26,26,25,25,24,23,21,20,18,16,14,13,11,9,7,5,4,3,1,1,0.1,0.1,0.1,1,2,3,4,6,8,11,13,16,19,22,25,28,31,34,36,39,41,43,44,45,45,45,45,44,43,41,39,37,34,31,28,25,22,19,15,12,10,7,5,3,1,1,0.1,0.1,1,2,4,6,9,12,16,20,24,29,34,40,45,51,57,62,68,73,78,83,88,92,96,100,103,106,108,110,112,113,114,114,114,114,114,113,112,111,109,108,106,105,103,102,100,99,97,96,95,94,93,92,91,91,91,90,91,91,91,92,93,94,95,96,97,99,100,102,103,105,106,108,109,111,112,113,114,114,114,114,114,113,112,110,108,106,103,100,96,92,88,83,78,73,68,62,57,51,45,40,34,29,24,20,16,12,9,6,4,2,1,0.1,0.1,1,1,3,5,7,10,12,15,19,22,25,28,31,34,37,39,41,43,44,45,45,45,45,44,43,41,39,36,34,31,28,25,22,19,16,13,11,8,6,4,3,2,1,0.1,0.1,0.1,1,1,3,4,5,7,9,11,13,14,16,18,20,21,23,24,25,25,26,26,26,25,25,24,23,22,20,19,17,15,14,12,10,9,7,6,5,4,2,2,1,0.1,0.1,0.1,0.1,0.1,1,1,2,2,3,4,5,6,7,8,9,10,10,11,12,13,13,14,14,15,15,15,15,15,15,15,15,14,14,14,13,13,13,12,12,11,11,10,10,9,9,8,8,8,7,7,7,6,6,6,5,5,5,5,5,4,4,4,4,4,4,4,3,3,3,3,3,3,3,3,3,3,2,2,2,2,2,2,2,2,2,2,1,1,1,1,1,1,1,1,1,1,0.1,0.1,0.1,0.1,0.1,0.1,0.1,0.1,0.1,0.1,0.1,0.1,0.1,0.1,0.1,0.1,0.1,0.1,0.1,0.1,0.1,0.1,0.1,0.1,0.1,0.1,0.1,0.1,0.1,0.1,0.1,0.1
0.1,0.1,0.1,0.1,0.1,0.1,0.1,0.1,0.1,0.1,0.1,0.1,0.1,0.1,0.1,0.1,0.1,0.1,0.1,0.1,0.1,0.1,0.1,0.1,0.1,0.1,0.1,0.1,0.1,0.1,0.1,0.1,0.1,0.1,0.1,1,1,1,1,1,1,1,1,1,1,2,2,2,2,2,2,2,3,3,3,3,3,3,4,4,4,4,4,4,4,5,5,5,5,5,6,6,6,6,7,7,7,8,8,8,9,9,9,10,10,10,11,11,12,12,13,13,13,14,14,14,15,15,15,15,16,16,16,15,15,15,15,14,14,13,13,12,11,10,9,9,8,7,6,5,4,3,2,2,1,1,0.1,0.1,0.1,0.1,0.1,1,1,2,3,4,5,6,7,9,10,12,13,15,16,18,19,20,21,22,23,23,24,24,24,23,23,22,21,19,18,17,15,13,11,10,8,6,5,3,2,1,1,0.1,0.1,0.1,1,1,3,4,6,8,10,12,15,17,20,23,26,28,31,34,36,38,39,41,42,42,42,42,42,41,39,38,36,33,31,28,25,22,19,16,13,10,8,6,4,2,1,0.1,0.1,0.1,1,2,4,7,10,13,17,21,25,30,36,41,47,52,58,64,70,75,81,86,92,96,101,105,109,113,116,119,122,124,126,127,129,130,130,131,131,131,130,130,130,129,128,128,127,126,126,125,124,124,123,123,123,122,122,122,123,123,123,124,124,125,126,126,127,128,128,129,130,130,130,131,131,131,130,130,129,127,126,124,122,119,116,113,109,105,101,96,92,86,81,75,70,64,58,52,47,41,36,30,25,21,17,13,10,7,4,2,1,0.1,0.1,0.1,1,2,4,6,8,10,13,16,19,22,25,28,31,33,36,38,39,41,42,42,42,42,42,41,39,38,36,34,31,28,26,23,20,17,15,12,10,8,6,4,3,1,1,0.1,0.1,0.1,1,1,2,3,5,6,8,10,11,13,15,17,18,19,21,22,23,23,24,24,24,23,23,22,21,20,19,18,16,15,13,12,10,9,7,6,5,4,3,2,1,1,0.1,0.1,0.1,0.1,0.1,1,1,2,2,3,4,5,6,7,8,9,9,10,11,12,13,13,14,14,15,15,15,15,16,16,16,15,15,15,15,14,14,14,13,13,13,12,12,11,11,10,10,10,9,9,9,8,8,8,7,7,7,6,6,6,6,5,5,5,5,5,4,4,4,4,4,4,4,3,3,3,3,3,3,2,2,2,2,2,2,2,1,1,1,1,1,1,1,1,1,1,0.1,0.1,0.1,0.1,0.1,0.1,0.1,0.1,0.1,0.1,0.1,0.1,0.1,0.1,0.1,0.1,0.1,0.1,0.1,0.1,0.1,0.1,0.1,0.1,0.1,0.1,0.1,0.1,0.1,0.1,0.1,0.1
0.1,0.1,0.1,0.1,0.1,0.1,0.1,0.1,0.1,0.1,0.1,0.1,0.1,0.1,0.1,0.1,0.1,0.1,0.1,0.1,0.1,0.1,0.1,0.1,0.1,0.1,0.1,0.1,0.1,0.1,0.1,0.1,0.1,0.1,0.1,0.1,1,1,1,1,1,1,1,1,2,2,2,2,2,2,3,3,3,3,3,4,4,4,4,4,5,5,5,5,6,6,6,6,7,7,7,7,8,8,8,9,9,9,10,10,11,11,11,12,12,13,13,13,14,14,14,15,15,15,16,16,16,16,16,16,16,16,16,16,15,15,14,14,13,13,12,11,10,9,9,8,7,6,5,4,3,3,2,1,1,0.1,0.1,0.1,0.1,0.1,0.1,1,1,2,3,4,5,6,7,9,10,12,13,14,16,17,18,19,20,21,21,22,22,22,22,21,21,20,19,18,16,15,13,12,10,9,7,6,4,3,2,1,1,0.1,0.1,0.1,1,1,2,4,5,7,9,11,13,16,18,21,23,26,28,30,32,34,36,37,38,39,39,39,39,38,37,35,34,32,29,27,24,22,19,16,13,11,8,6,4,3,1,1,0.1,0.1,1,1,3,5,7,10,14,17,22,26,31,37,42,48,54,60,66,72,78,84,90,95,101,106,111,116,121,125,129,133,136,139,142,144,146,148,150,151,152,153,154,155,155,155,156,156,156,156,156,156,156,156,156,156,156,156,156,156,156,156,156,156,156,156,156,155,155,155,154,153,152,151,150,148,146,144,142,139,136,133,129,125,121,116,111,106,101,95,90,84,78,72,66,60,54,48,42,37,31,26,22,17,14,10,7,5,3,1,1,0.1,0.1,1,1,3,4,6,8,11,13,16,19,22,24,27,29,32,34,35,37,38,39,39,39,39,38,37,36,34,32,30,28,26,23,21,18,16,13,11,9,7,5,4,2,1,1,0.1,0.1,0.1,1,1,2,3,4,6,7,9,10,12,13,15,16,18,19,20,21,21,22,22,22,22,21,21,20,19,18,17,16,14,13,12,10,9,7,6,5,4,3,2,1,1,0.1,0.1,0.1,0.1,0.1,0.1,1,1,2,3,3,4,5,6,7,8,9,9,10,11,12,13,13,14,14,15,15,16,16,16,16,16,16,16,16,16,16,15,15,15,14,14,14,13,13,13,12,12,11,11,11,10,10,9,9,9,8,8,8,7,7,7,7,6,6,6,6,5,5,5,5,4,4,4,4,4,3,3,3,3,3,2,2,2,2,2,2,1,1,1,1,1,1,1,1,0.1,0.1,0.1,0.1,0.1,0.1,0.1,0.1,0.1,0.1,0.1,0.1,0.1,0.1,0.1,0.1,0.1,0.1,0.1,0.1,0.1,0.1,0.1,0.1,0.1,0.1,0.1,0.1,0.1,0.1,0.1,0.1,0.1
0.1,0.1,0.1,0.1,0.1,0.1,0.1,0.1,0.1,0.1,0.1,0.1,0.1,0.1,0.1,0.1,0.1,0.1,0.1,0.1,0.1,0.1,0.1,0.1,0.1,0.1,0.1,0.1,0.1,0.1,0.1,0.1,0.1,0.1,0.1,0.1,1,1,1,1,1,1,1,1,2,2,2,2,2,3,3,3,3,3,4,4,4,5,5,5,5,6,6,6,7,7,7,8,8,8,9,9,9,10,10,11,11,11,12,12,13,13,13,14,14,15,15,15,16,16,16,16,17,17,17,17,17,17,17,17,16,16,16,15,15,14,14,13,13,12,11,10,9,8,8,7,6,5,4,3,3,2,1,1,1,0.1,0.1,0.1,0.1,0.1,1,1,2,2,3,4,5,6,7,9,10,11,12,13,15,16,17,18,18,19,19,20,20,20,19,19,18,18,17,16,14,13,12,10,9,8,6,5,4,3,2,1,0.1,0.1,0.1,0.1,0.1,1,2,3,4,6,8,10,12,14,16,18,21,23,25,27,29,31,32,34,35,35,36,36,36,35,34,33,32,30,28,26,24,21,19,16,14,11,9,7,5,3,2,1,0.1,0.1,0.1,1,2,3,5,8,11,14,18,22,27,32,37,43,49,55,61,67,74,80,87,93,99,106,112,118,123,129,134,139,144,149,153,157,161,164,167,170,173,175,177,179,181,183,184,185,186,187,188,188,189,189,190,190,190,190,190,189,189,188,188,187,186,185,184,183,181,179,177,175,173,170,167,164,161,157,153,149,144,139,134,129,123,118,112,106,99,93,87,80,74,67,61,55,49,43,37,32,27,22,18,14,11,8,5,3,2,1,0.1,0.1,0.1,1,2,3,5,7,9,11,14,16,19,21,24,26,28,30,32,33,34,35,36,36,36,35,35,34,32,31,29,27,25,23,21,18,16,14,12,10,8,6,4,3,2,1,0.1,0.1,0.1,0.1,0.1,1,2,3,4,5,6,8,9,10,12,13,14,16,17,18,18,19,19,20,20,20,19,19,18,18,17,16,15,13,12,11,10,9,7,6,5,4,3,2,2,1,1,0.1,0.1,0.1,0.1,0.1,1,1,1,2,3,3,4,5,6,7,8,8,9,10,11,12,13,13,14,14,15,15,16,16,16,17,17,17,17,17,17,17,17,16,16,16,16,15,15,15,14,14,13,13,13,12,12,11,11,11,10,10,9,9,9,8,8,8,7,7,7,6,6,6,5,5,5,5,4,4,4,3,3,3,3,3,2,2,2,2,2,1,1,1,1,1,1,1,1,0.1,0.1,0.1,0.1,0.1,0.1,0.1,0.1,0.1,0.1,0.1,0.1,0.1,0.1,0.1,0.1,0.1,0.1,0.1,0.1,0.1,0.1,0.1,0.1,0.1,0.1,0.1,0.1,0.1,0.1,0.1,0.1,0.1
0.1,0.1,0.1,0.1,0.1,0.1,0.1,0.1,0.1,0.1,0.1,0.1,0.1,0.1,0.1,0.1,0.1,0.1,0.1,0.1,0.1,0.1,0.1,0.1,0.1,0.1,0.1,0.1,0.1,0.1,0.1,0.1,0.1,0.1,0.1,0.1,1,1,1,1,1,1,1,1,2,2,2,2,2,3,3,3,3,4,4,4,5,5,5,6,6,7,7,7,8,8,9,9,9,10,10,11,11,12,12,12,13,13,14,14,15,15,15,16,16,16,17,17,17,17,18,18,18,18,18,18,18,17,17,17,17,16,16,15,15,14,13,12,12,11,10,9,8,7,7,6,5,4,3,3,2,1,1,1,0.1,0.1,0.1,0.1,0.1,0.1,1,1,2,3,3,4,5,6,7,8,9,10,11,13,13,14,15,16,16,17,17,17,17,17,17,17,16,15,15,14,13,11,10,9,8,7,5,4,3,2,2,1,0.1,0.1,0.1,0.1,0.1,1,2,3,4,5,7,8,10,12,14,16,18,20,22,24,25,27,28,30,31,31,32,32,32,32,31,30,29,28,26,24,22,20,18,16,14,12,9,7,6,4,3,1,1,0.1,0.1,0.1,1,2,4,6,8,11,15,18,23,27,32,38,43,49,56,62,69,75,82,89,96,103,110,117,124,131,137,144,150,156,162,167,173,178,182,187,191,195,199,202,205,208,211,213,215,217,219,220,221,222,222,223,223,223,222,222,221,220,219,217,215,213,211,208,205,202,199,195,191,187,182,178,173,167,162,156,150,144,137,131,124,117,110,103,96,89,82,75,69,62,56,49,43,38,32,27,23,18,15,11,8,6,4,2,1,0.1,0.1,0.1,1,1,3,4,6,7,9,12,14,16,18,20,22,24,26,28,29,30,31,32,32,32,32,31,31,30,28,27,25,24,22,20,18,16,14,12,10,8,7,5,4,3,2,1,0.1,0.1,0.1,0.1,0.1,1,2,2,3,4,5,7,8,9,10,11,13,14,15,15,16,17,17,17,17,17,17,17,16,16,15,14,13,13,11,10,9,8,7,6,5,4,3,3,2,1,1,0.1,0.1,0.1,0.1,0.1,0.1,1,1,1,2,3,3,4,5,6,7,7,8,9,10,11,12,12,13,14,15,15,16,16,17,17,17,17,18,18,18,18,18,18,18,17,17,17,17,16,16,16,15,15,15,14,14,13,13,12,12,12,11,11,10,10,9,9,9,8,8,7,7,7,6,6,5,5,5,4,4,4,3,3,3,3,2,2,2,2,2,1,1,1,1,1,1,1,1,0.1,0.1,0.1,0.1,0.1,0.1,0.1,0.1,0.1,0.1,0.1,0.1,0.1,0.1,0.1,0.1,0.1,0.1,0.1,0.1,0.1,0.1,0.1,0.1,0.1,0.1,0.1,0.1,0.1,0.1,0.1,0.1,0.1
0.1,0.1,0.1,0.1,0.1,0.1,0.1,0.1,0.1,0.1,0.1,0.1,0.1,0.1,0.1,0.1,0.1,0.1,0.1,0.1,0.1,0.1,0.1,0.1,0.1,0.1,0.1,0.1,0.1,0.1,0.1,0.1,0.1,0.1,0.1,0.1,0.1,1,1,1,1,1,1,1,2,2,2,2,2,3,3,3,4,4,4,5,5,5,6,6,7,7,8,8,9,9,10,10,11,11,12,12,13,13,14,14,15,15,16,16,16,17,17,17,18,18,18,18,19,19,19,19,19,19,19,18,18,18,17,17,16,16,15,15,14,13,12,12,11,10,9,8,7,6,6,5,4,3,3,2,1,1,1,0.1,0.1,0.1,0.1,0.1,0.1,1,1,1,2,3,3,4,5,6,7,8,9,10,11,11,12,13,14,14,15,15,15,15,15,15,15,14,14,13,12,12,11,10,9,8,7,6,5,4,3,2,1,1,0.1,0.1,0.1,0.1,0.1,1,1,2,3,4,6,7,9,10,12,14,15,17,19,20,22,23,25,26,27,27,28,28,28,28,28,27,26,25,24,23,21,19,17,16,14,12,10,8,6,5,3,2,1,0.1,0.1,0.1,0.1,1,2,4,6,9,11,15,19,23,28,33,38,44,50,56,63,70,77,85,92,100,107,115,123,131,138,146,154,161,168,175,182,189,195,201,207,212,218,222,227,231,235,239,242,245,247,249,251,252,253,254,254,254,253,252,251,249,247,245,242,239,235,231,227,222,218,212,207,201,195,189,182,175,168,161,154,146,138,131,123,115,107,100,92,85,77,70,63,56,50,44,38,33,28,23,19,15,11,9,6,4,2,1,0.1,0.1,0.1,0.1,1,2,3,5,6,8,10,12,14,16,17,19,21,23,24,25,26,27,28,28,28,28,28,27,27,26,25,23,22,20,19,17,15,14,12,10,9,7,6,4,3,2,1,1,0.1,0.1,0.1,0.1,0.1,1,1,2,3,4,5,6,7,8,9,10,11,12,12,13,14,14,15,15,15,15,15,15,15,14,14,13,12,11,11,10,9,8,7,6,5,4,3,3,2,1,1,1,0.1,0.1,0.1,0.1,0.1,0.1,1,1,1,2,3,3,4,5,6,6,7,8,9,10,11,12,12,13,14,15,15,16,16,17,17,18,18,18,19,19,19,19,19,19,19,18,18,18,18,17,17,17,16,16,16,15,15,14,14,13,13,12,12,11,11,10,10,9,9,8,8,7,7,6,6,5,5,5,4,4,4,3,3,3,2,2,2,2,2,1,1,1,1,1,1,1,0.1,0.1,0.1,0.1,0.1,0.1,0.1,0.1,0.1,0.1,0.1,0.1,0.1,0.1,0.1,0.1,0.1,0.1,0.1,0.1,0.1,0.1,0.1,0.1,0.1,0.1,0.1,0.1,0.1,0.1,0.1,0.1,0.1,0.1
0.1,0.1,0.1,0.1,0.1,0.1,0.1,0.1,0.1,0.1,0.1,0.1,0.1,0.1,0.1,0.1,0.1,0.1,0.1,0.1,0.1,0.1,0.1,0.1,0.1,0.1,0.1,0.1,0.1,0.1,0.1,0.1,0.1,0.1,0.1,0.1,0.1,1,1,1,1,1,1,1,2,2,2,2,2,3,3,3,4,4,5,5,5,6,6,7,7,8,8,9,9,10,11,11,12,12,13,14,14,15,15,16,16,17,17,18,18,18,19,19,19,19,20,20,20,20,20,20,19,19,19,19,18,18,17,17,16,15,15,14,13,12,11,11,10,9,8,7,6,5,5,4,3,3,2,1,1,1,0.1,0.1,0.1,0.1,0.1,0.1,0.1,1,1,2,2,3,3,4,5,6,7,7,8,9,10,10,11,11,12,12,13,13,13,13,13,13,12,12,12,11,10,10,9,8,7,6,5,5,4,3,2,2,1,1,0.1,0.1,0.1,0.1,0.1,1,1,2,3,4,5,6,7,8,10,11,13,14,16,17,18,20,21,22,23,23,24,24,25,25,24,24,24,23,22,21,19,18,16,15,13,12,10,8,7,5,4,3,2,1,0.1,0.1,0.1,1,1,3,4,6,9,11,15,19,23,27,33,38,44,50,57,64,71,79,87,95,103,111,120,129,137,146,155,163,172,180,189,197,205,212,220,227,233,240,246,251,256,261,265,269,272,275,278,279,281,281,282,281,281,279,278,275,272,269,265,261,256,251,246,240,233,227,220,212,205,197,189,180,172,163,155,146,137,129,120,111,103,95,87,79,71,64,57,50,44,38,33,27,23,19,15,11,9,6,4,3,1,1,0.1,0.1,0.1,1,2,3,4,5,7,8,10,12,13,15,16,18,19,21,22,23,24,24,24,25,25,24,24,23,23,22,21,20,18,17,16,14,13,11,10,8,7,6,5,4,3,2,1,1,0.1,0.1,0.1,0.1,0.1,1,1,2,2,3,4,5,5,6,7,8,9,10,10,11,12,12,12,13,13,13,13,13,13,12,12,11,11,10,10,9,8,7,7,6,5,4,3,3,2,2,1,1,0.1,0.1,0.1,0.1,0.1,0.1,0.1,1,1,1,2,3,3,4,5,5,6,7,8,9,10,11,11,12,13,14,15,15,16,17,17,18,18,19,19,19,19,20,20,20,20,20,20,19,19,19,19,18,18,18,17,17,16,16,15,15,14,14,13,12,12,11,11,10,9,9,8,8,7,7,6,6,5,5,5,4,4,3,3,3,2,2,2,2,2,1,1,1,1,1,1,1,0.1,0.1,0.1,0.1,0.1,0.1,0.1,0.1,0.1,0.1,0.1,0.1,0.1,0.1,0.1,0.1,0.1,0.1,0.1,0.1,0.1,0.1,0.1,0.1,0.1,0.1,0.1,0.1,0.1,0.1,0.1,0.1,0.1,0.1
0.1,0.1,0.1,0.1,0.1,0.1,0.1,0.1,0.1,0.1,0.1,0.1,0.1,0.1,0.1,0.1,0.1,0.1,0.1,0.1,0.1,0.1,0.1,0.1,0.1,0.1,0.1,0.1,0.1,0.1,0.1,0.1,0.1,0.1,0.1,0.1,0.1,0.1,1,1,1,1,1,1,1,2,2,2,2,3,3,3,4,4,5,5,6,6,7,7,8,8,9,10,10,11,11,12,13,13,14,15,15,16,16,17,18,18,19,19,19,20,20,20,20,21,21,21,21,20,20,20,20,19,19,19,18,17,17,16,15,15,14,13,12,11,10,9,9,8,7,6,5,4,4,3,2,2,1,1,1,0.1,0.1,0.1,0.1,0.1,0.1,0.1,1,1,1,2,2,3,3,4,5,5,6,7,7,8,8,9,9,10,10,11,11,11,11,11,11,11,10,10,9,9,8,8,7,6,6,5,4,4,3,2,2,1,1,0.1,0.1,0.1,0.1,0.1,0.1,1,1,1,2,3,4,5,6,7,8,9,10,11,13,14,15,16,17,18,19,20,20,21,21,21,21,21,20,20,19,19,18,16,15,14,13,11,10,8,7,6,4,3,2,1,1,0.1,0.1,0.1,1,1,3,4,6,8,11,15,18,22,27,32,38,44,50,57,64,72,80,88,97,106,115,125,134,144,153,163,173,183,192,202,211,220,229,237,245,253,260,267,274,280,285,290,294,298,301,303,304,305,306,305,304,303,301,298,294,290,285,280,274,267,260,253,245,237,229,220,211,202,192,183,173,163,153,144,134,125,115,106,97,88,80,72,64,57,50,44,38,32,27,22,18,15,11,8,6,4,3,1,1,0.1,0.1,0.1,1,1,2,3,4,6,7,8,10,11,13,14,15,16,18,19,19,20,20,21,21,21,21,21,20,20,19,18,17,16,15,14,13,11,10,9,8,7,6,5,4,3,2,1,1,1,0.1,0.1,0.1,0.1,0.1,0.1,1,1,2,2,3,4,4,5,6,6,7,8,8,9,9,10,10,11,11,11,11,11,11,11,10,10,9,9,8,8,7,7,6,5,5,4,3,3,2,2,1,1,1,0.1,0.1,0.1,0.1,0.1,0.1,0.1,1,1,1,2,2,3,4,4,5,6,7,8,9,9,10,11,12,13,14,15,15,16,17,17,18,19,19,19,20,20,20,20,21,21,21,21,20,20,20,20,19,19,19,18,18,17,16,16,15,15,14,13,13,12,11,11,10,10,9,8,8,7,7,6,6,5,5,4,4,3,3,3,2,2,2,2,1,1,1,1,1,1,1,0.1,0.1,0.1,0.1,0.1,0.1,0.1,0.1,0.1,0.1,0.1,0.1,0.1,0.1,0.1,0.1,0.1,0.1,0.1,0.1,0.1,0.1,0.1,0.1,0.1,0.1,0.1,0.1,0.1,0.1,0.1,0.1,0.1,0.1,0.1
0.1,0.1,0.1,0.1,0.1,0.1,0.1,0.1,0.1,0.1,0.1,0.1,0.1,0.1,0.1,0.1,0.1,0.1,0.1,0.1,0.1,0.1,0.1,0.1,0.1,0.1,0.1,0.1,0.1,0.1,0.1,0.1,0.1,0.1,0.1,0.1,0.1,0.1,0.1,1,1,1,1,1,1,2,2,2,2,3,3,3,4,4,5,5,6,6,7,7,8,9,9,10,11,11,12,13,14,14,15,16,16,17,18,18,19,19,20,20,20,21,21,21,21,21,21,21,21,21,21,20,20,19,19,18,18,17,16,15,15,14,13,12,11,10,9,8,7,7,6,5,4,3,3,2,2,1,1,1,0.1,0.1,0.1,0.1,0.1,0.1,0.1,1,1,1,2,2,2,3,3,4,4,5,6,6,6,7,7,8,8,8,9,9,9,9,9,9,9,8,8,8,7,7,6,6,5,5,4,4,3,3,2,2,1,1,1,0.1,0.1,0.1,0.1,0.1,0.1,0.1,1,1,2,2,3,3,4,5,6,7,8,9,10,11,12,13,13,14,15,16,16,17,17,17,18,18,17,17,17,16,16,15,14,13,12,11,10,8,7,6,5,4,3,2,1,0.1,0.1,0.1,0.1,1,1,2,4,6,8,11,14,18,22,27,32,37,43,50,57,65,73,81,90,99,109,119,129,139,150,160,171,182,192,203,214,224,234,244,253,263,271,279,287,294,300,306,311,315,319,322,324,325,325,325,324,322,319,315,311,306,300,294,287,279,271,263,253,244,234,224,214,203,192,182,171,160,150,139,129,119,109,99,90,81,73,65,57,50,43,37,32,27,22,18,14,11,8,6,4,2,1,1,0.1,0.1,0.1,0.1,1,2,3,4,5,6,7,8,10,11,12,13,14,15,16,16,17,17,17,18,18,17,17,17,16,16,15,14,13,13,12,11,10,9,8,7,6,5,4,3,3,2,2,1,1,0.1,0.1,0.1,0.1,0.1,0.1,0.1,1,1,1,2,2,3,3,4,4,5,5,6,6,7,7,8,8,8,9,9,9,9,9,9,9,8,8,8,7,7,6,6,6,5,4,4,3,3,2,2,2,1,1,1,0.1,0.1,0.1,0.1,0.1,0.1,0.1,1,1,1,2,2,3,3,4,5,6,7,7,8,9,10,11,12,13,14,15,15,16,17,18,18,19,19,20,20,21,21,21,21,21,21,21,21,21,21,20,20,20,19,19,18,18,17,16,16,15,14,14,13,12,11,11,10,9,9,8,7,7,6,6,5,5,4,4,3,3,3,2,2,2,2,1,1,1,1,1,1,0.1,0.1,0.1,0.1,0.1,0.1,0.1,0.1,0.1,0.1,0.1,0.1,0.1,0.1,0.1,0.1,0.1,0.1,0.1,0.1,0.1,0.1,0.1,0.1,0.1,0.1,0.1,0.1,0.1,0.1,0.1,0.1,0.1,0.1,0.1,0.1
0.1,0.1,0.1,0.1,0.1,0.1,0.1,0.1,0.1,0.1,0.1,0.1,0.1,0.1,0.1,0.1,0.1,0.1,0.1,0.1,0.1,0.1,0.1,0.1,0.1,0.1,0.1,0.1,0.1,0.1,0.1,0.1,0.1,0.1,0.1,0.1,0.1,0.1,0.1,1,1,1,1,1,1,2,2,2,2,3,3,3,4,4,5,5,6,6,7,8,8,9,10,10,11,12,13,13,14,15,16,16,17,18,18,19,19,20,20,21,21,21,22,22,22,22,22,21,21,21,21,20,20,19,18,18,17,16,15,14,13,13,12,11,10,9,8,7,6,5,5,4,3,3,2,2,1,1,1,0.1,0.1,0.1,0.1,0.1,0.1,0.1,0.1,1,1,1,2,2,2,3,3,4,4,5,5,5,6,6,6,6,7,7,7,7,7,7,7,7,7,6,6,6,5,5,5,4,4,4,3,3,2,2,2,1,1,1,0.1,0.1,0.1,0.1,0.1,0.1,0.1,0.1,0.1,1,1,1,2,2,3,4,4,5,6,6,7,8,9,9,10,11,11,12,13,13,14,14,14,14,14,14,14,14,13,13,12,12,11,10,9,8,7,6,5,4,3,2,2,1,0.1,0.1,0.1,0.1,0.1,1,2,4,5,8,10,13,17,21,26,31,36,43,49,57,65,73,82,91,101,111,121,132,143,155,166,178,190,201,213,224,236,247,257,268,278,287,296,304,311,318,323,328,333,336,338,340,340,340,338,336,333,328,323,318,311,304,296,287,278,268,257,247,236,224,213,201,190,178,166,155,143,132,121,111,101,91,82,73,65,57,49,43,36,31,26,21,17,13,10,8,5,4,2,1,0.1,0.1,0.1,0.1,0.1,1,2,2,3,4,5,6,7,8,9,10,11,12,12,13,13,14,14,14,14,14,14,14,14,13,13,12,11,11,10,9,9,8,7,6,6,5,4,4,3,2,2,1,1,1,0.1,0.1,0.1,0.1,0.1,0.1,0.1,0.1,0.1,1,1,1,2,2,2,3,3,4,4,4,5,5,5,6,6,6,7,7,7,7,7,7,7,7,7,6,6,6,6,5,5,5,4,4,3,3,2,2,2,1,1,1,0.1,0.1,0.1,0.1,0.1,0.1,0.1,0.1,1,1,1,2,2,3,3,4,5,5,6,7,8,9,10,11,12,13,13,14,15,16,17,18,18,19,20,20,21,21,21,21,22,22,22,22,22,21,21,21,20,20,19,19,18,18,17,16,16,15,14,13,13,12,11,10,10,9,8,8,7,6,6,5,5,4,4,3,3,3,2,2,2,2,1,1,1,1,1,1,0.1,0.1,0.1,0.1,0.1,0.1,0.1,0.1,0.1,0.1,0.1,0.1,0.1,0.1,0.1,0.1,0.1,0.1,0.1,0.1,0.1,0.1,0.1,0.1,0.1,0.1,0.1,0.1,0.1,0.1,0.1,0.1,0.1,0.1,0.1,0.1
0.1,0.1,0.1,0.1,0.1,0.1,0.1,0.1,0.1,0.1,0.1,0.1,0.1,0.1,0.1,0.1,0.1,0.1,0.1,0.1,0.1,0.1,0.1,0.1,0.1,0.1,0.1,0.1,0.1,0.1,0.1,0.1,0.1,0.1,0.1,0.1,0.1,0.1,0.1,0.1,1,1,1,1,1,1,2,2,2,3,3,3,4,4,5,5,6,6,7,8,8,9,10,11,11,12,13,14,14,15,16,17,17,18,19,19,20,20,21,21,21,22,22,22,22,22,22,21,21,21,20,20,19,18,18,17,16,15,14,13,12,11,10,9,8,8,7,6,5,4,4,3,2,2,1,1,1,0.1,0.1,0.1,0.1,0.1,0.1,0.1,0.1,0.1,1,1,1,1,2,2,2,3,3,3,4,4,4,5,5,5,5,5,5,5,5,5,5,5,5,5,5,5,4,4,4,4,3,3,3,2,2,2,2,1,1,1,1,0.1,0.1,0.1,0.1,0.1,0.1,0.1,0.1,0.1,0.1,0.1,1,1,1,2,2,2,3,3,4,4,5,5,6,7,7,8,8,9,9,10,10,11,11,11,11,11,11,11,11,11,11,10,10,9,9,8,7,7,6,5,4,3,2,2,1,1,0.1,0.1,0.1,0.1,1,2,3,5,7,9,12,16,20,24,30,35,42,48,56,64,73,82,92,102,113,124,135,147,159,171,184,196,209,221,234,246,257,269,279,290,299,308,317,324,331,336,341,345,347,349,349,349,347,345,341,336,331,324,317,308,299,290,279,269,257,246,234,221,209,196,184,171,159,147,135,124,113,102,92,82,73,64,56,48,42,35,30,24,20,16,12,9,7,5,3,2,1,0.1,0.1,0.1,0.1,1,1,2,2,3,4,5,6,7,7,8,9,9,10,10,11,11,11,11,11,11,11,11,11,11,10,10,9,9,8,8,7,7,6,5,5,4,4,3,3,2,2,2,1,1,1,0.1,0.1,0.1,0.1,0.1,0.1,0.1,0.1,0.1,0.1,0.1,1,1,1,1,2,2,2,2,3,3,3,4,4,4,4,5,5,5,5,5,5,5,5,5,5,5,5,5,5,5,4,4,4,3,3,3,2,2,2,1,1,1,1,0.1,0.1,0.1,0.1,0.1,0.1,0.1,0.1,0.1,1,1,1,2,2,3,4,4,5,6,7,8,8,9,10,11,12,13,14,15,16,17,18,18,19,20,20,21,21,21,22,22,22,22,22,22,21,21,21,20,20,19,19,18,17,17,16,15,14,14,13,12,11,11,10,9,8,8,7,6,6,5,5,4,4,3,3,3,2,2,2,1,1,1,1,1,1,0.1,0.1,0.1,0.1,0.1,0.1,0.1,0.1,0.1,0.1,0.1,0.1,0.1,0.1,0.1,0.1,0.1,0.1,0.1,0.1,0.1,0.1,0.1,0.1,0.1,0.1,0.1,0.1,0.1,0.1,0.1,0.1,0.1,0.1,0.1,0.1,0.1
0.1,0.1,0.1,0.1,0.1,0.1,0.1,0.1,0.1,0.1,0.1,0.1,0.1,0.1,0.1,0.1,0.1,0.1,0.1,0.1,0.1,0.1,0.1,0.1,0.1,0.1,0.1,0.1,0.1,0.1,0.1,0.1,0.1,0.1,0.1,0.1,0.1,0.1,0.1,0.1,0.1,1,1,1,1,1,1,2,2,2,3,3,4,4,4,5,6,6,7,8,8,9,10,11,11,12,13,14,15,15,16,17,18,18,19,20,20,21,21,21,22,22,22,22,22,22,21,21,21,20,19,19,18,17,16,16,15,14,13,12,11,10,9,8,7,6,5,5,4,3,3,2,2,1,1,1,0.1,0.1,0.1,0.1,0.1,0.1,0.1,0.1,0.1,1,1,1,1,2,2,2,2,3,3,3,3,3,4,4,4,4,4,4,4,4,4,4,4,4,3,3,3,3,3,3,2,2,2,2,2,1,1,1,1,1,1,0.1,0.1,0.1,0.1,0.1,0.1,0.1,0.1,0.1,0.1,0.1,0.1,0.1,0.1,1,1,1,1,1,2,2,2,3,3,3,4,4,5,5,5,6,6,7,7,8,8,8,9,9,9,9,9,9,9,9,9,9,8,8,7,7,6,5,5,4,3,2,2,1,1,0.1,0.1,0.1,0.1,1,1,3,4,6,8,11,15,18,23,28,34,40,47,55,63,72,82,92,102,113,125,137,150,162,175,188,201,215,228,240,253,265,277,288,299,308,317,325,333,339,344,348,351,352,353,352,351,348,344,339,333,325,317,308,299,288,277,265,253,240,228,215,201,188,175,162,150,137,125,113,102,92,82,72,63,55,47,40,34,28,23,18,15,11,8,6,4,3,1,1,0.1,0.1,0.1,0.1,1,1,2,2,3,4,5,5,6,7,7,8,8,9,9,9,9,9,9,9,9,9,9,8,8,8,7,7,6,6,5,5,5,4,4,3,3,3,2,2,2,1,1,1,1,1,0.1,0.1,0.1,0.1,0.1,0.1,0.1,0.1,0.1,0.1,0.1,0.1,0.1,0.1,1,1,1,1,1,1,2,2,2,2,2,3,3,3,3,3,3,4,4,4,4,4,4,4,4,4,4,4,4,3,3,3,3,3,2,2,2,2,1,1,1,1,0.1,0.1,0.1,0.1,0.1,0.1,0.1,0.1,0.1,1,1,1,2,2,3,3,4,5,5,6,7,8,9,10,11,12,13,14,15,16,16,17,18,19,19,20,21,21,21,22,22,22,22,22,22,21,21,21,20,20,19,18,18,17,16,15,15,14,13,12,11,11,10,9,8,8,7,6,6,5,4,4,4,3,3,2,2,2,1,1,1,1,1,1,0.1,0.1,0.1,0.1,0.1,0.1,0.1,0.1,0.1,0.1,0.1,0.1,0.1,0.1,0.1,0.1,0.1,0.1,0.1,0.1,0.1,0.1,0.1,0.1,0.1,0.1,0.1,0.1,0.1,0.1,0.1,0.1,0.1,0.1,0.1,0.1,0.1,0.1
0.1,0.1,0.1,0.1,0.1,0.1,0.1,0.1,0.1,0.1,0.1,0.1,0.1,0.1,0.1,0.1,0.1,0.1,0.1,0.1,0.1,0.1,0.1,0.1,0.1,0.1,0.1,0.1,0.1,0.1,0.1,0.1,0.1,0.1,0.1,0.1,0.1,0.1,0.1,0.1,0.1,0.1,1,1,1,1,1,2,2,2,2,3,3,4,4,5,5,6,7,7,8,9,10,10,11,12,13,14,14,15,16,17,18,18,19,19,20,20,21,21,21,21,21,21,21,21,21,20,20,19,18,18,17,16,15,14,13,12,11,10,9,8,8,7,6,5,4,4,3,2,2,1,1,1,0.1,0.1,0.1,0.1,0.1,0.1,0.1,0.1,0.1,1,1,1,1,1,2,2,2,2,2,3,3,3,3,3,3,3,3,3,3,3,3,3,3,2,2,2,2,2,2,2,2,1,1,1,1,1,1,1,1,0.1,0.1,0.1,0.1,0.1,0.1,0.1,0.1,0.1,0.1,0.1,0.1,0.1,0.1,0.1,0.1,0.1,0.1,0.1,0.1,0.1,1,1,1,1,1,1,1,2,2,2,3,3,3,3,4,4,5,5,5,6,6,6,7,7,7,7,8,8,8,8,7,7,7,7,6,6,5,5,4,3,3,2,1,1,0.1,0.1,0.1,0.1,0.1,1,2,3,5,7,10,13,17,21,26,32,38,45,53,62,71,80,91,102,113,126,138,151,164,178,191,205,218,232,245,258,270,282,293,303,313,322,329,336,341,346,349,351,351,351,349,346,341,336,329,322,313,303,293,282,270,258,245,232,218,205,191,178,164,151,138,126,113,102,91,80,71,62,53,45,38,32,26,21,17,13,10,7,5,3,2,1,0.1,0.1,0.1,0.1,0.1,1,1,2,3,3,4,5,5,6,6,7,7,7,7,8,8,8,8,7,7,7,7,6,6,6,5,5,5,4,4,3,3,3,3,2,2,2,1,1,1,1,1,1,1,0.1,0.1,0.1,0.1,0.1,0.1,0.1,0.1,0.1,0.1,0.1,0.1,0.1,0.1,0.1,0.1,0.1,0.1,0.1,0.1,0.1,1,1,1,1,1,1,1,1,2,2,2,2,2,2,2,2,3,3,3,3,3,3,3,3,3,3,3,3,3,3,2,2,2,2,2,1,1,1,1,1,0.1,0.1,0.1,0.1,0.1,0.1,0.1,0.1,0.1,1,1,1,2,2,3,4,4,5,6,7,8,8,9,10,11,12,13,14,15,16,17,18,18,19,20,20,21,21,21,21,21,21,21,21,21,20,20,19,19,18,18,17,16,15,14,14,13,12,11,10,10,9,8,7,7,6,5,5,4,4,3,3,2,2,2,2,1,1,1,1,1,0.1,0.1,0.1,0.1,0.1,0.1,0.1,0.1,0.1,0.1,0.1,0.1,0.1,0.1,0.1,0.1,0.1,0.1,0.1,0.1,0.1,0.1,0.1,0.1,0.1,0.1,0.1,0.1,0.1,0.1,0.1,0.1,0.1,0.1,0.1,0.1,0.1,0.1,0.1
0.1,0.1,0.1,0.1,0.1,0.1,0.1,0.1,0.1,0.1,0.1,0.1,0.1,0.1,0.1,0.1,0.1,0.1,0.1,0.1,0.1,0.1,0.1,0.1,0.1,0.1,0.1,0.1,0.1,0.1,0.1,0.1,0.1,0.1,0.1,0.1,0.1,0.1,0.1,0.1,0.1,0.1,0.1,1,1,1,1,1,2,2,2,3,3,3,4,4,5,6,6,7,8,8,9,10,11,12,13,13,14,15,16,16,17,18,18,19,19,20,20,20,21,21,21,21,20,20,20,19,19,18,17,16,16,15,14,13,12,11,10,9,8,7,6,5,5,4,3,2,2,1,1,1,0.1,0.1,0.1,0.1,0.1,0.1,0.1,0.1,0.1,0.1,1,1,1,1,1,2,2,2,2,2,2,2,2,2,2,2,2,2,2,2,2,2,2,2,2,1,1,1,1,1,1,1,1,1,0.1,0.1,0.1,0.1,0.1,0.1,0.1,0.1,0.1,0.1,0.1,0.1,0.1,0.1,0.1,0.1,0.1,0.1,0.1,0.1,0.1,0.1,0.1,0.1,0.1,0.1,0.1,0.1,0.1,0.1,0.1,0.1,0.1,0.1,0.1,1,1,1,1,1,1,2,2,2,2,3,3,3,4,4,5,5,5,6,6,6,6,7,7,7,7,7,6,6,6,5,5,4,4,3,2,2,1,1,0.1,0.1,0.1,0.1,1,1,2,4,6,8,11,15,19,24,30,36,43,51,60,69,79,89,101,112,125,138,151,164,178,192,206,219,233,246,259,271,283,294,304,313,321,328,334,338,341,343,344,343,341,338,334,328,321,313,304,294,283,271,259,246,233,219,206,192,178,164,151,138,125,112,101,89,79,69,60,51,43,36,30,24,19,15,11,8,6,4,2,1,1,0.1,0.1,0.1,0.1,1,1,2,2,3,4,4,5,5,6,6,6,7,7,7,7,7,6,6,6,6,5,5,5,4,4,3,3,3,2,2,2,2,1,1,1,1,1,1,0.1,0.1,0.1,0.1,0.1,0.1,0.1,0.1,0.1,0.1,0.1,0.1,0.1,0.1,0.1,0.1,0.1,0.1,0.1,0.1,0.1,0.1,0.1,0.1,0.1,0.1,0.1,0.1,0.1,0.1,0.1,0.1,0.1,0.1,0.1,1,1,1,1,1,1,1,1,1,2,2,2,2,2,2,2,2,2,2,2,2,2,2,2,2,2,2,2,2,1,1,1,1,1,0.1,0.1,0.1,0.1,0.1,0.1,0.1,0.1,0.1,0.1,1,1,1,2,2,3,4,5,5,6,7,8,9,10,11,12,13,14,15,16,16,17,18,19,19,20,20,20,21,21,21,21,20,20,20,19,19,18,18,17,16,16,15,14,13,13,12,11,10,9,8,8,7,6,6,5,4,4,3,3,3,2,2,2,1,1,1,1,1,0.1,0.1,0.1,0.1,0.1,0.1,0.1,0.1,0.1,0.1,0.1,0.1,0.1,0.1,0.1,0.1,0.1,0.1,0.1,0.1,0.1,0.1,0.1,0.1,0.1,0.1,0.1,0.1,0.1,0.1,0.1,0.1,0.1,0.1,0.1,0.1,0.1,0.1,0.1,0.1
0.1,0.1,0.1,0.1,0.1,0.1,0.1,0.1,0.1,0.1,0.1,0.1,0.1,0.1,0.1,0.1,0.1,0.1,0.1,0.1,0.1,0.1,0.1,0.1,0.1,0.1,0.1,0.1,0.1,0.1,0.1,0.1,0.1,0.1,0.1,0.1,0.1,0.1,0.1,0.1,0.1,0.1,0.1,0.1,1,1,1,1,1,2,2,2,3,3,4,4,5,5,6,7,7,8,9,10,10,11,12,13,14,14,15,16,17,17,18,18,19,19,19,20,20,20,20,19,19,19,18,18,17,16,16,15,14,13,12,11,10,9,8,7,6,6,5,4,3,3,2,2,1,1,1,0.1,0.1,0.1,0.1,0.1,0.1,0.1,0.1,0.1,1,1,1,1,1,1,2,2,2,2,2,2,2,2,2,2,2,2,2,2,1,1,1,1,1,1,1,1,1,0.1,0.1,0.1,0.1,0.1,0.1,0.1,0.1,0.1,0.1,0.1,0.1,0.1,0.1,0.1,0.1,0.1,0.1,0.1,0.1,0.1,0.1,0.1,0.1,0.1,0.1,0.1,0.1,0.1,0.1,0.1,0.1,0.1,0.1,0.1,0.1,0.1,0.1,0.1,0.1,0.1,0.1,0.1,0.1,0.1,0.1,0.1,0.1,0.1,1,1,1,1,1,2,2,2,3,3,4,4,4,5,5,5,6,6,6,6,6,6,6,6,6,5,5,4,4,3,3,2,1,1,0.1,0.1,0.1,0.1,1,2,3,5,7,10,13,17,22,27,34,41,48,57,66,76,87,98,110,123,136,149,163,177,190,204,218,231,244,257,269,280,290,300,308,315,321,326,329,331,332,331,329,326,321,315,308,300,290,280,269,257,244,231,218,204,190,177,163,149,136,123,110,98,87,76,66,57,48,41,34,27,22,17,13,10,7,5,3,2,1,0.1,0.1,0.1,0.1,1,1,2,3,3,4,4,5,5,6,6,6,6,6,6,6,6,6,5,5,5,4,4,4,3,3,2,2,2,1,1,1,1,1,0.1,0.1,0.1,0.1,0.1,0.1,0.1,0.1,0.1,0.1,0.1,0.1,0.1,0.1,0.1,0.1,0.1,0.1,0.1,0.1,0.1,0.1,0.1,0.1,0.1,0.1,0.1,0.1,0.1,0.1,0.1,0.1,0.1,0.1,0.1,0.1,0.1,0.1,0.1,0.1,0.1,0.1,0.1,0.1,0.1,0.1,0.1,0.1,0.1,1,1,1,1,1,1,1,1,1,2,2,2,2,2,2,2,2,2,2,2,2,2,2,1,1,1,1,1,1,0.1,0.1,0.1,0.1,0.1,0.1,0.1,0.1,0.1,1,1,1,2,2,3,3,4,5,6,6,7,8,9,10,11,12,13,14,15,16,16,17,18,18,19,19,19,20,20,20,20,19,19,19,18,18,17,17,16,15,14,14,13,12,11,10,10,9,8,7,7,6,5,5,4,4,3,3,2,2,2,1,1,1,1,1,0.1,0.1,0.1,0.1,0.1,0.1,0.1,0.1,0.1,0.1,0.1,0.1,0.1,0.1,0.1,0.1,0.1,0.1,0.1,0.1,0.1,0.1,0.1,0.1,0.1,0.1,0.1,0.1,0.1,0.1,0.1,0.1,0.1,0.1,0.1,0.1,0.1,0.1,0.1,0.1,0.1
0.1,0.1,0.1,0.1,0.1,0.1,0.1,0.1,0.1,0.1,0.1,0.1,0.1,0.1,0.1,0.1,0.1,0.1,0.1,0.1,0.1,0.1,0.1,0.1,0.1,0.1,0.1,0.1,0.1,0.1,0.1,0.1,0.1,0.1,0.1,0.1,0.1,0.1,0.1,0.1,0.1,0.1,0.1,0.1,0.1,1,1,1,1,1,2,2,2,3,3,4,4,5,5,6,7,7,8,9,10,11,11,12,13,14,14,15,16,16,17,17,18,18,18,18,19,18,18,18,18,17,17,16,16,15,14,13,12,11,10,10,9,8,7,6,5,4,4,3,2,2,1,1,1,0.1,0.1,0.1,0.1,0.1,0.1,0.1,0.1,0.1,1,1,1,1,1,2,2,2,2,2,2,2,2,2,2,2,2,2,1,1,1,1,1,1,1,0.1,0.1,0.1,0.1,0.1,0.1,0.1,0.1,0.1,0.1,0.1,0.1,0.1,0.1,0.1,0.1,0.1,0.1,0.1,0.1,0.1,0.1,0.1,0.1,0.1,0.1,0.1,0.1,0.1,0.1,0.1,0.1,0.1,0.1,0.1,0.1,0.1,0.1,0.1,0.1,0.1,0.1,0.1,0.1,0.1,0.1,0.1,0.1,0.1,0.1,0.1,0.1,0.1,0.1,0.1,0.1,0.1,0.1,0.1,0.1,1,1,1,1,2,2,3,3,3,4,4,5,5,6,6,6,7,7,7,7,7,6,6,5,5,4,3,3,2,1,1,0.1,0.1,0.1,0.1,1,2,3,5,8,11,15,19,25,31,38,45,54,63,73,84,95,107,120,133,146,159,173,187,200,214,227,239,251,263,273,283,291,298,304,309,313,315,315,315,313,309,304,298,291,283,273,263,251,239,227,214,200,187,173,159,146,133,120,107,95,84,73,63,54,45,38,31,25,19,15,11,8,5,3,2,1,0.1,0.1,0.1,0.1,1,1,2,3,3,4,5,5,6,6,7,7,7,7,7,6,6,6,5,5,4,4,3,3,3,2,2,1,1,1,1,0.1,0.1,0.1,0.1,0.1,0.1,0.1,0.1,0.1,0.1,0.1,0.1,0.1,0.1,0.1,0.1,0.1,0.1,0.1,0.1,0.1,0.1,0.1,0.1,0.1,0.1,0.1,0.1,0.1,0.1,0.1,0.1,0.1,0.1,0.1,0.1,0.1,0.1,0.1,0.1,0.1,0.1,0.1,0.1,0.1,0.1,0.1,0.1,0.1,0.1,0.1,0.1,0.1,0.1,0.1,0.1,0.1,0.1,0.1,0.1,1,1,1,1,1,1,1,2,2,2,2,2,2,2,2,2,2,2,2,2,1,1,1,1,1,0.1,0.1,0.1,0.1,0.1,0.1,0.1,0.1,0.1,1,1,1,2,2,3,4,4,5,6,7,8,9,10,10,11,12,13,14,15,16,16,17,17,18,18,18,18,19,18,18,18,18,17,17,16,16,15,14,14,13,12,11,11,10,9,8,7,7,6,5,5,4,4,3,3,2,2,2,1,1,1,1,1,0.1,0.1,0.1,0.1,0.1,0.1,0.1,0.1,0.1,0.1,0.1,0.1,0.1,0.1,0.1,0.1,0.1,0.1,0.1,0.1,0.1,0.1,0.1,0.1,0.1,0.1,0.1,0.1,0.1,0.1,0.1,0.1,0.1,0.1,0.1,0.1,0.1,0.1,0.1,0.1,0.1,0.1
0.1,0.1,0.1,0.1,0.1,0.1,0.1,0.1,0.1,0.1,0.1,0.1,0.1,0.1,0.1,0.1,0.1,0.1,0.1,0.1,0.1,0.1,0.1,0.1,0.1,0.1,0.1,0.1,0.1,0.1,0.1,0.1,0.1,0.1,0.1,0.1,0.1,0.1,0.1,0.1,0.1,0.1,0.1,0.1,0.1,0.1,1,1,1,1,1,2,2,2,3,3,4,4,5,6,6,7,8,8,9,10,11,11,12,13,13,14,15,15,16,16,17,17,17,17,17,17,17,17,16,16,15,15,14,13,12,11,11,10,9,8,7,6,5,4,4,3,2,2,1,1,1,0.1,0.1,0.1,0.1,0.1,0.1,0.1,0.1,0.1,1,1,1,1,1,2,2,2,2,2,2,2,2,2,2,2,2,2,1,1,1,1,1,1,0.1,0.1,0.1,0.1,0.1,0.1,0.1,0.1,0.1,0.1,0.1,0.1,0.1,0.1,0.1,0.1,0.1,1,1,1,1,1,1,1,0.1,0.1,0.1,0.1,0.1,0.1,0.1,0.1,0.1,0.1,0.1,0.1,0.1,0.1,0.1,0.1,0.1,0.1,0.1,1,1,1,1,1,1,1,1,1,1,1,1,1,0.1,0.1,0.1,0.1,0.1,0.1,0.1,0.1,0.1,0.1,0.1,1,1,1,2,2,3,3,4,5,5,6,6,7,7,7,8,8,8,7,7,7,6,6,5,4,3,2,2,1,0.1,0.1,0.1,0.1,1,2,4,6,9,13,17,22,28,34,42,50,59,69,80,91,103,115,128,141,154,167,181,194,207,219,231,242,252,262,270,278,284,289,292,294,295,294,292,289,284,278,270,262,252,242,231,219,207,194,181,167,154,141,128,115,103,91,80,69,59,50,42,34,28,22,17,13,9,6,4,2,1,0.1,0.1,0.1,0.1,1,2,2,3,4,5,6,6,7,7,7,8,8,8,7,7,7,6,6,5,5,4,3,3,2,2,1,1,1,0.1,0.1,0.1,0.1,0.1,0.1,0.1,0.1,0.1,0.1,0.1,1,1,1,1,1,1,1,1,1,1,1,1,1,0.1,0.1,0.1,0.1,0.1,0.1,0.1,0.1,0.1,0.1,0.1,0.1,0.1,0.1,0.1,0.1,0.1,0.1,0.1,1,1,1,1,1,1,1,0.1,0.1,0.1,0.1,0.1,0.1,0.1,0.1,0.1,0.1,0.1,0.1,0.1,0.1,0.1,0.1,0.1,1,1,1,1,1,1,2,2,2,2,2,2,2,2,2,2,2,2,2,1,1,1,1,1,0.1,0.1,0.1,0.1,0.1,0.1,0.1,0.1,0.1,1,1,1,2,2,3,4,4,5,6,7,8,9,10,11,11,12,13,14,15,15,16,16,17,17,17,17,17,17,17,17,16,16,15,15,14,13,13,12,11,11,10,9,8,8,7,6,6,5,4,4,3,3,2,2,2,1,1,1,1,1,0.1,0.1,0.1,0.1,0.1,0.1,0.1,0.1,0.1,0.1,0.1,0.1,0.1,0.1,0.1,0.1,0.1,0.1,0.1,0.1,0.1,0.1,0.1,0.1,0.1,0.1,0.1,0.1,0.1,0.1,0.1,0.1,0.1,0.1,0.1,0.1,0.1,0.1,0.1,0.1,0.1,0.1,0.1
0.1,0.1,0.1,0.1,0.1,0.1,0.1,0.1,0.1,0.1,0.1,0.1,0.1,0.1,0.1,0.1,0.1,0.1,0.1,0.1,0.1,0.1,0.1,0.1,0.1,0.1,0.1,0.1,0.1,0.1,0.1,0.1,0.1,0.1,0.1,0.1,0.1,0.1,0.1,0.1,0.1,0.1,0.1,0.1,0.1,0.1,0.1,1,1,1,1,1,2,2,2,3,3,4,4,5,6,6,7,7,8,9,10,10,11,12,12,13,14,14,15,15,15,15,16,16,16,15,15,15,14,14,13,13,12,11,10,10,9,8,7,6,5,5,4,3,3,2,1,1,1,0.1,0.1,0.1,0.1,0.1,0.1,0.1,0.1,1,1,1,1,1,2,2,2,2,2,2,2,2,2,2,2,2,2,2,2,1,1,1,1,1,0.1,0.1,0.1,0.1,0.1,0.1,0.1,0.1,0.1,0.1,0.1,0.1,1,1,1,1,1,1,1,1,1,1,1,1,1,1,1,1,1,1,0.1,0.1,0.1,0.1,0.1,0.1,0.1,0.1,0.1,0.1,0.1,0.1,1,1,1,1,1,2,2,2,2,2,2,2,2,2,2,2,2,1,1,1,1,0.1,0.1,0.1,0.1,0.1,0.1,0.1,0.1,1,1,1,2,3,3,4,5,5,6,7,7,8,9,9,9,9,9,9,9,8,7,7,6,5,4,3,2,1,0.1,0.1,0.1,0.1,1,2,4,7,10,14,19,24,31,38,46,55,64,75,85,97,109,121,134,147,159,172,184,197,208,219,229,238,247,254,260,265,268,270,271,270,268,265,260,254,247,238,229,219,208,197,184,172,159,147,134,121,109,97,85,75,64,55,46,38,31,24,19,14,10,7,4,2,1,0.1,0.1,0.1,0.1,1,2,3,4,5,6,7,7,8,9,9,9,9,9,9,9,8,7,7,6,5,5,4,3,3,2,1,1,1,0.1,0.1,0.1,0.1,0.1,0.1,0.1,0.1,1,1,1,1,2,2,2,2,2,2,2,2,2,2,2,2,1,1,1,1,1,0.1,0.1,0.1,0.1,0.1,0.1,0.1,0.1,0.1,0.1,0.1,0.1,1,1,1,1,1,1,1,1,1,1,1,1,1,1,1,1,1,1,0.1,0.1,0.1,0.1,0.1,0.1,0.1,0.1,0.1,0.1,0.1,0.1,1,1,1,1,1,2,2,2,2,2,2,2,2,2,2,2,2,2,2,2,1,1,1,1,1,0.1,0.1,0.1,0.1,0.1,0.1,0.1,0.1,1,1,1,2,3,3,4,5,5,6,7,8,9,10,10,11,12,13,13,14,14,15,15,15,16,16,16,15,15,15,15,14,14,13,12,12,11,10,10,9,8,7,7,6,6,5,4,4,3,3,2,2,2,1,1,1,1,1,0.1,0.1,0.1,0.1,0.1,0.1,0.1,0.1,0.1,0.1,0.1,0.1,0.1,0.1,0.1,0.1,0.1,0.1,0.1,0.1,0.1,0.1,0.1,0.1,0.1,0.1,0.1,0.1,0.1,0.1,0.1,0.1,0.1,0.1,0.1,0.1,0.1,0.1,0.1,0.1,0.1,0.1,0.1,0.1
0.1,0.1,0.1,0.1,0.1,0.1,0.1,0.1,0.1,0.1,0.1,0.1,0.1,0.1,0.1,0.1,0.1,0.1,0.1,0.1,0.1,0.1,0.1,0.1,0.1,0.1,0.1,0.1,0.1,0.1,0.1,0.1,0.1,0.1,0.1,0.1,0.1,0.1,0.1,0.1,0.1,0.1,0.1,0.1,0.1,0.1,0.1,0.1,1,1,1,1,1,2,2,2,3,3,4,4,5,5,6,7,7,8,9,9,10,11,11,12,12,13,13,13,14,14,14,14,14,14,13,13,13,12,12,11,10,9,9,8,7,6,5,5,4,3,3,2,2,1,1,0.1,0.1,0.1,0.1,0.1,0.1,0.1,0.1,1,1,1,1,2,2,2,2,3,3,3,3,3,3,3,3,3,2,2,2,2,1,1,1,1,0.1,0.1,0.1,0.1,0.1,0.1,0.1,0.1,0.1,0.1,1,1,1,1,2,2,2,2,2,3,3,3,3,3,3,2,2,2,2,2,1,1,1,1,0.1,0.1,0.1,0.1,0.1,0.1,0.1,0.1,0.1,1,1,1,2,2,2,3,3,3,4,4,4,4,4,4,4,4,4,3,3,3,2,2,1,1,1,0.1,0.1,0.1,0.1,0.1,0.1,1,1,2,2,3,4,5,6,7,8,9,9,10,11,11,11,11,11,11,10,10,9,8,7,6,4,3,2,1,0.1,0.1,0.1,0.1,1,3,5,8,11,16,21,27,34,41,50,59,69,79,90,101,113,125,137,149,161,173,184,194,204,213,221,228,234,239,242,244,245,244,242,239,234,228,221,213,204,194,184,173,161,149,137,125,113,101,90,79,69,59,50,41,34,27,21,16,11,8,5,3,1,0.1,0.1,0.1,0.1,1,2,3,4,6,7,8,9,10,10,11,11,11,11,11,11,10,9,9,8,7,6,5,4,3,2,2,1,1,0.1,0.1,0.1,0.1,0.1,0.1,1,1,1,2,2,3,3,3,4,4,4,4,4,4,4,4,4,3,3,3,2,2,2,1,1,1,0.1,0.1,0.1,0.1,0.1,0.1,0.1,0.1,0.1,1,1,1,1,2,2,2,2,2,3,3,3,3,3,3,2,2,2,2,2,1,1,1,1,0.1,0.1,0.1,0.1,0.1,0.1,0.1,0.1,0.1,0.1,1,1,1,1,2,2,2,2,3,3,3,3,3,3,3,3,3,2,2,2,2,1,1,1,1,0.1,0.1,0.1,0.1,0.1,0.1,0.1,0.1,1,1,2,2,3,3,4,5,5,6,7,8,9,9,10,11,12,12,13,13,13,14,14,14,14,14,14,13,13,13,12,12,11,11,10,9,9,8,7,7,6,5,5,4,4,3,3,2,2,2,1,1,1,1,1,0.1,0.1,0.1,0.1,0.1,0.1,0.1,0.1,0.1,0.1,0.1,0.1,0.1,0.1,0.1,0.1,0.1,0.1,0.1,0.1,0.1,0.1,0.1,0.1,0.1,0.1,0.1,0.1,0.1,0.1,0.1,0.1,0.1,0.1,0.1,0.1,0.1,0.1,0.1,0.1,0.1,0.1,0.1,0.1,0.1
0.1,0.1,0.1,0.1,0.1,0.1,0.1,0.1,0.1,0.1,0.1,0.1,0.1,0.1,0.1,0.1,0.1,0.1,0.1,0.1,0.1,0.1,0.1,0.1,0.1,0.1,0.1,0.1,0.1,0.1,0.1,0.1,0.1,0.1,0.1,0.1,0.1,0.1,0.1,0.1,0.1,0.1,0.1,0.1,0.1,0.1,0.1,0.1,0.1,0.1,1,1,1,1,2,2,2,3,3,4,4,5,5,6,6,7,8,8,9,9,10,10,11,11,12,12,12,12,12,12,12,12,12,11,11,10,10,9,8,8,7,6,5,5,4,3,3,2,2,1,1,0.1,0.1,0.1,0.1,0.1,0.1,0.1,0.1,1,1,1,2,2,2,2,3,3,3,3,3,3,3,3,3,3,3,3,2,2,2,1,1,1,1,0.1,0.1,0.1,0.1,0.1,0.1,0.1,0.1,1,1,1,2,2,2,3,3,3,4,4,4,4,4,4,4,4,4,4,4,3,3,2,2,2,1,1,1,0.1,0.1,0.1,0.1,0.1,0.1,0.1,1,1,2,2,3,3,4,4,5,5,6,6,7,7,7,7,7,7,6,6,6,5,4,4,3,2,2,1,1,0.1,0.1,0.1,0.1,0.1,1,1,2,2,3,4,5,7,8,9,10,11,12,13,14,14,14,14,14,14,13,12,11,10,8,7,5,4,2,1,1,0.1,0.1,1,2,3,6,9,13,17,23,29,36,44,53,62,72,82,93,104,115,126,137,148,159,169,178,186,194,201,206,211,214,216,217,216,214,211,206,201,194,186,178,169,159,148,137,126,115,104,93,82,72,62,53,44,36,29,23,17,13,9,6,3,2,1,0.1,0.1,1,1,2,4,5,7,8,10,11,12,13,14,14,14,14,14,14,13,12,11,10,9,8,7,5,4,3,2,2,1,1,0.1,0.1,0.1,0.1,0.1,1,1,2,2,3,4,4,5,6,6,6,7,7,7,7,7,7,6,6,5,5,4,4,3,3,2,2,1,1,0.1,0.1,0.1,0.1,0.1,0.1,0.1,1,1,1,2,2,2,3,3,4,4,4,4,4,4,4,4,4,4,4,3,3,3,2,2,2,1,1,1,0.1,0.1,0.1,0.1,0.1,0.1,0.1,0.1,1,1,1,1,2,2,2,3,3,3,3,3,3,3,3,3,3,3,3,2,2,2,2,1,1,1,0.1,0.1,0.1,0.1,0.1,0.1,0.1,0.1,1,1,2,2,3,3,4,5,5,6,7,8,8,9,10,10,11,11,12,12,12,12,12,12,12,12,12,11,11,10,10,9,9,8,8,7,6,6,5,5,4,4,3,3,2,2,2,1,1,1,1,0.1,0.1,0.1,0.1,0.1,0.1,0.1,0.1,0.1,0.1,0.1,0.1,0.1,0.1,0.1,0.1,0.1,0.1,0.1,0.1,0.1,0.1,0.1,0.1,0.1,0.1,0.1,0.1,0.1,0.1,0.1,0.1,0.1,0.1,0.1,0.1,0.1,0.1,0.1,0.1,0.1,0.1,0.1,0.1,0.1,0.1,0.1
0.1,0.1,0.1,0.1,0.1,0.1,0.1,0.1,0.1,0.1,0.1,0.1,0.1,0.1,0.1,0.1,0.1,0.1,0.1,0.1,0.1,0.1,0.1,0.1,0.1,0.1,0.1,0.1,0.1,0.1,0.1,0.1,0.1,0.1,0.1,0.1,0.1,0.1,0.1,0.1,0.1,0.1,0.1,0.1,0.1,0.1,0.1,0.1,0.1,0.1,0.1,1,1,1,1,1,2,2,3,3,3,4,4,5,5,6,6,7,8,8,9,9,9,10,10,10,10,10,10,10,10,10,10,9,9,8,8,7,7,6,5,5,4,3,3,2,2,1,1,0.1,0.1,0.1,0.1,0.1,0.1,0.1,0.1,1,1,1,2,2,2,3,3,4,4,4,4,4,4,4,4,4,4,3,3,3,2,2,2,1,1,1,0.1,0.1,0.1,0.1,0.1,0.1,0.1,1,1,1,2,2,3,3,4,4,5,5,6,6,6,7,7,7,7,6,6,6,5,5,4,4,3,2,2,1,1,1,0.1,0.1,0.1,0.1,0.1,1,1,2,2,3,4,4,5,6,7,8,9,9,10,10,10,11,11,10,10,10,9,8,8,7,6,5,4,3,2,1,1,0.1,0.1,0.1,0.1,0.1,1,2,3,4,5,6,8,9,11,12,14,15,16,17,18,18,18,18,17,17,16,14,13,11,10,8,6,4,3,2,1,0.1,0.1,1,2,4,6,10,14,19,24,31,38,46,55,64,73,83,93,104,114,124,133,143,151,159,166,173,178,182,185,187,188,187,185,182,178,173,166,159,151,143,133,124,114,104,93,83,73,64,55,46,38,31,24,19,14,10,6,4,2,1,0.1,0.1,1,2,3,4,6,8,10,11,13,14,16,17,17,18,18,18,18,17,16,15,14,12,11,9,8,6,5,4,3,2,1,0.1,0.1,0.1,0.1,0.1,1,1,2,3,4,5,6,7,8,8,9,10,10,10,11,11,10,10,10,9,9,8,7,6,5,4,4,3,2,2,1,1,0.1,0.1,0.1,0.1,0.1,1,1,1,2,2,3,4,4,5,5,6,6,6,7,7,7,7,6,6,6,5,5,4,4,3,3,2,2,1,1,1,0.1,0.1,0.1,0.1,0.1,0.1,0.1,1,1,1,2,2,2,3,3,3,4,4,4,4,4,4,4,4,4,4,3,3,2,2,2,1,1,1,0.1,0.1,0.1,0.1,0.1,0.1,0.1,0.1,1,1,2,2,3,3,4,5,5,6,7,7,8,8,9,9,10,10,10,10,10,10,10,10,10,10,9,9,9,8,8,7,6,6,5,5,4,4,3,3,3,2,2,1,1,1,1,1,0.1,0.1,0.1,0.1,0.1,0.1,0.1,0.1,0.1,0.1,0.1,0.1,0.1,0.1,0.1,0.1,0.1,0.1,0.1,0.1,0.1,0.1,0.1,0.1,0.1,0.1,0.1,0.1,0.1,0.1,0.1,0.1,0.1,0.1,0.1,0.1,0.1,0.1,0.1,0.1,0.1,0.1,0.1,0.1,0.1,0.1,0.1,0.1
0.1,0.1,0.1,0.1,0.1,0.1,0.1,0.1,0.1,0.1,0.1,0.1,0.1,0.1,0.1,0.1,0.1,0.1,0.1,0.1,0.1,0.1,0.1,0.1,0.1,0.1,0.1,0.1,0.1,0.1,0.1,0.1,0.1,0.1,0.1,0.1,0.1,0.1,0.1,0.1,0.1,0.1,0.1,0.1,0.1,0.1,0.1,0.1,0.1,0.1,0.1,0.1,1,1,1,1,1,2,2,2,3,3,4,4,4,5,5,6,6,7,7,8,8,8,8,9,9,9,9,9,8,8,8,8,7,7,6,6,5,4,4,3,3,2,2,1,1,0.1,0.1,0.1,0.1,0.1,0.1,0.1,0.1,1,1,1,2,2,3,3,4,4,4,5,5,5,5,5,5,5,5,4,4,4,3,3,2,2,1,1,1,0.1,0.1,0.1,0.1,0.1,0.1,0.1,1,1,2,2,3,4,4,5,6,7,7,8,8,9,9,9,9,9,9,9,8,8,7,6,6,5,4,3,2,2,1,1,0.1,0.1,0.1,0.1,0.1,1,1,2,3,4,5,6,7,8,10,11,12,13,14,14,15,15,15,15,15,14,13,12,11,10,9,8,6,5,4,3,2,1,0.1,0.1,0.1,0.1,1,1,2,3,5,6,8,10,12,13,15,17,19,20,21,22,23,23,23,22,21,20,19,17,15,13,11,9,7,5,3,2,1,0.1,0.1,1,2,4,7,10,15,20,26,32,39,47,55,64,73,82,91,100,109,117,125,132,139,145,150,154,156,158,159,158,156,154,150,145,139,132,125,117,109,100,91,82,73,64,55,47,39,32,26,20,15,10,7,4,2,1,0.1,0.1,1,2,3,5,7,9,11,13,15,17,19,20,21,22,23,23,23,22,21,20,19,17,15,13,12,10,8,6,5,3,2,1,1,0.1,0.1,0.1,0.1,1,2,3,4,5,6,8,9,10,11,12,13,14,15,15,15,15,15,14,14,13,12,11,10,8,7,6,5,4,3,2,1,1,0.1,0.1,0.1,0.1,0.1,1,1,2,2,3,4,5,6,6,7,8,8,9,9,9,9,9,9,9,8,8,7,7,6,5,4,4,3,2,2,1,1,0.1,0.1,0.1,0.1,0.1,0.1,0.1,1,1,1,2,2,3,3,4,4,4,5,5,5,5,5,5,5,5,4,4,4,3,3,2,2,1,1,1,0.1,0.1,0.1,0.1,0.1,0.1,0.1,0.1,1,1,2,2,3,3,4,4,5,6,6,7,7,8,8,8,8,9,9,9,9,9,8,8,8,8,7,7,6,6,5,5,4,4,4,3,3,2,2,2,1,1,1,1,1,0.1,0.1,0.1,0.1,0.1,0.1,0.1,0.1,0.1,0.1,0.1,0.1,0.1,0.1,0.1,0.1,0.1,0.1,0.1,0.1,0.1,0.1,0.1,0.1,0.1,0.1,0.1,0.1,0.1,0.1,0.1,0.1,0.1,0.1,0.1,0.1,0.1,0.1,0.1,0.1,0.1,0.1,0.1,0.1,0.1,0.1,0.1,0.1,0.1
0.1,0.1,0.1,0.1,0.1,0.1,0.1,0.1,0.1,0.1,0.1,0.1,0.1,0.1,0.1,0.1,0.1,0.1,0.1,0.1,0.1,0.1,0.1,0.1,0.1,0.1,0.1,0.1,0.1,0.1,0.1,0.1,0.1,0.1,0.1,0.1,0.1,0.1,0.1,0.1,0.1,0.1,0.1,0.1,0.1,0.1,0.1,0.1,0.1,0.1,0.1,0.1,0.1,0.1,1,1,1,1,1,2,2,2,3,3,4,4,4,5,5,6,6,6,7,7,7,7,7,7,7,7,7,7,6,6,5,5,5,4,4,3,2,2,2,1,1,0.1,0.1,0.1,0.1,0.1,0.1,0.1,0.1,1,1,2,2,3,3,4,4,5,5,5,6,6,6,6,6,6,6,6,5,5,5,4,3,3,2,2,1,1,1,0.1,0.1,0.1,0.1,0.1,0.1,1,1,2,3,4,4,5,6,7,8,9,10,11,11,12,12,12,12,12,12,11,11,10,9,8,7,6,5,4,3,2,2,1,0.1,0.1,0.1,0.1,0.1,1,2,3,4,5,6,8,9,11,12,14,15,17,18,19,19,20,20,20,20,19,18,17,16,15,13,11,10,8,6,5,3,2,1,1,0.1,0.1,0.1,1,2,3,4,6,8,10,12,14,17,19,21,23,25,26,27,28,28,28,28,27,26,24,22,20,18,15,13,10,8,5,3,2,1,0.1,0.1,1,2,4,7,11,15,20,26,32,39,46,54,62,70,78,85,93,100,107,113,118,122,126,128,130,131,130,128,126,122,118,113,107,100,93,85,78,70,62,54,46,39,32,26,20,15,11,7,4,2,1,0.1,0.1,1,2,3,5,8,10,13,15,18,20,22,24,26,27,28,28,28,28,27,26,25,23,21,19,17,14,12,10,8,6,4,3,2,1,0.1,0.1,0.1,1,1,2,3,5,6,8,10,11,13,15,16,17,18,19,20,20,20,20,19,19,18,17,15,14,12,11,9,8,6,5,4,3,2,1,0.1,0.1,0.1,0.1,0.1,1,2,2,3,4,5,6,7,8,9,10,11,11,12,12,12,12,12,12,11,11,10,9,8,7,6,5,4,4,3,2,1,1,0.1,0.1,0.1,0.1,0.1,0.1,1,1,1,2,2,3,3,4,5,5,5,6,6,6,6,6,6,6,6,5,5,5,4,4,3,3,2,2,1,1,0.1,0.1,0.1,0.1,0.1,0.1,0.1,0.1,1,1,2,2,2,3,4,4,5,5,5,6,6,7,7,7,7,7,7,7,7,7,7,6,6,6,5,5,4,4,4,3,3,2,2,2,1,1,1,1,1,0.1,0.1,0.1,0.1,0.1,0.1,0.1,0.1,0.1,0.1,0.1,0.1,0.1,0.1,0.1,0.1,0.1,0.1,0.1,0.1,0.1,0.1,0.1,0.1,0.1,0.1,0.1,0.1,0.1,0.1,0.1,0.1,0.1,0.1,0.1,0.1,0.1,0.1,0.1,0.1,0.1,0.1,0.1,0.1,0.1,0.1,0.1,0.1,0.1,0.1,0.1
0.1,0.1,0.1,0.1,0.1,0.1,0.1,0.1,0.1,0.1,0.1,0.1,0.1,0.1,0.1,0.1,0.1,0.1,0.1,0.1,0.1,0.1,0.1,0.1,0.1,0.1,0.1,0.1,0.1,0.1,0.1,0.1,0.1,0.1,0.1,0.1,0.1,0.1,0.1,0.1,0.1,0.1,0.1,0.1,0.1,0.1,0.1,0.1,0.1,0.1,0.1,0.1,0.1,0.1,0.1,0.1,1,1,1,1,2,2,2,2,3,3,3,4,4,4,5,5,5,5,6,6,6,6,6,5,5,5,5,4,4,4,3,3,2,2,1,1,1,0.1,0.1,0.1,0.1,0.1,0.1,0.1,0.1,1,1,2,2,3,3,4,4,5,6,6,6,7,7,7,7,7,7,7,7,7,6,6,5,4,4,3,2,2,1,1,0.1,0.1,0.1,0.1,0.1,0.1,1,2,2,3,4,5,6,7,9,10,11,12,13,14,15,15,15,16,16,15,15,14,14,13,12,10,9,8,6,5,4,3,2,1,0.1,0.1,0.1,0.1,1,1,2,3,5,6,8,10,12,14,16,18,19,21,22,24,25,25,26,26,26,25,24,23,21,20,18,16,14,12,9,7,6,4,2,1,1,0.1,0.1,0.1,1,2,4,6,8,10,13,15,18,21,24,26,29,31,32,34,35,35,35,35,34,32,31,28,26,23,20,17,14,11,8,6,4,2,1,0.1,0.1,1,2,4,7,11,15,20,25,31,37,44,51,57,64,71,77,83,88,93,97,100,102,103,104,103,102,100,97,93,88,83,77,71,64,57,51,44,37,31,25,20,15,11,7,4,2,1,0.1,0.1,1,2,4,6,8,11,14,17,20,23,26,28,31,32,34,35,35,35,35,34,32,31,29,26,24,21,18,15,13,10,8,6,4,2,1,0.1,0.1,0.1,1,1,2,4,6,7,9,12,14,16,18,20,21,23,24,25,26,26,26,25,25,24,22,21,19,18,16,14,12,10,8,6,5,3,2,1,1,0.1,0.1,0.1,0.1,1,2,3,4,5,6,8,9,10,12,13,14,14,15,15,16,16,15,15,15,14,13,12,11,10,9,7,6,5,4,3,2,2,1,0.1,0.1,0.1,0.1,0.1,0.1,1,1,2,2,3,4,4,5,6,6,7,7,7,7,7,7,7,7,7,6,6,6,5,4,4,3,3,2,2,1,1,0.1,0.1,0.1,0.1,0.1,0.1,0.1,0.1,1,1,1,2,2,3,3,4,4,4,5,5,5,5,6,6,6,6,6,5,5,5,5,4,4,4,3,3,3,2,2,2,2,1,1,1,1,0.1,0.1,0.1,0.1,0.1,0.1,0.1,0.1,0.1,0.1,0.1,0.1,0.1,0.1,0.1,0.1,0.1,0.1,0.1,0.1,0.1,0.1,0.1,0.1,0.1,0.1,0.1,0.1,0.1,0.1,0.1,0.1,0.1,0.1,0.1,0.1,0.1,0.1,0.1,0.1,0.1,0.1,0.1,0.1,0.1,0.1,0.1,0.1,0.1,0.1,0.1,0.1,0.1
0.1,0.1,0.1,0.1,0.1,0.1,0.1,0.1,0.1,0.1,0.1,0.1,0.1,0.1,0.1,0.1,0.1,0.1,0.1,0.1,0.1,0.1,0.1,0.1,0.1,0.1,0.1,0.1,0.1,0.1,0.1,0.1,0.1,0.1,0.1,0.1,0.1,0.1,0.1,0.1,0.1,0.1,0.1,0.1,0.1,0.1,0.1,0.1,0.1,0.1,0.1,0.1,0.1,0.1,0.1,0.1,0.1,0.1,1,1,1,1,1,2,2,2,3,3,3,3,4,4,4,4,4,4,4,4,4,4,4,4,3,3,3,2,2,2,1,1,1,0.1,0.1,0.1,0.1,0.1,0.1,0.1,0.1,1,1,2,2,3,3,4,5,5,6,7,7,8,8,9,9,9,9,9,9,8,8,7,7,6,5,5,4,3,2,2,1,1,0.1,0.1,0.1,0.1,0.1,1,2,2,3,4,6,7,8,10,11,13,14,15,16,17,18,19,19,19,19,19,18,18,17,15,14,13,11,9,8,6,5,3,2,1,1,0.1,0.1,0.1,1,1,3,4,6,7,10,12,14,17,19,21,24,26,28,29,30,31,32,32,32,31,30,29,27,25,23,21,18,16,13,10,8,6,4,2,1,0.1,0.1,0.1,1,2,3,5,8,10,13,16,20,23,26,29,32,35,38,40,41,42,43,43,43,42,40,38,35,33,29,26,23,19,15,12,9,6,4,2,1,0.1,0.1,1,2,4,7,10,14,19,24,29,34,40,45,51,56,61,65,69,73,76,78,79,79,79,78,76,73,69,65,61,56,51,45,40,34,29,24,19,14,10,7,4,2,1,0.1,0.1,1,2,4,6,9,12,15,19,23,26,29,33,35,38,40,42,43,43,43,42,41,40,38,35,32,29,26,23,20,16,13,10,8,5,3,2,1,0.1,0.1,0.1,1,2,4,6,8,10,13,16,18,21,23,25,27,29,30,31,32,32,32,31,30,29,28,26,24,21,19,17,14,12,10,7,6,4,3,1,1,0.1,0.1,0.1,1,1,2,3,5,6,8,9,11,13,14,15,17,18,18,19,19,19,19,19,18,17,16,15,14,13,11,10,8,7,6,4,3,2,2,1,0.1,0.1,0.1,0.1,0.1,1,1,2,2,3,4,5,5,6,7,7,8,8,9,9,9,9,9,9,8,8,7,7,6,5,5,4,3,3,2,2,1,1,0.1,0.1,0.1,0.1,0.1,0.1,0.1,0.1,1,1,1,2,2,2,3,3,3,4,4,4,4,4,4,4,4,4,4,4,4,3,3,3,3,2,2,2,1,1,1,1,1,0.1,0.1,0.1,0.1,0.1,0.1,0.1,0.1,0.1,0.1,0.1,0.1,0.1,0.1,0.1,0.1,0.1,0.1,0.1,0.1,0.1,0.1,0.1,0.1,0.1,0.1,0.1,0.1,0.1,0.1,0.1,0.1,0.1,0.1,0.1,0.1,0.1,0.1,0.1,0.1,0.1,0.1,0.1,0.1,0.1,0.1,0.1,0.1,0.1,0.1,0.1,0.1,0.1,0.1,0.1
0.1,0.1,0.1,0.1,0.1,0.1,0.1,0.1,0.1,0.1,0.1,0.1,0.1,0.1,0.1,0.1,0.1,0.1,0.1,0.1,0.1,0.1,0.1,0.1,0.1,0.1,0.1,0.1,0.1,0.1,0.1,0.1,0.1,0.1,0.1,0.1,0.1,0.1,0.1,0.1,0.1,0.1,0.1,0.1,0.1,0.1,0.1,0.1,0.1,0.1,0.1,0.1,0.1,0.1,0.1,0.1,0.1,0.1,0.1,0.1,1,1,1,1,1,2,2,2,2,2,3,3,3,3,3,3,3,3,3,3,3,2,2,2,2,1,1,1,1,0.1,0.1,0.1,0.1,0.1,0.1,0.1,0.1,1,1,2,2,3,4,4,5,6,6,7,8,9,9,10,10,10,10,10,10,10,10,9,9,8,7,6,6,5,4,3,2,1,1,0.1,0.1,0.1,0.1,0.1,1,1,2,3,5,6,7,9,11,12,14,16,17,19,20,21,22,23,23,23,23,23,22,21,20,18,17,15,13,11,9,7,6,4,3,2,1,0.1,0.1,0.1,1,2,3,5,7,9,11,14,17,20,23,26,28,31,33,35,37,38,39,39,39,38,37,36,34,32,29,26,23,20,17,14,11,8,6,4,2,1,0.1,0.1,0.1,1,3,5,7,10,13,17,21,25,29,33,36,40,43,46,48,50,51,52,52,52,50,49,46,43,40,37,33,29,25,21,17,13,10,7,4,2,1,0.1,0.1,1,2,4,6,9,13,17,21,25,29,34,38,42,46,49,52,54,56,57,57,57,56,54,52,49,46,42,38,34,29,25,21,17,13,9,6,4,2,1,0.1,0.1,1,2,4,7,10,13,17,21,25,29,33,37,40,43,46,49,50,52,52,52,51,50,48,46,43,40,36,33,29,25,21,17,13,10,7,5,3,1,0.1,0.1,0.1,1,2,4,6,8,11,14,17,20,23,26,29,32,34,36,37,38,39,39,39,38,37,35,33,31,28,26,23,20,17,14,11,9,7,5,3,2,1,0.1,0.1,0.1,1,2,3,4,6,7,9,11,13,15,17,18,20,21,22,23,23,23,23,23,22,21,20,19,17,16,14,12,11,9,7,6,5,3,2,1,1,0.1,0.1,0.1,0.1,0.1,1,1,2,3,4,5,6,6,7,8,9,9,10,10,10,10,10,10,10,10,9,9,8,7,6,6,5,4,4,3,2,2,1,1,0.1,0.1,0.1,0.1,0.1,0.1,0.1,0.1,1,1,1,1,2,2,2,2,3,3,3,3,3,3,3,3,3,3,3,2,2,2,2,2,1,1,1,1,1,0.1,0.1,0.1,0.1,0.1,0.1,0.1,0.1,0.1,0.1,0.1,0.1,0.1,0.1,0.1,0.1,0.1,0.1,0.1,0.1,0.1,0.1,0.1,0.1,0.1,0.1,0.1,0.1,0.1,0.1,0.1,0.1,0.1,0.1,0.1,0.1,0.1,0.1,0.1,0.1,0.1,0.1,0.1,0.1,0.1,0.1,0.1,0.1,0.1,0.1,0.1,0.1,0.1,0.1,0.1,0.1,0.1
0.1,0.1,0.1,0.1,0.1,0.1,0.1,0.1,0.1,0.1,0.1,0.1,0.1,0.1,0.1,0.1,0.1,0.1,0.1,0.1,0.1,0.1,0.1,0.1,0.1,0.1,0.1,0.1,0.1,0.1,0.1,0.1,0.1,0.1,0.1,0.1,0.1,0.1,0.1,0.1,0.1,0.1,0.1,0.1,0.1,0.1,0.1,0.1,0.1,0.1,0.1,0.1,0.1,0.1,0.1,0.1,0.1,0.1,0.1,0.1,0.1,0.1,1,1,1,1,1,1,1,2,2,2,2,2,2,2,2,2,2,2,2,1,1,1,1,1,0.1,0.1,0.1,0.1,0.1,0.1,0.1,0.1,0.1,1,1,2,2,3,4,4,5,6,7,8,8,9,10,11,11,12,12,12,12,12,12,12,11,10,10,9,8,7,6,5,4,3,2,1,1,0.1,0.1,0.1,0.1,1,1,2,3,4,6,8,9,11,13,15,17,19,21,23,24,25,26,27,27,28,27,27,26,25,23,21,19,17,15,13,11,9,7,5,3,2,1,0.1,0.1,0.1,1,2,3,5,8,10,13,16,20,23,26,30,33,36,39,41,43,45,46,46,46,46,44,43,41,38,35,32,29,25,21,18,14,11,8,5,3,2,1,0.1,0.1,1,2,4,7,10,14,18,22,26,31,36,40,44,48,52,55,58,60,61,62,62,61,60,58,56,52,49,45,40,36,31,27,22,18,14,10,7,4,2,1,0.1,0.1,0.1,1,3,5,8,10,13,17,20,23,26,29,32,34,36,38,38,39,38,38,36,34,32,29,26,23,20,17,13,10,8,5,3,1,0.1,0.1,0.1,1,2,4,7,10,14,18,22,27,31,36,40,45,49,52,56,58,60,61,62,62,61,60,58,55,52,48,44,40,36,31,26,22,18,14,10,7,4,2,1,0.1,0.1,1,2,3,5,8,11,14,18,21,25,29,32,35,38,41,43,44,46,46,46,46,45,43,41,39,36,33,30,26,23,20,16,13,10,8,5,3,2,1,0.1,0.1,0.1,1,2,3,5,7,9,11,13,15,17,19,21,23,25,26,27,27,28,27,27,26,25,24,23,21,19,17,15,13,11,9,8,6,4,3,2,1,1,0.1,0.1,0.1,0.1,1,1,2,3,4,5,6,7,8,9,10,10,11,12,12,12,12,12,12,12,11,11,10,9,8,8,7,6,5,4,4,3,2,2,1,1,0.1,0.1,0.1,0.1,0.1,0.1,0.1,0.1,0.1,1,1,1,1,1,2,2,2,2,2,2,2,2,2,2,2,2,1,1,1,1,1,1,1,0.1,0.1,0.1,0.1,0.1,0.1,0.1,0.1,0.1,0.1,0.1,0.1,0.1,0.1,0.1,0.1,0.1,0.1,0.1,0.1,0.1,0.1,0.1,0.1,0.1,0.1,0.1,0.1,0.1,0.1,0.1,0.1,0.1,0.1,0.1,0.1,0.1,0.1,0.1,0.1,0.1,0.1,0.1,0.1,0.1,0.1,0.1,0.1,0.1,0.1,0.1,0.1,0.1,0.1,0.1,0.1,0.1,0.1,0.1
0.1,0.1,0.1,0.1,0.1,0.1,0.1,0.1,0.1,0.1,0.1,0.1,0.1,0.1,0.1,0.1,0.1,0.1,0.1,0.1,0.1,0.1,0.1,0.1,0.1,0.1,0.1,0.1,0.1,0.1,0.1,0.1,0.1,0.1,0.1,0.1,1,1,1,1,1,1,1,1,0.1,0.1,0.1,0.1,0.1,0.1,0.1,0.1,0.1,0.1,0.1,0.1,0.1,0.1,0.1,0.1,0.1,0.1,0.1,0.1,0.1,1,1,1,1,1,1,1,1,1,1,1,1,1,1,1,1,1,1,0.1,0.1,0.1,0.1,0.1,0.1,0.1,0.1,0.1,1,1,1,2,2,3,4,4,5,6,7,8,9,10,11,11,12,13,13,14,14,14,14,14,13,13,12,11,11,10,8,7,6,5,4,3,2,1,1,0.1,0.1,0.1,0.1,1,2,3,4,6,7,9,11,14,16,18,20,23,25,27,28,30,31,31,32,32,31,31,30,28,27,25,22,20,17,15,12,10,8,5,4,2,1,0.1,0.1,0.1,1,2,4,6,9,12,15,19,22,26,30,34,38,41,45,47,50,52,53,54,54,53,52,50,48,45,42,38,34,30,26,22,18,14,10,7,5,2,1,0.1,0.1,1,2,4,7,10,14,18,23,28,33,39,44,49,54,58,62,66,69,71,73,73,73,72,71,69,66,62,58,54,49,44,39,33,28,24,19,15,11,8,5,3,1,0.1,0.1,0.1,1,2,4,5,8,10,12,14,17,18,20,22,23,23,23,23,23,22,20,18,17,14,12,10,8,5,4,2,1,0.1,0.1,0.1,1,3,5,8,11,15,19,24,28,33,39,44,49,54,58,62,66,69,71,72,73,73,73,71,69,66,62,58,54,49,44,39,33,28,23,18,14,10,7,4,2,1,0.1,0.1,1,2,5,7,10,14,18,22,26,30,34,38,42,45,48,50,52,53,54,54,53,52,50,47,45,41,38,34,30,26,22,19,15,12,9,6,4,2,1,0.1,0.1,0.1,1,2,4,5,8,10,12,15,17,20,22,25,27,28,30,31,31,32,32,31,31,30,28,27,25,23,20,18,16,14,11,9,7,6,4,3,2,1,0.1,0.1,0.1,0.1,1,1,2,3,4,5,6,7,8,10,11,11,12,13,13,14,14,14,14,14,13,13,12,11,11,10,9,8,7,6,5,4,4,3,2,2,1,1,1,0.1,0.1,0.1,0.1,0.1,0.1,0.1,0.1,0.1,1,1,1,1,1,1,1,1,1,1,1,1,1,1,1,1,1,1,0.1,0.1,0.1,0.1,0.1,0.1,0.1,0.1,0.1,0.1,0.1,0.1,0.1,0.1,0.1,0.1,0.1,0.1,0.1,0.1,0.1,1,1,1,1,1,1,1,1,0.1,0.1,0.1,0.1,0.1,0.1,0.1,0.1,0.1,0.1,0.1,0.1,0.1,0.1,0.1,0.1,0.1,0.1,0.1,0.1,0.1,0.1,0.1,0.1,0.1,0.1,0.1,0.1,0.1,0.1,0.1,0.1,0.1
0.1,0.1,0.1,0.1,0.1,0.1,0.1,0.1,0.1,0.1,0.1,0.1,0.1,0.1,0.1,0.1,0.1,0.1,0.1,0.1,0.1,0.1,0.1,0.1,0.1,0.1,0.1,0.1,0.1,0.1,0.1,0.1,0.1,0.1,1,1,1,1,1,1,1,1,1,1,1,1,1,1,0.1,0.1,0.1,0.1,0.1,0.1,0.1,0.1,0.1,0.1,0.1,0.1,0.1,0.1,0.1,0.1,0.1,0.1,0.1,0.1,0.1,0.1,1,1,1,1,1,1,1,1,0.1,0.1,0.1,0.1,0.1,0.1,0.1,0.1,0.1,0.1,0.1,0.1,1,1,1,2,2,3,4,4,5,6,7,8,9,10,11,12,13,14,14,15,15,16,16,16,16,15,15,14,13,13,11,10,9,8,6,5,4,3,2,1,0.1,0.1,0.1,0.1,1,1,2,4,5,7,9,11,14,16,19,21,24,26,28,31,32,34,35,36,36,36,36,35,34,32,30,28,25,22,20,17,14,11,8,6,4,2,1,0.1,0.1,0.1,1,2,4,7,10,13,17,21,25,30,34,39,43,47,50,54,56,59,60,61,61,61,60,58,55,52,49,45,40,36,31,26,22,17,13,9,6,4,2,0.1,0.1,0.1,2,4,6,10,14,19,24,29,35,41,47,53,59,65,69,74,78,81,83,85,85,85,84,82,80,76,73,68,63,58,52,47,41,35,30,25,20,16,12,8,6,3,2,1,0.1,0.1,0.1,1,2,3,5,6,7,9,10,11,11,12,12,12,11,11,10,9,7,6,5,3,2,1,0.1,0.1,0.1,1,2,3,6,8,12,16,20,25,30,35,41,47,52,58,63,68,73,76,80,82,84,85,85,85,83,81,78,74,69,65,59,53,47,41,35,29,24,19,14,10,6,4,2,0.1,0.1,0.1,2,4,6,9,13,17,22,26,31,36,40,45,49,52,55,58,60,61,61,61,60,59,56,54,50,47,43,39,34,30,25,21,17,13,10,7,4,2,1,0.1,0.1,0.1,1,2,4,6,8,11,14,17,20,22,25,28,30,32,34,35,36,36,36,36,35,34,32,31,28,26,24,21,19,16,14,11,9,7,5,4,2,1,1,0.1,0.1,0.1,0.1,1,2,3,4,5,6,8,9,10,11,13,13,14,15,15,16,16,16,16,15,15,14,14,13,12,11,10,9,8,7,6,5,4,4,3,2,2,1,1,1,0.1,0.1,0.1,0.1,0.1,0.1,0.1,0.1,0.1,0.1,0.1,0.1,1,1,1,1,1,1,1,1,0.1,0.1,0.1,0.1,0.1,0.1,0.1,0.1,0.1,0.1,0.1,0.1,0.1,0.1,0.1,0.1,0.1,0.1,0.1,0.1,0.1,0.1,1,1,1,1,1,1,1,1,1,1,1,1,1,1,0.1,0.1,0.1,0.1,0.1,0.1,0.1,0.1,0.1,0.1,0.1,0.1,0.1,0.1,0.1,0.1,0.1,0.1,0.1,0.1,0.1,0.1,0.1,0.1,0.1,0.1,0.1,0.1,0.1,0.1,0.1
0.1,0.1,0.1,0.1,0.1,0.1,0.1,0.1,0.1,0.1,0.1,0.1,0.1,0.1,0.1,0.1,0.1,0.1,0.1,0.1,0.1,0.1,0.1,0.1,0.1,0.1,0.1,0.1,0.1,0.1,0.1,0.1,1,1,1,1,1,1,1,1,1,1,1,1,1,1,1,1,1,1,1,0.1,0.1,0.1,0.1,0.1,0.1,0.1,0.1,0.1,0.1,0.1,0.1,0.1,0.1,0.1,0.1,0.1,0.1,0.1,0.1,0.1,0.1,0.1,0.1,0.1,0.1,0.1,0.1,0.1,0.1,0.1,0.1,0.1,0.1,0.1,0.1,0.1,1,1,1,2,2,3,3,4,5,6,7,8,9,10,11,12,13,14,15,16,17,17,18,18,18,18,18,17,16,16,15,13,12,11,9,8,7,5,4,3,2,1,0.1,0.1,0.1,0.1,1,2,3,4,6,8,11,13,16,19,22,24,27,30,32,35,37,38,39,40,41,40,40,39,37,36,33,31,28,25,22,19,15,12,9,7,4,3,1,0.1,0.1,0.1,1,3,5,8,11,15,19,23,28,33,38,43,48,52,56,60,63,66,67,69,69,69,67,66,63,60,56,51,47,42,36,31,26,21,16,12,8,5,2,1,0.1,0.1,1,3,6,9,14,19,25,31,37,44,51,57,64,70,76,82,86,91,94,96,98,98,98,97,95,92,88,84,79,73,68,62,55,49,43,37,32,26,21,17,13,10,7,4,3,1,1,0.1,0.1,0.1,1,1,2,2,3,4,4,4,4,4,4,4,3,2,2,1,1,0.1,0.1,0.1,1,1,3,4,7,10,13,17,21,26,32,37,43,49,55,62,68,73,79,84,88,92,95,97,98,98,98,96,94,91,86,82,76,70,64,57,51,44,37,31,25,19,14,9,6,3,1,0.1,0.1,1,2,5,8,12,16,21,26,31,36,42,47,51,56,60,63,66,67,69,69,69,67,66,63,60,56,52,48,43,38,33,28,23,19,15,11,8,5,3,1,0.1,0.1,0.1,1,3,4,7,9,12,15,19,22,25,28,31,33,36,37,39,40,40,41,40,39,38,37,35,32,30,27,24,22,19,16,13,11,8,6,4,3,2,1,0.1,0.1,0.1,0.1,1,2,3,4,5,7,8,9,11,12,13,15,16,16,17,18,18,18,18,18,17,17,16,15,14,13,12,11,10,9,8,7,6,5,4,3,3,2,2,1,1,1,0.1,0.1,0.1,0.1,0.1,0.1,0.1,0.1,0.1,0.1,0.1,0.1,0.1,0.1,0.1,0.1,0.1,0.1,0.1,0.1,0.1,0.1,0.1,0.1,0.1,0.1,0.1,0.1,0.1,0.1,0.1,0.1,0.1,0.1,0.1,0.1,0.1,1,1,1,1,1,1,1,1,1,1,1,1,1,1,1,1,1,1,1,0.1,0.1,0.1,0.1,0.1,0.1,0.1,0.1,0.1,0.1,0.1,0.1,0.1,0.1,0.1,0.1,0.1,0.1,0.1,0.1,0.1,0.1,0.1,0.1,0.1,0.1,0.1,0.1,0.1
0.1,0.1,0.1,0.1,0.1,0.1,0.1,0.1,0.1,0.1,0.1,0.1,0.1,0.1,0.1,0.1,0.1,0.1,0.1,0.1,0.1,0.1,0.1,0.1,0.1,0.1,0.1,0.1,0.1,0.1,0.1,0.1,1,1,1,1,1,1,1,1,1,1,1,1,1,1,1,1,1,1,1,1,1,1,1,0.1,0.1,0.1,0.1,0.1,0.1,0.1,0.1,0.1,0.1,0.1,0.1,0.1,0.1,0.1,0.1,0.1,0.1,0.1,0.1,0.1,0.1,0.1,0.1,0.1,0.1,0.1,0.1,0.1,0.1,0.1,1,1,1,2,2,3,3,4,5,6,7,8,9,10,11,12,13,15,16,17,18,18,19,20,20,20,20,20,19,19,18,17,16,14,13,11,10,8,7,5,4,3,2,1,0.1,0.1,0.1,0.1,1,2,4,5,7,10,12,15,18,21,24,28,31,33,36,39,41,42,44,44,45,45,44,43,41,39,37,34,31,27,24,20,17,13,10,7,5,3,1,0.1,0.1,0.1,1,3,5,8,12,16,21,26,31,36,42,47,52,57,62,66,70,72,75,76,76,76,75,73,70,67,63,58,53,47,41,36,30,24,19,14,10,6,3,1,0.1,0.1,1,3,5,9,14,19,25,32,39,46,54,61,69,76,83,89,95,100,104,107,110,111,112,111,110,107,104,100,95,90,84,78,71,65,58,51,45,39,33,28,23,18,15,11,8,6,4,3,1,1,0.1,0.1,0.1,0.1,0.1,0.1,0.1,1,1,1,0.1,0.1,0.1,0.1,0.1,0.1,0.1,1,1,3,4,6,8,11,15,18,23,28,33,39,45,51,58,65,71,78,84,90,95,100,104,107,110,111,112,111,110,107,104,100,95,89,83,76,69,61,54,46,39,32,25,19,14,9,5,3,1,0.1,0.1,1,3,6,10,14,19,24,30,36,41,47,53,58,63,67,70,73,75,76,76,76,75,72,70,66,62,57,52,47,42,36,31,26,21,16,12,8,5,3,1,0.1,0.1,0.1,1,3,5,7,10,13,17,20,24,27,31,34,37,39,41,43,44,45,45,44,44,42,41,39,36,33,31,28,24,21,18,15,12,10,7,5,4,2,1,0.1,0.1,0.1,0.1,1,2,3,4,5,7,8,10,11,13,14,16,17,18,19,19,20,20,20,20,20,19,18,18,17,16,15,13,12,11,10,9,8,7,6,5,4,3,3,2,2,1,1,1,0.1,0.1,0.1,0.1,0.1,0.1,0.1,0.1,0.1,0.1,0.1,0.1,0.1,0.1,0.1,0.1,0.1,0.1,0.1,0.1,0.1,0.1,0.1,0.1,0.1,0.1,0.1,0.1,0.1,0.1,0.1,1,1,1,1,1,1,1,1,1,1,1,1,1,1,1,1,1,1,1,1,1,1,1,0.1,0.1,0.1,0.1,0.1,0.1,0.1,0.1,0.1,0.1,0.1,0.1,0.1,0.1,0.1,0.1,0.1,0.1,0.1,0.1,0.1,0.1,0.1,0.1,0.1,0.1,0.1,0.1,0.1
0.1,0.1,0.1,0.1,0.1,0.1,0.1,0.1,0.1,0.1,0.1,0.1,0.1,0.1,0.1,0.1,0.1,0.1,0.1,0.1,0.1,0.1,0.1,0.1,0.1,0.1,0.1,0.1,0.1,0.1,0.1,1,1,1,1,1,1,1,1,1,1,1,1,1,1,1,1,1,1,1,1,1,1,1,1,1,1,1,0.1,0.1,0.1,0.1,0.1,0.1,0.1,0.1,0.1,0.1,0.1,0.1,0.1,0.1,0.1,0.1,0.1,0.1,0.1,0.1,0.1,0.1,0.1,0.1,0.1,1,1,1,1,2,2,3,3,4,5,6,7,8,9,10,11,12,13,15,16,17,18,19,20,21,21,22,22,22,22,22,21,20,19,18,17,15,14,12,10,9,7,5,4,3,2,1,0.1,0.1,0.1,1,2,3,4,6,9,11,14,17,20,24,27,31,34,37,40,42,45,46,48,49,49,49,48,47,45,42,40,37,33,30,26,22,18,15,11,8,5,3,1,0.1,0.1,0.1,1,3,6,9,13,17,22,28,33,39,45,51,57,62,67,72,76,79,81,83,84,83,82,80,77,74,69,64,59,53,47,40,34,28,22,17,12,8,4,2,0.1,0.1,1,2,5,9,14,19,25,33,40,48,56,65,73,81,89,96,103,109,114,118,122,124,125,125,125,123,120,116,112,107,101,95,88,81,74,67,60,53,47,41,35,30,25,21,17,13,10,8,6,5,3,2,2,1,1,1,0.1,0.1,0.1,0.1,0.1,1,1,1,2,2,3,5,6,8,10,13,17,21,25,30,35,41,47,53,60,67,74,81,88,95,101,107,112,116,120,123,125,125,125,124,122,118,114,109,103,96,89,81,73,65,56,48,40,33,25,19,14,9,5,2,1,0.1,0.1,2,4,8,12,17,22,28,34,40,47,53,59,64,69,74,77,80,82,83,84,83,81,79,76,72,67,62,57,51,45,39,33,28,22,17,13,9,6,3,1,0.1,0.1,0.1,1,3,5,8,11,15,18,22,26,30,33,37,40,42,45,47,48,49,49,49,48,46,45,42,40,37,34,31,27,24,20,17,14,11,9,6,4,3,2,1,0.1,0.1,0.1,1,2,3,4,5,7,9,10,12,14,15,17,18,19,20,21,22,22,22,22,22,21,21,20,19,18,17,16,15,13,12,11,10,9,8,7,6,5,4,3,3,2,2,1,1,1,1,0.1,0.1,0.1,0.1,0.1,0.1,0.1,0.1,0.1,0.1,0.1,0.1,0.1,0.1,0.1,0.1,0.1,0.1,0.1,0.1,0.1,0.1,0.1,0.1,0.1,1,1,1,1,1,1,1,1,1,1,1,1,1,1,1,1,1,1,1,1,1,1,1,1,1,1,1,0.1,0.1,0.1,0.1,0.1,0.1,0.1,0.1,0.1,0.1,0.1,0.1,0.1,0.1,0.1,0.1,0.1,0.1,0.1,0.1,0.1,0.1,0.1,0.1,0.1,0.1,0.1,0.1
0.1,0.1,0.1,0.1,0.1,0.1,0.1,0.1,0.1,0.1,0.1,0.1,0.1,0.1,0.1,0.1,0.1,0.1,0.1,0.1,0.1,0.1,0.1,0.1,0.1,0.1,0.1,0.1,0.1,0.1,0.1,1,1,1,1,1,1,1,1,1,1,1,1,1,2,2,2,2,1,1,1,1,1,1,1,1,1,1,1,1,1,1,0.1,0.1,0.1,0.1,0.1,0.1,0.1,0.1,0.1,0.1,0.1,0.1,0.1,0.1,0.1,0.1,0.1,1,1,1,1,1,2,2,2,3,3,4,5,6,6,7,8,10,11,12,13,14,16,17,18,19,21,21,22,23,24,24,24,24,24,23,22,22,20,19,18,16,14,12,11,9,7,5,4,2,1,1,0.1,0.1,0.1,1,2,3,5,7,10,13,16,19,23,26,30,33,37,40,43,46,48,50,51,52,53,52,51,50,48,46,43,39,36,32,28,24,19,16,12,8,6,3,1,0.1,0.1,0.1,2,3,6,10,14,19,24,30,36,42,48,55,61,67,72,77,81,85,88,89,90,90,89,87,84,80,76,70,64,58,52,45,38,31,25,19,14,9,5,3,1,0.1,0.1,2,5,8,13,19,26,33,41,50,59,68,77,86,94,103,110,117,123,129,133,136,138,139,139,138,136,133,129,124,118,112,105,99,91,84,77,69,62,56,49,43,37,32,27,23,20,16,14,11,9,8,6,5,5,4,4,3,3,3,4,4,5,5,6,8,9,11,14,16,20,23,27,32,37,43,49,56,62,69,77,84,91,99,105,112,118,124,129,133,136,138,139,139,138,136,133,129,123,117,110,103,94,86,77,68,59,50,41,33,26,19,13,8,5,2,0.1,0.1,1,3,5,9,14,19,25,31,38,45,52,58,64,70,76,80,84,87,89,90,90,89,88,85,81,77,72,67,61,55,48,42,36,30,24,19,14,10,6,3,2,0.1,0.1,0.1,1,3,6,8,12,16,19,24,28,32,36,39,43,46,48,50,51,52,53,52,51,50,48,46,43,40,37,33,30,26,23,19,16,13,10,7,5,3,2,1,0.1,0.1,0.1,1,1,2,4,5,7,9,11,12,14,16,18,19,20,22,22,23,24,24,24,24,24,23,22,21,21,19,18,17,16,14,13,12,11,10,8,7,6,6,5,4,3,3,2,2,2,1,1,1,1,1,0.1,0.1,0.1,0.1,0.1,0.1,0.1,0.1,0.1,0.1,0.1,0.1,0.1,0.1,0.1,0.1,0.1,1,1,1,1,1,1,1,1,1,1,1,1,1,1,2,2,2,2,1,1,1,1,1,1,1,1,1,1,1,1,1,0.1,0.1,0.1,0.1,0.1,0.1,0.1,0.1,0.1,0.1,0.1,0.1,0.1,0.1,0.1,0.1,0.1,0.1,0.1,0.1,0.1,0.1,0.1,0.1,0.1,0.1,0.1,0.1
0.1,0.1,0.1,0.1,0.1,0.1,0.1,0.1,0.1,0.1,0.1,0.1,0.1,0.1,0.1,0.1,0.1,0.1,0.1,0.1,0.1,0.1,0.1,0.1,0.1,0.1,0.1,0.1,0.1,0.1,1,1,1,1,1,1,1,1,1,1,1,2,2,2,2,2,2,2,2,2,2,2,2,2,1,1,1,1,1,1,1,1,1,1,1,1,1,1,0.1,0.1,0.1,0.1,0.1,0.1,1,1,1,1,1,1,1,1,2,2,2,3,3,4,5,5,6,7,8,9,10,12,13,14,15,17,18,19,21,22,23,24,25,25,26,26,26,26,25,25,24,23,21,20,18,16,15,13,11,9,7,5,4,2,1,1,0.1,0.1,0.1,1,2,4,6,8,11,14,17,21,25,28,32,36,40,43,46,49,52,54,55,56,56,56,55,53,51,48,45,42,38,34,29,25,21,16,13,9,6,3,2,0.1,0.1,0.1,2,4,7,10,15,20,25,31,38,44,51,58,65,71,77,82,87,90,93,95,96,96,95,93,90,86,82,76,70,63,56,49,42,35,28,21,16,11,6,3,1,0.1,0.1,2,4,8,13,19,26,33,42,51,61,70,80,90,99,108,117,125,132,138,143,147,150,152,153,153,151,149,145,141,135,129,123,116,109,101,94,86,79,71,64,58,51,46,40,35,31,27,24,21,18,16,14,13,11,10,10,10,9,10,10,10,11,13,14,16,18,21,24,27,31,35,40,46,51,58,64,71,79,86,94,101,109,116,123,129,135,141,145,149,151,153,153,152,150,147,143,138,132,125,117,108,99,90,80,70,61,51,42,33,26,19,13,8,4,2,0.1,0.1,1,3,6,11,16,21,28,35,42,49,56,63,70,76,82,86,90,93,95,96,96,95,93,90,87,82,77,71,65,58,51,44,38,31,25,20,15,10,7,4,2,0.1,0.1,0.1,2,3,6,9,13,16,21,25,29,34,38,42,45,48,51,53,55,56,56,56,55,54,52,49,46,43,40,36,32,28,25,21,17,14,11,8,6,4,2,1,0.1,0.1,0.1,1,1,2,4,5,7,9,11,13,15,16,18,20,21,23,24,25,25,26,26,26,26,25,25,24,23,22,21,19,18,17,15,14,13,12,10,9,8,7,6,5,5,4,3,3,2,2,2,1,1,1,1,1,1,1,1,0.1,0.1,0.1,0.1,0.1,0.1,1,1,1,1,1,1,1,1,1,1,1,1,1,1,2,2,2,2,2,2,2,2,2,2,2,2,2,1,1,1,1,1,1,1,1,1,1,1,0.1,0.1,0.1,0.1,0.1,0.1,0.1,0.1,0.1,0.1,0.1,0.1,0.1,0.1,0.1,0.1,0.1,0.1,0.1,0.1,0.1,0.1,0.1,0.1,0.1,0.1,0.1
0.1,0.1,0.1,0.1,0.1,0.1,0.1,0.1,0.1,0.1,0.1,0.1,0.1,0.1,0.1,0.1,0.1,0.1,0.1,0.1,0.1,0.1,0.1,0.1,0.1,0.1,0.1,0.1,0.1,0.1,1,1,1,1,1,1,1,1,1,2,2,2,2,2,2,2,2,2,2,2,2,2,2,2,2,2,2,2,1,1,1,1,1,1,1,1,1,1,1,1,1,1,1,1,1,1,1,1,1,2,2,2,3,3,3,4,5,5,6,7,8,9,10,11,12,14,15,16,18,19,20,22,23,24,25,26,27,27,28,28,28,27,27,26,25,24,22,21,19,17,15,13,11,9,7,5,4,2,1,0.1,0.1,0.1,0.1,1,3,4,7,9,12,15,19,23,27,31,35,39,42,46,49,52,55,57,58,59,59,59,58,56,54,51,47,44,40,35,31,26,22,17,13,9,6,4,2,0.1,0.1,0.1,2,4,7,11,15,21,26,33,40,47,54,61,68,74,81,86,91,95,98,101,102,102,101,99,96,92,87,81,75,68,60,53,45,38,30,24,17,12,7,4,1,0.1,0.1,1,4,8,12,19,26,34,42,52,62,72,83,93,103,113,123,132,140,147,153,158,162,164,166,166,165,164,161,157,152,146,140,133,126,119,111,103,96,88,81,74,67,60,54,49,44,39,35,32,29,26,24,22,20,19,19,18,18,18,19,19,20,22,24,26,29,32,35,39,44,49,54,60,67,74,81,88,96,103,111,119,126,133,140,146,152,157,161,164,165,166,166,164,162,158,153,147,140,132,123,113,103,93,83,72,62,52,42,34,26,19,12,8,4,1,0.1,0.1,1,4,7,12,17,24,30,38,45,53,60,68,75,81,87,92,96,99,101,102,102,101,98,95,91,86,81,74,68,61,54,47,40,33,26,21,15,11,7,4,2,0.1,0.1,0.1,2,4,6,9,13,17,22,26,31,35,40,44,47,51,54,56,58,59,59,59,58,57,55,52,49,46,42,39,35,31,27,23,19,15,12,9,7,4,3,1,0.1,0.1,0.1,0.1,1,2,4,5,7,9,11,13,15,17,19,21,22,24,25,26,27,27,28,28,28,27,27,26,25,24,23,22,20,19,18,16,15,14,12,11,10,9,8,7,6,5,5,4,3,3,3,2,2,2,1,1,1,1,1,1,1,1,1,1,1,1,1,1,1,1,1,1,1,1,1,2,2,2,2,2,2,2,2,2,2,2,2,2,2,2,2,2,2,2,1,1,1,1,1,1,1,1,1,0.1,0.1,0.1,0.1,0.1,0.1,0.1,0.1,0.1,0.1,0.1,0.1,0.1,0.1,0.1,0.1,0.1,0.1,0.1,0.1,0.1,0.1,0.1,0.1,0.1,0.1,0.1
0.1,0.1,0.1,0.1,0.1,0.1,0.1,0.1,0.1,0.1,0.1,0.1,0.1,0.1,0.1,0.1,0.1,0.1,0.1,0.1,0.1,0.1,0.1,0.1,0.1,0.1,0.1,0.1,0.1,0.1,1,1,1,1,1,1,1,1,2,2,2,2,2,2,2,2,2,2,2,2,2,2,2,2,2,2,2,2,2,2,2,2,2,2,1,1,1,1,1,1,1,1,1,1,2,2,2,2,2,2,3,3,4,4,5,5,6,7,7,8,9,10,12,13,14,15,17,18,20,21,22,24,25,26,27,28,28,29,29,29,29,29,28,27,26,25,23,21,19,17,15,13,11,9,7,5,3,2,1,0.1,0.1,0.1,1,2,3,5,7,10,13,16,20,24,28,32,37,41,45,48,52,55,57,59,61,61,62,61,60,58,56,53,49,45,41,36,32,27,22,18,14,10,6,4,2,0.1,0.1,0.1,2,4,7,11,16,21,27,34,41,48,56,63,70,77,84,90,95,99,102,105,106,106,106,104,100,96,91,85,79,72,64,56,48,40,33,26,19,13,9,5,2,0.1,0.1,1,3,7,12,18,25,34,43,52,63,74,85,96,107,117,127,137,146,154,161,167,171,175,177,179,179,177,175,172,167,162,157,150,143,136,128,120,113,105,97,90,83,76,69,63,58,53,48,44,41,38,35,33,31,30,29,28,28,28,29,30,31,33,35,38,41,44,48,53,58,63,69,76,83,90,97,105,113,120,128,136,143,150,157,162,167,172,175,177,179,179,177,175,171,167,161,154,146,137,127,117,107,96,85,74,63,52,43,34,25,18,12,7,3,1,0.1,0.1,2,5,9,13,19,26,33,40,48,56,64,72,79,85,91,96,100,104,106,106,106,105,102,99,95,90,84,77,70,63,56,48,41,34,27,21,16,11,7,4,2,0.1,0.1,0.1,2,4,6,10,14,18,22,27,32,36,41,45,49,53,56,58,60,61,62,61,61,59,57,55,52,48,45,41,37,32,28,24,20,16,13,10,7,5,3,2,1,0.1,0.1,0.1,1,2,3,5,7,9,11,13,15,17,19,21,23,25,26,27,28,29,29,29,29,29,28,28,27,26,25,24,22,21,20,18,17,15,14,13,12,10,9,8,7,7,6,5,5,4,4,3,3,2,2,2,2,2,2,1,1,1,1,1,1,1,1,1,1,2,2,2,2,2,2,2,2,2,2,2,2,2,2,2,2,2,2,2,2,2,2,2,2,2,2,1,1,1,1,1,1,1,1,0.1,0.1,0.1,0.1,0.1,0.1,0.1,0.1,0.1,0.1,0.1,0.1,0.1,0.1,0.1,0.1,0.1,0.1,0.1,0.1,0.1,0.1,0.1,0.1,0.1,0.1,0.1
0.1,0.1,0.1,0.1,0.1,0.1,0.1,0.1,0.1,0.1,0.1,0.1,0.1,0.1,0.1,0.1,0.1,0.1,0.1,0.1,0.1,0.1,0.1,0.1,0.1,0.1,0.1,0.1,0.1,0.1,1,1,1,1,1,1,1,1,2,2,2,2,2,2,2,2,2,3,3,3,3,3,3,3,3,2,2,2,2,2,2,2,2,2,2,2,2,2,2,2,2,2,2,2,2,2,3,3,3,3,4,4,5,5,6,6,7,8,9,10,11,12,13,15,16,17,19,20,21,23,24,25,27,28,29,29,30,30,31,31,30,30,29,28,27,25,23,22,20,17,15,13,11,9,7,5,3,2,1,0.1,0.1,0.1,1,2,3,5,8,11,14,17,21,25,30,34,38,42,46,50,54,57,59,61,63,63,63,63,62,60,57,54,51,47,42,37,33,28,23,18,14,10,7,4,2,0.1,0.1,0.1,2,4,7,11,16,22,28,35,42,50,57,65,72,79,86,92,98,102,106,108,110,110,109,107,104,100,95,89,82,75,67,59,51,43,35,28,21,15,9,5,2,1,0.1,1,3,7,11,18,25,33,42,53,63,74,86,97,109,120,131,141,151,160,167,174,180,184,187,189,190,189,188,185,181,177,172,165,159,152,144,137,129,121,113,106,98,91,85,78,73,67,62,58,54,51,48,45,43,42,41,40,40,40,41,42,43,45,48,51,54,58,62,67,73,78,85,91,98,106,113,121,129,137,144,152,159,165,172,177,181,185,188,189,190,189,187,184,180,174,167,160,151,141,131,120,109,97,86,74,63,53,42,33,25,18,11,7,3,1,0.1,1,2,5,9,15,21,28,35,43,51,59,67,75,82,89,95,100,104,107,109,110,110,108,106,102,98,92,86,79,72,65,57,50,42,35,28,22,16,11,7,4,2,0.1,0.1,0.1,2,4,7,10,14,18,23,28,33,37,42,47,51,54,57,60,62,63,63,63,63,61,59,57,54,50,46,42,38,34,30,25,21,17,14,11,8,5,3,2,1,0.1,0.1,0.1,1,2,3,5,7,9,11,13,15,17,20,22,23,25,27,28,29,30,30,31,31,30,30,29,29,28,27,25,24,23,21,20,19,17,16,15,13,12,11,10,9,8,7,6,6,5,5,4,4,3,3,3,3,2,2,2,2,2,2,2,2,2,2,2,2,2,2,2,2,2,2,2,2,2,3,3,3,3,3,3,3,3,2,2,2,2,2,2,2,2,2,1,1,1,1,1,1,1,1,0.1,0.1,0.1,0.1,0.1,0.1,0.1,0.1,0.1,0.1,0.1,0.1,0.1,0.1,0.1,0.1,0.1,0.1,0.1,0.1,0.1,0.1,0.1,0.1,0.1,0.1,0.1
0.1,0.1,0.1,0.1,0.1,0.1,0.1,0.1,0.1,0.1,0.1,0.1,0.1,0.1,0.1,0.1,0.1,0.1,0.1,0.1,0.1,0.1,0.1,0.1,0.1,0.1,0.1,0.1,0.1,0.1,1,1,1,1,1,1,1,2,2,2,2,2,2,2,2,3,3,3,3,3,3,3,3,3,3,3,3,3,3,3,3,3,3,2,2,2,2,2,2,2,2,3,3,3,3,3,3,4,4,4,5,5,6,6,7,8,8,9,10,11,12,14,15,16,18,19,20,22,23,25,26,27,28,29,30,31,31,32,32,32,31,31,30,28,27,26,24,22,20,17,15,13,11,9,7,5,3,2,1,0.1,0.1,0.1,1,2,4,6,8,11,15,18,22,26,31,35,39,44,48,51,55,58,61,63,64,65,65,64,63,61,58,55,52,47,43,38,33,28,23,19,14,10,7,4,2,0.1,0.1,0.1,2,4,7,12,16,22,29,35,43,50,58,66,74,81,88,94,100,104,108,111,112,113,112,110,107,103,98,92,85,78,70,61,53,45,37,29,22,16,10,6,3,1,0.1,1,3,6,11,17,24,33,42,52,63,75,86,98,110,122,133,144,154,164,172,180,186,191,195,198,199,200,199,197,194,190,185,179,173,166,159,152,144,136,128,121,114,106,100,93,87,82,76,72,68,64,61,58,56,55,53,53,52,53,53,55,56,58,61,64,68,72,76,82,87,93,100,106,114,121,128,136,144,152,159,166,173,179,185,190,194,197,199,200,199,198,195,191,186,180,172,164,154,144,133,122,110,98,86,75,63,52,42,33,24,17,11,6,3,1,0.1,1,3,6,10,16,22,29,37,45,53,61,70,78,85,92,98,103,107,110,112,113,112,111,108,104,100,94,88,81,74,66,58,50,43,35,29,22,16,12,7,4,2,0.1,0.1,0.1,2,4,7,10,14,19,23,28,33,38,43,47,52,55,58,61,63,64,65,65,64,63,61,58,55,51,48,44,39,35,31,26,22,18,15,11,8,6,4,2,1,0.1,0.1,0.1,1,2,3,5,7,9,11,13,15,17,20,22,24,26,27,28,30,31,31,32,32,32,31,31,30,29,28,27,26,25,23,22,20,19,18,16,15,14,12,11,10,9,8,8,7,6,6,5,5,4,4,4,3,3,3,3,3,3,2,2,2,2,2,2,2,2,3,3,3,3,3,3,3,3,3,3,3,3,3,3,3,3,3,3,2,2,2,2,2,2,2,2,1,1,1,1,1,1,1,0.1,0.1,0.1,0.1,0.1,0.1,0.1,0.1,0.1,0.1,0.1,0.1,0.1,0.1,0.1,0.1,0.1,0.1,0.1,0.1,0.1,0.1,0.1,0.1,0.1,0.1,0.1
0.1,0.1,0.1,0.1,0.1,0.1,0.1,0.1,0.1,0.1,0.1,0.1,0.1,0.1,0.1,0.1,0.1,0.1,0.1,0.1,0.1,0.1,0.1,0.1,0.1,0.1,0.1,0.1,0.1,0.1,1,1,1,1,1,1,1,2,2,2,2,2,2,2,3,3,3,3,3,3,3,3,3,3,3,3,3,3,3,3,3,3,3,3,3,3,3,3,3,3,3,3,3,3,4,4,4,4,5,5,5,6,7,7,8,9,10,10,11,13,14,15,16,18,19,20,22,23,25,26,27,28,29,30,31,32,32,32,32,32,32,31,30,29,27,26,24,22,20,17,15,13,11,8,6,5,3,2,1,0.1,0.1,0.1,1,2,4,6,9,12,15,19,23,27,31,36,40,44,49,52,56,59,61,63,65,65,65,65,63,61,59,56,52,48,43,38,33,28,23,19,14,10,7,4,2,0.1,0.1,0.1,2,4,7,12,17,22,29,36,43,51,59,66,74,82,88,95,100,105,109,112,113,114,113,111,109,104,99,93,87,79,71,63,55,46,38,30,23,17,11,7,3,1,0.1,0.1,2,6,10,16,23,32,41,51,62,74,86,98,110,123,134,146,156,166,175,184,190,196,201,204,207,208,207,206,204,200,196,191,185,179,172,165,157,150,142,135,128,120,114,107,101,95,90,85,81,77,74,71,69,67,66,65,65,65,66,67,69,71,74,77,81,85,90,95,101,107,114,120,128,135,142,150,157,165,172,179,185,191,196,200,204,206,207,208,207,204,201,196,190,184,175,166,156,146,134,123,110,98,86,74,62,51,41,32,23,16,10,6,2,0.1,0.1,1,3,7,11,17,23,30,38,46,55,63,71,79,87,93,99,104,109,111,113,114,113,112,109,105,100,95,88,82,74,66,59,51,43,36,29,22,17,12,7,4,2,0.1,0.1,0.1,2,4,7,10,14,19,23,28,33,38,43,48,52,56,59,61,63,65,65,65,65,63,61,59,56,52,49,44,40,36,31,27,23,19,15,12,9,6,4,2,1,0.1,0.1,0.1,1,2,3,5,6,8,11,13,15,17,20,22,24,26,27,29,30,31,32,32,32,32,32,32,31,30,29,28,27,26,25,23,22,20,19,18,16,15,14,13,11,10,10,9,8,7,7,6,5,5,5,4,4,4,4,3,3,3,3,3,3,3,3,3,3,3,3,3,3,3,3,3,3,3,3,3,3,3,3,3,3,3,3,3,3,2,2,2,2,2,2,2,1,1,1,1,1,1,1,0.1,0.1,0.1,0.1,0.1,0.1,0.1,0.1,0.1,0.1,0.1,0.1,0.1,0.1,0.1,0.1,0.1,0.1,0.1,0.1,0.1,0.1,0.1,0.1,0.1,0.1,0.1
0.1,0.1,0.1,0.1,0.1,0.1,0.1,0.1,0.1,0.1,0.1,0.1,0.1,0.1,0.1,0.1,0.1,0.1,0.1,0.1,0.1,0.1,0.1,0.1,0.1,0.1,0.1,0.1,0.1,0.1,1,1,1,1,1,1,1,2,2,2,2,2,2,3,3,3,3,3,3,3,3,3,3,3,3,3,3,3,3,3,3,3,3,3,3,3,3,3,3,4,4,4,4,4,4,4,5,5,5,6,6,7,7,8,9,10,11,12,13,14,15,16,17,19,20,21,23,24,26,27,28,29,30,31,32,32,33,33,33,33,32,31,30,29,27,26,24,22,19,17,15,12,10,8,6,4,3,2,1,0.1,0.1,0.1,1,2,4,6,9,12,15,19,23,27,32,36,41,45,49,53,56,59,62,63,65,65,65,65,63,61,59,56,52,48,43,38,33,28,23,19,14,10,7,4,2,0.1,0.1,0.1,2,4,7,12,16,22,29,36,43,51,58,66,74,81,88,95,100,105,109,112,114,114,114,112,109,105,100,94,87,80,72,64,56,47,39,31,24,17,12,7,3,1,0.1,0.1,2,5,10,15,23,31,40,50,61,73,85,97,110,122,134,146,157,167,177,185,193,199,204,208,211,213,213,213,211,208,204,200,195,189,183,176,169,162,154,147,140,133,126,120,114,108,103,98,94,90,86,84,81,79,78,77,77,77,78,79,81,84,86,90,94,98,103,108,114,120,126,133,140,147,154,162,169,176,183,189,195,200,204,208,211,213,213,213,211,208,204,199,193,185,177,167,157,146,134,122,110,97,85,73,61,50,40,31,23,15,10,5,2,0.1,0.1,1,3,7,12,17,24,31,39,47,56,64,72,80,87,94,100,105,109,112,114,114,114,112,109,105,100,95,88,81,74,66,58,51,43,36,29,22,16,12,7,4,2,0.1,0.1,0.1,2,4,7,10,14,19,23,28,33,38,43,48,52,56,59,61,63,65,65,65,65,63,62,59,56,53,49,45,41,36,32,27,23,19,15,12,9,6,4,2,1,0.1,0.1,0.1,1,2,3,4,6,8,10,12,15,17,19,22,24,26,27,29,30,31,32,33,33,33,33,32,32,31,30,29,28,27,26,24,23,21,20,19,17,16,15,14,13,12,11,10,9,8,7,7,6,6,5,5,5,4,4,4,4,4,4,4,3,3,3,3,3,3,3,3,3,3,3,3,3,3,3,3,3,3,3,3,3,3,3,3,3,3,2,2,2,2,2,2,1,1,1,1,1,1,1,0.1,0.1,0.1,0.1,0.1,0.1,0.1,0.1,0.1,0.1,0.1,0.1,0.1,0.1,0.1,0.1,0.1,0.1,0.1,0.1,0.1,0.1,0.1,0.1,0.1,0.1,0.1
0.1,0.1,0.1,0.1,0.1,0.1,0.1,0.1,0.1,0.1,0.1,0.1,0.1,0.1,0.1,0.1,0.1,0.1,0.1,0.1,0.1,0.1,0.1,0.1,0.1,0.1,0.1,0.1,0.1,0.1,1,1,1,1,1,1,1,2,2,2,2,2,2,3,3,3,3,3,3,3,3,4,4,4,4,4,4,4,4,4,4,4,4,4,4,4,4,4,4,4,4,4,4,5,5,5,5,6,6,7,7,8,8,9,10,11,12,12,14,15,16,17,18,20,21,22,24,25,26,28,29,30,31,32,32,33,33,33,33,32,32,31,30,28,27,25,23,21,19,17,14,12,10,8,6,4,3,1,1,0.1,0.1,0.1,1,3,4,7,9,12,16,19,23,28,32,36,40,45,49,52,56,59,61,63,64,65,65,64,63,61,58,55,51,47,42,38,33,28,23,18,14,10,7,4,2,0.1,0.1,0.1,2,4,7,11,16,22,28,35,42,50,58,65,73,80,87,94,99,104,108,111,113,113,113,111,108,104,100,94,87,80,72,64,56,48,40,32,25,18,12,7,4,1,0.1,0.1,2,5,9,15,21,29,39,49,59,71,83,95,108,120,132,144,155,166,176,185,193,200,205,210,213,216,217,217,216,213,210,206,202,196,191,184,178,171,164,157,150,143,137,130,125,119,114,109,105,101,97,95,92,91,89,88,88,88,89,91,92,95,97,101,105,109,114,119,125,130,137,143,150,157,164,171,178,184,191,196,202,206,210,213,216,217,217,216,213,210,205,200,193,185,176,166,155,144,132,120,108,95,83,71,59,49,39,29,21,15,9,5,2,0.1,0.1,1,4,7,12,18,25,32,40,48,56,64,72,80,87,94,100,104,108,111,113,113,113,111,108,104,99,94,87,80,73,65,58,50,42,35,28,22,16,11,7,4,2,0.1,0.1,0.1,2,4,7,10,14,18,23,28,33,38,42,47,51,55,58,61,63,64,65,65,64,63,61,59,56,52,49,45,40,36,32,28,23,19,16,12,9,7,4,3,1,0.1,0.1,0.1,1,1,3,4,6,8,10,12,14,17,19,21,23,25,27,28,30,31,32,32,33,33,33,33,32,32,31,30,29,28,26,25,24,22,21,20,18,17,16,15,14,12,12,11,10,9,8,8,7,7,6,6,5,5,5,5,4,4,4,4,4,4,4,4,4,4,4,4,4,4,4,4,4,4,4,4,4,4,3,3,3,3,3,3,3,3,2,2,2,2,2,2,1,1,1,1,1,1,1,0.1,0.1,0.1,0.1,0.1,0.1,0.1,0.1,0.1,0.1,0.1,0.1,0.1,0.1,0.1,0.1,0.1,0.1,0.1,0.1,0.1,0.1,0.1,0.1,0.1,0.1,0.1
0.1,0.1,0.1,0.1,0.1,0.1,0.1,0.1,0.1,0.1,0.1,0.1,0.1,0.1,0.1,0.1,0.1,0.1,0.1,0.1,0.1,0.1,0.1,0.1,0.1,0.1,0.1,0.1,0.1,0.1,1,1,1,1,1,1,1,2,2,2,2,2,2,3,3,3,3,3,3,3,4,4,4,4,4,4,4,4,4,4,4,4,4,4,4,4,4,4,4,4,5,5,5,5,5,6,6,6,7,7,8,8,9,10,10,11,12,13,14,15,16,18,19,20,22,23,24,25,27,28,29,30,31,32,32,33,33,33,33,32,31,30,29,28,26,25,23,21,18,16,14,12,9,7,5,4,2,1,0.1,0.1,0.1,0.1,1,3,4,7,9,12,16,19,23,27,31,36,40,44,48,51,55,58,60,62,63,63,63,63,61,59,57,54,50,46,41,37,32,27,22,18,14,10,6,4,2,0.1,0.1,0.1,2,4,7,11,16,21,27,34,41,49,56,64,71,79,85,92,97,102,106,109,110,111,111,109,106,103,98,92,86,79,72,64,56,47,39,32,25,18,12,8,4,1,0.1,0.1,2,4,8,14,20,28,37,47,57,69,80,92,105,117,129,141,152,163,173,182,191,198,204,209,213,216,217,218,217,216,213,210,206,201,196,190,184,178,171,164,158,151,145,139,133,128,123,118,114,110,107,104,102,100,99,98,98,98,99,100,102,104,107,110,114,118,123,128,133,139,145,151,158,164,171,178,184,190,196,201,206,210,213,216,217,218,217,216,213,209,204,198,191,182,173,163,152,141,129,117,105,92,80,69,57,47,37,28,20,14,8,4,2,0.1,0.1,1,4,8,12,18,25,32,39,47,56,64,72,79,86,92,98,103,106,109,111,111,110,109,106,102,97,92,85,79,71,64,56,49,41,34,27,21,16,11,7,4,2,0.1,0.1,0.1,2,4,6,10,14,18,22,27,32,37,41,46,50,54,57,59,61,63,63,63,63,62,60,58,55,51,48,44,40,36,31,27,23,19,16,12,9,7,4,3,1,0.1,0.1,0.1,0.1,1,2,4,5,7,9,12,14,16,18,21,23,25,26,28,29,30,31,32,33,33,33,33,32,32,31,30,29,28,27,25,24,23,22,20,19,18,16,15,14,13,12,11,10,10,9,8,8,7,7,6,6,6,5,5,5,5,5,4,4,4,4,4,4,4,4,4,4,4,4,4,4,4,4,4,4,4,4,3,3,3,3,3,3,3,2,2,2,2,2,2,1,1,1,1,1,1,1,0.1,0.1,0.1,0.1,0.1,0.1,0.1,0.1,0.1,0.1,0.1,0.1,0.1,0.1,0.1,0.1,0.1,0.1,0.1,0.1,0.1,0.1,0.1,0.1,0.1,0.1,0.1
0.1,0.1,0.1,0.1,0.1,0.1,0.1,0.1,0.1,0.1,0.1,0.1,0.1,0.1,0.1,0.1,0.1,0.1,0.1,0.1,0.1,0.1,0.1,0.1,0.1,0.1,0.1,0.1,0.1,0.1,1,1,1,1,1,1,1,2,2,2,2,2,2,3,3,3,3,3,3,3,4,4,4,4,4,4,4,4,4,4,4,4,4,4,4,4,4,5,5,5,5,5,5,5,6,6,6,7,7,8,8,9,9,10,11,12,13,14,15,16,17,18,19,21,22,23,24,25,27,28,29,30,31,31,32,32,32,32,32,31,31,30,28,27,25,24,22,20,18,15,13,11,9,7,5,4,2,1,0.1,0.1,0.1,1,1,3,4,7,9,12,15,19,23,27,31,35,39,43,47,50,53,56,58,60,61,61,61,61,59,57,55,52,48,44,40,36,31,26,22,17,13,9,6,4,2,0.1,0.1,0.1,2,4,7,11,15,21,27,33,40,47,54,62,69,76,82,89,94,99,102,105,107,108,107,106,103,100,95,90,84,77,70,62,55,47,39,31,25,18,13,8,4,2,0.1,0.1,1,4,8,13,19,26,35,44,55,66,77,89,101,113,125,137,148,159,169,178,186,194,200,205,210,213,215,216,216,215,213,210,207,202,198,193,187,181,175,169,163,157,151,145,140,134,130,125,121,117,114,111,109,107,106,105,105,105,106,107,109,111,114,117,121,125,130,134,140,145,151,157,163,169,175,181,187,193,198,202,207,210,213,215,216,216,215,213,210,205,200,194,186,178,169,159,148,137,125,113,101,89,77,66,55,44,35,26,19,13,8,4,1,0.1,0.1,2,4,8,13,18,25,31,39,47,55,62,70,77,84,90,95,100,103,106,107,108,107,105,102,99,94,89,82,76,69,62,54,47,40,33,27,21,15,11,7,4,2,0.1,0.1,0.1,2,4,6,9,13,17,22,26,31,36,40,44,48,52,55,57,59,61,61,61,61,60,58,56,53,50,47,43,39,35,31,27,23,19,15,12,9,7,4,3,1,1,0.1,0.1,0.1,1,2,4,5,7,9,11,13,15,18,20,22,24,25,27,28,30,31,31,32,32,32,32,32,31,31,30,29,28,27,25,24,23,22,21,19,18,17,16,15,14,13,12,11,10,9,9,8,8,7,7,6,6,6,5,5,5,5,5,5,5,4,4,4,4,4,4,4,4,4,4,4,4,4,4,4,4,4,3,3,3,3,3,3,3,2,2,2,2,2,2,1,1,1,1,1,1,1,0.1,0.1,0.1,0.1,0.1,0.1,0.1,0.1,0.1,0.1,0.1,0.1,0.1,0.1,0.1,0.1,0.1,0.1,0.1,0.1,0.1,0.1,0.1,0.1,0.1,0.1,0.1
0.1,0.1,0.1,0.1,0.1,0.1,0.1,0.1,0.1,0.1,0.1,0.1,0.1,0.1,0.1,0.1,0.1,0.1,0.1,0.1,0.1,0.1,0.1,0.1,0.1,0.1,0.1,0.1,0.1,0.1,1,1,1,1,1,1,1,1,2,2,2,2,2,3,3,3,3,3,3,3,4,4,4,4,4,4,4,4,4,4,4,4,4,4,4,5,5,5,5,5,5,5,6,6,6,6,7,7,8,8,9,9,10,10,11,12,13,14,15,16,17,18,19,20,22,23,24,25,26,27,28,29,30,30,31,31,31,31,31,30,29,28,27,26,24,23,21,19,17,15,12,10,8,6,5,3,2,1,0.1,0.1,0.1,1,1,3,4,7,9,12,15,18,22,26,30,34,37,41,45,48,51,54,56,57,58,59,59,58,57,55,52,49,46,42,38,34,30,25,21,16,13,9,6,3,2,0.1,0.1,0.1,2,4,7,10,15,20,25,31,38,45,52,59,66,73,79,85,90,94,98,101,102,103,103,102,99,96,92,87,81,74,68,60,53,45,38,31,24,18,12,8,4,2,0.1,0.1,1,3,7,12,18,25,33,42,52,62,73,84,96,108,119,131,142,152,162,171,180,187,194,199,204,207,210,211,211,211,209,207,204,201,197,192,187,182,176,171,165,159,154,148,143,138,134,129,126,122,119,116,114,113,111,111,111,111,111,113,114,116,119,122,126,129,134,138,143,148,154,159,165,171,176,182,187,192,197,201,204,207,209,211,211,211,210,207,204,199,194,187,180,171,162,152,142,131,119,108,96,84,73,62,52,42,33,25,18,12,7,3,1,0.1,0.1,2,4,8,12,18,24,31,38,45,53,60,68,74,81,87,92,96,99,102,103,103,102,101,98,94,90,85,79,73,66,59,52,45,38,31,25,20,15,10,7,4,2,0.1,0.1,0.1,2,3,6,9,13,16,21,25,30,34,38,42,46,49,52,55,57,58,59,59,58,57,56,54,51,48,45,41,37,34,30,26,22,18,15,12,9,7,4,3,1,1,0.1,0.1,0.1,1,2,3,5,6,8,10,12,15,17,19,21,23,24,26,27,28,29,30,31,31,31,31,31,30,30,29,28,27,26,25,24,23,22,20,19,18,17,16,15,14,13,12,11,10,10,9,9,8,8,7,7,6,6,6,6,5,5,5,5,5,5,5,4,4,4,4,4,4,4,4,4,4,4,4,4,4,4,3,3,3,3,3,3,3,2,2,2,2,2,1,1,1,1,1,1,1,1,0.1,0.1,0.1,0.1,0.1,0.1,0.1,0.1,0.1,0.1,0.1,0.1,0.1,0.1,0.1,0.1,0.1,0.1,0.1,0.1,0.1,0.1,0.1,0.1,0.1,0.1,0.1
0.1,0.1,0.1,0.1,0.1,0.1,0.1,0.1,0.1,0.1,0.1,0.1,0.1,0.1,0.1,0.1,0.1,0.1,0.1,0.1,0.1,0.1,0.1,0.1,0.1,0.1,0.1,0.1,0.1,0.1,1,1,1,1,1,1,1,1,2,2,2,2,2,2,3,3,3,3,3,3,3,4,4,4,4,4,4,4,4,4,4,4,4,4,5,5,5,5,5,5,5,5,6,6,6,6,7,7,8,8,9,9,10,11,11,12,13,14,15,16,17,18,19,20,21,22,23,24,25,26,27,28,29,29,29,30,30,30,29,29,28,27,26,24,23,21,19,18,16,14,12,10,8,6,4,3,2,1,0.1,0.1,0.1,1,1,3,4,6,9,11,14,18,21,25,28,32,36,39,42,46,48,51,53,54,55,56,56,55,54,52,49,47,43,40,36,32,28,24,19,16,12,8,6,3,1,0.1,0.1,0.1,2,3,6,10,14,19,24,30,36,42,49,56,62,68,74,80,85,89,92,95,97,98,97,96,94,91,87,82,77,71,64,57,50,43,36,30,23,17,12,8,4,2,0.1,0.1,1,3,6,11,16,23,30,39,48,58,68,79,90,101,113,123,134,144,154,163,171,178,185,191,195,199,202,203,204,204,203,201,199,196,192,188,184,179,174,169,164,159,154,149,144,139,135,131,127,124,121,119,117,115,114,114,113,114,114,115,117,119,121,124,127,131,135,139,144,149,154,159,164,169,174,179,184,188,192,196,199,201,203,204,204,203,202,199,195,191,185,178,171,163,154,144,134,123,113,101,90,79,68,58,48,39,30,23,16,11,6,3,1,0.1,0.1,2,4,8,12,17,23,30,36,43,50,57,64,71,77,82,87,91,94,96,97,98,97,95,92,89,85,80,74,68,62,56,49,42,36,30,24,19,14,10,6,3,2,0.1,0.1,0.1,1,3,6,8,12,16,19,24,28,32,36,40,43,47,49,52,54,55,56,56,55,54,53,51,48,46,42,39,36,32,28,25,21,18,14,11,9,6,4,3,1,1,0.1,0.1,0.1,1,2,3,4,6,8,10,12,14,16,18,19,21,23,24,26,27,28,29,29,30,30,30,29,29,29,28,27,26,25,24,23,22,21,20,19,18,17,16,15,14,13,12,11,11,10,9,9,8,8,7,7,6,6,6,6,5,5,5,5,5,5,5,5,4,4,4,4,4,4,4,4,4,4,4,4,4,3,3,3,3,3,3,3,2,2,2,2,2,2,1,1,1,1,1,1,1,1,0.1,0.1,0.1,0.1,0.1,0.1,0.1,0.1,0.1,0.1,0.1,0.1,0.1,0.1,0.1,0.1,0.1,0.1,0.1,0.1,0.1,0.1,0.1,0.1,0.1,0.1,0.1
0.1,0.1,0.1,0.1,0.1,0.1,0.1,0.1,0.1,0.1,0.1,0.1,0.1,0.1,0.1,0.1,0.1,0.1,0.1,0.1,0.1,0.1,0.1,0.1,0.1,0.1,0.1,0.1,0.1,0.1,0.1,1,1,1,1,1,1,1,1,2,2,2,2,2,2,3,3,3,3,3,3,3,4,4,4,4,4,4,4,4,4,4,4,4,5,5,5,5,5,5,5,5,6,6,6,6,7,7,8,8,9,9,10,10,11,12,13,13,14,15,16,17,18,19,20,21,22,23,24,25,26,27,27,28,28,28,28,28,27,27,26,25,24,23,21,20,18,16,14,13,11,9,7,5,4,3,2,1,0.1,0.1,0.1,1,1,3,4,6,8,11,14,17,20,23,27,30,33,37,40,43,45,47,49,51,52,52,52,51,50,48,46,43,40,37,34,30,26,22,18,14,11,8,5,3,1,0.1,0.1,0.1,1,3,6,9,13,17,22,28,33,39,46,52,58,64,69,74,79,83,86,89,90,91,91,90,88,85,81,77,72,66,60,54,47,41,34,28,22,16,12,7,4,2,0.1,0.1,1,3,6,10,15,21,28,36,44,54,63,73,84,94,105,115,125,135,144,153,161,168,174,180,184,188,191,193,194,194,194,192,191,188,185,181,178,173,169,164,160,155,150,146,142,137,133,130,127,124,121,119,117,115,114,114,113,114,114,115,117,119,121,124,127,130,133,137,142,146,150,155,160,164,169,173,178,181,185,188,191,192,194,194,194,193,191,188,184,180,174,168,161,153,144,135,125,115,105,94,84,73,63,54,44,36,28,21,15,10,6,3,1,0.1,0.1,2,4,7,12,16,22,28,34,41,47,54,60,66,72,77,81,85,88,90,91,91,90,89,86,83,79,74,69,64,58,52,46,39,33,28,22,17,13,9,6,3,1,0.1,0.1,0.1,1,3,5,8,11,14,18,22,26,30,34,37,40,43,46,48,50,51,52,52,52,51,49,47,45,43,40,37,33,30,27,23,20,17,14,11,8,6,4,3,1,1,0.1,0.1,0.1,1,2,3,4,5,7,9,11,13,14,16,18,20,21,23,24,25,26,27,27,28,28,28,28,28,27,27,26,25,24,23,22,21,20,19,18,17,16,15,14,13,13,12,11,10,10,9,9,8,8,7,7,6,6,6,6,5,5,5,5,5,5,5,5,4,4,4,4,4,4,4,4,4,4,4,4,3,3,3,3,3,3,3,2,2,2,2,2,2,1,1,1,1,1,1,1,1,0.1,0.1,0.1,0.1,0.1,0.1,0.1,0.1,0.1,0.1,0.1,0.1,0.1,0.1,0.1,0.1,0.1,0.1,0.1,0.1,0.1,0.1,0.1,0.1,0.1,0.1,0.1,0.1
0.1,0.1,0.1,0.1,0.1,0.1,0.1,0.1,0.1,0.1,0.1,0.1,0.1,0.1,0.1,0.1,0.1,0.1,0.1,0.1,0.1,0.1,0.1,0.1,0.1,0.1,0.1,0.1,0.1,0.1,0.1,1,1,1,1,1,1,1,1,2,2,2,2,2,2,2,3,3,3,3,3,3,3,3,4,4,4,4,4,4,4,4,4,4,4,4,5,5,5,5,5,5,6,6,6,6,7,7,7,8,8,9,9,10,11,11,12,13,14,15,16,16,17,18,19,20,21,22,23,24,24,25,25,26,26,26,26,26,25,25,24,23,22,21,20,18,17,15,13,11,10,8,6,5,4,2,1,1,0.1,0.1,0.1,1,1,2,4,6,8,10,13,15,18,21,25,28,31,34,37,39,42,44,45,47,47,48,48,47,46,44,42,40,37,34,31,27,24,20,17,13,10,7,5,3,1,0.1,0.1,0.1,1,3,5,8,12,16,20,25,31,36,42,47,53,58,64,68,73,76,79,82,83,84,84,83,81,78,75,71,67,61,56,50,44,38,32,26,21,15,11,7,4,2,0.1,0.1,1,2,5,9,13,19,25,32,40,49,58,67,77,86,96,106,115,124,133,141,149,155,161,167,171,175,178,180,181,182,182,181,179,177,175,172,168,165,161,157,153,149,144,140,137,133,129,126,123,120,118,116,114,113,112,111,111,111,112,113,114,116,118,120,123,126,129,133,137,140,144,149,153,157,161,165,168,172,175,177,179,181,182,182,181,180,178,175,171,167,161,155,149,141,133,124,115,106,96,86,77,67,58,49,40,32,25,19,13,9,5,2,1,0.1,0.1,2,4,7,11,15,21,26,32,38,44,50,56,61,67,71,75,78,81,83,84,84,83,82,79,76,73,68,64,58,53,47,42,36,31,25,20,16,12,8,5,3,1,0.1,0.1,0.1,1,3,5,7,10,13,17,20,24,27,31,34,37,40,42,44,46,47,48,48,47,47,45,44,42,39,37,34,31,28,25,21,18,15,13,10,8,6,4,2,1,1,0.1,0.1,0.1,1,1,2,4,5,6,8,10,11,13,15,17,18,20,21,22,23,24,25,25,26,26,26,26,26,25,25,24,24,23,22,21,20,19,18,17,16,16,15,14,13,12,11,11,10,9,9,8,8,7,7,7,6,6,6,6,5,5,5,5,5,5,4,4,4,4,4,4,4,4,4,4,4,4,3,3,3,3,3,3,3,3,2,2,2,2,2,2,2,1,1,1,1,1,1,1,1,0.1,0.1,0.1,0.1,0.1,0.1,0.1,0.1,0.1,0.1,0.1,0.1,0.1,0.1,0.1,0.1,0.1,0.1,0.1,0.1,0.1,0.1,0.1,0.1,0.1,0.1,0.1,0.1
0.1,0.1,0.1,0.1,0.1,0.1,0.1,0.1,0.1,0.1,0.1,0.1,0.1,0.1,0.1,0.1,0.1,0.1,0.1,0.1,0.1,0.1,0.1,0.1,0.1,0.1,0.1,0.1,0.1,0.1,0.1,0.1,1,1,1,1,1,1,1,1,2,2,2,2,2,2,2,3,3,3,3,3,3,3,3,3,4,4,4,4,4,4,4,4,4,4,4,4,5,5,5,5,5,6,6,6,6,7,7,7,8,8,9,9,10,11,11,12,13,14,14,15,16,17,18,19,19,20,21,22,22,23,23,23,24,24,24,23,23,22,22,21,20,19,18,16,15,13,12,10,9,7,6,4,3,2,1,1,0.1,0.1,0.1,1,1,2,4,5,7,9,12,14,17,19,22,25,28,31,33,36,38,40,41,42,43,43,43,42,41,40,38,36,34,31,28,25,21,18,15,12,9,7,4,2,1,0.1,0.1,0.1,1,3,5,7,11,14,18,23,28,33,38,43,48,53,57,62,66,69,72,74,75,76,76,75,73,71,68,65,60,56,51,46,40,35,29,24,19,14,10,7,4,2,0.1,0.1,1,2,4,8,12,17,22,29,36,44,52,60,69,78,87,96,104,113,121,128,135,141,147,152,157,160,163,165,167,167,167,167,166,164,162,159,157,154,150,147,143,139,136,132,129,126,122,119,117,114,112,110,109,108,107,106,106,106,107,108,109,110,112,114,117,119,122,126,129,132,136,139,143,147,150,154,157,159,162,164,166,167,167,167,167,165,163,160,157,152,147,141,135,128,121,113,104,96,87,78,69,60,52,44,36,29,22,17,12,8,4,2,1,0.1,0.1,2,4,7,10,14,19,24,29,35,40,46,51,56,60,65,68,71,73,75,76,76,75,74,72,69,66,62,57,53,48,43,38,33,28,23,18,14,11,7,5,3,1,0.1,0.1,0.1,1,2,4,7,9,12,15,18,21,25,28,31,34,36,38,40,41,42,43,43,43,42,41,40,38,36,33,31,28,25,22,19,17,14,12,9,7,5,4,2,1,1,0.1,0.1,0.1,1,1,2,3,4,6,7,9,10,12,13,15,16,18,19,20,21,22,22,23,23,24,24,24,23,23,23,22,22,21,20,19,19,18,17,16,15,14,14,13,12,11,11,10,9,9,8,8,7,7,7,6,6,6,6,5,5,5,5,5,4,4,4,4,4,4,4,4,4,4,4,4,3,3,3,3,3,3,3,3,3,2,2,2,2,2,2,2,1,1,1,1,1,1,1,1,0.1,0.1,0.1,0.1,0.1,0.1,0.1,0.1,0.1,0.1,0.1,0.1,0.1,0.1,0.1,0.1,0.1,0.1,0.1,0.1,0.1,0.1,0.1,0.1,0.1,0.1,0.1,0.1,0.1
0.1,0.1,0.1,0.1,0.1,0.1,0.1,0.1,0.1,0.1,0.1,0.1,0.1,0.1,0.1,0.1,0.1,0.1,0.1,0.1,0.1,0.1,0.1,0.1,0.1,0.1,0.1,0.1,0.1,0.1,0.1,0.1,0.1,1,1,1,1,1,1,1,1,2,2,2,2,2,2,2,2,3,3,3,3,3,3,3,3,3,3,3,4,4,4,4,4,4,4,4,4,4,5,5,5,5,5,6,6,6,7,7,7,8,8,9,9,10,11,11,12,13,13,14,15,15,16,17,18,18,19,20,20,20,21,21,21,21,21,21,21,20,19,19,18,17,16,14,13,12,10,9,8,6,5,4,3,2,1,0.1,0.1,0.1,0.1,1,1,2,3,5,6,8,10,13,15,17,20,22,25,27,30,32,34,35,36,37,38,38,38,38,37,36,34,32,30,27,25,22,19,16,13,11,8,6,4,2,1,0.1,0.1,0.1,1,2,4,7,9,13,16,20,25,29,33,38,43,47,51,55,58,61,64,66,67,67,67,67,65,63,61,58,54,50,45,41,36,31,26,21,17,13,9,6,3,2,0.1,0.1,0.1,2,4,7,10,15,20,25,32,39,46,53,61,69,77,85,93,100,107,114,121,126,132,136,140,144,147,149,150,151,151,151,150,149,147,145,143,140,137,134,131,128,125,122,119,116,113,111,108,106,104,103,101,100,100,99,99,99,100,100,101,103,104,106,108,111,113,116,119,122,125,128,131,134,137,140,143,145,147,149,150,151,151,151,150,149,147,144,140,136,132,126,121,114,107,100,93,85,77,69,61,53,46,39,32,25,20,15,10,7,4,2,0.1,0.1,0.1,2,3,6,9,13,17,21,26,31,36,41,45,50,54,58,61,63,65,67,67,67,67,66,64,61,58,55,51,47,43,38,33,29,25,20,16,13,9,7,4,2,1,0.1,0.1,0.1,1,2,4,6,8,11,13,16,19,22,25,27,30,32,34,36,37,38,38,38,38,37,36,35,34,32,30,27,25,22,20,17,15,13,10,8,6,5,3,2,1,1,0.1,0.1,0.1,0.1,1,2,3,4,5,6,8,9,10,12,13,14,16,17,18,19,19,20,21,21,21,21,21,21,21,20,20,20,19,18,18,17,16,15,15,14,13,13,12,11,11,10,9,9,8,8,7,7,7,6,6,6,5,5,5,5,5,4,4,4,4,4,4,4,4,4,4,3,3,3,3,3,3,3,3,3,3,3,2,2,2,2,2,2,2,2,1,1,1,1,1,1,1,1,0.1,0.1,0.1,0.1,0.1,0.1,0.1,0.1,0.1,0.1,0.1,0.1,0.1,0.1,0.1,0.1,0.1,0.1,0.1,0.1,0.1,0.1,0.1,0.1,0.1,0.1,0.1,0.1,0.1,0.1
0.1,0.1,0.1,0.1,0.1,0.1,0.1,0.1,0.1,0.1,0.1,0.1,0.1,0.1,0.1,0.1,0.1,0.1,0.1,0.1,0.1,0.1,0.1,0.1,0.1,0.1,0.1,0.1,0.1,0.1,0.1,0.1,0.1,1,1,1,1,1,1,1,1,1,1,2,2,2,2,2,2,2,2,2,3,3,3,3,3,3,3,3,3,3,3,3,4,4,4,4,4,4,4,4,4,5,5,5,5,6,6,6,7,7,7,8,8,9,9,10,11,11,12,12,13,14,14,15,16,16,17,17,18,18,18,18,19,19,19,18,18,18,17,16,15,15,14,13,11,10,9,8,7,5,4,3,2,2,1,0.1,0.1,0.1,0.1,0.1,1,2,3,4,6,7,9,11,13,15,17,20,22,24,26,28,29,31,32,33,33,33,33,33,32,31,30,28,26,24,21,19,17,14,12,9,7,5,3,2,1,0.1,0.1,0.1,1,2,4,6,8,11,14,18,21,25,29,33,37,41,44,48,51,53,55,57,58,59,59,58,57,55,53,50,47,43,40,36,31,27,23,19,15,11,8,5,3,1,0.1,0.1,0.1,1,3,6,9,12,17,22,27,33,40,46,53,60,67,74,81,87,94,100,105,111,115,119,123,126,129,131,132,133,133,133,133,132,131,129,127,125,122,120,117,115,112,109,107,104,102,100,98,96,95,93,92,91,90,90,90,90,90,91,92,93,95,96,98,100,102,104,107,109,112,115,117,120,122,125,127,129,131,132,133,133,133,133,132,131,129,126,123,119,115,111,105,100,94,87,81,74,67,60,53,46,40,33,27,22,17,12,9,6,3,1,0.1,0.1,0.1,1,3,5,8,11,15,19,23,27,31,36,40,43,47,50,53,55,57,58,59,59,58,57,55,53,51,48,44,41,37,33,29,25,21,18,14,11,8,6,4,2,1,0.1,0.1,0.1,1,2,3,5,7,9,12,14,17,19,21,24,26,28,30,31,32,33,33,33,33,33,32,31,29,28,26,24,22,20,17,15,13,11,9,7,6,4,3,2,1,0.1,0.1,0.1,0.1,0.1,1,2,2,3,4,5,7,8,9,10,11,13,14,15,15,16,17,18,18,18,19,19,19,18,18,18,18,17,17,16,16,15,14,14,13,12,12,11,11,10,9,9,8,8,7,7,7,6,6,6,5,5,5,5,4,4,4,4,4,4,4,4,4,3,3,3,3,3,3,3,3,3,3,3,3,2,2,2,2,2,2,2,2,2,1,1,1,1,1,1,1,1,1,1,0.1,0.1,0.1,0.1,0.1,0.1,0.1,0.1,0.1,0.1,0.1,0.1,0.1,0.1,0.1,0.1,0.1,0.1,0.1,0.1,0.1,0.1,0.1,0.1,0.1,0.1,0.1,0.1,0.1,0.1
0.1,0.1,0.1,0.1,0.1,0.1,0.1,0.1,0.1,0.1,0.1,0.1,0.1,0.1,0.1,0.1,0.1,0.1,0.1,0.1,0.1,0.1,0.1,0.1,0.1,0.1,0.1,0.1,0.1,0.1,0.1,0.1,0.1,0.1,1,1,1,1,1,1,1,1,1,1,1,2,2,2,2,2,2,2,2,2,2,2,3,3,3,3,3,3,3,3,3,3,3,3,3,4,4,4,4,4,4,5,5,5,5,6,6,6,7,7,7,8,8,9,9,10,10,11,11,12,12,13,13,14,14,15,15,15,16,16,16,16,16,16,15,15,14,14,13,12,12,11,10,9,8,7,6,5,4,3,2,1,1,0.1,0.1,0.1,0.1,0.1,1,2,2,4,5,6,8,9,11,13,15,17,19,20,22,24,25,26,27,28,28,28,28,28,27,26,25,24,22,20,18,16,14,12,10,8,6,4,3,2,1,0.1,0.1,0.1,1,2,3,5,7,9,12,15,18,21,25,28,31,35,38,40,43,45,47,48,49,50,50,49,48,47,45,43,40,37,34,30,27,23,20,16,13,10,7,5,3,1,0.1,0.1,0.1,1,3,5,7,10,14,18,23,28,33,39,45,51,57,63,69,74,80,85,90,94,98,102,105,108,110,112,114,114,115,115,115,114,113,112,110,108,106,104,102,100,98,96,93,91,90,88,86,84,83,82,81,80,80,79,79,79,80,80,81,82,83,84,86,88,90,91,93,96,98,100,102,104,106,108,110,112,113,114,115,115,115,114,114,112,110,108,105,102,98,94,90,85,80,74,69,63,57,51,45,39,33,28,23,18,14,10,7,5,3,1,0.1,0.1,0.1,1,3,5,7,10,13,16,20,23,27,30,34,37,40,43,45,47,48,49,50,50,49,48,47,45,43,40,38,35,31,28,25,21,18,15,12,9,7,5,3,2,1,0.1,0.1,0.1,1,2,3,4,6,8,10,12,14,16,18,20,22,24,25,26,27,28,28,28,28,28,27,26,25,24,22,20,19,17,15,13,11,9,8,6,5,4,2,2,1,0.1,0.1,0.1,0.1,0.1,1,1,2,3,4,5,6,7,8,9,10,11,12,12,13,14,14,15,15,16,16,16,16,16,16,15,15,15,14,14,13,13,12,12,11,11,10,10,9,9,8,8,7,7,7,6,6,6,5,5,5,5,4,4,4,4,4,4,3,3,3,3,3,3,3,3,3,3,3,3,3,2,2,2,2,2,2,2,2,2,2,2,1,1,1,1,1,1,1,1,1,1,1,0.1,0.1,0.1,0.1,0.1,0.1,0.1,0.1,0.1,0.1,0.1,0.1,0.1,0.1,0.1,0.1,0.1,0.1,0.1,0.1,0.1,0.1,0.1,0.1,0.1,0.1,0.1,0.1,0.1,0.1,0.1
0.1,0.1,0.1,0.1,0.1,0.1,0.1,0.1,0.1,0.1,0.1,0.1,0.1,0.1,0.1,0.1,0.1,0.1,0.1,0.1,0.1,0.1,0.1,0.1,0.1,0.1,0.1,0.1,0.1,0.1,0.1,0.1,0.1,0.1,0.1,0.1,1,1,1,1,1,1,1,1,1,1,1,1,2,2,2,2,2,2,2,2,2,2,2,2,2,2,2,3,3,3,3,3,3,3,3,3,3,4,4,4,4,4,4,5,5,5,6,6,6,7,7,7,8,8,9,9,10,10,10,11,11,12,12,12,13,13,13,13,13,13,13,13,13,12,12,11,11,10,10,9,8,7,6,5,5,4,3,2,2,1,1,0.1,0.1,0.1,0.1,0.1,1,1,2,3,4,5,6,8,9,11,12,14,15,17,18,19,21,22,22,23,23,23,23,23,22,22,21,19,18,17,15,13,12,10,8,6,5,4,2,1,1,0.1,0.1,0.1,1,1,3,4,6,8,10,12,15,18,20,23,26,29,31,33,35,37,39,40,41,41,41,41,40,39,37,35,33,31,28,25,22,19,16,13,11,8,6,4,2,1,0.1,0.1,0.1,1,2,4,6,9,12,15,19,23,28,32,37,42,47,52,57,61,66,70,74,78,82,85,88,90,92,93,95,95,96,96,96,95,95,94,92,91,89,88,86,84,83,81,79,78,76,74,73,72,71,70,69,68,68,68,68,68,68,68,69,70,71,72,73,74,76,78,79,81,83,84,86,88,89,91,92,94,95,95,96,96,96,95,95,93,92,90,88,85,82,78,74,70,66,61,57,52,47,42,37,32,28,23,19,15,12,9,6,4,2,1,0.1,0.1,0.1,1,2,4,6,8,11,13,16,19,22,25,28,31,33,35,37,39,40,41,41,41,41,40,39,37,35,33,31,29,26,23,20,18,15,12,10,8,6,4,3,1,1,0.1,0.1,0.1,1,1,2,4,5,6,8,10,12,13,15,17,18,19,21,22,22,23,23,23,23,23,22,22,21,19,18,17,15,14,12,11,9,8,6,5,4,3,2,1,1,0.1,0.1,0.1,0.1,0.1,1,1,2,2,3,4,5,5,6,7,8,9,10,10,11,11,12,12,13,13,13,13,13,13,13,13,13,12,12,12,11,11,10,10,10,9,9,8,8,7,7,7,6,6,6,5,5,5,4,4,4,4,4,4,3,3,3,3,3,3,3,3,3,3,2,2,2,2,2,2,2,2,2,2,2,2,2,2,2,1,1,1,1,1,1,1,1,1,1,1,1,0.1,0.1,0.1,0.1,0.1,0.1,0.1,0.1,0.1,0.1,0.1,0.1,0.1,0.1,0.1,0.1,0.1,0.1,0.1,0.1,0.1,0.1,0.1,0.1,0.1,0.1,0.1,0.1,0.1,0.1,0.1,0.1,0.1
0.1,0.1,0.1,0.1,0.1,0.1,0.1,0.1,0.1,0.1,0.1,0.1,0.1,0.1,0.1,0.1,0.1,0.1,0.1,0.1,0.1,0.1,0.1,0.1,0.1,0.1,0.1,0.1,0.1,0.1,0.1,0.1,0.1,0.1,0.1,0.1,0.1,0.1,1,1,1,1,1,1,1,1,1,1,1,1,1,1,2,2,2,2,2,2,2,2,2,2,2,2,2,2,2,2,2,2,3,3,3,3,3,3,3,3,4,4,4,4,5,5,5,5,6,6,6,7,7,7,8,8,8,9,9,9,10,10,10,10,10,11,11,11,10,10,10,10,10,9,9,8,8,7,6,6,5,4,4,3,2,2,1,1,0.1,0.1,0.1,0.1,0.1,0.1,1,1,2,2,3,4,5,6,7,9,10,11,12,13,15,16,16,17,18,18,19,19,19,18,18,17,16,16,14,13,12,11,9,8,6,5,4,3,2,1,0.1,0.1,0.1,0.1,1,1,2,3,5,6,8,10,12,14,16,18,21,23,25,27,28,30,31,32,33,33,33,33,32,31,30,28,26,25,22,20,18,15,13,11,9,7,5,3,2,1,0.1,0.1,0.1,1,2,3,5,7,9,12,15,18,22,26,29,33,37,41,45,49,53,56,59,63,65,68,70,72,74,75,76,77,77,77,77,77,76,76,75,74,72,71,70,69,67,66,64,63,62,61,60,59,58,57,57,56,56,55,55,55,56,56,57,57,58,59,60,61,62,63,64,66,67,69,70,71,72,74,75,76,76,77,77,77,77,77,76,75,74,72,70,68,65,63,59,56,53,49,45,41,37,33,29,26,22,18,15,12,9,7,5,3,2,1,0.1,0.1,0.1,1,2,3,5,7,9,11,13,15,18,20,22,25,26,28,30,31,32,33,33,33,33,32,31,30,28,27,25,23,21,18,16,14,12,10,8,6,5,3,2,1,1,0.1,0.1,0.1,0.1,1,2,3,4,5,6,8,9,11,12,13,14,16,16,17,18,18,19,19,19,18,18,17,16,16,15,13,12,11,10,9,7,6,5,4,3,2,2,1,1,0.1,0.1,0.1,0.1,0.1,0.1,1,1,2,2,3,4,4,5,6,6,7,8,8,9,9,10,10,10,10,10,11,11,11,10,10,10,10,10,9,9,9,8,8,8,7,7,7,6,6,6,5,5,5,5,4,4,4,4,3,3,3,3,3,3,3,3,2,2,2,2,2,2,2,2,2,2,2,2,2,2,2,2,2,2,1,1,1,1,1,1,1,1,1,1,1,1,1,1,0.1,0.1,0.1,0.1,0.1,0.1,0.1,0.1,0.1,0.1,0.1,0.1,0.1,0.1,0.1,0.1,0.1,0.1,0.1,0.1,0.1,0.1,0.1,0.1,0.1,0.1,0.1,0.1,0.1,0.1,0.1,0.1,0.1,0.1,0.1
0.1,0.1,0.1,0.1,0.1,0.1,0.1,0.1,0.1,0.1,0.1,0.1,0.1,0.1,0.1,0.1,0.1,0.1,0.1,0.1,0.1,0.1,0.1,0.1,0.1,0.1,0.1,0.1,0.1,0.1,0.1,0.1,0.1,0.1,0.1,0.1,0.1,0.1,0.1,0.1,1,1,1,1,1,1,1,1,1,1,1,1,1,1,1,1,1,1,1,1,1,2,2,2,2,2,2,2,2,2,2,2,2,2,2,2,3,3,3,3,3,3,4,4,4,4,4,5,5,5,5,6,6,6,6,7,7,7,7,8,8,8,8,8,8,8,8,8,8,8,7,7,7,6,6,5,5,4,4,3,3,2,2,1,1,1,0.1,0.1,0.1,0.1,0.1,0.1,0.1,1,1,2,2,3,4,5,6,7,8,8,9,10,11,12,13,13,14,14,14,14,14,14,14,13,13,12,11,10,9,8,7,6,5,4,3,2,1,1,0.1,0.1,0.1,0.1,0.1,1,2,2,3,5,6,7,9,11,12,14,16,17,19,20,22,23,24,24,25,25,25,25,24,24,23,22,20,19,17,15,14,12,10,8,7,5,4,2,1,1,0.1,0.1,0.1,0.1,1,2,3,5,7,9,11,14,17,19,22,25,28,31,34,37,40,43,45,48,50,52,54,55,56,58,58,59,59,59,59,59,59,58,58,57,56,55,54,53,52,51,50,49,48,47,46,46,45,45,44,44,43,43,43,43,43,44,44,45,45,46,46,47,48,49,50,51,52,53,54,55,56,57,58,58,59,59,59,59,59,59,58,58,56,55,54,52,50,48,45,43,40,37,34,31,28,25,22,19,17,14,11,9,7,5,3,2,1,0.1,0.1,0.1,0.1,1,1,2,4,5,7,8,10,12,14,15,17,19,20,22,23,24,24,25,25,25,25,24,24,23,22,20,19,17,16,14,12,11,9,7,6,5,3,2,2,1,0.1,0.1,0.1,0.1,0.1,1,1,2,3,4,5,6,7,8,9,10,11,12,13,13,14,14,14,14,14,14,14,13,13,12,11,10,9,8,8,7,6,5,4,3,2,2,1,1,0.1,0.1,0.1,0.1,0.1,0.1,0.1,1,1,1,2,2,3,3,4,4,5,5,6,6,7,7,7,8,8,8,8,8,8,8,8,8,8,8,7,7,7,7,6,6,6,6,5,5,5,5,4,4,4,4,4,3,3,3,3,3,3,2,2,2,2,2,2,2,2,2,2,2,2,2,2,2,1,1,1,1,1,1,1,1,1,1,1,1,1,1,1,1,1,1,1,1,1,0.1,0.1,0.1,0.1,0.1,0.1,0.1,0.1,0.1,0.1,0.1,0.1,0.1,0.1,0.1,0.1,0.1,0.1,0.1,0.1,0.1,0.1,0.1,0.1,0.1,0.1,0.1,0.1,0.1,0.1,0.1,0.1,0.1,0.1,0.1,0.1,0.1
0.1,0.1,0.1,0.1,0.1,0.1,0.1,0.1,0.1,0.1,0.1,0.1,0.1,0.1,0.1,0.1,0.1,0.1,0.1,0.1,0.1,0.1,0.1,0.1,0.1,0.1,0.1,0.1,0.1,0.1,0.1,0.1,0.1,0.1,0.1,0.1,0.1,0.1,0.1,0.1,0.1,0.1,0.1,0.1,1,1,1,1,1,1,1,1,1,1,1,1,1,1,1,1,1,1,1,1,1,1,1,1,1,1,1,2,2,2,2,2,2,2,2,2,2,2,3,3,3,3,3,3,4,4,4,4,4,4,5,5,5,5,5,5,6,6,6,6,6,6,6,6,6,5,5,5,5,4,4,4,3,3,3,2,2,2,1,1,1,0.1,0.1,0.1,0.1,0.1,0.1,0.1,0.1,1,1,1,2,2,3,3,4,5,5,6,7,7,8,8,9,9,10,10,10,10,10,10,10,9,9,8,8,7,7,6,5,4,4,3,2,2,1,1,0.1,0.1,0.1,0.1,0.1,1,1,2,2,3,4,5,6,8,9,10,11,12,13,15,15,16,17,17,18,18,18,18,17,17,16,15,15,13,12,11,10,9,7,6,5,4,3,2,1,1,0.1,0.1,0.1,0.1,1,2,2,4,5,6,8,10,12,14,16,18,20,23,25,27,29,31,33,34,36,37,39,40,41,41,42,43,43,43,43,43,43,42,42,41,41,40,39,39,38,37,36,36,35,34,34,33,33,33,32,32,32,32,32,32,32,32,32,33,33,33,34,34,35,36,36,37,38,39,39,40,41,41,42,42,43,43,43,43,43,43,42,41,41,40,39,37,36,34,33,31,29,27,25,23,20,18,16,14,12,10,8,6,5,4,2,2,1,0.1,0.1,0.1,0.1,1,1,2,3,4,5,6,7,9,10,11,12,13,15,15,16,17,17,18,18,18,18,17,17,16,15,15,13,12,11,10,9,8,6,5,4,3,2,2,1,1,0.1,0.1,0.1,0.1,0.1,1,1,2,2,3,4,4,5,6,7,7,8,8,9,9,10,10,10,10,10,10,10,9,9,8,8,7,7,6,5,5,4,3,3,2,2,1,1,1,0.1,0.1,0.1,0.1,0.1,0.1,0.1,0.1,1,1,1,2,2,2,3,3,3,4,4,4,5,5,5,5,6,6,6,6,6,6,6,6,6,5,5,5,5,5,5,4,4,4,4,4,4,3,3,3,3,3,3,2,2,2,2,2,2,2,2,2,2,2,1,1,1,1,1,1,1,1,1,1,1,1,1,1,1,1,1,1,1,1,1,1,1,1,1,1,1,0.1,0.1,0.1,0.1,0.1,0.1,0.1,0.1,0.1,0.1,0.1,0.1,0.1,0.1,0.1,0.1,0.1,0.1,0.1,0.1,0.1,0.1,0.1,0.1,0.1,0.1,0.1,0.1,0.1,0.1,0.1,0.1,0.1,0.1,0.1,0.1,0.1,0.1,0.1,0.1,0.1
0.1,0.1,0.1,0.1,0.1,0.1,0.1,0.1,0.1,0.1,0.1,0.1,0.1,0.1,0.1,0.1,0.1,0.1,0.1,0.1,0.1,0.1,0.1,0.1,0.1,0.1,0.1,0.1,0.1,0.1,0.1,0.1,0.1,0.1,0.1,0.1,0.1,0.1,0.1,0.1,0.1,0.1,0.1,0.1,0.1,0.1,0.1,0.1,0.1,0.1,1,1,1,1,1,1,1,1,1,1,1,1,1,1,1,1,1,1,1,1,1,1,1,1,1,1,1,1,1,1,2,2,2,2,2,2,2,2,2,2,3,3,3,3,3,3,3,3,4,4,4,4,4,4,4,4,4,4,4,4,3,3,3,3,3,3,2,2,2,2,1,1,1,1,0.1,0.1,0.1,0.1,0.1,0.1,0.1,0.1,0.1,0.1,1,1,1,2,2,2,3,3,4,4,4,5,5,6,6,6,6,7,7,7,7,7,6,6,6,6,5,5,4,4,3,3,2,2,1,1,1,0.1,0.1,0.1,0.1,0.1,0.1,0.1,1,1,2,2,3,4,4,5,6,7,7,8,9,10,10,11,11,11,12,12,12,12,12,11,11,10,10,9,8,7,6,6,5,4,3,2,2,1,1,0.1,0.1,0.1,0.1,0.1,1,1,2,2,3,4,5,7,8,9,11,12,13,15,16,18,19,20,22,23,24,25,26,26,27,27,28,28,28,28,28,28,28,28,28,27,27,27,26,26,25,25,24,24,23,23,23,22,22,22,22,21,21,21,21,21,21,21,22,22,22,22,23,23,23,24,24,25,25,26,26,27,27,27,28,28,28,28,28,28,28,28,28,27,27,26,26,25,24,23,22,20,19,18,16,15,13,12,11,9,8,7,5,4,3,2,2,1,1,0.1,0.1,0.1,0.1,0.1,1,1,2,2,3,4,5,6,6,7,8,9,10,10,11,11,12,12,12,12,12,11,11,11,10,10,9,8,7,7,6,5,4,4,3,2,2,1,1,0.1,0.1,0.1,0.1,0.1,0.1,0.1,1,1,1,2,2,3,3,4,4,5,5,6,6,6,6,7,7,7,7,7,6,6,6,6,5,5,4,4,4,3,3,2,2,2,1,1,1,0.1,0.1,0.1,0.1,0.1,0.1,0.1,0.1,0.1,0.1,1,1,1,1,2,2,2,2,3,3,3,3,3,3,4,4,4,4,4,4,4,4,4,4,4,4,3,3,3,3,3,3,3,3,2,2,2,2,2,2,2,2,2,2,1,1,1,1,1,1,1,1,1,1,1,1,1,1,1,1,1,1,1,1,1,1,1,1,1,1,1,1,1,1,0.1,0.1,0.1,0.1,0.1,0.1,0.1,0.1,0.1,0.1,0.1,0.1,0.1,0.1,0.1,0.1,0.1,0.1,0.1,0.1,0.1,0.1,0.1,0.1,0.1,0.1,0.1,0.1,0.1,0.1,0.1,0.1,0.1,0.1,0.1,0.1,0.1,0.1,0.1,0.1,0.1,0.1,0.1,0.1,0.1,0.1,0.1
0.1,0.1,0.1,0.1,0.1,0.1,0.1,0.1,0.1,0.1,0.1,0.1,0.1,0.1,0.1,0.1,0.1,0.1,0.1,0.1,0.1,0.1,0.1,0.1,0.1,0.1,0.1,0.1,0.1,0.1,0.1,0.1,0.1,0.1,0.1,0.1,0.1,0.1,0.1,0.1,0.1,0.1,0.1,0.1,0.1,0.1,0.1,0.1,0.1,0.1,0.1,0.1,0.1,0.1,0.1,0.1,0.1,0.1,0.1,0.1,0.1,0.1,0.1,0.1,0.1,0.1,1,1,1,1,1,1,1,1,1,1,1,1,1,1,1,1,1,1,1,1,1,1,1,1,2,2,2,2,2,2,2,2,2,2,2,2,2,2,2,2,2,2,2,2,2,2,2,2,2,1,1,1,1,1,1,1,0.1,0.1,0.1,0.1,0.1,0.1,0.1,0.1,0.1,0.1,0.1,0.1,0.1,1,1,1,1,1,2,2,2,2,3,3,3,3,3,4,4,4,4,4,4,4,4,4,3,3,3,3,2,2,2,2,1,1,1,1,0.1,0.1,0.1,0.1,0.1,0.1,0.1,0.1,0.1,1,1,1,2,2,2,3,3,4,4,5,5,6,6,6,6,7,7,7,7,7,7,6,6,6,6,5,5,4,4,3,3,2,2,1,1,1,0.1,0.1,0.1,0.1,0.1,0.1,0.1,1,1,1,2,2,3,4,4,5,6,7,8,9,9,10,11,12,12,13,14,14,15,15,16,16,16,16,16,17,17,16,16,16,16,16,16,15,15,15,15,14,14,14,14,13,13,13,13,13,13,12,12,12,12,12,12,12,13,13,13,13,13,13,14,14,14,14,15,15,15,15,16,16,16,16,16,16,17,17,16,16,16,16,16,15,15,14,14,13,12,12,11,10,9,9,8,7,6,5,4,4,3,2,2,1,1,1,0.1,0.1,0.1,0.1,0.1,0.1,0.1,1,1,1,2,2,3,3,4,4,5,5,6,6,6,6,7,7,7,7,7,7,6,6,6,6,5,5,4,4,3,3,2,2,2,1,1,1,0.1,0.1,0.1,0.1,0.1,0.1,0.1,0.1,0.1,1,1,1,1,2,2,2,2,3,3,3,3,4,4,4,4,4,4,4,4,4,3,3,3,3,3,2,2,2,2,1,1,1,1,1,0.1,0.1,0.1,0.1,0.1,0.1,0.1,0.1,0.1,0.1,0.1,0.1,0.1,1,1,1,1,1,1,1,2,2,2,2,2,2,2,2,2,2,2,2,2,2,2,2,2,2,2,2,2,2,2,2,2,1,1,1,1,1,1,1,1,1,1,1,1,1,1,1,1,1,1,1,1,1,1,1,1,0.1,0.1,0.1,0.1,0.1,0.1,0.1,0.1,0.1,0.1,0.1,0.1,0.1,0.1,0.1,0.1,0.1,0.1,0.1,0.1,0.1,0.1,0.1,0.1,0.1,0.1,0.1,0.1,0.1,0.1,0.1,0.1,0.1,0.1,0.1,0.1,0.1,0.1,0.1,0.1,0.1,0.1,0.1,0.1,0.1,0.1,0.1,0.1,0.1,0.1,0.1,0.1,0.1,0.1,0.1,0.1,0.1,0.1,0.1,0.1,0.1,0.1,0.1
0.1,0.1,0.1,0.1,0.1,0.1,0.1,0.1,0.1,0.1,0.1,0.1,0.1,0.1,0.1,0.1,0.1,0.1,0.1,0.1,0.1,0.1,0.1,0.1,0.1,0.1,0.1,0.1,0.1,0.1,0.1,0.1,0.1,0.1,0.1,0.1,0.1,0.1,0.1,0.1,0.1,0.1,0.1,0.1,0.1,0.1,0.1,0.1,0.1,0.1,0.1,0.1,0.1,0.1,0.1,0.1,0.1,0.1,0.1,0.1,0.1,0.1,0.1,0.1,0.1,0.1,0.1,0.1,0.1,0.1,0.1,0.1,0.1,0.1,0.1,0.1,0.1,0.1,0.1,0.1,0.1,0.1,0.1,0.1,1,1,1,1,1,1,1,1,1,1,1,1,1,1,1,1,1,1,1,1,1,1,1,1,1,1,1,1,1,1,1,1,1,1,0.1,0.1,0.1,0.1,0.1,0.1,0.1,0.1,0.1,0.1,0.1,0.1,0.1,0.1,0.1,0.1,0.1,0.1,0.1,0.1,0.1,1,1,1,1,1,1,1,1,1,2,2,2,2,2,2,2,2,2,2,2,1,1,1,1,1,1,1,1,0.1,0.1,0.1,0.1,0.1,0.1,0.1,0.1,0.1,0.1,0.1,0.1,0.1,0.1,1,1,1,1,1,2,2,2,2,2,3,3,3,3,3,3,3,3,3,3,3,3,3,3,2,2,2,2,1,1,1,1,1,0.1,0.1,0.1,0.1,0.1,0.1,0.1,0.1,0.1,0.1,0.1,1,1,1,1,2,2,2,3,3,4,4,4,5,5,5,6,6,6,6,7,7,7,7,7,7,7,8,8,8,7,7,7,7,7,7,7,7,7,7,6,6,6,6,6,6,6,6,6,6,6,6,6,6,6,6,6,6,6,6,6,6,6,6,6,7,7,7,7,7,7,7,7,7,7,8,8,8,7,7,7,7,7,7,7,6,6,6,6,5,5,5,4,4,4,3,3,2,2,2,1,1,1,1,0.1,0.1,0.1,0.1,0.1,0.1,0.1,0.1,0.1,0.1,0.1,1,1,1,1,1,2,2,2,2,3,3,3,3,3,3,3,3,3,3,3,3,3,3,2,2,2,2,2,1,1,1,1,1,0.1,0.1,0.1,0.1,0.1,0.1,0.1,0.1,0.1,0.1,0.1,0.1,0.1,0.1,1,1,1,1,1,1,1,1,2,2,2,2,2,2,2,2,2,2,2,1,1,1,1,1,1,1,1,1,0.1,0.1,0.1,0.1,0.1,0.1,0.1,0.1,0.1,0.1,0.1,0.1,0.1,0.1,0.1,0.1,0.1,0.1,0.1,0.1,0.1,1,1,1,1,1,1,1,1,1,1,1,1,1,1,1,1,1,1,1,1,1,1,1,1,1,1,1,1,1,1,1,1,1,1,0.1,0.1,0.1,0.1,0.1,0.1,0.1,0.1,0.1,0.1,0.1,0.1,0.1,0.1,0.1,0.1,0.1,0.1,0.1,0.1,0.1,0.1,0.1,0.1,0.1,0.1,0.1,0.1,0.1,0.1,0.1,0.1,0.1,0.1,0.1,0.1,0.1,0.1,0.1,0.1,0.1,0.1,0.1,0.1,0.1,0.1,0.1,0.1,0.1,0.1,0.1,0.1,0.1,0.1,0.1,0.1,0.1,0.1,0.1,0.1,0.1,0.1,0.1,0.1,0.1,0.1,0.1,0.1,0.1,0.1,0.1,0.1,0.1,0.1,0.1,0.1,0.1,0.1,0.1,0.1,0.1
0.1,0.1,0.1,0.1,0.1,0.1,0.1,0.1,0.1,0.1,0.1,0.1,0.1,0.1,0.1,0.1,0.1,0.1,0.1,0.1,0.1,0.1,0.1,0.1,0.1,0.1,0.1,0.1,0.1,0.1,0.1,0.1,0.1,0.1,0.1,0.1,0.1,0.1,0.1,0.1,0.1,0.1,0.1,0.1,0.1,0.1,0.1,0.1,0.1,0.1,0.1,0.1,0.1,0.1,0.1,0.1,0.1,0.1,0.1,0.1,0.1,0.1,0.1,0.1,0.1,0.1,0.1,0.1,0.1,0.1,0.1,0.1,0.1,0.1,0.1,0.1,0.1,0.1,0.1,0.1,0.1,0.1,0.1,0.1,0.1,0.1,0.1,0.1,0.1,0.1,0.1,0.1,0.1,0.1,0.1,0.1,0.1,0.1,0.1,0.1,0.1,0.1,0.1,0.1,0.1,0.1,0.1,0.1,0.1,0.1,0.1,0.1,0.1,0.1,0.1,0.1,0.1,0.1,0.1,0.1,0.1,0.1,0.1,0.1,0.1,0.1,0.1,0.1,0.1,0.1,0.1,0.1,0.1,0.1,0.1,0.1,0.1,0.1,0.1,0.1,0.1,0.1,0.1,0.1,0.1,0.1,0.1,0.1,0.1,0.1,0.1,0.1,0.1,0.1,0.1,0.1,0.1,0.1,0.1,0.1,0.1,0.1,0.1,0.1,0.1,0.1,0.1,0.1,0.1,0.1,0.1,0.1,0.1,0.1,0.1,0.1,0.1,0.1,0.1,0.1,0.1,0.1,0.1,0.1,0.1,0.1,0.1,0.1,0.1,1,1,1,1,1,1,1,1,1,1,1,1,1,1,1,1,1,1,0.1,0.1,0.1,0.1,0.1,0.1,0.1,0.1,0.1,0.1,0.1,0.1,0.1,0.1,0.1,0.1,0.1,0.1,0.1,0.1,0.1,0.1,0.1,1,1,1,1,1,1,1,1,1,1,1,2,2,2,2,2,2,2,2,2,2,2,2,2,2,2,2,2,2,2,2,2,2,2,2,2,2,2,2,2,2,1,1,1,1,1,1,1,1,1,1,1,2,2,2,2,2,2,2,2,2,2,2,2,2,2,2,2,2,2,2,2,2,2,2,2,2,2,2,2,2,2,1,1,1,1,1,1,1,1,1,1,1,0.1,0.1,0.1,0.1,0.1,0.1,0.1,0.1,0.1,0.1,0.1,0.1,0.1,0.1,0.1,0.1,0.1,0.1,0.1,0.1,0.1,0.1,0.1,1,1,1,1,1,1,1,1,1,1,1,1,1,1,1,1,1,1,0.1,0.1,0.1,0.1,0.1,0.1,0.1,0.1,0.1,0.1,0.1,0.1,0.1,0.1,0.1,0.1,0.1,0.1,0.1,0.1,0.1,0.1,0.1,0.1,0.1,0.1,0.1,0.1,0.1,0.1,0.1,0.1,0.1,0.1,0.1,0.1,0.1,0.1,0.1,0.1,0.1,0.1,0.1,0.1,0.1,0.1,0.1,0.1,0.1,0.1,0.1,0.1,0.1,0.1,0.1,0.1,0.1,0.1,0.1,0.1,0.1,0.1,0.1,0.1,0.1,0.1,0.1,0.1,0.1,0.1,0.1,0.1,0.1,0.1,0.1,0.1,0.1,0.1,0.1,0.1,0.1,0.1,0.1,0.1,0.1,0.1,0.1,0.1,0.1,0.1,0.1,0.1,0.1,0.1,0.1,0.1,0.1,0.1,0.1,0.1,0.1,0.1,0.1,0.1,0.1,0.1,0.1,0.1,0.1,0.1,0.1,0.1,0.1,0.1,0.1,0.1,0.1,0.1,0.1,0.1,0.1,0.1,0.1,0.1,0.1,0.1,0.1,0.1,0.1,0.1,0.1,0.1,0.1,0.1,0.1,0.1,0.1,0.1,0.1,0.1,0.1,0.1,0.1,0.1,0.1,0.1,0.1,0.1,0.1,0.1,0.1,0.1,0.1,0.1,0.1,0.1,0.1,0.1,0.1,0.1,0.1,0.1,0.1,0.1,0.1,0.1,0.1,0.1,0.1,0.1,0.1,0.1,0.1,0.1,0.1,0.1,0.1,0.1,0.1,0.1,0.1,0.1,0.1,0.1,0.1,0.1
0.1,0.1,0.1,0.1,0.1,0.1,0.1,0.1,0.1,0.1,0.1,0.1,0.1,0.1,0.1,0.1,0.1,0.1,0.1,0.1,0.1,0.1,0.1,0.1,0.1,0.1,0.1,0.1,0.1,0.1,0.1,0.1,0.1,0.1,0.1,0.1,0.1,0.1,0.1,0.1,0.1,0.1,0.1,0.1,0.1,0.1,0.1,0.1,0.1,0.1,0.1,0.1,0.1,0.1,0.1,0.1,0.1,0.1,0.1,0.1,0.1,0.1,0.1,0.1,0.1,0.1,0.1,0.1,0.1,0.1,0.1,0.1,0.1,0.1,0.1,0.1,0.1,0.1,0.1,0.1,0.1,0.1,0.1,0.1,0.1,0.1,0.1,0.1,0.1,0.1,0.1,0.1,0.1,0.1,0.1,0.1,0.1,0.1,0.1,0.1,0.1,0.1,0.1,0.1,0.1,0.1,0.1,0.1,0.1,0.1,0.1,0.1,0.1,0.1,0.1,0.1,0.1,0.1,0.1,0.1,0.1,0.1,0.1,0.1,0.1,0.1,0.1,0.1,0.1,0.1,0.1,0.1,0.1,0.1,0.1,0.1,0.1,0.1,0.1,0.1,0.1,0.1,0.1,0.1,0.1,0.1,0.1,0.1,0.1,0.1,0.1,0.1,0.1,0.1,0.1,0.1,0.1,0.1,0.1,0.1,0.1,0.1,0.1,0.1,0.1,0.1,0.1,0.1,0.1,0.1,0.1,0.1,0.1,0.1,0.1,0.1,0.1,0.1,0.1,0.1,0.1,0.1,0.1,0.1,0.1,0.1,0.1,0.1,0.1,0.1,0.1,0.1,0.1,0.1,0.1,0.1,0.1,0.1,0.1,0.1,0.1,0.1,0.1,0.1,0.1,0.1,0.1,0.1,0.1,0.1,0.1,0.1,0.1,0.1,0.1,0.1,0.1,0.1,0.1,0.1,0.1,0.1,0.1,0.1,0.1,0.1,0.1,0.1,0.1,0.1,0.1,0.1,0.1,0.1,0.1,0.1,0.1,0.1,0.1,0.1,0.1,0.1,0.1,0.1,0.1,0.1,0.1,0.1,0.1,0.1,0.1,0.1,0.1,0.1,0.1,0.1,0.1,0.1,0.1,0.1,0.1,0.1,0.1,0.1,0.1,0.1,0.1,0.1,0.1,0.1,0.1,0.1,0.1,0.1,0.1,0.1,0.1,0.1,0.1,0.1,0.1,0.1,0.1,0.1,0.1,0.1,0.1,0.1,0.1,0.1,0.1,0.1,0.1,0.1,0.1,0.1,0.1,0.1,0.1,0.1,0.1,0.1,0.1,0.1,0.1,0.1,0.1,0.1,0.1,0.1,0.1,0.1,0.1,0.1,0.1,0.1,0.1,0.1,0.1,0.1,0.1,0.1,0.1,0.1,0.1,0.1,0.1,0.1,0.1,0.1,0.1,0.1,0.1,0.1,0.1,0.1,0.1,0.1,0.1,0.1,0.1,0.1,0.1,0.1,0.1,0.1,0.1,0.1,0.1,0.1,0.1,0.1,0.1,0.1,0.1,0.1,0.1,0.1,0.1,0.1,0.1,0.1,0.1,0.1,0.1,0.1,0.1,0.1,0.1,0.1,0.1,0.1,0.1,0.1,0.1,0.1,0.1,0.1,0.1,0.1,0.1,0.1,0.1,0.1,0.1,0.1,0.1,0.1,0.1,0.1,0.1,0.1,0.1,0.1,0.1,0.1,0.1,0.1,0.1,0.1,0.1,0.1,0.1,0.1,0.1,0.1,0.1,0.1,0.1,0.1,0.1,0.1,0.1,0.1,0.1,0.1,0.1,0.1,0.1,0.1,0.1,0.1,0.1,0.1,0.1,0.1,0.1,0.1,0.1,0.1,0.1,0.1,0.1,0.1,0.1,0.1,0.1,0.1,0.1,0.1,0.1,0.1,0.1,0.1,0.1,0.1,0.1,0.1,0.1,0.1,0.1,0.1,0.1,0.1,0.1,0.1,0.1,0.1,0.1,0.1,0.1,0.1,0.1,0.1,0.1,0.1,0.1,0.1,0.1,0.1,0.1,0.1,0.1,0.1,0.1,0.1,0.1,0.1,0.1,0.1,0.1,0.1,0.1,0.1,0.1,0.1,0.1,0.1,0.1,0.1,0.1,0.1,0.1,0.1,0.1,0.1,0.1,0.1,0.1,0.1,0.1,0.1,0.1,0.1,0.1,0.1,0.1,0.1,0.1,0.1,0.1,0.1,0.1,0.1,0.1,0.1,0.1,0.1,0.1,0.1,0.1,0.1,0.1,0.1,0.1,0.1,0.1,0.1,0.1,0.1,0.1,0.1,0.1,0.1,0.1,0.1,0.1,0.1,0.1,0.1,0.1,0.1,0.1,0.1,0.1,0.1,0.1,0.1,0.1,0.1
0.1,0.1,0.1,0.1,0.1,0.1,0.1,0.1,0.1,0.1,0.1,0.1,0.1,0.1,0.1,0.1,0.1,0.1,0.1,0.1,0.1,0.1,0.1,0.1,0.1,0.1,0.1,0.1,0.1,0.1,0.1,0.1,0.1,0.1,0.1,0.1,0.1,0.1,0.1,0.1,0.1,0.1,0.1,0.1,0.1,0.1,0.1,0.1,0.1,0.1,0.1,0.1,0.1,0.1,0.1,0.1,0.1,0.1,0.1,0.1,0.1,0.1,0.1,0.1,0.1,0.1,0.1,0.1,0.1,0.1,0.1,0.1,0.1,0.1,0.1,0.1,0.1,0.1,0.1,0.1,0.1,0.1,0.1,0.1,0.1,0.1,0.1,0.1,0.1,0.1,0.1,0.1,0.1,0.1,0.1,0.1,0.1,0.1,0.1,0.1,0.1,0.1,0.1,0.1,0.1,0.1,0.1,0.1,0.1,0.1,0.1,0.1,0.1,0.1,0.1,0.1,0.1,0.1,0.1,0.1,0.1,0.1,0.1,0.1,0.1,0.1,0.1,0.1,0.1,0.1,0.1,0.1,0.1,0.1,0.1,0.1,0.1,0.1,0.1,0.1,0.1,0.1,0.1,0.1,0.1,0.1,0.1,0.1,0.1,0.1,0.1,0.1,0.1,0.1,0.1,0.1,0.1,0.1,0.1,0.1,0.1,0.1,0.1,0.1,0.1,0.1,0.1,0.1,0.1,0.1,0.1,0.1,0.1,0.1,0.1,0.1,0.1,0.1,0.1,0.1,0.1,0.1,0.1,0.1,0.1,0.1,0.1,0.1,1,1,1,1,1,1,1,1,1,1,1,1,1,1,1,1,1,1,1,1,0.1,0.1,0.1,0.1,0.1,0.1,0.1,0.1,0.1,0.1,0.1,0.1,0.1,0.1,0.1,0.1,0.1,0.1,0.1,0.1,0.1,0.1,1,1,1,1,1,1,1,1,1,1,1,2,2,2,2,2,2,2,2,2,2,2,2,2,2,2,2,2,2,2,2,2,2,2,2,2,2,2,2,2,2,2,2,1,1,1,1,1,1,1,2,2,2,2,2,2,2,2,2,2,2,2,2,2,2,2,2,2,2,2,2,2,2,2,2,2,2,2,2,2,2,2,1,1,1,1,1,1,1,1,1,1,1,0.1,0.1,0.1,0.1,0.1,0.1,0.1,0.1,0.1,0.1,0.1,0.1,0.1,0.1,0.1,0.1,0.1,0.1,0.1,0.1,0.1,0.1,1,1,1,1,1,1,1,1,1,1,1,1,1,1,1,1,1,1,1,1,0.1,0.1,0.1,0.1,0.1,0.1,0.1,0.1,0.1,0.1,0.1,0.1,0.1,0.1,0.1,0.1,0.1,0.1,0.1,0.1,0.1,0.1,0.1,0.1,0.1,0.1,0.1,0.1,0.1,0.1,0.1,0.1,0.1,0.1,0.1,0.1,0.1,0.1,0.1,0.1,0.1,0.1,0.1,0.1,0.1,0.1,0.1,0.1,0.1,0.1,0.1,0.1,0.1,0.1,0.1,0.1,0.1,0.1,0.1,0.1,0.1,0.1,0.1,0.1,0.1,0.1,0.1,0.1,0.1,0.1,0.1,0.1,0.1,0.1,0.1,0.1,0.1,0.1,0.1,0.1,0.1,0.1,0.1,0.1,0.1,0.1,0.1,0.1,0.1,0.1,0.1,0.1,0.1,0.1,0.1,0.1,0.1,0.1,0.1,0.1,0.1,0.1,0.1,0.1,0.1,0.1,0.1,0.1,0.1,0.1,0.1,0.1,0.1,0.1,0.1,0.1,0.1,0.1,0.1,0.1,0.1,0.1,0.1,0.1,0.1,0.1,0.1,0.1,0.1,0.1,0.1,0.1,0.1,0.1,0.1,0.1,0.1,0.1,0.1,0.1,0.1,0.1,0.1,0.1,0.1,0.1,0.1,0.1,0.1,0.1,0.1,0.1,0.1,0.1,0.1,0.1,0.1,0.1,0.1,0.1,0.1,0.1,0.1,0.1,0.1,0.1,0.1,0.1,0.1,0.1,0.1,0.1,0.1,0.1,0.1,0.1,0.1,0.1,0.1,0.1,0.1,0.1,0.1,0.1,0.1
0.1,0.1,0.1,0.1,0.1,0.1,0.1,0.1,0.1,0.1,0.1,0.1,0.1,0.1,0.1,0.1,0.1,0.1,0.1,0.1,0.1,0.1,0.1,0.1,0.1,0.1,0.1,0.1,0.1,0.1,0.1,0.1,0.1,0.1,0.1,0.1,0.1,0.1,0.1,0.1,0.1,0.1,0.1,0.1,0.1,0.1,0.1,0.1,0.1,0.1,0.1,0.1,0.1,0.1,0.1,0.1,0.1,0.1,0.1,0.1,0.1,0.1,0.1,0.1,0.1,0.1,0.1,0.1,0.1,0.1,0.1,0.1,0.1,0.1,0.1,0.1,0.1,0.1,0.1,0.1,0.1,0.1,0.1,1,1,1,1,1,1,1,1,1,1,1,1,1,1,1,1,1,1,1,1,1,1,1,1,1,1,1,1,1,1,1,1,1,1,1,0.1,0.1,0.1,0.1,0.1,0.1,0.1,0.1,0.1,0.1,0.1,0.1,0.1,0.1,0.1,0.1,0.1,0.1,0.1,0.1,1,1,1,1,1,1,1,1,1,2,2,2,2,2,2,2,2,2,2,2,2,2,1,1,1,1,1,1,1,1,0.1,0.1,0.1,0.1,0.1,0.1,0.1,0.1,0.1,0.1,0.1,0.1,0.1,1,1,1,1,1,2,2,2,2,2,3,3,3,3,3,3,3,3,3,3,3,3,3,3,2,2,2,2,2,1,1,1,1,0.1,0.1,0.1,0.1,0.1,0.1,0.1,0.1,0.1,0.1,0.1,1,1,1,1,2,2,3,3,3,4,4,4,5,5,6,6,6,7,7,7,7,7,8,8,8,8,8,8,8,8,8,8,8,8,7,7,7,7,7,7,7,7,6,6,6,6,6,6,6,6,6,6,6,6,6,6,6,6,6,6,6,7,7,7,7,7,7,7,7,8,8,8,8,8,8,8,8,8,8,8,8,7,7,7,7,7,6,6,6,5,5,4,4,4,3,3,3,2,2,1,1,1,1,0.1,0.1,0.1,0.1,0.1,0.1,0.1,0.1,0.1,0.1,0.1,1,1,1,1,2,2,2,2,2,3,3,3,3,3,3,3,3,3,3,3,3,3,3,2,2,2,2,2,1,1,1,1,1,0.1,0.1,0.1,0.1,0.1,0.1,0.1,0.1,0.1,0.1,0.1,0.1,0.1,1,1,1,1,1,1,1,1,2,2,2,2,2,2,2,2,2,2,2,2,2,1,1,1,1,1,1,1,1,1,0.1,0.1,0.1,0.1,0.1,0.1,0.1,0.1,0.1,0.1,0.1,0.1,0.1,0.1,0.1,0.1,0.1,0.1,0.1,0.1,1,1,1,1,1,1,1,1,1,1,1,1,1,1,1,1,1,1,1,1,1,1,1,1,1,1,1,1,1,1,1,1,1,1,1,0.1,0.1,0.1,0.1,0.1,0.1,0.1,0.1,0.1,0.1,0.1,0.1,0.1,0.1,0.1,0.1,0.1,0.1,0.1,0.1,0.1,0.1,0.1,0.1,0.1,0.1,0.1,0.1,0.1,0.1,0.1,0.1,0.1,0.1,0.1,0.1,0.1,0.1,0.1,0.1,0.1,0.1,0.1,0.1,0.1,0.1,0.1,0.1,0.1,0.1,0.1,0.1,0.1,0.1,0.1,0.1,0.1,0.1,0.1,0.1,0.1,0.1,0.1,0.1,0.1,0.1,0.1,0.1,0.1,0.1,0.1,0.1,0.1,0.1,0.1,0.1,0.1,0.1,0.1,0.1
0.1,0.1,0.1,0.1,0.1,0.1,0.1,0.1,0.1,0.1,0.1,0.1,0.1,0.1,0.1,0.1,0.1,0.1,0.1,0.1,0.1,0.1,0.1,0.1,0.1,0.1,0.1,0.1,0.1,0.1,0.1,0.1,0.1,0.1,0.1,0.1,0.1,0.1,0.1,0.1,0.1,0.1,0.1,0.1,0.1,0.1,0.1,0.1,0.1,0.1,0.1,0.1,0.1,0.1,0.1,0.1,0.1,0.1,0.1,0.1,0.1,0.1,0.1,0.1,1,1,1,1,1,1,1,1,1,1,1,1,1,1,1,1,1,1,1,1,1,1,1,1,1,2,2,2,2,2,2,2,2,2,2,2,2,2,2,2,2,2,2,2,2,2,2,2,2,2,2,2,1,1,1,1,1,1,1,0.1,0.1,0.1,0.1,0.1,0.1,0.1,0.1,0.1,0.1,0.1,0.1,1,1,1,1,1,2,2,2,2,3,3,3,3,4,4,4,4,4,4,4,4,4,4,4,3,3,3,3,2,2,2,1,1,1,1,0.1,0.1,0.1,0.1,0.1,0.1,0.1,0.1,0.1,1,1,1,2,2,3,3,4,4,5,5,6,6,6,7,7,7,7,7,7,7,7,7,7,6,6,6,5,5,4,4,3,2,2,2,1,1,0.1,0.1,0.1,0.1,0.1,0.1,0.1,1,1,1,2,3,3,4,5,6,7,7,8,9,10,11,12,13,13,14,15,15,16,16,17,17,17,18,18,18,18,18,18,18,17,17,17,17,16,16,16,16,15,15,15,14,14,14,14,14,14,13,13,13,13,13,13,13,14,14,14,14,14,14,15,15,15,16,16,16,16,17,17,17,17,18,18,18,18,18,18,18,17,17,17,16,16,15,15,14,13,13,12,11,10,9,8,7,7,6,5,4,3,3,2,1,1,1,0.1,0.1,0.1,0.1,0.1,0.1,0.1,1,1,2,2,2,3,4,4,5,5,6,6,6,7,7,7,7,7,7,7,7,7,7,6,6,6,5,5,4,4,3,3,2,2,1,1,1,0.1,0.1,0.1,0.1,0.1,0.1,0.1,0.1,0.1,1,1,1,1,2,2,2,3,3,3,3,4,4,4,4,4,4,4,4,4,4,4,3,3,3,3,2,2,2,2,1,1,1,1,1,0.1,0.1,0.1,0.1,0.1,0.1,0.1,0.1,0.1,0.1,0.1,0.1,1,1,1,1,1,1,1,2,2,2,2,2,2,2,2,2,2,2,2,2,2,2,2,2,2,2,2,2,2,2,2,2,2,2,1,1,1,1,1,1,1,1,1,1,1,1,1,1,1,1,1,1,1,1,1,1,1,1,1,0.1,0.1,0.1,0.1,0.1,0.1,0.1,0.1,0.1,0.1,0.1,0.1,0.1,0.1,0.1,0.1,0.1,0.1,0.1,0.1,0.1,0.1,0.1,0.1,0.1,0.1,0.1,0.1,0.1,0.1,0.1,0.1,0.1,0.1,0.1,0.1,0.1,0.1,0.1,0.1,0.1,0.1,0.1,0.1,0.1,0.1,0.1,0.1,0.1,0.1,0.1,0.1,0.1,0.1,0.1,0.1,0.1,0.1,0.1,0.1,0.1
0.1,0.1,0.1,0.1,0.1,0.1,0.1,0.1,0.1,0.1,0.1,0.1,0.1,0.1,0.1,0.1,0.1,0.1,0.1,0.1,0.1,0.1,0.1,0.1,0.1,0.1,0.1,0.1,0.1,0.1,0.1,0.1,0.1,0.1,0.1,0.1,0.1,0.1,0.1,0.1,0.1,0.1,0.1,0.1,0.1,0.1,0.1,0.1,1,1,1,1,1,1,1,1,1,1,1,1,1,1,1,1,1,1,1,1,1,1,1,1,1,1,1,1,1,1,2,2,2,2,2,2,2,2,2,2,3,3,3,3,3,3,3,4,4,4,4,4,4,4,4,4,4,4,4,4,4,4,4,4,3,3,3,3,3,2,2,2,1,1,1,1,0.1,0.1,0.1,0.1,0.1,0.1,0.1,0.1,0.1,0.1,1,1,1,2,2,3,3,3,4,4,5,5,6,6,7,7,7,7,7,7,7,7,7,7,7,6,6,5,5,4,4,3,3,2,2,1,1,0.1,0.1,0.1,0.1,0.1,0.1,0.1,1,1,2,2,3,4,5,6,6,7,8,9,10,11,11,12,12,13,13,13,13,13,13,12,12,11,11,10,9,8,7,6,5,4,3,3,2,1,1,0.1,0.1,0.1,0.1,0.1,1,1,2,3,4,5,6,7,9,10,12,13,15,16,18,20,21,22,24,25,26,27,28,29,30,30,31,31,31,32,32,31,31,31,31,30,30,29,29,28,28,27,27,26,26,25,25,25,24,24,24,24,24,23,23,23,24,24,24,24,24,25,25,25,26,26,27,27,28,28,29,29,30,30,31,31,31,31,32,32,31,31,31,30,30,29,28,27,26,25,24,22,21,20,18,16,15,13,12,10,9,7,6,5,4,3,2,1,1,0.1,0.1,0.1,0.1,0.1,1,1,2,3,3,4,5,6,7,8,9,10,11,11,12,12,13,13,13,13,13,13,12,12,11,11,10,9,8,7,6,6,5,4,3,2,2,1,1,0.1,0.1,0.1,0.1,0.1,0.1,0.1,1,1,2,2,3,3,4,4,5,5,6,6,7,7,7,7,7,7,7,7,7,7,7,6,6,5,5,4,4,3,3,3,2,2,1,1,1,0.1,0.1,0.1,0.1,0.1,0.1,0.1,0.1,0.1,0.1,1,1,1,1,2,2,2,3,3,3,3,3,4,4,4,4,4,4,4,4,4,4,4,4,4,4,4,4,4,3,3,3,3,3,3,3,2,2,2,2,2,2,2,2,2,2,1,1,1,1,1,1,1,1,1,1,1,1,1,1,1,1,1,1,1,1,1,1,1,1,1,1,1,1,1,1,0.1,0.1,0.1,0.1,0.1,0.1,0.1,0.1,0.1,0.1,0.1,0.1,0.1,0.1,0.1,0.1,0.1,0.1,0.1,0.1,0.1,0.1,0.1,0.1,0.1,0.1,0.1,0.1,0.1,0.1,0.1,0.1,0.1,0.1,0.1,0.1,0.1,0.1,0.1,0.1,0.1,0.1,0.1,0.1,0.1
0.1,0.1,0.1,0.1,0.1,0.1,0.1,0.1,0.1,0.1,0.1,0.1,0.1,0.1,0.1,0.1,0.1,0.1,0.1,0.1,0.1,0.1,0.1,0.1,0.1,0.1,0.1,0.1,0.1,0.1,0.1,0.1,0.1,0.1,0.1,0.1,0.1,0.1,0.1,0.1,0.1,0.1,1,1,1,1,1,1,1,1,1,1,1,1,1,1,1,1,1,1,1,1,1,1,1,1,1,2,2,2,2,2,2,2,2,2,2,2,2,2,3,3,3,3,3,3,4,4,4,4,4,5,5,5,5,6,6,6,6,6,6,6,7,7,7,7,7,6,6,6,6,6,5,5,5,4,4,4,3,3,2,2,1,1,1,0.1,0.1,0.1,0.1,0.1,0.1,0.1,0.1,1,1,2,2,3,3,4,5,5,6,7,8,8,9,10,10,11,11,11,12,12,12,11,11,11,10,10,9,8,7,7,6,5,4,3,2,2,1,1,0.1,0.1,0.1,0.1,0.1,1,1,2,3,4,5,6,7,9,10,11,13,14,15,16,18,18,19,20,20,20,20,20,20,19,18,18,16,15,14,13,11,10,8,7,5,4,3,2,1,1,0.1,0.1,0.1,0.1,1,2,3,4,6,7,9,11,13,16,18,21,23,26,28,30,33,35,37,39,41,42,44,45,46,47,48,48,49,49,49,49,48,48,47,47,46,45,45,44,43,42,41,41,40,39,39,38,37,37,37,36,36,36,36,36,36,36,37,37,37,38,39,39,40,41,41,42,43,44,45,45,46,47,47,48,48,49,49,49,49,48,48,47,46,45,44,42,41,39,37,35,33,30,28,26,23,21,18,16,13,11,9,7,6,4,3,2,1,0.1,0.1,0.1,0.1,1,1,2,3,4,5,7,8,10,11,13,14,15,16,18,18,19,20,20,20,20,20,20,19,18,18,16,15,14,13,11,10,9,7,6,5,4,3,2,1,1,0.1,0.1,0.1,0.1,0.1,1,1,2,2,3,4,5,6,7,7,8,9,10,10,11,11,11,12,12,12,11,11,11,10,10,9,8,8,7,6,5,5,4,3,3,2,2,1,1,0.1,0.1,0.1,0.1,0.1,0.1,0.1,0.1,1,1,1,2,2,3,3,4,4,4,5,5,5,6,6,6,6,6,7,7,7,7,7,6,6,6,6,6,6,6,5,5,5,5,4,4,4,4,4,3,3,3,3,3,3,2,2,2,2,2,2,2,2,2,2,2,2,2,1,1,1,1,1,1,1,1,1,1,1,1,1,1,1,1,1,1,1,1,1,1,1,1,1,0.1,0.1,0.1,0.1,0.1,0.1,0.1,0.1,0.1,0.1,0.1,0.1,0.1,0.1,0.1,0.1,0.1,0.1,0.1,0.1,0.1,0.1,0.1,0.1,0.1,0.1,0.1,0.1,0.1,0.1,0.1,0.1,0.1,0.1,0.1,0.1,0.1,0.1,0.1
0.1,0.1,0.1,0.1,0.1,0.1,0.1,0.1,0.1,0.1,0.1,0.1,0.1,0.1,0.1,0.1,0.1,0.1,0.1,0.1,0.1,0.1,0.1,0.1,0.1,0.1,0.1,0.1,0.1,0.1,0.1,0.1,0.1,0.1,0.1,0.1,0.1,0.1,0.1,1,1,1,1,1,1,1,1,1,1,1,1,1,1,1,1,2,2,2,2,2,2,2,2,2,2,2,2,2,2,2,2,2,3,3,3,3,3,3,3,3,4,4,4,4,5,5,5,5,6,6,6,7,7,7,8,8,8,8,9,9,9,9,9,9,9,9,9,9,9,9,8,8,8,7,7,6,6,5,4,4,3,3,2,2,1,1,0.1,0.1,0.1,0.1,0.1,0.1,1,1,2,2,3,4,5,6,7,8,9,10,11,12,13,14,15,15,16,16,16,17,16,16,16,15,15,14,13,12,11,9,8,7,6,5,3,2,2,1,0.1,0.1,0.1,0.1,0.1,1,2,3,4,5,7,9,11,12,14,16,18,20,22,24,25,26,27,28,29,29,29,29,28,27,26,25,24,22,20,18,16,14,12,10,8,6,4,3,2,1,0.1,0.1,0.1,1,1,3,4,6,8,11,13,16,19,23,26,30,33,37,40,43,47,50,53,56,58,60,63,64,66,67,68,69,69,69,69,69,68,68,67,66,65,64,63,62,61,59,58,57,56,55,54,53,52,52,51,51,51,50,50,50,51,51,51,52,52,53,54,55,56,57,58,59,61,62,63,64,65,66,67,68,68,69,69,69,69,69,68,67,66,64,63,60,58,56,53,50,47,43,40,37,33,30,26,23,19,16,13,11,8,6,4,3,1,1,0.1,0.1,0.1,1,2,3,4,6,8,10,12,14,16,18,20,22,24,25,26,27,28,29,29,29,29,28,27,26,25,24,22,20,18,16,14,12,11,9,7,5,4,3,2,1,0.1,0.1,0.1,0.1,0.1,1,2,2,3,5,6,7,8,9,11,12,13,14,15,15,16,16,16,17,16,16,16,15,15,14,13,12,11,10,9,8,7,6,5,4,3,2,2,1,1,0.1,0.1,0.1,0.1,0.1,0.1,1,1,2,2,3,3,4,4,5,6,6,7,7,8,8,8,9,9,9,9,9,9,9,9,9,9,9,9,8,8,8,8,7,7,7,6,6,6,5,5,5,5,4,4,4,4,3,3,3,3,3,3,3,3,2,2,2,2,2,2,2,2,2,2,2,2,2,2,2,2,2,1,1,1,1,1,1,1,1,1,1,1,1,1,1,1,1,0.1,0.1,0.1,0.1,0.1,0.1,0.1,0.1,0.1,0.1,0.1,0.1,0.1,0.1,0.1,0.1,0.1,0.1,0.1,0.1,0.1,0.1,0.1,0.1,0.1,0.1,0.1,0.1,0.1,0.1,0.1,0.1,0.1,0.1,0.1,0.1
0.1,0.1,0.1,0.1,0.1,0.1,0.1,0.1,0.1,0.1,0.1,0.1,0.1,0.1,0.1,0.1,0.1,0.1,0.1,0.1,0.1,0.1,0.1,0.1,0.1,0.1,0.1,0.1,0.1,0.1,0.1,0.1,0.1,0.1,0.1,0.1,1,1,1,1,1,1,1,1,1,1,1,1,1,2,2,2,2,2,2,2,2,2,2,2,2,2,2,2,3,3,3,3,3,3,3,3,3,3,4,4,4,4,4,5,5,5,5,6,6,6,7,7,8,8,8,9,9,10,10,10,11,11,12,12,12,12,13,13,13,13,13,12,12,12,11,11,10,10,9,8,8,7,6,5,4,4,3,2,1,1,1,0.1,0.1,0.1,0.1,0.1,1,1,2,3,4,5,6,7,9,10,12,13,15,16,17,19,20,21,21,22,22,22,22,22,21,21,20,19,17,16,14,13,11,9,8,6,5,3,2,1,1,0.1,0.1,0.1,1,1,2,4,5,7,9,12,14,17,19,22,25,27,30,32,34,36,37,38,39,39,39,39,38,37,36,34,32,29,27,24,21,18,16,13,10,8,6,4,2,1,0.1,0.1,0.1,1,2,3,6,8,11,14,18,22,26,31,35,40,45,49,54,59,63,67,71,75,78,81,84,86,88,90,91,92,92,92,92,92,91,90,89,88,87,85,83,82,80,79,77,75,74,73,71,70,69,68,68,67,67,66,66,66,67,67,68,68,69,70,71,73,74,75,77,79,80,82,83,85,87,88,89,90,91,92,92,92,92,92,91,90,88,86,84,81,78,75,71,67,63,59,54,49,45,40,35,31,26,22,18,14,11,8,6,3,2,1,0.1,0.1,0.1,1,2,4,6,8,10,13,16,18,21,24,27,29,32,34,36,37,38,39,39,39,39,38,37,36,34,32,30,27,25,22,19,17,14,12,9,7,5,4,2,1,1,0.1,0.1,0.1,1,1,2,3,5,6,8,9,11,13,14,16,17,19,20,21,21,22,22,22,22,22,21,21,20,19,17,16,15,13,12,10,9,7,6,5,4,3,2,1,1,0.1,0.1,0.1,0.1,0.1,1,1,1,2,3,4,4,5,6,7,8,8,9,10,10,11,11,12,12,12,13,13,13,13,13,12,12,12,12,11,11,10,10,10,9,9,8,8,8,7,7,6,6,6,5,5,5,5,4,4,4,4,4,3,3,3,3,3,3,3,3,3,3,2,2,2,2,2,2,2,2,2,2,2,2,2,2,2,1,1,1,1,1,1,1,1,1,1,1,1,1,0.1,0.1,0.1,0.1,0.1,0.1,0.1,0.1,0.1,0.1,0.1,0.1,0.1,0.1,0.1,0.1,0.1,0.1,0.1,0.1,0.1,0.1,0.1,0.1,0.1,0.1,0.1,0.1,0.1,0.1,0.1,0.1,0.1
0.1,0.1,0.1,0.1,0.1,0.1,0.1,0.1,0.1,0.1,0.1,0.1,0.1,0.1,0.1,0.1,0.1,0.1,0.1,0.1,0.1,0.1,0.1,0.1,0.1,0.1,0.1,0.1,0.1,0.1,0.1,0.1,0.1,0.1,1,1,1,1,1,1,1,1,1,1,1,2,2,2,2,2,2,2,2,2,2,3,3,3,3,3,3,3,3,3,3,3,3,3,4,4,4,4,4,4,5,5,5,5,5,6,6,6,7,7,8,8,9,9,10,10,11,11,12,12,13,13,14,14,15,15,15,16,16,16,16,16,16,16,16,15,15,14,13,13,12,11,10,9,8,7,6,5,4,3,2,1,1,0.1,0.1,0.1,0.1,0.1,1,2,3,4,5,6,8,10,11,13,15,17,19,21,22,24,25,26,27,28,29,29,29,28,27,27,25,24,22,20,18,16,14,12,10,8,6,4,3,2,1,0.1,0.1,0.1,1,2,3,5,7,9,12,15,18,22,25,28,32,35,38,41,43,46,48,49,50,50,50,50,49,48,46,43,41,38,34,31,27,24,20,16,13,10,7,5,3,1,0.1,0.1,0.1,1,3,5,7,10,14,18,23,28,34,39,45,51,57,63,69,75,81,86,91,96,100,104,107,110,113,114,116,117,118,118,117,117,116,115,113,111,110,108,106,103,101,99,97,95,93,91,90,88,87,86,85,84,83,83,83,83,83,84,85,86,87,88,90,91,93,95,97,99,101,103,106,108,110,111,113,115,116,117,117,118,118,117,116,114,113,110,107,104,100,96,91,86,81,75,69,63,57,51,45,39,34,28,23,18,14,10,7,5,3,1,0.1,0.1,0.1,1,3,5,7,10,13,16,20,24,27,31,34,38,41,43,46,48,49,50,50,50,50,49,48,46,43,41,38,35,32,28,25,22,18,15,12,9,7,5,3,2,1,0.1,0.1,0.1,1,2,3,4,6,8,10,12,14,16,18,20,22,24,25,27,27,28,29,29,29,28,27,26,25,24,22,21,19,17,15,13,11,10,8,6,5,4,3,2,1,0.1,0.1,0.1,0.1,0.1,1,1,2,3,4,5,6,7,8,9,10,11,12,13,13,14,15,15,16,16,16,16,16,16,16,16,15,15,15,14,14,13,13,12,12,11,11,10,10,9,9,8,8,7,7,6,6,6,5,5,5,5,5,4,4,4,4,4,4,3,3,3,3,3,3,3,3,3,3,3,3,3,2,2,2,2,2,2,2,2,2,2,1,1,1,1,1,1,1,1,1,1,1,0.1,0.1,0.1,0.1,0.1,0.1,0.1,0.1,0.1,0.1,0.1,0.1,0.1,0.1,0.1,0.1,0.1,0.1,0.1,0.1,0.1,0.1,0.1,0.1,0.1,0.1,0.1,0.1,0.1,0.1,0.1
0.1,0.1,0.1,0.1,0.1,0.1,0.1,0.1,0.1,0.1,0.1,0.1,0.1,0.1,0.1,0.1,0.1,0.1,0.1,0.1,0.1,0.1,0.1,0.1,0.1,0.1,0.1,0.1,0.1,0.1,0.1,0.1,0.1,1,1,1,1,1,1,1,1,1,2,2,2,2,2,2,2,2,3,3,3,3,3,3,3,3,3,3,4,4,4,4,4,4,4,4,4,4,5,5,5,5,5,6,6,6,7,7,7,8,8,9,9,10,10,11,12,12,13,14,14,15,16,16,17,18,18,19,19,19,20,20,20,20,20,20,19,19,18,17,17,16,15,13,12,11,10,8,7,6,5,3,2,2,1,0.1,0.1,0.1,0.1,1,1,2,3,4,6,8,10,12,14,16,19,21,23,26,28,30,31,33,34,35,35,36,36,35,34,33,31,30,28,25,23,20,18,15,12,10,7,5,4,2,1,0.1,0.1,0.1,1,2,4,6,9,12,15,19,23,27,31,35,39,43,47,51,54,57,59,61,62,63,63,62,61,59,57,54,50,47,43,38,34,29,25,20,16,12,9,6,3,2,0.1,0.1,0.1,1,3,6,9,13,18,23,29,35,42,49,56,64,71,79,86,93,100,107,113,119,124,128,132,136,139,141,143,144,144,144,144,143,142,140,138,136,134,131,128,126,123,120,118,115,113,110,108,106,105,103,102,101,100,100,100,100,100,101,102,103,105,106,108,110,113,115,118,120,123,126,128,131,134,136,138,140,142,143,144,144,144,144,143,141,139,136,132,128,124,119,113,107,100,93,86,79,71,64,56,49,42,35,29,23,18,13,9,6,3,1,0.1,0.1,0.1,2,3,6,9,12,16,20,25,29,34,38,43,47,50,54,57,59,61,62,63,63,62,61,59,57,54,51,47,43,39,35,31,27,23,19,15,12,9,6,4,2,1,0.1,0.1,0.1,1,2,4,5,7,10,12,15,18,20,23,25,28,30,31,33,34,35,36,36,35,35,34,33,31,30,28,26,23,21,19,16,14,12,10,8,6,4,3,2,1,1,0.1,0.1,0.1,0.1,1,2,2,3,5,6,7,8,10,11,12,13,15,16,17,17,18,19,19,20,20,20,20,20,20,19,19,19,18,18,17,16,16,15,14,14,13,12,12,11,10,10,9,9,8,8,7,7,7,6,6,6,5,5,5,5,5,4,4,4,4,4,4,4,4,4,4,3,3,3,3,3,3,3,3,3,3,2,2,2,2,2,2,2,2,1,1,1,1,1,1,1,1,1,0.1,0.1,0.1,0.1,0.1,0.1,0.1,0.1,0.1,0.1,0.1,0.1,0.1,0.1,0.1,0.1,0.1,0.1,0.1,0.1,0.1,0.1,0.1,0.1,0.1,0.1,0.1,0.1,0.1,0.1
0.1,0.1,0.1,0.1,0.1,0.1,0.1,0.1,0.1,0.1,0.1,0.1,0.1,0.1,0.1,0.1,0.1,0.1,0.1,0.1,0.1,0.1,0.1,0.1,0.1,0.1,0.1,0.1,0.1,0.1,0.1,0.1,1,1,1,1,1,1,1,1,2,2,2,2,2,2,2,3,3,3,3,3,3,3,4,4,4,4,4,4,4,4,4,4,5,5,5,5,5,5,5,6,6,6,6,7,7,7,8,8,9,9,10,10,11,11,12,13,14,14,15,16,17,18,19,19,20,21,22,22,23,23,24,24,24,24,24,24,23,23,22,21,20,19,18,16,15,13,12,10,9,7,6,4,3,2,1,1,0.1,0.1,0.1,1,1,2,4,5,7,9,12,14,17,20,22,25,28,31,33,36,38,40,41,42,43,43,43,42,41,40,38,36,33,31,28,25,21,18,15,12,9,6,4,2,1,0.1,0.1,0.1,1,3,5,7,11,14,18,23,27,32,37,43,48,53,57,61,65,69,71,74,75,76,76,75,73,71,68,65,61,56,51,46,40,35,30,24,19,15,10,7,4,2,0.1,0.1,0.1,2,4,7,11,16,22,28,35,43,51,60,68,77,86,95,104,113,121,129,136,143,149,154,159,163,166,169,170,172,172,172,171,170,168,166,164,161,158,155,151,148,144,141,138,135,132,129,126,124,122,120,119,117,117,116,116,116,117,117,119,120,122,124,126,129,132,135,138,141,144,148,151,155,158,161,164,166,168,170,171,172,172,172,170,169,166,163,159,154,149,143,136,129,121,113,104,95,86,77,68,60,51,43,35,28,22,16,11,7,4,2,0.1,0.1,0.1,2,4,7,10,15,19,24,30,35,40,46,51,56,61,65,68,71,73,75,76,76,75,74,71,69,65,61,57,53,48,43,37,32,27,23,18,14,11,7,5,3,1,0.1,0.1,0.1,1,2,4,6,9,12,15,18,21,25,28,31,33,36,38,40,41,42,43,43,43,42,41,40,38,36,33,31,28,25,22,20,17,14,12,9,7,5,4,2,1,1,0.1,0.1,0.1,1,1,2,3,4,6,7,9,10,12,13,15,16,18,19,20,21,22,23,23,24,24,24,24,24,24,23,23,22,22,21,20,19,19,18,17,16,15,14,14,13,12,11,11,10,10,9,9,8,8,7,7,7,6,6,6,6,5,5,5,5,5,5,5,4,4,4,4,4,4,4,4,4,4,3,3,3,3,3,3,3,2,2,2,2,2,2,2,1,1,1,1,1,1,1,1,0.1,0.1,0.1,0.1,0.1,0.1,0.1,0.1,0.1,0.1,0.1,0.1,0.1,0.1,0.1,0.1,0.1,0.1,0.1,0.1,0.1,0.1,0.1,0.1,0.1,0.1,0.1,0.1,0.1
0.1,0.1,0.1,0.1,0.1,0.1,0.1,0.1,0.1,0.1,0.1,0.1,0.1,0.1,0.1,0.1,0.1,0.1,0.1,0.1,0.1,0.1,0.1,0.1,0.1,0.1,0.1,0.1,0.1,0.1,0.1,1,1,1,1,1,1,1,1,2,2,2,2,2,3,3,3,3,3,3,4,4,4,4,4,4,4,4,4,5,5,5,5,5,5,5,5,6,6,6,6,6,7,7,7,7,8,8,9,9,10,10,11,12,12,13,14,15,16,17,17,18,19,20,21,22,23,24,25,26,26,27,28,28,28,28,28,28,27,27,26,25,24,22,21,19,17,16,14,12,10,8,7,5,4,2,1,1,0.1,0.1,0.1,1,2,3,4,6,8,11,14,17,20,23,26,30,33,36,39,42,44,47,48,50,50,51,51,50,49,47,45,42,39,36,33,29,25,21,18,14,11,8,5,3,1,0.1,0.1,0.1,1,3,6,9,12,17,22,27,32,38,44,50,56,62,67,73,77,81,84,87,88,89,89,88,86,84,80,76,71,66,60,54,47,41,35,28,22,17,12,8,5,2,1,0.1,1,2,5,9,13,19,26,34,42,51,61,71,81,91,102,112,123,133,142,151,159,167,174,180,186,190,194,197,198,200,200,200,198,197,195,192,189,185,181,178,173,169,165,161,157,153,150,146,143,141,138,136,134,133,132,131,131,131,132,133,134,136,138,141,143,146,150,153,157,161,165,169,173,178,181,185,189,192,195,197,198,200,200,200,198,197,194,190,186,180,174,167,159,151,142,133,123,112,102,91,81,71,61,51,42,34,26,19,13,9,5,2,1,0.1,1,2,5,8,12,17,22,28,35,41,47,54,60,66,71,76,80,84,86,88,89,89,88,87,84,81,77,73,67,62,56,50,44,38,32,27,22,17,12,9,6,3,1,0.1,0.1,0.1,1,3,5,8,11,14,18,21,25,29,33,36,39,42,45,47,49,50,51,51,50,50,48,47,44,42,39,36,33,30,26,23,20,17,14,11,8,6,4,3,2,1,0.1,0.1,0.1,1,1,2,4,5,7,8,10,12,14,16,17,19,21,22,24,25,26,27,27,28,28,28,28,28,28,27,26,26,25,24,23,22,21,20,19,18,17,17,16,15,14,13,12,12,11,10,10,9,9,8,8,7,7,7,7,6,6,6,6,6,5,5,5,5,5,5,5,5,4,4,4,4,4,4,4,4,4,3,3,3,3,3,3,2,2,2,2,2,1,1,1,1,1,1,1,1,0.1,0.1,0.1,0.1,0.1,0.1,0.1,0.1,0.1,0.1,0.1,0.1,0.1,0.1,0.1,0.1,0.1,0.1,0.1,0.1,0.1,0.1,0.1,0.1,0.1,0.1,0.1,0.1
0.1,0.1,0.1,0.1,0.1,0.1,0.1,0.1,0.1,0.1,0.1,0.1,0.1,0.1,0.1,0.1,0.1,0.1,0.1,0.1,0.1,0.1,0.1,0.1,0.1,0.1,0.1,0.1,0.1,0.1,1,1,1,1,1,1,1,2,2,2,2,2,2,3,3,3,3,3,4,4,4,4,4,4,5,5,5,5,5,5,5,5,5,6,6,6,6,6,6,6,7,7,7,8,8,8,9,9,10,10,11,11,12,13,14,15,15,16,17,19,20,21,22,23,24,25,26,27,28,29,30,31,31,32,32,32,32,32,31,31,30,28,27,26,24,22,20,18,16,14,12,10,8,6,4,3,2,1,0.1,0.1,0.1,1,2,3,5,7,10,12,16,19,23,26,30,34,38,42,45,48,51,54,56,57,58,59,58,58,56,54,52,49,46,42,38,33,29,25,20,16,12,9,6,3,2,0.1,0.1,0.1,2,4,6,10,14,19,25,31,37,44,51,58,65,72,78,84,89,94,97,100,102,103,103,102,100,96,92,88,82,76,69,62,54,47,40,32,26,19,14,9,5,2,1,0.1,1,3,6,10,16,23,30,39,49,59,70,82,94,106,118,130,141,153,164,174,183,192,200,207,212,217,221,224,226,227,227,226,225,223,220,216,213,208,204,199,194,189,184,180,175,170,166,162,158,155,152,150,148,146,145,144,144,144,145,146,148,150,152,155,158,162,166,170,175,180,184,189,194,199,204,208,213,216,220,223,225,226,227,227,226,224,221,217,212,207,200,192,183,174,164,153,141,130,118,106,94,82,70,59,49,39,30,23,16,10,6,3,1,0.1,1,2,5,9,14,19,26,32,40,47,54,62,69,76,82,88,92,96,100,102,103,103,102,100,97,94,89,84,78,72,65,58,51,44,37,31,25,19,14,10,6,4,2,0.1,0.1,0.1,2,3,6,9,12,16,20,25,29,33,38,42,46,49,52,54,56,58,58,59,58,57,56,54,51,48,45,42,38,34,30,26,23,19,16,12,10,7,5,3,2,1,0.1,0.1,0.1,1,2,3,4,6,8,10,12,14,16,18,20,22,24,26,27,28,30,31,31,32,32,32,32,32,31,31,30,29,28,27,26,25,24,23,22,21,20,19,17,16,15,15,14,13,12,11,11,10,10,9,9,8,8,8,7,7,7,6,6,6,6,6,6,6,5,5,5,5,5,5,5,5,5,4,4,4,4,4,4,3,3,3,3,3,2,2,2,2,2,2,1,1,1,1,1,1,1,0.1,0.1,0.1,0.1,0.1,0.1,0.1,0.1,0.1,0.1,0.1,0.1,0.1,0.1,0.1,0.1,0.1,0.1,0.1,0.1,0.1,0.1,0.1,0.1,0.1,0.1,0.1
0.1,0.1,0.1,0.1,0.1,0.1,0.1,0.1,0.1,0.1,0.1,0.1,0.1,0.1,0.1,0.1,0.1,0.1,0.1,0.1,0.1,0.1,0.1,0.1,0.1,0.1,0.1,0.1,0.1,0.1,1,1,1,1,1,1,2,2,2,2,2,3,3,3,3,3,4,4,4,4,4,5,5,5,5,5,5,5,5,6,6,6,6,6,6,6,6,7,7,7,7,7,8,8,8,9,9,10,10,11,12,12,13,14,15,16,17,18,19,20,22,23,24,25,27,28,29,31,32,33,34,35,35,36,36,36,36,36,35,34,33,32,31,29,27,25,23,21,18,16,14,11,9,7,5,3,2,1,0.1,0.1,0.1,1,2,3,5,8,11,14,18,21,26,30,34,39,43,47,51,55,58,61,63,65,66,66,66,65,64,62,59,56,52,47,43,38,33,28,23,18,14,10,7,4,2,0.1,0.1,0.1,2,4,7,11,16,22,28,35,43,50,58,66,74,81,89,95,101,106,110,114,116,117,116,115,113,109,105,99,93,85,78,70,61,53,44,36,29,22,15,10,6,2,1,0.1,1,3,7,12,18,26,35,45,56,68,80,93,107,120,134,147,160,173,185,196,207,216,225,232,239,244,248,251,252,253,253,252,250,247,243,239,234,229,224,218,213,207,201,195,190,185,180,175,171,167,164,161,159,157,156,155,155,155,156,157,159,161,164,167,171,175,180,185,190,195,201,207,213,218,224,229,234,239,243,247,250,252,253,253,252,251,248,244,239,232,225,216,207,196,185,173,160,147,134,120,107,93,80,68,56,45,35,26,18,12,7,3,1,0.1,1,2,6,10,15,22,29,36,44,53,61,70,78,85,93,99,105,109,113,115,116,117,116,114,110,106,101,95,89,81,74,66,58,50,43,35,28,22,16,11,7,4,2,0.1,0.1,0.1,2,4,7,10,14,18,23,28,33,38,43,47,52,56,59,62,64,65,66,66,66,65,63,61,58,55,51,47,43,39,34,30,26,21,18,14,11,8,5,3,2,1,0.1,0.1,0.1,1,2,3,5,7,9,11,14,16,18,21,23,25,27,29,31,32,33,34,35,36,36,36,36,36,35,35,34,33,32,31,29,28,27,25,24,23,22,20,19,18,17,16,15,14,13,12,12,11,10,10,9,9,8,8,8,7,7,7,7,7,6,6,6,6,6,6,6,6,5,5,5,5,5,5,5,5,4,4,4,4,4,3,3,3,3,3,2,2,2,2,2,1,1,1,1,1,1,0.1,0.1,0.1,0.1,0.1,0.1,0.1,0.1,0.1,0.1,0.1,0.1,0.1,0.1,0.1,0.1,0.1,0.1,0.1,0.1,0.1,0.1,0.1,0.1,0.1,0.1,0.1
0.1,0.1,0.1,0.1,0.1,0.1,0.1,0.1,0.1,0.1,0.1,0.1,0.1,0.1,0.1,0.1,0.1,0.1,0.1,0.1,0.1,0.1,0.1,0.1,0.1,0.1,0.1,0.1,0.1,1,1,1,1,1,1,1,2,2,2,2,3,3,3,3,4,4,4,4,4,5,5,5,5,5,5,6,6,6,6,6,6,6,6,6,6,7,7,7,7,7,8,8,8,8,9,9,10,10,11,12,12,13,14,15,16,17,18,19,21,22,23,25,26,28,29,31,32,33,35,36,37,38,39,39,40,40,40,40,39,38,37,36,34,32,30,28,26,23,21,18,15,13,10,8,6,4,2,1,0.1,0.1,0.1,1,2,4,6,9,12,15,19,24,28,33,38,43,48,52,57,61,65,68,70,72,74,74,74,73,71,69,66,62,58,53,48,43,37,31,26,21,16,11,7,4,2,0.1,0.1,1,2,5,8,13,18,25,32,39,48,56,65,74,83,91,99,106,113,119,123,127,129,130,130,128,126,121,116,110,103,95,86,77,68,58,49,40,31,24,17,11,6,3,1,0.1,1,4,8,14,21,30,40,51,63,76,90,105,120,135,150,164,179,193,206,218,229,240,249,257,263,269,273,275,277,277,277,275,272,268,264,259,254,248,241,235,228,221,215,208,202,196,191,185,181,176,173,169,167,165,163,162,162,162,163,165,167,169,173,176,181,185,191,196,202,208,215,221,228,235,241,248,254,259,264,268,272,275,277,277,277,275,273,269,263,257,249,240,229,218,206,193,179,164,150,135,120,105,90,76,63,51,40,30,21,14,8,4,1,0.1,1,3,6,11,17,24,31,40,49,58,68,77,86,95,103,110,116,121,126,128,130,130,129,127,123,119,113,106,99,91,83,74,65,56,48,39,32,25,18,13,8,5,2,1,0.1,0.1,2,4,7,11,16,21,26,31,37,43,48,53,58,62,66,69,71,73,74,74,74,72,70,68,65,61,57,52,48,43,38,33,28,24,19,15,12,9,6,4,2,1,0.1,0.1,0.1,1,2,4,6,8,10,13,15,18,21,23,26,28,30,32,34,36,37,38,39,40,40,40,40,39,39,38,37,36,35,33,32,31,29,28,26,25,23,22,21,19,18,17,16,15,14,13,12,12,11,10,10,9,9,8,8,8,8,7,7,7,7,7,6,6,6,6,6,6,6,6,6,6,5,5,5,5,5,5,4,4,4,4,4,3,3,3,3,2,2,2,2,1,1,1,1,1,1,1,0.1,0.1,0.1,0.1,0.1,0.1,0.1,0.1,0.1,0.1,0.1,0.1,0.1,0.1,0.1,0.1,0.1,0.1,0.1,0.1,0.1,0.1,0.1,0.1,0.1,0.1
0.1,0.1,0.1,0.1,0.1,0.1,0.1,0.1,0.1,0.1,0.1,0.1,0.1,0.1,0.1,0.1,0.1,0.1,0.1,0.1,0.1,0.1,0.1,0.1,0.1,0.1,0.1,0.1,0.1,1,1,1,1,1,1,2,2,2,2,3,3,3,3,4,4,4,4,4,5,5,5,5,5,6,6,6,6,6,6,6,6,6,6,7,7,7,7,7,7,7,8,8,8,9,9,9,10,11,11,12,13,14,14,15,17,18,19,20,22,23,25,26,28,29,31,33,34,36,37,39,40,41,42,43,43,43,43,43,43,42,41,39,38,36,34,31,28,26,23,20,17,14,11,9,6,4,3,1,0.1,0.1,0.1,1,2,4,6,9,13,17,21,26,31,36,41,47,52,57,62,67,71,74,77,79,81,82,81,80,79,76,73,68,64,58,53,47,41,35,29,23,17,12,8,5,2,1,0.1,1,2,5,9,14,20,27,35,43,53,62,72,81,91,100,109,117,124,130,136,139,142,143,143,141,138,133,127,121,113,104,94,84,74,63,53,43,34,25,18,11,6,3,0.1,0.1,1,4,9,16,24,33,44,57,70,85,100,116,132,149,165,181,196,211,225,239,251,261,271,279,286,291,295,298,299,299,297,295,291,287,282,276,269,262,255,248,240,232,225,218,211,204,198,192,187,182,178,174,171,169,167,166,166,166,167,169,171,174,178,182,187,192,198,204,211,218,225,232,240,248,255,262,269,276,282,287,291,295,297,299,299,298,295,291,286,279,271,261,251,239,225,211,196,181,165,149,132,116,100,85,70,57,44,33,24,16,9,4,1,0.1,0.1,3,6,11,18,25,34,43,53,63,74,84,94,104,113,121,127,133,138,141,143,143,142,139,136,130,124,117,109,100,91,81,72,62,53,43,35,27,20,14,9,5,2,1,0.1,1,2,5,8,12,17,23,29,35,41,47,53,58,64,68,73,76,79,80,81,82,81,79,77,74,71,67,62,57,52,47,41,36,31,26,21,17,13,9,6,4,2,1,0.1,0.1,0.1,1,3,4,6,9,11,14,17,20,23,26,28,31,34,36,38,39,41,42,43,43,43,43,43,43,42,41,40,39,37,36,34,33,31,29,28,26,25,23,22,20,19,18,17,15,14,14,13,12,11,11,10,9,9,9,8,8,8,7,7,7,7,7,7,7,6,6,6,6,6,6,6,6,6,6,5,5,5,5,5,4,4,4,4,4,3,3,3,3,2,2,2,2,1,1,1,1,1,1,0.1,0.1,0.1,0.1,0.1,0.1,0.1,0.1,0.1,0.1,0.1,0.1,0.1,0.1,0.1,0.1,0.1,0.1,0.1,0.1,0.1,0.1,0.1,0.1,0.1,0.1
0.1,0.1,0.1,0.1,0.1,0.1,0.1,0.1,0.1,0.1,0.1,0.1,0.1,0.1,0.1,0.1,0.1,0.1,0.1,0.1,0.1,0.1,0.1,0.1,0.1,0.1,0.1,0.1,1,1,1,1,1,1,2,2,2,2,2,3,3,3,4,4,4,4,5,5,5,5,5,5,6,6,6,6,6,6,6,6,6,6,7,7,7,7,7,7,7,7,8,8,8,9,9,10,10,11,11,12,13,14,15,16,17,18,19,21,22,24,26,27,29,31,33,34,36,38,39,41,42,44,45,46,46,47,47,47,46,45,44,43,41,39,36,34,31,28,25,22,19,16,13,10,7,5,3,1,0.1,0.1,0.1,1,2,4,7,10,14,18,22,28,33,39,45,50,56,62,67,72,77,81,84,86,88,88,88,87,85,82,79,74,69,64,57,51,44,38,31,25,19,13,9,5,2,1,0.1,1,2,6,10,15,22,30,38,47,57,67,78,89,99,109,118,127,135,142,147,151,154,155,155,153,149,144,138,130,122,112,101,91,79,68,57,46,36,27,19,12,6,3,0.1,0.1,2,5,10,18,26,37,49,63,77,93,110,127,144,162,179,196,213,229,244,257,270,281,291,299,306,311,315,317,318,317,315,312,307,302,295,289,281,273,265,256,248,239,231,223,215,208,201,194,189,183,179,175,172,169,168,166,166,166,168,169,172,175,179,183,189,194,201,208,215,223,231,239,248,256,265,273,281,289,295,302,307,312,315,317,318,317,315,311,306,299,291,281,270,257,244,229,213,196,179,162,144,127,110,93,77,63,49,37,26,18,10,5,2,0.1,0.1,3,6,12,19,27,36,46,57,68,79,91,101,112,122,130,138,144,149,153,155,155,154,151,147,142,135,127,118,109,99,89,78,67,57,47,38,30,22,15,10,6,2,1,0.1,1,2,5,9,13,19,25,31,38,44,51,57,64,69,74,79,82,85,87,88,88,88,86,84,81,77,72,67,62,56,50,45,39,33,28,22,18,14,10,7,4,2,1,0.1,0.1,0.1,1,3,5,7,10,13,16,19,22,25,28,31,34,36,39,41,43,44,45,46,47,47,47,46,46,45,44,42,41,39,38,36,34,33,31,29,27,26,24,22,21,19,18,17,16,15,14,13,12,11,11,10,10,9,9,8,8,8,7,7,7,7,7,7,7,7,6,6,6,6,6,6,6,6,6,6,5,5,5,5,5,5,4,4,4,4,3,3,3,2,2,2,2,2,1,1,1,1,1,1,0.1,0.1,0.1,0.1,0.1,0.1,0.1,0.1,0.1,0.1,0.1,0.1,0.1,0.1,0.1,0.1,0.1,0.1,0.1,0.1,0.1,0.1,0.1,0.1,0.1
0.1,0.1,0.1,0.1,0.1,0.1,0.1,0.1,0.1,0.1,0.1,0.1,0.1,0.1,0.1,0.1,0.1,0.1,0.1,0.1,0.1,0.1,0.1,0.1,0.1,0.1,0.1,0.1,1,1,1,1,1,1,2,2,2,2,3,3,3,3,4,4,4,4,5,5,5,5,6,6,6,6,6,6,6,6,6,6,6,6,7,7,7,7,7,7,7,7,8,8,8,8,9,9,10,10,11,12,13,14,15,16,17,18,20,21,23,24,26,28,30,32,34,36,37,39,41,43,44,46,47,48,49,49,50,49,49,48,47,46,44,42,39,36,34,30,27,24,20,17,14,11,8,5,3,2,1,0.1,0.1,1,2,4,7,10,14,19,24,29,35,41,47,54,60,66,72,77,82,86,90,92,94,95,95,94,92,89,85,80,74,68,62,55,48,40,33,27,20,15,10,6,3,1,0.1,1,3,6,11,16,24,32,41,51,61,73,84,95,106,117,127,136,145,152,158,162,165,166,165,163,159,154,147,139,129,119,108,96,84,72,60,49,38,28,19,12,6,2,0.1,0.1,2,6,12,20,29,41,54,68,84,101,119,137,155,174,193,211,228,245,260,274,287,299,309,317,323,328,331,333,333,331,328,324,319,312,305,297,288,279,270,261,251,242,233,224,215,207,200,193,187,181,176,172,168,166,164,163,162,163,164,166,168,172,176,181,187,193,200,207,215,224,233,242,251,261,270,279,288,297,305,312,319,324,328,331,333,333,331,328,323,317,309,299,287,274,260,245,228,211,193,174,155,137,119,101,84,68,54,41,29,20,12,6,2,0.1,0.1,2,6,12,19,28,38,49,60,72,84,96,108,119,129,139,147,154,159,163,165,166,165,162,158,152,145,136,127,117,106,95,84,73,61,51,41,32,24,16,11,6,3,1,0.1,1,3,6,10,15,20,27,33,40,48,55,62,68,74,80,85,89,92,94,95,95,94,92,90,86,82,77,72,66,60,54,47,41,35,29,24,19,14,10,7,4,2,1,0.1,0.1,1,2,3,5,8,11,14,17,20,24,27,30,34,36,39,42,44,46,47,48,49,49,50,49,49,48,47,46,44,43,41,39,37,36,34,32,30,28,26,24,23,21,20,18,17,16,15,14,13,12,11,10,10,9,9,8,8,8,8,7,7,7,7,7,7,7,7,6,6,6,6,6,6,6,6,6,6,6,6,5,5,5,5,4,4,4,4,3,3,3,3,2,2,2,2,1,1,1,1,1,1,0.1,0.1,0.1,0.1,0.1,0.1,0.1,0.1,0.1,0.1,0.1,0.1,0.1,0.1,0.1,0.1,0.1,0.1,0.1,0.1,0.1,0.1,0.1,0.1,0.1
0.1,0.1,0.1,0.1,0.1,0.1,0.1,0.1,0.1,0.1,0.1,0.1,0.1,0.1,0.1,0.1,0.1,0.1,0.1,0.1,0.1,0.1,0.1,0.1,0.1,0.1,0.1,0.1,1,1,1,1,1,1,2,2,2,2,3,3,3,4,4,4,4,5,5,5,5,5,6,6,6,6,6,6,6,6,6,6,6,6,6,6,6,7,7,7,7,7,7,7,8,8,8,9,9,10,11,11,12,13,14,15,17,18,19,21,22,24,26,28,30,32,34,36,38,40,42,44,46,47,49,50,51,51,52,52,51,51,50,48,46,44,42,39,36,32,29,25,22,18,15,12,9,6,4,2,1,0.1,0.1,1,2,4,7,10,15,19,25,30,37,43,50,56,63,70,76,81,87,91,95,98,100,100,100,99,97,94,90,85,79,73,66,58,51,43,35,28,22,15,10,6,3,1,0.1,1,3,6,11,18,25,34,43,54,65,77,89,101,113,124,135,145,154,161,167,172,175,176,175,173,168,163,155,146,136,125,113,101,88,75,62,50,39,29,20,12,6,2,0.1,0.1,2,7,13,22,32,44,58,74,91,108,127,146,166,185,204,223,241,258,274,289,302,313,323,331,337,341,344,344,344,341,337,332,325,318,310,301,291,281,271,260,250,240,230,220,211,202,194,187,180,174,169,165,161,158,156,155,155,155,156,158,161,165,169,174,180,187,194,202,211,220,230,240,250,260,271,281,291,301,310,318,325,332,337,341,344,344,344,341,337,331,323,313,302,289,274,258,241,223,204,185,166,146,127,108,91,74,58,44,32,22,13,7,2,0.1,0.1,2,6,12,20,29,39,50,62,75,88,101,113,125,136,146,155,163,168,173,175,176,175,172,167,161,154,145,135,124,113,101,89,77,65,54,43,34,25,18,11,6,3,1,0.1,1,3,6,10,15,22,28,35,43,51,58,66,73,79,85,90,94,97,99,100,100,100,98,95,91,87,81,76,70,63,56,50,43,37,30,25,19,15,10,7,4,2,1,0.1,0.1,1,2,4,6,9,12,15,18,22,25,29,32,36,39,42,44,46,48,50,51,51,52,52,51,51,50,49,47,46,44,42,40,38,36,34,32,30,28,26,24,22,21,19,18,17,15,14,13,12,11,11,10,9,9,8,8,8,7,7,7,7,7,7,7,6,6,6,6,6,6,6,6,6,6,6,6,6,6,6,5,5,5,5,5,4,4,4,4,3,3,3,2,2,2,2,1,1,1,1,1,1,0.1,0.1,0.1,0.1,0.1,0.1,0.1,0.1,0.1,0.1,0.1,0.1,0.1,0.1,0.1,0.1,0.1,0.1,0.1,0.1,0.1,0.1,0.1,0.1,0.1
0.1,0.1,0.1,0.1,0.1,0.1,0.1,0.1,0.1,0.1,0.1,0.1,0.1,0.1,0.1,0.1,0.1,0.1,0.1,0.1,0.1,0.1,0.1,0.1,0.1,0.1,0.1,1,1,1,1,1,1,2,2,2,2,3,3,3,3,4,4,4,4,5,5,5,5,5,6,6,6,6,6,6,6,6,6,6,6,6,6,6,6,6,6,6,6,7,7,7,7,7,8,8,9,9,10,11,12,12,13,15,16,17,19,20,22,24,26,28,30,32,34,36,38,41,43,45,47,48,50,51,52,53,54,54,53,53,52,50,48,46,44,41,38,34,31,27,23,20,16,13,9,7,4,2,1,0.1,0.1,1,2,4,7,11,15,20,25,31,38,45,52,59,66,72,79,85,90,95,99,102,104,105,105,104,102,99,94,89,83,76,69,61,53,45,37,30,23,16,11,6,3,1,0.1,1,3,7,12,18,26,36,46,57,69,81,94,106,119,130,142,152,161,169,175,180,183,184,183,180,176,170,162,152,142,130,117,104,91,77,64,52,40,29,20,12,6,2,0.1,0.1,3,8,15,24,35,48,63,79,97,115,135,155,175,195,215,234,252,270,286,300,313,324,334,341,346,350,352,352,350,346,341,335,327,319,309,299,289,277,266,255,244,233,222,212,202,193,185,177,170,164,158,154,150,147,145,144,143,144,145,147,150,154,158,164,170,177,185,193,202,212,222,233,244,255,266,277,289,299,309,319,327,335,341,346,350,352,352,350,346,341,334,324,313,300,286,270,252,234,215,195,175,155,135,115,97,79,63,48,35,24,15,8,3,0.1,0.1,2,6,12,20,29,40,52,64,77,91,104,117,130,142,152,162,170,176,180,183,184,183,180,175,169,161,152,142,130,119,106,94,81,69,57,46,36,26,18,12,7,3,1,0.1,1,3,6,11,16,23,30,37,45,53,61,69,76,83,89,94,99,102,104,105,105,104,102,99,95,90,85,79,72,66,59,52,45,38,31,25,20,15,11,7,4,2,1,0.1,0.1,1,2,4,7,9,13,16,20,23,27,31,34,38,41,44,46,48,50,52,53,53,54,54,53,52,51,50,48,47,45,43,41,38,36,34,32,30,28,26,24,22,20,19,17,16,15,13,12,12,11,10,9,9,8,8,7,7,7,7,7,6,6,6,6,6,6,6,6,6,6,6,6,6,6,6,6,6,6,6,5,5,5,5,5,4,4,4,4,3,3,3,3,2,2,2,2,1,1,1,1,1,1,0.1,0.1,0.1,0.1,0.1,0.1,0.1,0.1,0.1,0.1,0.1,0.1,0.1,0.1,0.1,0.1,0.1,0.1,0.1,0.1,0.1,0.1,0.1,0.1
0.1,0.1,0.1,0.1,0.1,0.1,0.1,0.1,0.1,0.1,0.1,0.1,0.1,0.1,0.1,0.1,0.1,0.1,0.1,0.1,0.1,0.1,0.1,0.1,0.1,0.1,0.1,1,1,1,1,1,1,2,2,2,2,3,3,3,3,4,4,4,4,5,5,5,5,5,5,6,6,6,6,6,6,6,6,6,6,6,6,6,6,6,6,6,6,6,6,6,6,7,7,7,8,8,9,10,11,11,12,14,15,16,18,19,21,23,25,27,29,31,33,36,38,40,43,45,47,49,50,52,53,54,55,55,55,54,53,52,50,48,45,43,39,36,32,28,25,21,17,13,10,7,5,3,1,0.1,0.1,1,2,4,7,11,15,20,26,32,39,46,53,60,67,75,81,88,93,98,102,106,108,109,109,108,106,102,98,92,86,79,72,64,55,47,39,31,24,17,11,6,3,1,0.1,1,3,7,12,19,27,37,48,59,71,84,97,110,123,136,147,158,167,175,182,186,189,190,189,186,182,175,167,157,146,133,120,107,93,79,65,52,40,29,20,12,6,2,0.1,1,3,9,16,26,37,51,67,84,102,121,141,162,183,203,223,243,261,278,294,309,321,332,340,347,352,355,355,354,351,347,341,333,324,315,304,293,281,269,257,245,233,221,210,199,189,180,171,163,156,149,144,139,135,132,130,129,128,129,130,132,135,139,144,149,156,163,171,180,189,199,210,221,233,245,257,269,281,293,304,315,324,333,341,347,351,354,355,355,352,347,340,332,321,309,294,278,261,243,223,203,183,162,141,121,102,84,67,51,37,26,16,9,3,1,0.1,2,6,12,20,29,40,52,65,79,93,107,120,133,146,157,167,175,182,186,189,190,189,186,182,175,167,158,147,136,123,110,97,84,71,59,48,37,27,19,12,7,3,1,0.1,1,3,6,11,17,24,31,39,47,55,64,72,79,86,92,98,102,106,108,109,109,108,106,102,98,93,88,81,75,67,60,53,46,39,32,26,20,15,11,7,4,2,1,0.1,0.1,1,3,5,7,10,13,17,21,25,28,32,36,39,43,45,48,50,52,53,54,55,55,55,54,53,52,50,49,47,45,43,40,38,36,33,31,29,27,25,23,21,19,18,16,15,14,12,11,11,10,9,8,8,7,7,7,6,6,6,6,6,6,6,6,6,6,6,6,6,6,6,6,6,6,6,6,6,6,5,5,5,5,5,5,4,4,4,4,3,3,3,3,2,2,2,2,1,1,1,1,1,1,0.1,0.1,0.1,0.1,0.1,0.1,0.1,0.1,0.1,0.1,0.1,0.1,0.1,0.1,0.1,0.1,0.1,0.1,0.1,0.1,0.1,0.1,0.1,0.1
0.1,0.1,0.1,0.1,0.1,0.1,0.1,0.1,0.1,0.1,0.1,0.1,0.1,0.1,0.1,0.1,0.1,0.1,0.1,0.1,0.1,0.1,0.1,0.1,0.1,0.1,0.1,1,1,1,1,1,1,2,2,2,2,3,3,3,3,4,4,4,4,5,5,5,5,5,5,5,5,5,5,5,5,5,5,5,5,5,5,5,5,5,5,5,5,5,5,5,6,6,6,6,7,7,8,9,9,10,11,12,14,15,16,18,20,21,23,26,28,30,32,35,37,40,42,44,46,48,50,52,53,54,55,55,55,55,54,53,51,49,47,44,41,37,34,30,26,22,18,14,11,8,5,3,1,0.1,0.1,1,2,4,7,10,15,20,26,32,39,46,54,61,69,76,83,89,95,101,105,108,111,112,112,111,109,105,101,95,89,82,74,66,57,48,40,32,24,17,11,7,3,1,0.1,1,3,7,13,20,28,38,49,61,74,87,100,114,127,139,151,162,172,180,186,191,194,195,194,191,185,179,170,160,148,136,122,108,94,79,65,52,40,29,19,11,5,2,0.1,1,4,10,18,28,40,54,70,88,107,126,147,168,189,209,230,249,267,284,300,314,326,336,343,349,353,355,354,352,348,342,335,326,316,305,294,282,269,256,243,230,218,206,194,183,173,163,154,146,139,132,127,122,118,115,113,112,111,112,113,115,118,122,127,132,139,146,154,163,173,183,194,206,218,230,243,256,269,282,294,305,316,326,335,342,348,352,354,355,353,349,343,336,326,314,300,284,267,249,230,209,189,168,147,126,107,88,70,54,40,28,18,10,4,1,0.1,2,5,11,19,29,40,52,65,79,94,108,122,136,148,160,170,179,185,191,194,195,194,191,186,180,172,162,151,139,127,114,100,87,74,61,49,38,28,20,13,7,3,1,0.1,1,3,7,11,17,24,32,40,48,57,66,74,82,89,95,101,105,109,111,112,112,111,108,105,101,95,89,83,76,69,61,54,46,39,32,26,20,15,10,7,4,2,1,0.1,0.1,1,3,5,8,11,14,18,22,26,30,34,37,41,44,47,49,51,53,54,55,55,55,55,54,53,52,50,48,46,44,42,40,37,35,32,30,28,26,23,21,20,18,16,15,14,12,11,10,9,9,8,7,7,6,6,6,6,5,5,5,5,5,5,5,5,5,5,5,5,5,5,5,5,5,5,5,5,5,5,5,5,5,5,5,4,4,4,4,3,3,3,3,2,2,2,2,1,1,1,1,1,1,0.1,0.1,0.1,0.1,0.1,0.1,0.1,0.1,0.1,0.1,0.1,0.1,0.1,0.1,0.1,0.1,0.1,0.1,0.1,0.1,0.1,0.1,0.1,0.1
0.1,0.1,0.1,0.1,0.1,0.1,0.1,0.1,0.1,0.1,0.1,0.1,0.1,0.1,0.1,0.1,0.1,0.1,0.1,0.1,0.1,0.1,0.1,0.1,0.1,0.1,0.1,1,1,1,1,1,1,2,2,2,2,3,3,3,3,4,4,4,4,4,5,5,5,5,5,5,5,5,5,5,5,5,5,5,5,4,4,4,4,4,4,4,4,4,4,4,5,5,5,5,6,6,7,7,8,9,10,11,12,13,15,16,18,20,22,24,26,28,31,33,36,38,41,43,45,47,49,51,53,54,55,55,56,55,55,54,52,50,48,45,42,38,35,31,27,23,19,15,11,8,5,3,1,0.1,0.1,0.1,2,4,6,10,15,20,26,32,39,46,54,61,69,76,84,90,96,102,106,110,112,113,114,113,110,107,102,97,90,83,75,67,58,49,41,33,25,18,12,7,3,1,0.1,1,3,7,13,20,29,39,50,62,75,88,102,116,129,142,154,165,175,183,189,194,197,197,196,193,187,180,171,161,149,136,122,108,93,79,65,51,39,28,18,10,5,1,0.1,1,5,11,19,30,42,57,74,91,111,131,151,172,193,214,234,253,271,287,302,315,326,335,342,347,350,350,348,345,340,333,324,314,303,291,279,266,252,239,225,212,199,187,175,163,153,143,134,126,119,112,107,102,99,96,94,92,92,92,94,96,99,102,107,112,119,126,134,143,153,163,175,187,199,212,225,239,252,266,279,291,303,314,324,333,340,345,348,350,350,347,342,335,326,315,302,287,271,253,234,214,193,172,151,131,111,91,74,57,42,30,19,11,5,1,0.1,1,5,10,18,28,39,51,65,79,93,108,122,136,149,161,171,180,187,193,196,197,197,194,189,183,175,165,154,142,129,116,102,88,75,62,50,39,29,20,13,7,3,1,0.1,1,3,7,12,18,25,33,41,49,58,67,75,83,90,97,102,107,110,113,114,113,112,110,106,102,96,90,84,76,69,61,54,46,39,32,26,20,15,10,6,4,2,0.1,0.1,0.1,1,3,5,8,11,15,19,23,27,31,35,38,42,45,48,50,52,54,55,55,56,55,55,54,53,51,49,47,45,43,41,38,36,33,31,28,26,24,22,20,18,16,15,13,12,11,10,9,8,7,7,6,6,5,5,5,5,4,4,4,4,4,4,4,4,4,4,4,5,5,5,5,5,5,5,5,5,5,5,5,5,5,5,4,4,4,4,4,3,3,3,3,2,2,2,2,1,1,1,1,1,1,0.1,0.1,0.1,0.1,0.1,0.1,0.1,0.1,0.1,0.1,0.1,0.1,0.1,0.1,0.1,0.1,0.1,0.1,0.1,0.1,0.1,0.1,0.1,0.1
0.1,0.1,0.1,0.1,0.1,0.1,0.1,0.1,0.1,0.1,0.1,0.1,0.1,0.1,0.1,0.1,0.1,0.1,0.1,0.1,0.1,0.1,0.1,0.1,0.1,0.1,0.1,1,1,1,1,1,1,2,2,2,2,3,3,3,3,4,4,4,4,4,4,5,5,5,5,5,5,5,5,4,4,4,4,4,4,4,4,4,3,3,3,3,3,3,3,3,4,4,4,4,5,5,5,6,7,7,8,9,10,11,13,14,16,18,20,22,24,26,29,31,34,36,39,41,44,46,48,50,52,53,54,55,55,55,54,54,52,50,48,45,42,39,35,31,27,23,20,16,12,9,6,3,2,0.1,0.1,0.1,1,3,6,10,14,19,25,31,38,46,53,61,69,76,83,90,96,102,106,110,113,114,114,113,111,108,103,98,91,84,76,67,59,50,41,33,25,18,12,7,3,1,0.1,1,3,7,13,20,29,39,50,63,76,89,103,117,130,143,155,166,176,184,190,195,197,198,197,193,187,180,171,160,148,135,121,107,92,77,63,50,37,26,17,10,4,1,0.1,2,6,12,21,32,45,60,76,95,114,134,154,175,196,216,236,254,272,287,301,313,323,331,337,340,342,341,338,333,327,318,309,298,286,273,260,246,232,218,204,190,177,164,152,141,131,121,112,104,97,91,86,82,78,76,74,72,72,72,74,76,78,82,86,91,97,104,112,121,131,141,152,164,177,190,204,218,232,246,260,273,286,298,309,318,327,333,338,341,342,340,337,331,323,313,301,287,272,254,236,216,196,175,154,134,114,95,76,60,45,32,21,12,6,2,0.1,1,4,10,17,26,37,50,63,77,92,107,121,135,148,160,171,180,187,193,197,198,197,195,190,184,176,166,155,143,130,117,103,89,76,63,50,39,29,20,13,7,3,1,0.1,1,3,7,12,18,25,33,41,50,59,67,76,84,91,98,103,108,111,113,114,114,113,110,106,102,96,90,83,76,69,61,53,46,38,31,25,19,14,10,6,3,1,0.1,0.1,0.1,2,3,6,9,12,16,20,23,27,31,35,39,42,45,48,50,52,54,54,55,55,55,54,53,52,50,48,46,44,41,39,36,34,31,29,26,24,22,20,18,16,14,13,11,10,9,8,7,7,6,5,5,5,4,4,4,4,3,3,3,3,3,3,3,3,4,4,4,4,4,4,4,4,4,5,5,5,5,5,5,5,5,4,4,4,4,4,4,3,3,3,3,2,2,2,2,1,1,1,1,1,1,0.1,0.1,0.1,0.1,0.1,0.1,0.1,0.1,0.1,0.1,0.1,0.1,0.1,0.1,0.1,0.1,0.1,0.1,0.1,0.1,0.1,0.1,0.1,0.1
0.1,0.1,0.1,0.1,0.1,0.1,0.1,0.1,0.1,0.1,0.1,0.1,0.1,0.1,0.1,0.1,0.1,0.1,0.1,0.1,0.1,0.1,0.1,0.1,0.1,0.1,0.1,1,1,1,1,1,1,2,2,2,2,3,3,3,3,3,4,4,4,4,4,4,4,4,4,4,4,4,4,4,4,4,3,3,3,3,3,3,3,3,3,2,2,2,2,3,3,3,3,3,3,4,4,5,5,6,7,7,8,10,11,12,14,15,17,19,21,24,26,29,31,34,36,39,41,44,46,48,50,51,53,53,54,54,54,53,52,50,48,45,42,39,36,32,28,24,20,16,13,9,6,4,2,1,0.1,0.1,1,3,6,9,13,18,24,30,37,44,52,60,67,75,82,89,95,101,106,109,112,113,114,113,111,107,103,97,91,84,76,67,59,50,41,33,25,18,12,7,3,1,0.1,1,3,7,13,20,29,39,50,63,76,89,103,116,130,143,155,165,175,183,189,194,196,197,195,191,185,178,169,158,146,132,118,104,89,75,61,48,35,25,16,9,3,1,0.1,2,6,13,22,33,47,62,79,97,116,136,156,177,197,217,235,253,269,284,297,308,317,323,328,330,330,327,323,317,309,300,289,277,264,251,237,222,208,193,179,166,152,140,128,117,107,98,90,82,76,70,65,61,58,55,54,53,52,53,54,55,58,61,65,70,76,82,90,98,107,117,128,140,152,166,179,193,208,222,237,251,264,277,289,300,309,317,323,327,330,330,328,323,317,308,297,284,269,253,235,217,197,177,156,136,116,97,79,62,47,33,22,13,6,2,0.1,1,3,9,16,25,35,48,61,75,89,104,118,132,146,158,169,178,185,191,195,197,196,194,189,183,175,165,155,143,130,116,103,89,76,63,50,39,29,20,13,7,3,1,0.1,1,3,7,12,18,25,33,41,50,59,67,76,84,91,97,103,107,111,113,114,113,112,109,106,101,95,89,82,75,67,60,52,44,37,30,24,18,13,9,6,3,1,0.1,0.1,1,2,4,6,9,13,16,20,24,28,32,36,39,42,45,48,50,52,53,54,54,54,53,53,51,50,48,46,44,41,39,36,34,31,29,26,24,21,19,17,15,14,12,11,10,8,7,7,6,5,5,4,4,3,3,3,3,3,3,2,2,2,2,3,3,3,3,3,3,3,3,3,4,4,4,4,4,4,4,4,4,4,4,4,4,4,4,4,3,3,3,3,3,2,2,2,2,1,1,1,1,1,1,0.1,0.1,0.1,0.1,0.1,0.1,0.1,0.1,0.1,0.1,0.1,0.1,0.1,0.1,0.1,0.1,0.1,0.1,0.1,0.1,0.1,0.1,0.1,0.1
0.1,0.1,0.1,0.1,0.1,0.1,0.1,0.1,0.1,0.1,0.1,0.1,0.1,0.1,0.1,0.1,0.1,0.1,0.1,0.1,0.1,0.1,0.1,0.1,0.1,0.1,0.1,1,1,1,1,1,1,2,2,2,2,2,3,3,3,3,3,4,4,4,4,4,4,4,4,4,4,4,3,3,3,3,3,3,2,2,2,2,2,2,2,2,2,2,2,2,2,2,2,2,2,3,3,3,4,4,5,6,7,8,9,10,11,13,15,17,19,21,23,26,28,31,33,36,38,41,43,45,47,49,50,52,52,53,52,52,51,49,47,45,42,39,36,32,28,24,21,17,13,10,7,4,2,1,0.1,0.1,1,3,5,8,12,17,23,29,36,43,50,58,66,73,80,87,93,99,104,107,110,111,112,111,109,106,102,96,90,83,75,67,58,49,41,33,25,18,12,7,3,1,0.1,1,3,7,13,20,29,39,50,62,75,88,102,115,128,141,153,163,173,180,186,191,193,193,191,187,181,174,164,154,141,128,114,100,86,71,58,45,33,23,14,7,3,0.1,0.1,3,7,14,24,35,49,64,80,98,117,137,157,177,196,215,233,249,264,278,289,299,306,312,314,315,314,310,304,297,288,278,266,253,239,225,211,196,181,167,153,139,126,114,103,93,83,75,67,60,54,49,45,42,39,37,35,34,34,34,35,37,39,42,45,49,54,60,67,75,83,93,103,114,126,139,153,167,181,196,211,225,239,253,266,278,288,297,304,310,314,315,314,312,306,299,289,278,264,249,233,215,196,177,157,137,117,98,80,64,49,35,24,14,7,3,0.1,0.1,3,7,14,23,33,45,58,71,86,100,114,128,141,154,164,174,181,187,191,193,193,191,186,180,173,163,153,141,128,115,102,88,75,62,50,39,29,20,13,7,3,1,0.1,1,3,7,12,18,25,33,41,49,58,67,75,83,90,96,102,106,109,111,112,111,110,107,104,99,93,87,80,73,66,58,50,43,36,29,23,17,12,8,5,3,1,0.1,0.1,1,2,4,7,10,13,17,21,24,28,32,36,39,42,45,47,49,51,52,52,53,52,52,50,49,47,45,43,41,38,36,33,31,28,26,23,21,19,17,15,13,11,10,9,8,7,6,5,4,4,3,3,3,2,2,2,2,2,2,2,2,2,2,2,2,2,2,2,2,2,3,3,3,3,3,3,4,4,4,4,4,4,4,4,4,4,4,3,3,3,3,3,2,2,2,2,2,1,1,1,1,1,1,0.1,0.1,0.1,0.1,0.1,0.1,0.1,0.1,0.1,0.1,0.1,0.1,0.1,0.1,0.1,0.1,0.1,0.1,0.1,0.1,0.1,0.1,0.1,0.1
0.1,0.1,0.1,0.1,0.1,0.1,0.1,0.1,0.1,0.1,0.1,0.1,0.1,0.1,0.1,0.1,0.1,0.1,0.1,0.1,0.1,0.1,0.1,0.1,0.1,0.1,0.1,1,1,1,1,1,1,2,2,2,2,2,3,3,3,3,3,3,3,3,3,3,3,3,3,3,3,3,3,3,2,2,2,2,2,2,1,1,1,1,1,1,1,1,1,1,1,1,1,1,1,1,2,2,2,3,3,4,5,6,7,8,9,10,12,14,16,18,20,22,25,27,30,33,35,38,40,42,44,46,48,49,50,50,50,50,49,48,46,44,42,39,36,32,28,25,21,17,14,10,7,5,2,1,0.1,0.1,1,2,4,8,11,16,21,27,34,41,48,55,63,70,77,84,90,96,100,104,107,109,109,108,106,103,99,94,88,81,73,65,57,48,40,32,24,17,12,7,3,1,0.1,1,3,7,13,20,28,38,49,61,73,86,100,113,126,138,149,159,168,176,182,185,187,187,185,181,176,168,159,148,136,123,109,95,81,67,54,42,30,21,12,6,2,0.1,0.1,3,8,16,25,37,50,65,82,99,118,137,156,175,193,211,228,243,257,269,279,287,293,296,298,297,294,289,282,273,263,252,239,226,212,197,182,168,153,139,125,112,100,89,78,69,60,52,46,40,35,31,27,24,22,20,19,19,18,19,19,20,22,24,27,31,35,40,46,52,60,69,78,89,100,112,125,139,153,168,182,197,212,226,239,252,263,273,282,289,294,297,298,296,293,287,279,269,257,243,228,211,193,175,156,137,118,99,82,65,50,37,25,16,8,3,0.1,0.1,2,6,12,21,30,42,54,67,81,95,109,123,136,148,159,168,176,181,185,187,187,185,182,176,168,159,149,138,126,113,100,86,73,61,49,38,28,20,13,7,3,1,0.1,1,3,7,12,17,24,32,40,48,57,65,73,81,88,94,99,103,106,108,109,109,107,104,100,96,90,84,77,70,63,55,48,41,34,27,21,16,11,8,4,2,1,0.1,0.1,1,2,5,7,10,14,17,21,25,28,32,36,39,42,44,46,48,49,50,50,50,50,49,48,46,44,42,40,38,35,33,30,27,25,22,20,18,16,14,12,10,9,8,7,6,5,4,3,3,2,2,2,1,1,1,1,1,1,1,1,1,1,1,1,1,1,1,1,2,2,2,2,2,2,3,3,3,3,3,3,3,3,3,3,3,3,3,3,3,3,3,3,2,2,2,2,2,1,1,1,1,1,1,0.1,0.1,0.1,0.1,0.1,0.1,0.1,0.1,0.1,0.1,0.1,0.1,0.1,0.1,0.1,0.1,0.1,0.1,0.1,0.1,0.1,0.1,0.1,0.1
0.1,0.1,0.1,0.1,0.1,0.1,0.1,0.1,0.1,0.1,0.1,0.1,0.1,0.1,0.1,0.1,0.1,0.1,0.1,0.1,0.1,0.1,0.1,0.1,0.1,0.1,0.1,1,1,1,1,1,1,1,2,2,2,2,2,3,3,3,3,3,3,3,3,3,3,3,3,3,3,2,2,2,2,2,1,1,1,1,1,1,1,1,1,0.1,0.1,0.1,0.1,0.1,0.1,0.1,0.1,0.1,1,1,1,1,1,2,2,2,3,4,5,6,7,8,9,11,13,15,17,19,21,24,26,29,31,34,36,39,41,43,45,46,47,48,48,48,47,46,45,43,41,38,35,32,28,25,21,17,14,11,8,5,3,1,0.1,0.1,0.1,2,4,7,10,15,20,25,32,38,45,52,60,67,74,80,86,92,96,100,103,104,105,104,103,100,96,91,85,78,71,63,55,47,39,31,24,17,11,6,3,1,0.1,1,3,7,12,19,27,37,48,59,71,84,96,109,121,133,144,154,163,170,175,179,180,180,178,174,168,160,151,140,129,116,103,89,76,62,50,38,27,18,11,5,1,0.1,1,4,9,17,26,38,51,66,82,99,117,135,153,171,189,205,220,234,247,257,265,272,276,278,278,275,271,265,257,247,236,224,211,197,182,168,153,139,124,111,98,86,75,64,55,46,39,33,27,23,19,15,13,11,9,8,7,7,7,7,7,8,9,11,13,15,19,23,27,33,39,46,55,64,75,86,98,111,124,139,153,168,182,197,211,224,236,247,257,265,271,275,278,278,276,272,265,257,247,234,220,205,189,171,153,135,117,99,82,66,51,38,26,17,9,4,1,0.1,1,5,11,18,27,38,50,62,76,89,103,116,129,140,151,160,168,174,178,180,180,179,175,170,163,154,144,133,121,109,96,84,71,59,48,37,27,19,12,7,3,1,0.1,1,3,6,11,17,24,31,39,47,55,63,71,78,85,91,96,100,103,104,105,104,103,100,96,92,86,80,74,67,60,52,45,38,32,25,20,15,10,7,4,2,0.1,0.1,0.1,1,3,5,8,11,14,17,21,25,28,32,35,38,41,43,45,46,47,48,48,48,47,46,45,43,41,39,36,34,31,29,26,24,21,19,17,15,13,11,9,8,7,6,5,4,3,2,2,2,1,1,1,1,1,0.1,0.1,0.1,0.1,0.1,0.1,0.1,0.1,0.1,1,1,1,1,1,1,1,1,1,2,2,2,2,2,3,3,3,3,3,3,3,3,3,3,3,3,3,3,2,2,2,2,2,1,1,1,1,1,1,1,0.1,0.1,0.1,0.1,0.1,0.1,0.1,0.1,0.1,0.1,0.1,0.1,0.1,0.1,0.1,0.1,0.1,0.1,0.1,0.1,0.1,0.1,0.1,0.1
0.1,0.1,0.1,0.1,0.1,0.1,0.1,0.1,0.1,0.1,0.1,0.1,0.1,0.1,0.1,0.1,0.1,0.1,0.1,0.1,0.1,0.1,0.1,0.1,0.1,0.1,0.1,1,1,1,1,1,1,1,2,2,2,2,2,2,2,3,3,3,3,3,3,3,2,2,2,2,2,2,2,1,1,1,1,1,1,1,0.1,0.1,0.1,0.1,0.1,0.1,0.1,0.1,0.1,0.1,0.1,0.1,0.1,0.1,0.1,0.1,0.1,0.1,0.1,1,1,1,2,2,3,4,5,6,7,8,10,12,14,16,18,20,23,25,28,30,33,35,37,39,41,42,44,45,45,45,45,44,43,41,39,37,34,31,28,24,21,18,14,11,8,5,3,1,0.1,0.1,0.1,1,3,6,9,13,18,23,29,35,42,49,56,63,69,76,82,87,91,95,98,99,100,100,98,95,92,87,81,75,68,61,53,45,37,30,23,16,11,6,3,1,0.1,1,3,7,12,18,26,36,46,57,68,80,92,105,116,127,138,147,155,162,167,170,171,171,169,164,159,151,142,132,120,108,95,82,70,57,45,34,24,16,9,4,1,0.1,1,5,10,18,28,39,52,67,82,99,115,133,150,166,182,197,211,223,234,243,249,254,257,257,255,251,246,238,229,219,207,194,180,166,152,138,123,110,96,84,72,61,51,42,34,27,21,17,13,9,7,5,3,2,2,1,1,1,1,1,1,1,2,2,3,5,7,9,13,17,21,27,34,42,51,61,72,84,96,110,123,138,152,166,180,194,207,219,229,238,246,251,255,257,257,254,249,243,234,223,211,197,182,166,150,133,115,99,82,67,52,39,28,18,10,5,1,0.1,1,4,9,16,24,34,45,57,70,82,95,108,120,132,142,151,159,164,169,171,171,170,167,162,155,147,138,127,116,105,92,80,68,57,46,36,26,18,12,7,3,1,0.1,1,3,6,11,16,23,30,37,45,53,61,68,75,81,87,92,95,98,100,100,99,98,95,91,87,82,76,69,63,56,49,42,35,29,23,18,13,9,6,3,1,0.1,0.1,0.1,1,3,5,8,11,14,18,21,24,28,31,34,37,39,41,43,44,45,45,45,45,44,42,41,39,37,35,33,30,28,25,23,20,18,16,14,12,10,8,7,6,5,4,3,2,2,1,1,1,0.1,0.1,0.1,0.1,0.1,0.1,0.1,0.1,0.1,0.1,0.1,0.1,0.1,0.1,0.1,0.1,0.1,0.1,0.1,1,1,1,1,1,1,1,2,2,2,2,2,2,2,3,3,3,3,3,3,3,2,2,2,2,2,2,2,1,1,1,1,1,1,1,0.1,0.1,0.1,0.1,0.1,0.1,0.1,0.1,0.1,0.1,0.1,0.1,0.1,0.1,0.1,0.1,0.1,0.1,0.1,0.1,0.1,0.1,0.1,0.1
0.1,0.1,0.1,0.1,0.1,0.1,0.1,0.1,0.1,0.1,0.1,0.1,0.1,0.1,0.1,0.1,0.1,0.1,0.1,0.1,0.1,0.1,0.1,0.1,0.1,0.1,0.1,1,1,1,1,1,1,1,1,2,2,2,2,2,2,2,2,2,2,2,2,2,2,2,2,2,1,1,1,1,1,1,0.1,0.1,0.1,0.1,0.1,0.1,0.1,0.1,0.1,0.1,0.1,0.1,0.1,0.1,0.1,0.1,0.1,0.1,0.1,0.1,0.1,0.1,0.1,0.1,0.1,0.1,1,1,1,2,3,4,5,6,7,9,10,12,14,16,19,21,24,26,28,31,33,35,37,39,40,41,42,42,42,42,41,39,38,35,33,30,27,24,21,18,14,11,8,6,3,2,1,0.1,0.1,1,2,5,8,11,16,21,26,32,38,45,51,58,64,70,76,81,85,89,92,93,94,94,92,90,87,82,77,71,65,58,50,43,35,28,22,15,10,6,3,1,0.1,1,3,6,11,18,25,34,43,54,65,76,88,99,110,121,130,139,146,152,157,160,161,160,158,154,148,140,132,122,111,99,87,75,63,51,40,30,21,13,7,3,0.1,0.1,2,6,12,19,29,40,53,67,81,97,113,129,145,160,174,188,200,210,219,226,231,234,235,234,230,225,218,210,200,189,176,163,150,136,122,108,95,82,70,58,48,39,31,23,17,12,8,5,3,2,1,0.1,0.1,0.1,0.1,1,1,1,1,1,1,1,0.1,0.1,0.1,0.1,1,2,3,5,8,12,17,23,31,39,48,58,70,82,95,108,122,136,150,163,176,189,200,210,218,225,230,234,235,234,231,226,219,210,200,188,174,160,145,129,113,97,81,67,53,40,29,19,12,6,2,0.1,0.1,3,7,13,21,30,40,51,63,75,87,99,111,122,132,140,148,154,158,160,161,160,157,152,146,139,130,121,110,99,88,76,65,54,43,34,25,18,11,6,3,1,0.1,1,3,6,10,15,22,28,35,43,50,58,65,71,77,82,87,90,92,94,94,93,92,89,85,81,76,70,64,58,51,45,38,32,26,21,16,11,8,5,2,1,0.1,0.1,1,2,3,6,8,11,14,18,21,24,27,30,33,35,38,39,41,42,42,42,42,41,40,39,37,35,33,31,28,26,24,21,19,16,14,12,10,9,7,6,5,4,3,2,1,1,1,0.1,0.1,0.1,0.1,0.1,0.1,0.1,0.1,0.1,0.1,0.1,0.1,0.1,0.1,0.1,0.1,0.1,0.1,0.1,0.1,0.1,0.1,0.1,0.1,0.1,0.1,1,1,1,1,1,1,2,2,2,2,2,2,2,2,2,2,2,2,2,2,2,2,2,1,1,1,1,1,1,1,1,0.1,0.1,0.1,0.1,0.1,0.1,0.1,0.1,0.1,0.1,0.1,0.1,0.1,0.1,0.1,0.1,0.1,0.1,0.1,0.1,0.1,0.1,0.1,0.1
0.1,0.1,0.1,0.1,0.1,0.1,0.1,0.1,0.1,0.1,0.1,0.1,0.1,0.1,0.1,0.1,0.1,0.1,0.1,0.1,0.1,0.1,0.1,0.1,0.1,0.1,0.1,1,1,1,1,1,1,1,1,1,2,2,2,2,2,2,2,2,2,2,2,2,2,1,1,1,1,1,1,0.1,0.1,0.1,0.1,0.1,0.1,0.1,0.1,0.1,0.1,0.1,0.1,0.1,0.1,0.1,0.1,0.1,0.1,0.1,0.1,0.1,0.1,0.1,0.1,0.1,0.1,0.1,0.1,0.1,0.1,0.1,0.1,1,1,2,3,4,5,6,7,9,11,13,15,17,19,22,24,26,29,31,33,35,36,37,38,39,39,39,38,37,36,34,32,29,26,24,20,17,14,11,9,6,4,2,1,0.1,0.1,1,2,4,6,10,14,18,23,29,34,40,47,53,59,64,70,75,79,82,85,87,87,87,86,84,81,77,72,67,60,54,47,40,33,26,20,15,10,6,3,1,0.1,1,3,6,11,16,24,32,41,50,61,71,82,93,103,113,122,129,136,142,146,148,149,148,146,141,136,129,120,111,101,90,78,67,56,45,34,25,17,10,5,2,0.1,0.1,3,7,13,20,30,41,53,66,80,95,109,124,138,152,165,176,187,195,202,208,211,212,211,209,204,198,190,180,170,158,146,133,120,106,93,80,68,57,46,36,28,21,14,10,6,3,1,0.1,0.1,0.1,1,3,4,5,7,8,9,9,10,9,9,8,7,5,4,3,1,0.1,0.1,0.1,1,3,6,10,14,21,28,36,46,57,68,80,93,106,120,133,146,158,170,180,190,198,204,209,211,212,211,208,202,195,187,176,165,152,138,124,109,95,80,66,53,41,30,20,13,7,3,0.1,0.1,2,5,10,17,25,34,45,56,67,78,90,101,111,120,129,136,141,146,148,149,148,146,142,136,129,122,113,103,93,82,71,61,50,41,32,24,16,11,6,3,1,0.1,1,3,6,10,15,20,26,33,40,47,54,60,67,72,77,81,84,86,87,87,87,85,82,79,75,70,64,59,53,47,40,34,29,23,18,14,10,6,4,2,1,0.1,0.1,1,2,4,6,9,11,14,17,20,24,26,29,32,34,36,37,38,39,39,39,38,37,36,35,33,31,29,26,24,22,19,17,15,13,11,9,7,6,5,4,3,2,1,1,0.1,0.1,0.1,0.1,0.1,0.1,0.1,0.1,0.1,0.1,0.1,0.1,0.1,0.1,0.1,0.1,0.1,0.1,0.1,0.1,0.1,0.1,0.1,0.1,0.1,0.1,0.1,0.1,0.1,0.1,0.1,0.1,1,1,1,1,1,1,2,2,2,2,2,2,2,2,2,2,2,2,2,1,1,1,1,1,1,1,1,1,0.1,0.1,0.1,0.1,0.1,0.1,0.1,0.1,0.1,0.1,0.1,0.1,0.1,0.1,0.1,0.1,0.1,0.1,0.1,0.1,0.1,0.1,0.1,0.1
0.1,0.1,0.1,0.1,0.1,0.1,0.1,0.1,0.1,0.1,0.1,0.1,0.1,0.1,0.1,0.1,0.1,0.1,0.1,0.1,0.1,0.1,0.1,0.1,0.1,0.1,0.1,0.1,1,1,1,1,1,1,1,1,1,1,2,2,2,2,2,2,1,1,1,1,1,1,1,1,1,0.1,0.1,0.1,0.1,0.1,0.1,0.1,0.1,0.1,0.1,0.1,0.1,0.1,1,1,1,1,1,1,1,1,1,1,1,1,1,1,1,0.1,0.1,0.1,0.1,0.1,0.1,0.1,0.1,1,1,2,3,4,5,6,8,10,11,13,15,18,20,22,24,26,28,30,32,33,34,35,35,35,35,34,33,32,30,28,25,23,20,17,14,11,9,6,4,2,1,0.1,0.1,0.1,1,3,5,8,12,16,20,25,30,36,42,47,53,58,63,68,72,75,78,79,80,80,79,77,74,71,66,61,56,50,43,37,31,25,19,13,9,5,2,1,0.1,1,2,6,10,15,22,29,38,47,56,66,76,85,95,104,112,119,125,130,133,136,136,135,132,128,123,116,108,99,90,80,69,59,48,38,29,21,14,8,4,1,0.1,1,3,8,14,22,31,41,53,65,78,92,105,118,131,143,154,164,172,179,184,188,189,189,187,183,177,170,161,151,140,128,116,103,91,78,66,55,44,35,26,19,13,8,4,2,0.1,0.1,1,2,4,7,10,13,16,19,22,24,25,26,27,26,25,24,22,19,16,13,10,7,4,2,1,0.1,0.1,2,4,8,13,19,26,35,44,55,66,78,91,103,116,128,140,151,161,170,177,183,187,189,189,188,184,179,172,164,154,143,131,118,105,92,78,65,53,41,31,22,14,8,3,1,0.1,1,4,8,14,21,29,38,48,59,69,80,90,99,108,116,123,128,132,135,136,136,133,130,125,119,112,104,95,85,76,66,56,47,38,29,22,15,10,6,2,1,0.1,1,2,5,9,13,19,25,31,37,43,50,56,61,66,71,74,77,79,80,80,79,78,75,72,68,63,58,53,47,42,36,30,25,20,16,12,8,5,3,1,0.1,0.1,0.1,1,2,4,6,9,11,14,17,20,23,25,28,30,32,33,34,35,35,35,35,34,33,32,30,28,26,24,22,20,18,15,13,11,10,8,6,5,4,3,2,1,1,0.1,0.1,0.1,0.1,0.1,0.1,0.1,0.1,1,1,1,1,1,1,1,1,1,1,1,1,1,1,1,0.1,0.1,0.1,0.1,0.1,0.1,0.1,0.1,0.1,0.1,0.1,0.1,0.1,1,1,1,1,1,1,1,1,1,2,2,2,2,2,2,1,1,1,1,1,1,1,1,1,1,0.1,0.1,0.1,0.1,0.1,0.1,0.1,0.1,0.1,0.1,0.1,0.1,0.1,0.1,0.1,0.1,0.1,0.1,0.1,0.1,0.1,0.1,0.1,0.1,0.1
0.1,0.1,0.1,0.1,0.1,0.1,0.1,0.1,0.1,0.1,0.1,0.1,0.1,0.1,0.1,0.1,0.1,0.1,0.1,0.1,0.1,0.1,0.1,0.1,0.1,0.1,0.1,0.1,1,1,1,1,1,1,1,1,1,1,1,1,1,1,1,1,1,1,1,1,1,1,0.1,0.1,0.1,0.1,0.1,0.1,0.1,0.1,0.1,0.1,0.1,0.1,1,1,1,1,1,2,2,2,2,3,3,3,3,3,3,3,2,2,2,2,1,1,1,0.1,0.1,0.1,0.1,0.1,0.1,1,1,2,3,4,5,6,8,10,12,14,16,18,20,22,24,26,27,29,30,31,32,32,32,31,31,29,28,26,24,22,19,17,14,11,9,7,5,3,1,0.1,0.1,0.1,1,2,4,6,9,13,17,21,26,31,36,41,47,52,56,60,64,67,70,71,72,72,72,70,68,64,60,56,51,45,40,34,28,22,17,12,8,5,2,1,0.1,1,2,5,9,14,20,27,34,43,51,60,69,78,86,94,101,108,113,117,120,122,122,121,118,114,109,103,95,87,78,69,60,50,41,32,24,17,10,6,2,0.1,0.1,1,4,9,15,23,31,41,52,64,76,88,100,111,123,133,142,150,157,162,165,167,167,165,161,156,149,141,132,122,111,100,88,76,65,53,43,33,25,17,11,6,3,1,0.1,0.1,2,5,8,12,17,22,28,33,38,42,46,49,51,53,53,53,51,49,46,42,38,33,28,22,17,12,8,5,2,0.1,0.1,1,3,6,11,17,25,33,43,53,65,76,88,100,111,122,132,141,149,156,161,165,167,167,165,162,157,150,142,133,123,111,100,88,76,64,52,41,31,23,15,9,4,1,0.1,0.1,2,6,10,17,24,32,41,50,60,69,78,87,95,103,109,114,118,121,122,122,120,117,113,108,101,94,86,78,69,60,51,43,34,27,20,14,9,5,2,1,0.1,1,2,5,8,12,17,22,28,34,40,45,51,56,60,64,68,70,72,72,72,71,70,67,64,60,56,52,47,41,36,31,26,21,17,13,9,6,4,2,1,0.1,0.1,0.1,1,3,5,7,9,11,14,17,19,22,24,26,28,29,31,31,32,32,32,31,30,29,27,26,24,22,20,18,16,14,12,10,8,6,5,4,3,2,1,1,0.1,0.1,0.1,0.1,0.1,0.1,1,1,1,2,2,2,2,3,3,3,3,3,3,3,2,2,2,2,1,1,1,1,1,0.1,0.1,0.1,0.1,0.1,0.1,0.1,0.1,0.1,0.1,0.1,0.1,1,1,1,1,1,1,1,1,1,1,1,1,1,1,1,1,1,1,1,1,1,1,0.1,0.1,0.1,0.1,0.1,0.1,0.1,0.1,0.1,0.1,0.1,0.1,0.1,0.1,0.1,0.1,0.1,0.1,0.1,0.1,0.1,0.1,0.1,0.1,0.1
0.1,0.1,0.1,0.1,0.1,0.1,0.1,0.1,0.1,0.1,0.1,0.1,0.1,0.1,0.1,0.1,0.1,0.1,0.1,0.1,0.1,0.1,0.1,0.1,0.1,0.1,0.1,0.1,0.1,1,1,1,1,1,1,1,1,1,1,1,1,1,1,1,1,1,1,0.1,0.1,0.1,0.1,0.1,0.1,0.1,0.1,0.1,0.1,0.1,0.1,1,1,1,1,2,2,2,3,3,3,4,4,4,5,5,5,5,5,5,4,4,4,3,3,2,2,1,1,1,0.1,0.1,0.1,0.1,0.1,1,1,2,3,4,5,7,8,10,12,14,16,18,20,21,23,25,26,27,28,28,29,28,28,27,26,24,23,21,19,16,14,11,9,7,5,3,2,1,0.1,0.1,0.1,1,3,5,7,10,14,18,22,26,31,36,40,45,49,53,56,59,61,63,64,64,64,62,60,57,54,50,46,41,36,30,25,20,15,11,7,4,2,0.1,0.1,1,2,5,8,13,18,24,31,38,46,54,62,70,77,84,91,96,101,104,107,108,108,107,104,100,95,89,82,75,67,59,50,42,33,26,19,13,8,4,1,0.1,0.1,2,6,10,16,24,32,41,51,62,72,83,94,104,113,122,129,135,140,144,145,145,144,141,136,130,122,114,104,94,84,73,62,52,42,32,24,17,10,6,2,0.1,0.1,1,3,7,12,18,24,31,39,47,54,62,69,75,80,85,88,90,90,90,88,85,80,75,69,62,54,47,39,31,24,18,12,7,3,1,0.1,0.1,2,6,10,17,24,32,42,52,62,73,84,94,104,114,122,130,136,141,144,145,145,144,140,135,129,122,113,104,94,83,72,62,51,41,32,24,16,10,6,2,0.1,0.1,1,4,8,13,19,26,33,42,50,59,67,75,82,89,95,100,104,107,108,108,107,104,101,96,91,84,77,70,62,54,46,38,31,24,18,13,8,5,2,1,0.1,0.1,2,4,7,11,15,20,25,30,36,41,46,50,54,57,60,62,64,64,64,63,61,59,56,53,49,45,40,36,31,26,22,18,14,10,7,5,3,1,0.1,0.1,0.1,1,2,3,5,7,9,11,14,16,19,21,23,24,26,27,28,28,29,28,28,27,26,25,23,21,20,18,16,14,12,10,8,7,5,4,3,2,1,1,0.1,0.1,0.1,0.1,0.1,1,1,1,2,2,3,3,4,4,4,5,5,5,5,5,5,4,4,4,3,3,3,2,2,2,1,1,1,1,0.1,0.1,0.1,0.1,0.1,0.1,0.1,0.1,0.1,0.1,0.1,0.1,1,1,1,1,1,1,1,1,1,1,1,1,1,1,1,1,1,1,0.1,0.1,0.1,0.1,0.1,0.1,0.1,0.1,0.1,0.1,0.1,0.1,0.1,0.1,0.1,0.1,0.1,0.1,0.1,0.1,0.1,0.1,0.1,0.1,0.1,0.1
0.1,0.1,0.1,0.1,0.1,0.1,0.1,0.1,0.1,0.1,0.1,0.1,0.1,0.1,0.1,0.1,0.1,0.1,0.1,0.1,0.1,0.1,0.1,0.1,0.1,0.1,0.1,0.1,0.1,0.1,1,1,1,1,1,1,1,1,1,1,1,1,1,1,1,0.1,0.1,0.1,0.1,0.1,0.1,0.1,0.1,0.1,0.1,0.1,0.1,1,1,1,1,2,2,3,3,4,4,5,5,6,6,7,7,7,7,7,7,7,7,7,6,6,5,5,4,3,3,2,1,1,0.1,0.1,0.1,0.1,0.1,1,1,2,3,4,5,7,8,10,12,14,15,17,19,20,22,23,24,25,25,25,25,24,24,22,21,19,18,16,13,11,9,7,5,4,2,1,0.1,0.1,0.1,1,2,3,6,8,11,14,18,22,26,30,34,38,42,45,48,51,53,55,56,56,56,55,53,50,47,44,40,36,31,27,22,18,14,10,6,4,2,0.1,0.1,0.1,2,4,7,11,16,21,27,34,40,47,54,61,68,74,79,84,88,91,93,94,93,92,89,86,81,76,70,63,56,48,41,33,26,20,14,9,5,2,0.1,0.1,1,3,7,12,17,24,32,41,50,59,69,78,87,96,103,110,116,120,123,125,125,124,121,117,111,104,97,88,79,69,59,50,40,31,23,16,10,5,2,0.1,0.1,2,5,9,15,22,30,40,50,60,70,81,91,101,110,118,125,130,134,137,138,137,134,130,125,118,110,101,91,81,70,60,50,40,30,22,15,9,5,2,0.1,0.1,2,5,10,16,23,31,40,50,59,69,79,88,97,104,111,117,121,124,125,125,123,120,116,110,103,96,87,78,69,59,50,41,32,24,17,12,7,3,1,0.1,0.1,2,5,9,14,20,26,33,41,48,56,63,70,76,81,86,89,92,93,94,93,91,88,84,79,74,68,61,54,47,40,34,27,21,16,11,7,4,2,0.1,0.1,0.1,2,4,6,10,14,18,22,27,31,36,40,44,47,50,53,55,56,56,56,55,53,51,48,45,42,38,34,30,26,22,18,14,11,8,6,3,2,1,0.1,0.1,0.1,1,2,4,5,7,9,11,13,16,18,19,21,22,24,24,25,25,25,25,24,23,22,20,19,17,15,14,12,10,8,7,5,4,3,2,1,1,0.1,0.1,0.1,0.1,0.1,1,1,2,3,3,4,5,5,6,6,7,7,7,7,7,7,7,7,7,6,6,5,5,4,4,3,3,2,2,1,1,1,1,0.1,0.1,0.1,0.1,0.1,0.1,0.1,0.1,0.1,0.1,0.1,0.1,1,1,1,1,1,1,1,1,1,1,1,1,1,1,1,0.1,0.1,0.1,0.1,0.1,0.1,0.1,0.1,0.1,0.1,0.1,0.1,0.1,0.1,0.1,0.1,0.1,0.1,0.1,0.1,0.1,0.1,0.1,0.1,0.1,0.1,0.1
0.1,0.1,0.1,0.1,0.1,0.1,0.1,0.1,0.1,0.1,0.1,0.1,0.1,0.1,0.1,0.1,0.1,0.1,0.1,0.1,0.1,0.1,0.1,0.1,0.1,0.1,0.1,0.1,0.1,0.1,0.1,1,1,1,1,1,1,1,1,1,1,0.1,0.1,0.1,0.1,0.1,0.1,0.1,0.1,0.1,0.1,0.1,0.1,0.1,0.1,1,1,1,2,2,3,3,4,4,5,6,6,7,8,8,9,9,10,10,10,10,10,10,10,10,9,9,8,7,7,6,5,4,3,2,2,1,1,0.1,0.1,0.1,0.1,1,1,2,3,4,5,7,8,10,12,13,15,16,18,19,20,21,22,22,22,22,21,20,19,18,16,15,13,11,9,7,6,4,3,1,1,0.1,0.1,0.1,1,2,4,6,8,11,14,17,21,24,28,31,35,38,40,43,45,46,47,48,47,47,45,43,41,38,35,31,27,23,19,15,12,9,6,3,1,0.1,0.1,0.1,2,4,6,10,14,18,24,29,35,41,47,53,58,63,68,72,75,77,79,79,79,77,75,71,67,62,57,51,45,38,32,26,20,14,10,6,3,1,0.1,0.1,2,4,8,13,19,25,32,40,48,56,65,72,80,87,93,98,102,105,106,106,105,102,99,94,87,80,73,64,56,47,38,30,22,15,10,5,2,0.1,0.1,2,5,10,17,25,35,46,58,71,84,98,112,125,138,150,161,171,180,186,191,194,195,194,191,186,180,171,161,150,138,125,112,98,84,71,58,46,35,25,17,10,5,2,0.1,0.1,2,5,10,15,22,30,38,47,56,64,73,80,87,94,99,102,105,106,106,105,102,98,93,87,80,72,65,56,48,40,32,25,19,13,8,4,2,0.1,0.1,1,3,6,10,14,20,26,32,38,45,51,57,62,67,71,75,77,79,79,79,77,75,72,68,63,58,53,47,41,35,29,24,18,14,10,6,4,2,0.1,0.1,0.1,1,3,6,9,12,15,19,23,27,31,35,38,41,43,45,47,47,48,47,46,45,43,40,38,35,31,28,24,21,17,14,11,8,6,4,2,1,0.1,0.1,0.1,1,1,3,4,6,7,9,11,13,15,16,18,19,20,21,22,22,22,22,21,20,19,18,16,15,13,12,10,8,7,5,4,3,2,1,1,0.1,0.1,0.1,0.1,1,1,2,2,3,4,5,6,7,7,8,9,9,10,10,10,10,10,10,10,10,9,9,8,8,7,6,6,5,4,4,3,3,2,2,1,1,1,0.1,0.1,0.1,0.1,0.1,0.1,0.1,0.1,0.1,0.1,0.1,0.1,0.1,0.1,1,1,1,1,1,1,1,1,1,1,0.1,0.1,0.1,0.1,0.1,0.1,0.1,0.1,0.1,0.1,0.1,0.1,0.1,0.1,0.1,0.1,0.1,0.1,0.1,0.1,0.1,0.1,0.1,0.1,0.1,0.1,0.1,0.1
0.1,0.1,0.1,0.1,0.1,0.1,0.1,0.1,0.1,0.1,0.1,0.1,0.1,0.1,0.1,0.1,0.1,0.1,0.1,0.1,0.1,0.1,0.1,0.1,0.1,0.1,0.1,0.1,0.1,0.1,0.1,0.1,0.1,0.1,0.1,0.1,0.1,0.1,0.1,0.1,0.1,0.1,0.1,0.1,0.1,0.1,0.1,0.1,0.1,0.1,0.1,0.1,0.1,1,1,1,2,2,3,3,4,5,5,6,7,8,9,10,10,11,12,13,13,14,14,14,14,14,14,14,13,13,12,11,10,9,8,7,6,5,4,3,2,1,1,0.1,0.1,0.1,0.1,1,1,2,3,4,5,7,8,10,11,13,14,15,16,17,18,19,19,19,19,18,17,16,15,14,12,11,9,8,6,4,3,2,1,0.1,0.1,0.1,0.1,1,2,4,6,8,10,13,16,19,22,25,28,30,33,35,37,38,39,40,39,39,38,36,34,32,29,26,23,20,16,13,10,7,5,3,1,0.1,0.1,0.1,1,3,5,8,12,16,20,25,30,35,40,44,49,53,57,60,62,64,65,65,65,63,61,58,54,50,45,40,34,29,24,19,14,10,6,3,1,0.1,0.1,1,3,6,9,14,20,26,32,39,46,53,60,66,72,78,82,85,88,89,89,88,86,82,78,72,66,59,51,43,36,28,21,15,9,5,2,0.1,0.1,2,6,11,18,27,38,50,64,79,95,111,128,145,162,179,194,209,222,234,244,252,258,261,263,261,258,252,244,234,222,209,194,179,162,145,128,111,95,79,64,50,38,27,18,11,6,2,0.1,0.1,2,5,9,15,21,28,36,43,51,59,66,72,78,82,86,88,89,89,88,85,82,78,72,66,60,53,46,39,32,26,20,14,9,6,3,1,0.1,0.1,1,3,6,10,14,19,24,29,34,40,45,50,54,58,61,63,65,65,65,64,62,60,57,53,49,44,40,35,30,25,20,16,12,8,5,3,1,0.1,0.1,0.1,1,3,5,7,10,13,16,20,23,26,29,32,34,36,38,39,39,40,39,38,37,35,33,30,28,25,22,19,16,13,10,8,6,4,2,1,0.1,0.1,0.1,0.1,1,2,3,4,6,8,9,11,12,14,15,16,17,18,19,19,19,19,18,17,16,15,14,13,11,10,8,7,5,4,3,2,1,1,0.1,0.1,0.1,0.1,1,1,2,3,4,5,6,7,8,9,10,11,12,13,13,14,14,14,14,14,14,14,13,13,12,11,10,10,9,8,7,6,5,5,4,3,3,2,2,1,1,1,0.1,0.1,0.1,0.1,0.1,0.1,0.1,0.1,0.1,0.1,0.1,0.1,0.1,0.1,0.1,0.1,0.1,0.1,0.1,0.1,0.1,0.1,0.1,0.1,0.1,0.1,0.1,0.1,0.1,0.1,0.1,0.1,0.1,0.1,0.1,0.1,0.1,0.1,0.1,0.1,0.1,0.1,0.1,0.1,0.1,0.1,0.1,0.1,0.1,0.1
0.1,0.1,0.1,0.1,0.1,0.1,0.1,0.1,0.1,0.1,0.1,0.1,0.1,0.1,0.1,0.1,0.1,0.1,0.1,0.1,0.1,0.1,0.1,0.1,0.1,0.1,0.1,0.1,0.1,0.1,0.1,0.1,0.1,0.1,0.1,0.1,0.1,0.1,0.1,0.1,0.1,0.1,0.1,0.1,0.1,0.1,0.1,0.1,0.1,0.1,0.1,1,1,1,1,2,3,3,4,5,5,6,7,8,9,10,11,12,13,14,15,16,17,18,18,18,19,19,18,18,18,17,16,15,14,13,12,10,9,8,6,5,4,3,2,1,1,0.1,0.1,0.1,0.1,1,1,2,3,4,5,7,8,9,11,12,13,14,15,15,16,16,16,16,16,15,14,13,12,10,9,8,6,5,3,2,1,1,0.1,0.1,0.1,1,1,2,4,5,7,9,12,14,17,19,21,24,26,28,29,30,31,32,32,31,31,30,28,26,24,21,19,16,13,11,8,6,4,2,1,0.1,0.1,0.1,1,2,4,7,10,13,16,20,24,28,32,36,40,43,46,49,50,52,52,52,51,50,48,45,42,38,34,30,25,21,17,13,9,6,3,1,0.1,0.1,1,2,4,7,11,15,20,26,32,38,44,49,55,60,64,68,71,73,74,74,73,71,67,63,58,52,46,40,33,26,20,14,9,5,2,0.1,0.1,2,6,11,18,28,39,52,67,84,101,120,140,161,181,202,222,242,260,277,293,306,318,327,334,338,339,338,334,327,318,306,293,277,260,242,222,202,181,161,140,120,101,84,67,52,39,28,18,11,6,2,0.1,0.1,2,5,9,14,20,26,33,40,46,52,58,63,67,71,73,74,74,73,71,68,64,60,55,49,44,38,32,26,20,15,11,7,4,2,1,0.1,0.1,1,3,6,9,13,17,21,25,30,34,38,42,45,48,50,51,52,52,52,50,49,46,43,40,36,32,28,24,20,16,13,10,7,4,2,1,0.1,0.1,0.1,1,2,4,6,8,11,13,16,19,21,24,26,28,30,31,31,32,32,31,30,29,28,26,24,21,19,17,14,12,9,7,5,4,2,1,1,0.1,0.1,0.1,1,1,2,3,5,6,8,9,10,12,13,14,15,16,16,16,16,16,15,15,14,13,12,11,9,8,7,5,4,3,2,1,1,0.1,0.1,0.1,0.1,1,1,2,3,4,5,6,8,9,10,12,13,14,15,16,17,18,18,18,19,19,18,18,18,17,16,15,14,13,12,11,10,9,8,7,6,5,5,4,3,3,2,1,1,1,1,0.1,0.1,0.1,0.1,0.1,0.1,0.1,0.1,0.1,0.1,0.1,0.1,0.1,0.1,0.1,0.1,0.1,0.1,0.1,0.1,0.1,0.1,0.1,0.1,0.1,0.1,0.1,0.1,0.1,0.1,0.1,0.1,0.1,0.1,0.1,0.1,0.1,0.1,0.1,0.1,0.1,0.1,0.1,0.1,0.1,0.1,0.1,0.1
0.1,0.1,0.1,0.1,0.1,0.1,0.1,0.1,0.1,0.1,0.1,0.1,0.1,0.1,0.1,0.1,0.1,0.1,0.1,0.1,0.1,0.1,0.1,0.1,0.1,0.1,0.1,0.1,0.1,0.1,0.1,0.1,0.1,0.1,0.1,0.1,0.1,0.1,0.1,0.1,0.1,0.1,0.1,0.1,0.1,0.1,0.1,0.1,0.1,0.1,1,1,1,2,2,3,4,4,5,6,7,8,9,11,12,13,14,16,17,18,19,20,21,22,23,23,23,23,23,23,23,22,21,20,19,18,16,15,13,12,10,9,7,6,4,3,2,1,1,0.1,0.1,0.1,0.1,1,1,2,3,4,5,6,7,9,10,11,12,12,13,13,14,14,14,13,13,12,11,10,9,8,6,5,4,3,2,1,1,0.1,0.1,0.1,1,1,2,3,5,6,8,10,12,14,16,17,19,21,22,23,24,25,25,25,24,23,22,21,19,17,15,13,11,9,7,5,3,2,1,0.1,0.1,0.1,1,2,3,5,8,10,13,16,19,22,26,29,31,34,36,38,39,40,40,40,39,37,35,33,30,27,24,21,17,14,10,8,5,3,1,0.1,0.1,0.1,1,3,6,9,12,17,21,26,31,36,41,45,50,53,56,59,60,61,61,59,57,54,50,46,41,35,30,24,18,13,8,4,2,0.1,0.1,2,5,11,18,27,39,52,68,86,105,125,147,170,194,218,243,267,290,313,334,354,371,387,400,410,417,422,424,422,417,410,400,387,371,354,334,313,290,267,243,218,194,170,147,125,105,86,68,52,39,27,18,11,5,2,0.1,0.1,2,4,8,13,18,24,30,35,41,46,50,54,57,59,61,61,60,59,56,53,50,45,41,36,31,26,21,17,12,9,6,3,1,0.1,0.1,0.1,1,3,5,8,10,14,17,21,24,27,30,33,35,37,39,40,40,40,39,38,36,34,31,29,26,22,19,16,13,10,8,5,3,2,1,0.1,0.1,0.1,1,2,3,5,7,9,11,13,15,17,19,21,22,23,24,25,25,25,24,23,22,21,19,17,16,14,12,10,8,6,5,3,2,1,1,0.1,0.1,0.1,1,1,2,3,4,5,6,8,9,10,11,12,13,13,14,14,14,13,13,12,12,11,10,9,7,6,5,4,3,2,1,1,0.1,0.1,0.1,0.1,1,1,2,3,4,6,7,9,10,12,13,15,16,18,19,20,21,22,23,23,23,23,23,23,23,22,21,20,19,18,17,16,14,13,12,11,9,8,7,6,5,4,4,3,2,2,1,1,1,0.1,0.1,0.1,0.1,0.1,0.1,0.1,0.1,0.1,0.1,0.1,0.1,0.1,0.1,0.1,0.1,0.1,0.1,0.1,0.1,0.1,0.1,0.1,0.1,0.1,0.1,0.1,0.1,0.1,0.1,0.1,0.1,0.1,0.1,0.1,0.1,0.1,0.1,0.1,0.1,0.1,0.1,0.1,0.1,0.1,0.1,0.1
0.1,0.1,0.1,0.1,0.1,0.1,0.1,0.1,0.1,0.1,0.1,0.1,0.1,0.1,0.1,0.1,0.1,0.1,0.1,0.1,0.1,0.1,0.1,0.1,0.1,0.1,0.1,0.1,0.1,0.1,0.1,0.1,0.1,0.1,0.1,0.1,0.1,0.1,0.1,0.1,0.1,0.1,0.1,0.1,0.1,0.1,0.1,0.1,1,1,1,2,2,3,3,4,5,6,7,8,9,11,12,13,15,16,18,19,21,22,23,25,26,27,27,28,28,29,29,29,28,28,27,26,24,23,22,20,18,16,14,13,11,9,7,6,4,3,2,1,1,0.1,0.1,0.1,0.1,1,1,2,3,4,5,6,7,8,9,10,10,11,11,12,12,12,11,11,10,9,9,8,7,5,4,3,3,2,1,0.1,0.1,0.1,0.1,0.1,1,2,2,4,5,6,8,9,11,12,13,15,16,17,17,18,18,18,18,17,16,15,14,13,11,10,8,7,5,4,2,1,1,0.1,0.1,0.1,1,2,3,4,6,8,10,12,15,17,19,22,24,25,27,28,29,29,29,29,28,26,25,23,21,18,16,13,10,8,6,4,2,1,0.1,0.1,0.1,1,3,5,7,11,14,18,22,26,30,34,38,41,44,46,48,49,50,49,48,46,43,40,36,31,26,21,16,12,8,4,2,0.1,0.1,2,5,10,17,26,38,51,67,85,105,126,150,175,201,228,256,284,312,339,366,391,415,437,456,473,488,499,508,513,514,513,508,499,488,473,456,437,415,391,366,339,312,284,256,228,201,175,150,126,105,85,67,51,38,26,17,10,5,2,0.1,0.1,2,4,8,12,16,21,26,31,36,40,43,46,48,49,50,49,48,46,44,41,38,34,30,26,22,18,14,11,7,5,3,1,0.1,0.1,0.1,1,2,4,6,8,10,13,16,18,21,23,25,26,28,29,29,29,29,28,27,25,24,22,19,17,15,12,10,8,6,4,3,2,1,0.1,0.1,0.1,1,1,2,4,5,7,8,10,11,13,14,15,16,17,18,18,18,18,17,17,16,15,13,12,11,9,8,6,5,4,2,2,1,0.1,0.1,0.1,0.1,0.1,1,2,3,3,4,5,7,8,9,9,10,11,11,12,12,12,11,11,10,10,9,8,7,6,5,4,3,2,1,1,0.1,0.1,0.1,0.1,1,1,2,3,4,6,7,9,11,13,14,16,18,20,22,23,24,26,27,28,28,29,29,29,28,28,27,27,26,25,23,22,21,19,18,16,15,13,12,11,9,8,7,6,5,4,3,3,2,2,1,1,1,0.1,0.1,0.1,0.1,0.1,0.1,0.1,0.1,0.1,0.1,0.1,0.1,0.1,0.1,0.1,0.1,0.1,0.1,0.1,0.1,0.1,0.1,0.1,0.1,0.1,0.1,0.1,0.1,0.1,0.1,0.1,0.1,0.1,0.1,0.1,0.1,0.1,0.1,0.1,0.1,0.1,0.1,0.1,0.1,0.1
0.1,0.1,0.1,0.1,0.1,0.1,0.1,0.1,0.1,0.1,0.1,0.1,0.1,0.1,0.1,0.1,0.1,0.1,0.1,0.1,0.1,0.1,0.1,0.1,0.1,0.1,0.1,0.1,0.1,0.1,0.1,0.1,0.1,0.1,0.1,0.1,0.1,0.1,0.1,0.1,0.1,0.1,0.1,0.1,0.1,0.1,1,1,1,1,2,2,3,4,5,5,6,8,9,10,12,13,15,16,18,20,21,23,25,26,28,29,30,32,33,33,34,34,34,34,34,33,33,32,30,29,27,25,24,22,19,17,15,13,11,9,8,6,4,3,2,1,1,0.1,0.1,0.1,0.1,1,1,2,3,3,4,5,6,7,8,8,9,9,10,10,10,10,9,9,8,7,7,6,5,4,3,2,2,1,1,0.1,0.1,0.1,0.1,1,1,2,2,3,4,5,6,7,9,9,10,11,12,12,12,13,12,12,12,11,10,9,8,7,6,5,4,3,2,1,0.1,0.1,0.1,0.1,0.1,1,2,3,4,6,7,9,10,12,14,15,17,18,19,19,20,20,20,19,18,17,16,14,12,11,9,7,5,4,2,1,0.1,0.1,0.1,1,1,3,5,7,9,12,15,19,22,25,29,32,34,37,38,40,40,40,40,38,36,34,30,27,23,19,15,11,7,4,2,0.1,0.1,1,4,9,16,25,35,49,64,82,102,124,148,174,202,231,261,292,324,355,387,417,447,475,501,525,546,565,581,593,602,608,610,608,602,593,581,565,546,525,501,475,447,417,387,355,324,292,261,231,202,174,148,124,102,82,64,49,35,25,16,9,4,1,0.1,0.1,2,4,7,11,15,19,23,27,30,34,36,38,40,40,40,40,38,37,34,32,29,25,22,19,15,12,9,7,5,3,1,1,0.1,0.1,0.1,1,2,4,5,7,9,11,12,14,16,17,18,19,20,20,20,19,19,18,17,15,14,12,10,9,7,6,4,3,2,1,0.1,0.1,0.1,0.1,0.1,1,2,3,4,5,6,7,8,9,10,11,12,12,12,13,12,12,12,11,10,9,9,7,6,5,4,3,2,2,1,1,0.1,0.1,0.1,0.1,1,1,2,2,3,4,5,6,7,7,8,9,9,10,10,10,10,9,9,8,8,7,6,5,4,3,3,2,1,1,0.1,0.1,0.1,0.1,1,1,2,3,4,6,8,9,11,13,15,17,19,22,24,25,27,29,30,32,33,33,34,34,34,34,34,33,33,32,30,29,28,26,25,23,21,20,18,16,15,13,12,10,9,8,6,5,5,4,3,2,2,1,1,1,1,0.1,0.1,0.1,0.1,0.1,0.1,0.1,0.1,0.1,0.1,0.1,0.1,0.1,0.1,0.1,0.1,0.1,0.1,0.1,0.1,0.1,0.1,0.1,0.1,0.1,0.1,0.1,0.1,0.1,0.1,0.1,0.1,0.1,0.1,0.1,0.1,0.1,0.1,0.1,0.1,0.1,0.1,0.1
0.1,0.1,0.1,0.1,0.1,0.1,0.1,0.1,0.1,0.1,0.1,0.1,0.1,0.1,0.1,0.1,0.1,0.1,0.1,0.1,0.1,0.1,0.1,0.1,0.1,0.1,0.1,0.1,0.1,0.1,0.1,0.1,0.1,0.1,0.1,0.1,0.1,0.1,0.1,0.1,0.1,0.1,0.1,0.1,0.1,1,1,1,2,2,3,3,4,5,6,7,8,9,11,12,14,16,17,19,21,23,25,27,29,31,32,34,35,37,38,39,40,40,40,40,40,40,39,38,37,35,33,32,29,27,25,23,20,18,16,14,11,9,8,6,4,3,2,1,1,0.1,0.1,0.1,0.1,1,1,2,2,3,4,5,6,6,7,7,8,8,8,8,8,8,8,7,7,6,5,5,4,3,2,2,1,1,0.1,0.1,0.1,0.1,0.1,0.1,1,1,2,3,3,4,5,5,6,7,7,7,8,8,8,8,7,7,7,6,5,5,4,3,2,2,1,1,0.1,0.1,0.1,0.1,0.1,1,1,2,3,4,5,6,7,8,9,10,11,11,12,12,12,12,12,11,10,10,9,7,6,5,4,3,2,1,0.1,0.1,0.1,0.1,1,2,3,5,7,9,11,14,17,20,22,25,27,29,31,32,33,33,33,32,30,28,26,23,20,16,13,9,6,3,1,0.1,0.1,1,4,8,14,23,33,46,60,78,97,119,144,170,199,229,260,293,327,362,397,432,466,499,531,562,590,616,639,660,677,690,700,706,708,706,700,690,677,660,639,616,590,562,531,499,466,432,397,362,327,293,260,229,199,170,144,119,97,78,60,46,33,23,14,8,4,1,0.1,0.1,1,3,6,9,13,16,20,23,26,28,30,32,33,33,33,32,31,29,27,25,22,20,17,14,11,9,7,5,3,2,1,0.1,0.1,0.1,0.1,1,2,3,4,5,6,7,9,10,10,11,12,12,12,12,12,11,11,10,9,8,7,6,5,4,3,2,1,1,0.1,0.1,0.1,0.1,0.1,1,1,2,2,3,4,5,5,6,7,7,7,8,8,8,8,7,7,7,6,5,5,4,3,3,2,1,1,0.1,0.1,0.1,0.1,0.1,0.1,1,1,2,2,3,4,5,5,6,7,7,8,8,8,8,8,8,8,7,7,6,6,5,4,3,2,2,1,1,0.1,0.1,0.1,0.1,1,1,2,3,4,6,8,9,11,14,16,18,20,23,25,27,29,32,33,35,37,38,39,40,40,40,40,40,40,39,38,37,35,34,32,31,29,27,25,23,21,19,17,16,14,12,11,9,8,7,6,5,4,3,3,2,2,1,1,1,0.1,0.1,0.1,0.1,0.1,0.1,0.1,0.1,0.1,0.1,0.1,0.1,0.1,0.1,0.1,0.1,0.1,0.1,0.1,0.1,0.1,0.1,0.1,0.1,0.1,0.1,0.1,0.1,0.1,0.1,0.1,0.1,0.1,0.1,0.1,0.1,0.1,0.1,0.1,0.1,0.1,0.1
0.1,0.1,0.1,0.1,0.1,0.1,0.1,0.1,0.1,0.1,0.1,0.1,0.1,0.1,0.1,0.1,0.1,0.1,0.1,0.1,0.1,0.1,0.1,0.1,0.1,0.1,0.1,0.1,0.1,0.1,0.1,0.1,0.1,0.1,0.1,0.1,0.1,0.1,0.1,0.1,0.1,0.1,0.1,1,1,1,1,2,2,3,3,4,5,6,7,8,10,11,13,15,16,18,20,22,24,26,29,31,33,35,37,39,40,42,43,44,45,46,46,46,46,46,45,44,43,41,40,38,36,34,31,29,26,24,21,19,16,14,11,9,7,6,4,3,2,1,1,0.1,0.1,0.1,0.1,1,1,2,2,3,4,4,5,6,6,7,7,7,7,7,7,7,7,6,6,5,5,4,3,3,2,2,1,1,0.1,0.1,0.1,0.1,0.1,0.1,0.1,1,1,1,2,2,3,3,3,4,4,4,4,4,4,4,4,3,3,3,2,2,1,1,1,0.1,0.1,0.1,0.1,0.1,0.1,0.1,1,1,2,2,3,3,4,5,5,6,6,6,6,6,6,6,6,5,5,4,3,3,2,1,1,0.1,0.1,0.1,0.1,0.1,1,2,3,4,6,7,9,11,14,16,18,20,22,24,25,26,27,27,27,27,25,24,22,19,17,14,11,8,5,3,1,0.1,0.1,1,3,7,13,21,30,42,56,73,91,113,137,163,191,221,254,288,323,360,397,435,473,511,548,584,618,651,681,709,733,755,773,787,797,803,805,803,797,787,773,755,733,709,681,651,618,584,548,511,473,435,397,360,323,288,254,221,191,163,137,113,91,73,56,42,30,21,13,7,3,1,0.1,0.1,1,3,5,8,11,14,17,19,22,24,25,27,27,27,27,26,25,24,22,20,18,16,14,11,9,7,6,4,3,2,1,0.1,0.1,0.1,0.1,0.1,1,1,2,3,3,4,5,5,6,6,6,6,6,6,6,6,5,5,4,3,3,2,2,1,1,0.1,0.1,0.1,0.1,0.1,0.1,0.1,1,1,1,2,2,3,3,3,4,4,4,4,4,4,4,4,3,3,3,2,2,1,1,1,0.1,0.1,0.1,0.1,0.1,0.1,0.1,1,1,2,2,3,3,4,5,5,6,6,7,7,7,7,7,7,7,7,6,6,5,4,4,3,2,2,1,1,0.1,0.1,0.1,0.1,1,1,2,3,4,6,7,9,11,14,16,19,21,24,26,29,31,34,36,38,40,41,43,44,45,46,46,46,46,46,45,44,43,42,40,39,37,35,33,31,29,26,24,22,20,18,16,15,13,11,10,8,7,6,5,4,3,3,2,2,1,1,1,1,0.1,0.1,0.1,0.1,0.1,0.1,0.1,0.1,0.1,0.1,0.1,0.1,0.1,0.1,0.1,0.1,0.1,0.1,0.1,0.1,0.1,0.1,0.1,0.1,0.1,0.1,0.1,0.1,0.1,0.1,0.1,0.1,0.1,0.1,0.1,0.1,0.1,0.1,0.1,0.1
0.1,0.1,0.1,0.1,0.1,0.1,0.1,0.1,0.1,0.1,0.1,0.1,0.1,0.1,0.1,0.1,0.1,0.1,0.1,0.1,0.1,0.1,0.1,0.1,0.1,0.1,0.1,0.1,0.1,0.1,0.1,0.1,0.1,0.1,0.1,0.1,0.1,0.1,0.1,0.1,0.1,0.1,1,1,1,1,2,2,3,4,4,5,6,7,9,10,12,13,15,17,19,21,23,25,28,30,32,34,37,39,41,43,45,47,48,50,51,51,52,52,52,52,51,51,49,48,46,44,42,40,38,35,32,30,27,24,21,19,16,14,11,9,7,6,4,3,2,1,1,0.1,0.1,0.1,0.1,1,1,1,2,3,3,4,5,5,6,6,6,7,7,7,7,6,6,6,5,5,4,4,3,3,2,2,1,1,1,0.1,0.1,0.1,0.1,0.1,0.1,0.1,0.1,1,1,1,1,1,1,2,2,2,2,2,2,2,1,1,1,1,1,1,0.1,0.1,0.1,0.1,0.1,0.1,0.1,0.1,0.1,1,1,1,1,2,2,2,2,2,3,3,3,2,2,2,2,2,1,1,1,0.1,0.1,0.1,0.1,0.1,0.1,1,1,2,3,4,6,7,9,11,12,14,16,18,19,21,22,23,23,23,23,23,22,21,19,17,15,12,10,7,5,3,1,0.1,0.1,1,3,7,12,19,27,38,51,67,85,105,128,153,181,211,243,277,313,351,390,429,470,511,551,591,631,669,705,739,771,800,825,848,866,881,891,898,900,898,891,881,866,848,825,800,771,739,705,669,631,591,551,511,470,429,390,351,313,277,243,211,181,153,128,105,85,67,51,38,27,19,12,7,3,1,0.1,0.1,1,3,5,7,10,12,15,17,19,21,22,23,23,23,23,23,22,21,19,18,16,14,12,11,9,7,6,4,3,2,1,1,0.1,0.1,0.1,0.1,0.1,0.1,1,1,1,2,2,2,2,2,3,3,3,2,2,2,2,2,1,1,1,1,0.1,0.1,0.1,0.1,0.1,0.1,0.1,0.1,0.1,1,1,1,1,1,1,2,2,2,2,2,2,2,1,1,1,1,1,1,0.1,0.1,0.1,0.1,0.1,0.1,0.1,0.1,1,1,1,2,2,3,3,4,4,5,5,6,6,6,7,7,7,7,6,6,6,5,5,4,3,3,2,1,1,1,0.1,0.1,0.1,0.1,1,1,2,3,4,6,7,9,11,14,16,19,21,24,27,30,32,35,38,40,42,44,46,48,49,51,51,52,52,52,52,51,51,50,48,47,45,43,41,39,37,34,32,30,28,25,23,21,19,17,15,13,12,10,9,7,6,5,4,4,3,2,2,1,1,1,1,0.1,0.1,0.1,0.1,0.1,0.1,0.1,0.1,0.1,0.1,0.1,0.1,0.1,0.1,0.1,0.1,0.1,0.1,0.1,0.1,0.1,0.1,0.1,0.1,0.1,0.1,0.1,0.1,0.1,0.1,0.1,0.1,0.1,0.1,0.1,0.1,0.1,0.1,0.1
0.1,0.1,0.1,0.1,0.1,0.1,0.1,0.1,0.1,0.1,0.1,0.1,0.1,0.1,0.1,0.1,0.1,0.1,0.1,0.1,0.1,0.1,0.1,0.1,0.1,0.1,0.1,0.1,0.1,0.1,0.1,0.1,0.1,0.1,0.1,0.1,0.1,0.1,0.1,0.1,0.1,1,1,1,2,2,2,3,4,4,5,6,8,9,10,12,13,15,17,19,21,23,26,28,31,33,36,38,41,43,45,47,49,51,53,55,56,57,58,58,58,58,58,57,56,54,53,51,49,47,44,41,39,36,33,30,27,24,21,18,16,13,11,9,7,5,4,3,2,1,0.1,0.1,0.1,0.1,0.1,1,1,1,2,3,3,4,4,5,5,6,6,6,6,6,6,6,6,6,5,5,5,4,4,3,3,2,2,2,1,1,1,0.1,0.1,0.1,0.1,0.1,0.1,0.1,0.1,0.1,0.1,0.1,0.1,0.1,0.1,0.1,0.1,0.1,0.1,0.1,0.1,0.1,0.1,0.1,0.1,0.1,0.1,0.1,0.1,0.1,0.1,0.1,0.1,0.1,0.1,0.1,0.1,0.1,0.1,1,1,1,1,0.1,0.1,0.1,0.1,0.1,0.1,0.1,0.1,0.1,0.1,0.1,0.1,1,1,2,3,3,4,6,7,8,9,11,12,14,15,17,18,19,20,21,21,21,21,20,20,18,17,15,13,11,9,6,4,2,1,0.1,0.1,1,3,6,10,17,25,35,47,61,78,97,118,142,169,198,229,263,298,336,375,416,457,500,543,586,629,671,711,751,788,824,857,886,913,936,955,970,981,987,989,987,981,970,955,936,913,886,857,824,788,751,711,671,629,586,543,500,457,416,375,336,298,263,229,198,169,142,118,97,78,61,47,35,25,17,10,6,3,1,0.1,0.1,1,2,4,6,9,11,13,15,17,18,20,20,21,21,21,21,20,19,18,17,15,14,12,11,9,8,7,6,4,3,3,2,1,1,0.1,0.1,0.1,0.1,0.1,0.1,0.1,0.1,0.1,0.1,0.1,0.1,1,1,1,1,0.1,0.1,0.1,0.1,0.1,0.1,0.1,0.1,0.1,0.1,0.1,0.1,0.1,0.1,0.1,0.1,0.1,0.1,0.1,0.1,0.1,0.1,0.1,0.1,0.1,0.1,0.1,0.1,0.1,0.1,0.1,0.1,0.1,0.1,0.1,0.1,0.1,0.1,1,1,1,2,2,2,3,3,4,4,5,5,5,6,6,6,6,6,6,6,6,6,5,5,4,4,3,3,2,1,1,1,0.1,0.1,0.1,0.1,0.1,1,2,3,4,5,7,9,11,13,16,18,21,24,27,30,33,36,39,41,44,47,49,51,53,54,56,57,58,58,58,58,58,57,56,55,53,51,49,47,45,43,41,38,36,33,31,28,26,23,21,19,17,15,13,12,10,9,8,6,5,4,4,3,2,2,2,1,1,1,0.1,0.1,0.1,0.1,0.1,0.1,0.1,0.1,0.1,0.1,0.1,0.1,0.1,0.1,0.1,0.1,0.1,0.1,0.1,0.1,0.1,0.1,0.1,0.1,0.1,0.1,0.1,0.1,0.1,0.1,0.1,0.1,0.1,0.1,0.1,0.1,0.1,0.1
0.1,0.1,0.1,0.1,0.1,0.1,0.1,0.1,0.1,0.1,0.1,0.1,0.1,0.1,0.1,0.1,0.1,0.1,0.1,0.1,0.1,0.1,0.1,0.1,0.1,0.1,0.1,0.1,0.1,0.1,0.1,0.1,0.1,0.1,0.1,0.1,0.1,0.1,0.1,1,1,1,1,2,2,2,3,4,5,5,6,8,9,10,12,13,15,17,19,21,24,26,28,31,33,36,39,41,44,46,49,51,53,56,57,59,60,62,63,63,64,64,63,63,62,61,59,57,55,53,51,48,45,42,39,36,33,30,27,24,21,18,15,13,11,9,7,5,4,3,2,1,0.1,0.1,0.1,0.1,0.1,1,1,1,2,3,3,4,4,5,5,6,6,6,7,7,7,7,7,6,6,6,6,5,5,4,4,4,3,3,2,2,2,1,1,1,1,0.1,0.1,0.1,0.1,0.1,0.1,0.1,0.1,0.1,0.1,0.1,0.1,0.1,0.1,0.1,0.1,0.1,0.1,0.1,0.1,0.1,0.1,0.1,0.1,0.1,0.1,0.1,0.1,0.1,0.1,0.1,0.1,0.1,0.1,0.1,0.1,0.1,0.1,0.1,0.1,0.1,1,1,1,2,2,3,3,4,5,6,7,8,9,10,12,13,14,15,17,18,19,20,20,21,21,21,20,20,19,17,16,14,12,10,8,6,4,2,1,0.1,0.1,1,2,5,9,15,22,31,42,55,71,89,109,131,156,184,214,246,281,317,356,396,438,481,525,569,614,659,703,746,788,829,867,903,936,966,993,1016,1035,1051,1062,1068,1070,1068,1062,1051,1035,1016,993,966,936,903,867,829,788,746,703,659,614,569,525,481,438,396,356,317,281,246,214,184,156,131,109,89,71,55,42,31,22,15,9,5,2,1,0.1,0.1,1,2,4,6,8,10,12,14,16,17,19,20,20,21,21,21,20,20,19,18,17,15,14,13,12,10,9,8,7,6,5,4,3,3,2,2,1,1,1,0.1,0.1,0.1,0.1,0.1,0.1,0.1,0.1,0.1,0.1,0.1,0.1,0.1,0.1,0.1,0.1,0.1,0.1,0.1,0.1,0.1,0.1,0.1,0.1,0.1,0.1,0.1,0.1,0.1,0.1,0.1,0.1,0.1,0.1,0.1,0.1,0.1,0.1,0.1,0.1,0.1,1,1,1,1,2,2,2,3,3,4,4,4,5,5,6,6,6,6,7,7,7,7,7,6,6,6,5,5,4,4,3,3,2,1,1,1,0.1,0.1,0.1,0.1,0.1,1,2,3,4,5,7,9,11,13,15,18,21,24,27,30,33,36,39,42,45,48,51,53,55,57,59,61,62,63,63,64,64,63,63,62,60,59,57,56,53,51,49,46,44,41,39,36,33,31,28,26,24,21,19,17,15,13,12,10,9,8,6,5,5,4,3,2,2,2,1,1,1,1,0.1,0.1,0.1,0.1,0.1,0.1,0.1,0.1,0.1,0.1,0.1,0.1,0.1,0.1,0.1,0.1,0.1,0.1,0.1,0.1,0.1,0.1,0.1,0.1,0.1,0.1,0.1,0.1,0.1,0.1,0.1,0.1,0.1,0.1,0.1,0.1
0.1,0.1,0.1,0.1,0.1,0.1,0.1,0.1,0.1,0.1,0.1,0.1,0.1,0.1,0.1,0.1,0.1,0.1,0.1,0.1,0.1,0.1,0.1,0.1,0.1,0.1,0.1,0.1,0.1,0.1,0.1,0.1,0.1,0.1,0.1,0.1,0.1,0.1,1,1,1,1,2,2,3,3,4,5,5,6,7,9,10,12,13,15,17,19,21,23,26,28,31,33,36,39,41,44,47,50,52,55,57,59,61,63,65,66,67,68,68,69,68,68,67,66,65,63,61,59,57,54,52,49,46,42,39,36,33,29,26,23,20,18,15,13,10,8,6,5,4,2,2,1,0.1,0.1,0.1,0.1,0.1,1,1,2,2,3,3,4,5,5,6,6,7,7,7,8,8,8,8,8,8,8,7,7,7,6,6,5,5,5,4,4,3,3,3,2,2,2,2,1,1,1,1,1,1,0.1,0.1,0.1,0.1,0.1,0.1,0.1,0.1,0.1,0.1,0.1,0.1,0.1,0.1,0.1,0.1,0.1,0.1,0.1,0.1,0.1,0.1,1,1,1,1,1,2,2,2,3,3,4,5,6,6,7,8,9,10,12,13,14,15,16,17,19,20,20,21,22,22,22,22,22,21,20,19,18,16,14,12,10,8,6,4,2,1,0.1,0.1,0.1,2,4,8,13,20,28,38,50,64,80,99,120,143,169,197,228,261,296,333,373,414,456,500,545,590,636,682,727,772,816,858,899,937,973,1007,1037,1063,1086,1106,1121,1131,1138,1140,1138,1131,1121,1106,1086,1063,1037,1007,973,937,899,858,816,772,727,682,636,590,545,500,456,414,373,333,296,261,228,197,169,143,120,99,80,64,50,38,28,20,13,8,4,2,0.1,0.1,0.1,1,2,4,6,8,10,12,14,16,18,19,20,21,22,22,22,22,22,21,20,20,19,17,16,15,14,13,12,10,9,8,7,6,6,5,4,3,3,2,2,2,1,1,1,1,1,0.1,0.1,0.1,0.1,0.1,0.1,0.1,0.1,0.1,0.1,0.1,0.1,0.1,0.1,0.1,0.1,0.1,0.1,0.1,0.1,0.1,0.1,1,1,1,1,1,1,2,2,2,2,3,3,3,4,4,5,5,5,6,6,7,7,7,8,8,8,8,8,8,8,7,7,7,6,6,5,5,4,3,3,2,2,1,1,0.1,0.1,0.1,0.1,0.1,1,2,2,4,5,6,8,10,13,15,18,20,23,26,29,33,36,39,42,46,49,52,54,57,59,61,63,65,66,67,68,68,69,68,68,67,66,65,63,61,59,57,55,52,50,47,44,41,39,36,33,31,28,26,23,21,19,17,15,13,12,10,9,7,6,5,5,4,3,3,2,2,1,1,1,1,0.1,0.1,0.1,0.1,0.1,0.1,0.1,0.1,0.1,0.1,0.1,0.1,0.1,0.1,0.1,0.1,0.1,0.1,0.1,0.1,0.1,0.1,0.1,0.1,0.1,0.1,0.1,0.1,0.1,0.1,0.1,0.1,0.1,0.1,0.1
0.1,0.1,0.1,0.1,0.1,0.1,0.1,0.1,0.1,0.1,0.1,0.1,0.1,0.1,0.1,0.1,0.1,0.1,0.1,0.1,0.1,0.1,0.1,0.1,0.1,0.1,0.1,0.1,0.1,0.1,0.1,0.1,0.1,0.1,0.1,0.1,0.1,1,1,1,1,2,2,3,3,4,4,5,6,7,8,10,11,13,15,16,18,20,23,25,27,30,33,35,38,41,44,47,49,52,55,57,60,62,64,66,68,69,71,72,72,73,73,73,72,71,70,69,67,65,63,60,58,55,52,49,45,42,39,35,32,29,26,23,20,17,14,12,10,8,6,5,3,2,1,1,0.1,0.1,0.1,0.1,0.1,1,1,2,2,3,4,5,5,6,7,7,8,9,9,9,10,10,10,10,10,10,10,10,9,9,9,8,8,8,7,7,6,6,5,5,4,4,3,3,3,2,2,2,1,1,1,1,0.1,0.1,0.1,0.1,0.1,0.1,0.1,0.1,0.1,0.1,0.1,0.1,1,1,1,1,2,2,3,3,4,4,5,6,7,8,9,10,11,12,13,14,16,17,18,19,20,22,23,24,24,25,26,26,26,26,25,25,24,23,21,20,18,16,14,11,9,7,5,3,2,0.1,0.1,0.1,1,3,7,11,17,24,33,44,57,72,90,109,131,155,181,210,241,274,310,347,386,428,470,514,559,605,651,697,743,789,834,877,919,960,998,1033,1066,1095,1121,1144,1162,1177,1188,1194,1196,1194,1188,1177,1162,1144,1121,1095,1066,1033,998,960,919,877,834,789,743,697,651,605,559,514,470,428,386,347,310,274,241,210,181,155,131,109,90,72,57,44,33,24,17,11,7,3,1,0.1,0.1,0.1,2,3,5,7,9,11,14,16,18,20,21,23,24,25,25,26,26,26,26,25,24,24,23,22,20,19,18,17,16,14,13,12,11,10,9,8,7,6,5,4,4,3,3,2,2,1,1,1,1,0.1,0.1,0.1,0.1,0.1,0.1,0.1,0.1,0.1,0.1,0.1,0.1,1,1,1,1,2,2,2,3,3,3,4,4,5,5,6,6,7,7,8,8,8,9,9,9,10,10,10,10,10,10,10,10,9,9,9,8,7,7,6,5,5,4,3,2,2,1,1,0.1,0.1,0.1,0.1,0.1,1,1,2,3,5,6,8,10,12,14,17,20,23,26,29,32,35,39,42,45,49,52,55,58,60,63,65,67,69,70,71,72,73,73,73,72,72,71,69,68,66,64,62,60,57,55,52,49,47,44,41,38,35,33,30,27,25,23,20,18,16,15,13,11,10,8,7,6,5,4,4,3,3,2,2,1,1,1,1,0.1,0.1,0.1,0.1,0.1,0.1,0.1,0.1,0.1,0.1,0.1,0.1,0.1,0.1,0.1,0.1,0.1,0.1,0.1,0.1,0.1,0.1,0.1,0.1,0.1,0.1,0.1,0.1,0.1,0.1,0.1,0.1,0.1,0.1
0.1,0.1,0.1,0.1,0.1,0.1,0.1,0.1,0.1,0.1,0.1,0.1,0.1,0.1,0.1,0.1,0.1,0.1,0.1,0.1,0.1,0.1,0.1,0.1,0.1,0.1,0.1,0.1,0.1,0.1,0.1,0.1,0.1,0.1,0.1,0.1,1,1,1,1,2,2,2,3,4,4,5,6,7,8,9,11,12,14,16,18,20,22,24,26,29,32,34,37,40,43,45,48,51,54,57,59,62,64,66,68,70,72,73,74,75,76,76,76,76,75,74,73,72,70,68,66,63,61,58,55,51,48,45,41,38,35,31,28,25,22,19,16,14,11,9,7,6,4,3,2,1,1,0.1,0.1,0.1,0.1,1,1,2,2,3,4,5,6,7,8,9,9,10,11,12,12,13,13,13,14,14,14,14,14,14,13,13,12,12,11,11,10,10,9,8,8,7,6,6,5,4,4,3,3,2,2,1,1,1,0.1,0.1,0.1,0.1,0.1,0.1,0.1,1,1,1,2,3,3,4,5,6,7,8,9,10,12,13,15,16,18,19,21,22,24,25,26,28,29,30,31,31,32,32,32,32,32,31,30,29,27,25,23,21,19,16,14,11,9,6,4,2,1,0.1,0.1,1,2,5,9,14,21,29,39,51,65,80,98,118,141,165,192,221,252,285,321,358,397,438,480,524,568,614,659,705,751,797,842,886,928,969,1008,1045,1079,1111,1139,1164,1186,1203,1218,1228,1234,1236,1234,1228,1218,1203,1186,1164,1139,1111,1079,1045,1008,969,928,886,842,797,751,705,659,614,568,524,480,438,397,358,321,285,252,221,192,165,141,118,98,80,65,51,39,29,21,14,9,5,2,1,0.1,0.1,1,2,4,6,9,11,14,16,19,21,23,25,27,29,30,31,32,32,32,32,32,31,31,30,29,28,26,25,24,22,21,19,18,16,15,13,12,10,9,8,7,6,5,4,3,3,2,1,1,1,0.1,0.1,0.1,0.1,0.1,0.1,0.1,1,1,1,2,2,3,3,4,4,5,6,6,7,8,8,9,10,10,11,11,12,12,13,13,14,14,14,14,14,14,13,13,13,12,12,11,10,9,9,8,7,6,5,4,3,2,2,1,1,0.1,0.1,0.1,0.1,1,1,2,3,4,6,7,9,11,14,16,19,22,25,28,31,35,38,41,45,48,51,55,58,61,63,66,68,70,72,73,74,75,76,76,76,76,75,74,73,72,70,68,66,64,62,59,57,54,51,48,45,43,40,37,34,32,29,26,24,22,20,18,16,14,12,11,9,8,7,6,5,4,4,3,2,2,2,1,1,1,1,0.1,0.1,0.1,0.1,0.1,0.1,0.1,0.1,0.1,0.1,0.1,0.1,0.1,0.1,0.1,0.1,0.1,0.1,0.1,0.1,0.1,0.1,0.1,0.1,0.1,0.1,0.1,0.1,0.1,0.1,0.1,0.1,0.1
0.1,0.1,0.1,0.1,0.1,0.1,0.1,0.1,0.1,0.1,0.1,0.1,0.1,0.1,0.1,0.1,0.1,0.1,0.1,0.1,0.1,0.1,0.1,0.1,0.1,0.1,0.1,0.1,0.1,0.1,0.1,0.1,0.1,0.1,0.1,1,1,1,1,2,2,2,3,4,4,5,6,7,8,9,10,12,13,15,17,19,21,23,25,28,30,33,35,38,41,44,46,49,52,55,58,60,63,65,68,70,72,73,75,76,77,78,79,79,79,78,78,77,76,74,72,70,68,66,63,60,57,54,51,47,44,41,37,34,30,27,24,21,18,15,13,11,9,7,5,4,2,1,1,0.1,0.1,0.1,0.1,0.1,1,2,2,3,4,5,7,8,9,10,11,12,13,14,15,16,17,18,18,19,19,19,19,19,19,19,18,18,17,16,15,15,14,13,12,11,10,9,8,7,6,5,4,3,2,2,1,1,0.1,0.1,0.1,0.1,0.1,1,1,2,3,3,5,6,7,9,10,12,14,16,18,20,22,24,26,28,30,32,33,35,37,38,39,40,41,41,41,41,41,40,39,38,36,34,32,29,26,23,20,17,14,11,9,6,4,2,1,0.1,0.1,1,3,7,11,17,25,34,44,57,71,88,106,127,150,174,201,231,262,295,330,367,405,445,487,529,573,617,662,707,752,796,841,884,926,967,1006,1043,1078,1110,1140,1166,1190,1210,1227,1240,1249,1255,1257,1255,1249,1240,1227,1210,1190,1166,1140,1110,1078,1043,1006,967,926,884,841,796,752,707,662,617,573,529,487,445,405,367,330,295,262,231,201,174,150,127,106,88,71,57,44,34,25,17,11,7,3,1,0.1,0.1,1,2,4,6,9,11,14,17,20,23,26,29,32,34,36,38,39,40,41,41,41,41,41,40,39,38,37,35,33,32,30,28,26,24,22,20,18,16,14,12,10,9,7,6,5,3,3,2,1,1,0.1,0.1,0.1,0.1,0.1,1,1,2,2,3,4,5,6,7,8,9,10,11,12,13,14,15,15,16,17,18,18,19,19,19,19,19,19,19,18,18,17,16,15,14,13,12,11,10,9,8,7,5,4,3,2,2,1,0.1,0.1,0.1,0.1,0.1,1,1,2,4,5,7,9,11,13,15,18,21,24,27,30,34,37,41,44,47,51,54,57,60,63,66,68,70,72,74,76,77,78,78,79,79,79,78,77,76,75,73,72,70,68,65,63,60,58,55,52,49,46,44,41,38,35,33,30,28,25,23,21,19,17,15,13,12,10,9,8,7,6,5,4,4,3,2,2,2,1,1,1,1,0.1,0.1,0.1,0.1,0.1,0.1,0.1,0.1,0.1,0.1,0.1,0.1,0.1,0.1,0.1,0.1,0.1,0.1,0.1,0.1,0.1,0.1,0.1,0.1,0.1,0.1,0.1,0.1,0.1,0.1,0.1,0.1
0.1,0.1,0.1,0.1,0.1,0.1,0.1,0.1,0.1,0.1,0.1,0.1,0.1,0.1,0.1,0.1,0.1,0.1,0.1,0.1,0.1,0.1,0.1,0.1,0.1,0.1,0.1,0.1,0.1,0.1,0.1,0.1,0.1,0.1,1,1,1,1,2,2,2,3,3,4,5,6,6,7,9,10,11,13,14,16,18,19,22,24,26,28,31,33,36,38,41,44,47,49,52,55,58,60,63,65,68,70,72,74,75,77,78,79,80,80,80,80,80,79,79,77,76,74,72,70,68,65,62,59,56,53,50,46,43,40,36,33,29,26,23,20,17,14,12,10,8,6,4,3,2,1,0.1,0.1,0.1,0.1,0.1,1,2,3,4,5,6,8,9,11,12,14,15,17,18,20,21,22,23,24,25,25,25,26,26,26,25,25,24,23,23,21,20,19,18,16,15,13,12,10,9,7,6,5,3,2,2,1,0.1,0.1,0.1,0.1,0.1,1,2,3,4,6,7,9,11,13,16,18,21,24,26,29,32,35,37,40,42,45,47,49,50,51,52,53,53,53,52,51,50,48,46,44,41,38,34,31,27,23,20,16,12,9,6,4,2,0.1,0.1,0.1,2,4,8,13,20,28,38,49,62,78,95,114,135,158,183,210,239,270,303,337,373,411,450,490,531,573,615,659,702,745,788,831,872,913,953,991,1027,1061,1094,1124,1151,1175,1197,1215,1231,1243,1251,1257,1258,1257,1251,1243,1231,1215,1197,1175,1151,1124,1094,1061,1027,991,953,913,872,831,788,745,702,659,615,573,531,490,450,411,373,337,303,270,239,210,183,158,135,114,95,78,62,49,38,28,20,13,8,4,2,0.1,0.1,0.1,2,4,6,9,12,16,20,23,27,31,34,38,41,44,46,48,50,51,52,53,53,53,52,51,50,49,47,45,42,40,37,35,32,29,26,24,21,18,16,13,11,9,7,6,4,3,2,1,0.1,0.1,0.1,0.1,0.1,1,2,2,3,5,6,7,9,10,12,13,15,16,18,19,20,21,23,23,24,25,25,26,26,26,25,25,25,24,23,22,21,20,18,17,15,14,12,11,9,8,6,5,4,3,2,1,0.1,0.1,0.1,0.1,0.1,1,2,3,4,6,8,10,12,14,17,20,23,26,29,33,36,40,43,46,50,53,56,59,62,65,68,70,72,74,76,77,79,79,80,80,80,80,80,79,78,77,75,74,72,70,68,65,63,60,58,55,52,49,47,44,41,38,36,33,31,28,26,24,22,19,18,16,14,13,11,10,9,7,6,6,5,4,3,3,2,2,2,1,1,1,1,0.1,0.1,0.1,0.1,0.1,0.1,0.1,0.1,0.1,0.1,0.1,0.1,0.1,0.1,0.1,0.1,0.1,0.1,0.1,0.1,0.1,0.1,0.1,0.1,0.1,0.1,0.1,0.1,0.1,0.1,0.1
0.1,0.1,0.1,0.1,0.1,0.1,0.1,0.1,0.1,0.1,0.1,0.1,0.1,0.1,0.1,0.1,0.1,0.1,0.1,0.1,0.1,0.1,0.1,0.1,0.1,0.1,0.1,0.1,0.1,0.1,0.1,0.1,0.1,1,1,1,1,2,2,2,3,3,4,5,5,6,7,8,9,10,12,13,15,16,18,20,22,24,26,28,31,33,36,38,41,44,46,49,52,54,57,59,62,64,67,69,71,73,75,76,78,79,80,80,81,81,81,81,80,79,78,77,75,74,72,69,67,64,61,58,55,52,49,45,42,38,35,31,28,25,22,19,16,13,11,9,7,5,3,2,1,1,0.1,0.1,0.1,1,1,2,3,4,6,7,9,11,13,15,17,19,21,23,25,26,28,29,31,32,33,33,33,34,34,33,33,32,31,29,28,26,25,23,21,19,17,15,12,10,9,7,5,4,2,1,1,0.1,0.1,0.1,1,1,3,4,6,8,10,13,16,19,23,26,30,33,37,41,44,48,51,54,57,60,62,64,65,66,67,67,66,65,64,62,59,56,53,49,45,41,37,32,27,23,18,14,10,7,4,2,0.1,0.1,1,2,5,9,15,22,31,41,53,67,83,101,120,142,165,190,217,246,277,309,342,377,414,451,490,529,569,610,650,691,732,773,813,852,891,928,964,999,1032,1063,1092,1118,1143,1165,1184,1200,1214,1224,1232,1237,1238,1237,1232,1224,1214,1200,1184,1165,1143,1118,1092,1063,1032,999,964,928,891,852,813,773,732,691,650,610,569,529,490,451,414,377,342,309,277,246,217,190,165,142,120,101,83,67,53,41,31,22,15,9,5,2,1,0.1,0.1,2,4,7,10,14,18,23,27,32,37,41,45,49,53,56,59,62,64,65,66,67,67,66,65,64,62,60,57,54,51,48,44,41,37,33,30,26,23,19,16,13,10,8,6,4,3,1,1,0.1,0.1,0.1,1,1,2,4,5,7,9,10,12,15,17,19,21,23,25,26,28,29,31,32,33,33,34,34,33,33,33,32,31,29,28,26,25,23,21,19,17,15,13,11,9,7,6,4,3,2,1,1,0.1,0.1,0.1,1,1,2,3,5,7,9,11,13,16,19,22,25,28,31,35,38,42,45,49,52,55,58,61,64,67,69,72,74,75,77,78,79,80,81,81,81,81,80,80,79,78,76,75,73,71,69,67,64,62,59,57,54,52,49,46,44,41,38,36,33,31,28,26,24,22,20,18,16,15,13,12,10,9,8,7,6,5,5,4,3,3,2,2,2,1,1,1,1,0.1,0.1,0.1,0.1,0.1,0.1,0.1,0.1,0.1,0.1,0.1,0.1,0.1,0.1,0.1,0.1,0.1,0.1,0.1,0.1,0.1,0.1,0.1,0.1,0.1,0.1,0.1,0.1,0.1,0.1
0.1,0.1,0.1,0.1,0.1,0.1,0.1,0.1,0.1,0.1,0.1,0.1,0.1,0.1,0.1,0.1,0.1,0.1,0.1,0.1,0.1,0.1,0.1,0.1,0.1,0.1,0.1,0.1,0.1,0.1,0.1,0.1,1,1,1,1,1,2,2,3,3,4,4,5,6,7,8,9,10,11,12,14,15,17,18,20,22,24,26,28,30,33,35,37,40,42,45,47,50,52,55,57,60,62,64,67,69,71,72,74,76,77,78,79,80,80,81,81,81,80,80,79,77,76,74,73,70,68,66,63,60,57,54,51,47,44,40,37,34,30,27,24,20,17,15,12,10,7,5,4,2,1,1,0.1,0.1,0.1,1,1,2,4,5,7,9,11,14,16,19,21,24,26,29,31,33,35,37,39,40,41,42,42,43,42,42,41,40,39,37,35,33,30,28,25,22,20,17,14,12,9,7,5,3,2,1,0.1,0.1,0.1,1,2,4,6,8,11,14,18,22,26,30,35,40,44,49,54,58,63,67,70,74,76,79,80,82,82,82,81,80,78,76,72,69,65,60,55,50,44,38,33,27,22,17,12,8,5,2,1,0.1,1,2,5,10,16,24,33,44,57,72,88,106,126,148,172,197,224,252,282,314,346,380,415,451,487,524,562,600,638,676,714,752,789,825,860,895,928,960,990,1019,1046,1071,1094,1115,1134,1150,1164,1176,1185,1191,1195,1197,1195,1191,1185,1176,1164,1150,1134,1115,1094,1071,1046,1019,990,960,928,895,860,825,789,752,714,676,638,600,562,524,487,451,415,380,346,314,282,252,224,197,172,148,126,106,88,72,57,44,33,24,16,10,5,2,1,0.1,1,2,5,8,12,17,22,27,33,38,44,50,55,60,65,69,72,76,78,80,81,82,82,82,80,79,76,74,70,67,63,58,54,49,44,40,35,30,26,22,18,14,11,8,6,4,2,1,0.1,0.1,0.1,1,2,3,5,7,9,12,14,17,20,22,25,28,30,33,35,37,39,40,41,42,42,43,42,42,41,40,39,37,35,33,31,29,26,24,21,19,16,14,11,9,7,5,4,2,1,1,0.1,0.1,0.1,1,1,2,4,5,7,10,12,15,17,20,24,27,30,34,37,40,44,47,51,54,57,60,63,66,68,70,73,74,76,77,79,80,80,81,81,81,80,80,79,78,77,76,74,72,71,69,67,64,62,60,57,55,52,50,47,45,42,40,37,35,33,30,28,26,24,22,20,18,17,15,14,12,11,10,9,8,7,6,5,4,4,3,3,2,2,1,1,1,1,1,0.1,0.1,0.1,0.1,0.1,0.1,0.1,0.1,0.1,0.1,0.1,0.1,0.1,0.1,0.1,0.1,0.1,0.1,0.1,0.1,0.1,0.1,0.1,0.1,0.1,0.1,0.1,0.1,0.1
0.1,0.1,0.1,0.1,0.1,0.1,0.1,0.1,0.1,0.1,0.1,0.1,0.1,0.1,0.1,0.1,0.1,0.1,0.1,0.1,0.1,0.1,0.1,0.1,0.1,0.1,0.1,0.1,0.1,0.1,0.1,1,1,1,1,1,2,2,2,3,3,4,5,5,6,7,8,9,10,11,12,14,15,17,18,20,22,24,25,27,30,32,34,36,38,40,43,45,47,50,52,54,57,59,61,63,65,67,69,71,72,74,75,76,77,78,79,79,80,80,79,79,78,77,76,75,73,71,69,67,64,62,59,56,53,49,46,43,39,36,32,29,25,22,19,16,13,10,8,6,4,3,1,1,0.1,0.1,0.1,1,2,3,5,7,9,11,14,17,20,23,26,29,33,36,39,41,44,46,48,50,51,52,52,53,52,51,50,49,47,44,42,39,36,32,29,25,22,18,15,12,9,6,4,2,1,0.1,0.1,0.1,1,3,5,7,11,14,18,23,28,34,39,45,51,57,63,68,74,79,84,88,91,95,97,98,99,99,99,97,95,92,88,83,78,72,66,60,53,46,40,33,27,21,15,10,6,3,1,0.1,0.1,2,5,10,17,25,35,46,60,75,92,111,131,153,177,202,229,257,287,317,349,381,414,448,483,518,552,588,623,657,692,726,759,792,823,854,883,912,939,964,988,1011,1031,1050,1068,1083,1096,1108,1117,1124,1129,1133,1134,1133,1129,1124,1117,1108,1096,1083,1068,1050,1031,1011,988,964,939,912,883,854,823,792,759,726,692,657,623,588,552,518,483,448,414,381,349,317,287,257,229,202,177,153,131,111,92,75,60,46,35,25,17,10,5,2,0.1,0.1,1,3,6,10,15,21,27,33,40,46,53,60,66,72,78,83,88,92,95,97,99,99,99,98,97,95,91,88,84,79,74,68,63,57,51,45,39,34,28,23,18,14,11,7,5,3,1,0.1,0.1,0.1,1,2,4,6,9,12,15,18,22,25,29,32,36,39,42,44,47,49,50,51,52,53,52,52,51,50,48,46,44,41,39,36,33,29,26,23,20,17,14,11,9,7,5,3,2,1,0.1,0.1,0.1,1,1,3,4,6,8,10,13,16,19,22,25,29,32,36,39,43,46,49,53,56,59,62,64,67,69,71,73,75,76,77,78,79,79,80,80,79,79,78,77,76,75,74,72,71,69,67,65,63,61,59,57,54,52,50,47,45,43,40,38,36,34,32,30,27,25,24,22,20,18,17,15,14,12,11,10,9,8,7,6,5,5,4,3,3,2,2,2,1,1,1,1,1,0.1,0.1,0.1,0.1,0.1,0.1,0.1,0.1,0.1,0.1,0.1,0.1,0.1,0.1,0.1,0.1,0.1,0.1,0.1,0.1,0.1,0.1,0.1,0.1,0.1,0.1,0.1,0.1
0.1,0.1,0.1,0.1,0.1,0.1,0.1,0.1,0.1,0.1,0.1,0.1,0.1,0.1,0.1,0.1,0.1,0.1,0.1,0.1,0.1,0.1,0.1,0.1,0.1,0.1,0.1,0.1,0.1,0.1,1,1,1,1,1,2,2,2,3,3,4,4,5,6,6,7,8,9,10,11,13,14,15,17,18,20,21,23,24,26,28,30,32,34,36,38,40,42,44,46,48,50,52,55,57,59,61,63,64,66,68,70,71,72,74,75,76,77,77,78,78,78,78,77,77,76,75,73,72,70,68,66,63,60,58,55,51,48,45,41,37,34,30,27,23,20,17,14,11,8,6,4,3,1,0.1,0.1,0.1,0.1,1,3,4,6,9,11,14,18,21,25,29,32,36,40,44,47,51,54,56,59,61,62,63,63,63,62,61,59,57,55,52,48,44,40,36,32,27,23,19,15,11,8,5,3,1,0.1,0.1,0.1,1,3,6,9,13,18,23,29,35,42,49,56,63,70,77,84,91,97,102,107,111,114,116,117,118,117,115,113,109,105,100,94,87,80,72,64,56,48,40,33,25,19,13,8,4,2,0.1,0.1,2,5,10,17,25,35,48,62,77,95,114,135,157,181,207,233,261,290,320,350,381,413,445,477,509,541,573,604,636,666,696,725,753,781,807,832,856,879,901,921,940,957,973,988,1001,1012,1022,1031,1038,1043,1047,1050,1050,1050,1047,1043,1038,1031,1022,1012,1001,988,973,957,940,921,901,879,856,832,807,781,753,725,696,666,636,604,573,541,509,477,445,413,381,350,320,290,261,233,207,181,157,135,114,95,77,62,48,35,25,17,10,5,2,0.1,0.1,2,4,8,13,19,25,33,40,48,56,64,72,80,87,94,100,105,109,113,115,117,118,117,116,114,111,107,102,97,91,84,77,70,63,56,49,42,35,29,23,18,13,9,6,3,1,0.1,0.1,0.1,1,3,5,8,11,15,19,23,27,32,36,40,44,48,52,55,57,59,61,62,63,63,63,62,61,59,56,54,51,47,44,40,36,32,29,25,21,18,14,11,9,6,4,3,1,0.1,0.1,0.1,0.1,1,3,4,6,8,11,14,17,20,23,27,30,34,37,41,45,48,51,55,58,60,63,66,68,70,72,73,75,76,77,77,78,78,78,78,77,77,76,75,74,72,71,70,68,66,64,63,61,59,57,55,52,50,48,46,44,42,40,38,36,34,32,30,28,26,24,23,21,20,18,17,15,14,13,11,10,9,8,7,6,6,5,4,4,3,3,2,2,2,1,1,1,1,1,0.1,0.1,0.1,0.1,0.1,0.1,0.1,0.1,0.1,0.1,0.1,0.1,0.1,0.1,0.1,0.1,0.1,0.1,0.1,0.1,0.1,0.1,0.1,0.1,0.1,0.1,0.1
0.1,0.1,0.1,0.1,0.1,0.1,0.1,0.1,0.1,0.1,0.1,0.1,0.1,0.1,0.1,0.1,0.1,0.1,0.1,0.1,0.1,0.1,0.1,0.1,0.1,0.1,0.1,0.1,0.1,0.1,1,1,1,1,1,2,2,3,3,3,4,5,5,6,7,8,8,9,10,11,12,14,15,16,17,19,20,22,23,25,26,28,29,31,33,35,36,38,40,42,44,46,47,49,51,53,55,57,59,60,62,64,65,67,69,70,71,72,73,74,75,75,76,76,76,76,75,74,73,72,70,69,67,64,62,59,56,53,50,46,43,39,36,32,28,24,21,17,14,11,9,6,4,2,1,0.1,0.1,0.1,1,2,3,6,8,11,14,18,22,26,31,35,40,44,49,53,57,61,65,68,70,72,74,74,75,74,73,71,69,66,62,58,54,49,44,39,33,28,23,18,14,10,7,4,2,0.1,0.1,0.1,2,4,7,11,16,22,28,35,43,51,59,68,76,85,93,101,108,115,121,126,131,134,136,137,137,135,133,129,124,118,111,104,96,87,78,68,59,49,40,32,24,17,11,6,2,0.1,0.1,1,4,9,16,25,35,48,62,79,97,117,138,161,185,210,237,264,293,321,351,380,410,440,470,499,528,557,585,612,639,664,689,712,735,756,777,796,814,831,846,861,874,886,897,907,916,924,930,936,941,944,947,948,949,948,947,944,941,936,930,924,916,907,897,886,874,861,846,831,814,796,777,756,735,712,689,664,639,612,585,557,528,499,470,440,410,380,351,321,293,264,237,210,185,161,138,117,97,79,62,48,35,25,16,9,4,1,0.1,0.1,2,6,11,17,24,32,40,49,59,68,78,87,96,104,111,118,124,129,133,135,137,137,136,134,131,126,121,115,108,101,93,85,76,68,59,51,43,35,28,22,16,11,7,4,2,0.1,0.1,0.1,2,4,7,10,14,18,23,28,33,39,44,49,54,58,62,66,69,71,73,74,75,74,74,72,70,68,65,61,57,53,49,44,40,35,31,26,22,18,14,11,8,6,3,2,1,0.1,0.1,0.1,1,2,4,6,9,11,14,17,21,24,28,32,36,39,43,46,50,53,56,59,62,64,67,69,70,72,73,74,75,76,76,76,76,75,75,74,73,72,71,70,69,67,65,64,62,60,59,57,55,53,51,49,47,46,44,42,40,38,36,35,33,31,29,28,26,25,23,22,20,19,17,16,15,14,12,11,10,9,8,8,7,6,5,5,4,3,3,3,2,2,1,1,1,1,1,0.1,0.1,0.1,0.1,0.1,0.1,0.1,0.1,0.1,0.1,0.1,0.1,0.1,0.1,0.1,0.1,0.1,0.1,0.1,0.1,0.1,0.1,0.1,0.1,0.1,0.1,0.1
0.1,0.1,0.1,0.1,0.1,0.1,0.1,0.1,0.1,0.1,0.1,0.1,0.1,0.1,0.1,0.1,0.1,0.1,0.1,0.1,0.1,0.1,0.1,0.1,0.1,0.1,0.1,0.1,0.1,1,1,1,1,1,2,2,2,3,3,4,4,5,5,6,7,8,8,9,10,11,12,13,14,15,16,17,19,20,21,22,24,25,26,28,29,31,32,34,35,37,38,40,42,43,45,47,48,50,52,54,55,57,59,61,62,64,65,67,68,69,71,72,72,73,74,74,74,74,74,73,72,71,69,68,66,63,61,58,55,52,48,45,41,37,33,29,25,22,18,15,11,9,6,4,2,1,0.1,0.1,0.1,1,3,5,7,10,14,18,23,27,32,38,43,48,54,59,64,69,73,77,80,83,85,86,86,86,85,83,80,77,73,68,63,58,52,46,40,33,28,22,17,12,8,4,2,1,0.1,1,2,5,9,13,19,26,34,42,51,61,70,80,90,100,110,119,127,135,141,147,151,154,156,157,156,153,150,145,138,131,123,113,103,93,82,71,60,50,40,30,22,15,9,4,1,0.1,1,3,8,15,24,35,48,62,79,98,118,140,163,188,213,240,267,295,323,351,379,407,435,462,489,515,540,565,588,610,631,651,670,687,703,718,732,745,757,767,777,786,793,800,806,811,816,820,823,826,828,830,831,831,832,831,831,830,828,826,823,820,816,811,806,800,793,786,777,767,757,745,732,718,703,687,670,651,631,610,588,565,540,515,489,462,435,407,379,351,323,295,267,240,213,188,163,140,118,98,79,62,48,35,24,15,8,3,1,0.1,1,4,9,15,22,30,40,50,60,71,82,93,103,113,123,131,138,145,150,153,156,157,156,154,151,147,141,135,127,119,110,100,90,80,70,61,51,42,34,26,19,13,9,5,2,1,0.1,1,2,4,8,12,17,22,28,33,40,46,52,58,63,68,73,77,80,83,85,86,86,86,85,83,80,77,73,69,64,59,54,48,43,38,32,27,23,18,14,10,7,5,3,1,0.1,0.1,0.1,1,2,4,6,9,11,15,18,22,25,29,33,37,41,45,48,52,55,58,61,63,66,68,69,71,72,73,74,74,74,74,74,73,72,72,71,69,68,67,65,64,62,61,59,57,55,54,52,50,48,47,45,43,42,40,38,37,35,34,32,31,29,28,26,25,24,22,21,20,19,17,16,15,14,13,12,11,10,9,8,8,7,6,5,5,4,4,3,3,2,2,2,1,1,1,1,1,0.1,0.1,0.1,0.1,0.1,0.1,0.1,0.1,0.1,0.1,0.1,0.1,0.1,0.1,0.1,0.1,0.1,0.1,0.1,0.1,0.1,0.1,0.1,0.1,0.1,0.1
0.1,0.1,0.1,0.1,0.1,0.1,0.1,0.1,0.1,0.1,0.1,0.1,0.1,0.1,0.1,0.1,0.1,0.1,0.1,0.1,0.1,0.1,0.1,0.1,0.1,0.1,0.1,0.1,1,1,1,1,1,2,2,2,3,3,3,4,4,5,6,6,7,8,8,9,10,11,12,12,13,14,15,16,17,18,19,20,21,22,23,24,25,26,27,29,30,31,32,34,35,37,38,40,41,43,44,46,48,49,51,53,55,57,58,60,62,63,65,67,68,69,70,71,72,72,73,73,73,72,71,70,69,67,65,62,60,57,54,50,46,43,39,34,30,26,22,18,15,11,8,6,4,2,1,0.1,0.1,1,2,4,7,10,14,18,23,28,34,40,46,52,58,65,70,76,81,86,90,93,96,97,98,98,97,95,92,89,84,79,73,67,60,53,46,39,32,26,19,14,9,5,2,1,0.1,1,3,6,10,16,23,31,39,49,60,71,82,93,105,116,127,137,146,155,162,168,172,175,177,177,175,171,166,160,152,143,133,122,110,98,85,73,61,49,38,28,19,12,6,2,0.1,0.1,2,7,13,22,33,46,62,79,98,119,141,165,189,215,242,269,296,323,351,378,404,430,455,479,502,524,544,563,581,598,613,626,639,650,659,668,675,681,686,691,694,697,699,701,702,703,703,704,704,704,704,703,703,703,703,703,703,703,704,704,704,704,703,703,702,701,699,697,694,691,686,681,675,668,659,650,639,626,613,598,581,563,544,524,502,479,455,430,404,378,351,323,296,269,242,215,189,165,141,119,98,79,62,46,33,22,13,7,2,0.1,0.1,2,6,12,19,28,38,49,61,73,85,98,110,122,133,143,152,160,166,171,175,177,177,175,172,168,162,155,146,137,127,116,105,93,82,71,60,49,39,31,23,16,10,6,3,1,0.1,1,2,5,9,14,19,26,32,39,46,53,60,67,73,79,84,89,92,95,97,98,98,97,96,93,90,86,81,76,70,65,58,52,46,40,34,28,23,18,14,10,7,4,2,1,0.1,0.1,1,2,4,6,8,11,15,18,22,26,30,34,39,43,46,50,54,57,60,62,65,67,69,70,71,72,73,73,73,72,72,71,70,69,68,67,65,63,62,60,58,57,55,53,51,49,48,46,44,43,41,40,38,37,35,34,32,31,30,29,27,26,25,24,23,22,21,20,19,18,17,16,15,14,13,12,12,11,10,9,8,8,7,6,6,5,4,4,3,3,3,2,2,2,1,1,1,1,1,0.1,0.1,0.1,0.1,0.1,0.1,0.1,0.1,0.1,0.1,0.1,0.1,0.1,0.1,0.1,0.1,0.1,0.1,0.1,0.1,0.1,0.1,0.1,0.1,0.1
0.1,0.1,0.1,0.1,0.1,0.1,0.1,0.1,0.1,0.1,0.1,0.1,0.1,0.1,0.1,0.1,0.1,0.1,0.1,0.1,0.1,0.1,0.1,0.1,0.1,0.1,0.1,0.1,1,1,1,1,1,2,2,2,3,3,4,4,5,5,6,6,7,7,8,9,9,10,11,11,12,13,14,14,15,16,16,17,18,19,19,20,21,22,22,23,24,25,26,27,28,30,31,32,33,35,36,38,40,41,43,45,47,49,51,53,54,56,58,60,62,64,66,67,69,70,71,72,72,72,72,72,71,70,68,66,64,62,59,55,52,48,44,40,36,31,27,23,19,15,11,8,5,3,1,0.1,0.1,0.1,1,3,6,9,13,17,23,28,35,41,48,55,62,69,76,83,89,94,99,103,107,109,110,110,110,108,105,101,96,90,84,77,69,61,53,45,37,29,22,16,11,6,3,1,0.1,1,3,7,12,18,26,35,45,56,68,81,94,107,120,132,144,155,166,175,183,189,193,196,197,196,193,189,182,174,165,154,142,129,116,102,88,74,61,48,36,26,17,10,4,1,0.1,1,5,11,20,31,44,60,77,97,118,141,165,190,216,243,270,297,324,350,376,401,425,448,469,489,508,524,540,553,565,575,584,591,597,601,604,606,606,606,605,603,601,598,595,592,589,585,582,579,576,574,572,570,569,568,568,568,569,570,572,574,576,579,582,585,589,592,595,598,601,603,605,606,606,606,604,601,597,591,584,575,565,553,540,524,508,489,469,448,425,401,376,350,324,297,270,243,216,190,165,141,118,97,77,60,44,31,20,11,5,1,0.1,1,4,10,17,26,36,48,61,74,88,102,116,129,142,154,165,174,182,189,193,196,197,196,193,189,183,175,166,155,144,132,120,107,94,81,68,56,45,35,26,18,12,7,3,1,0.1,1,3,6,11,16,22,29,37,45,53,61,69,77,84,90,96,101,105,108,110,110,110,109,107,103,99,94,89,83,76,69,62,55,48,41,35,28,23,17,13,9,6,3,1,0.1,0.1,0.1,1,3,5,8,11,15,19,23,27,31,36,40,44,48,52,55,59,62,64,66,68,70,71,72,72,72,72,72,71,70,69,67,66,64,62,60,58,56,54,53,51,49,47,45,43,41,40,38,36,35,33,32,31,30,28,27,26,25,24,23,22,22,21,20,19,19,18,17,16,16,15,14,14,13,12,11,11,10,9,9,8,7,7,6,6,5,5,4,4,3,3,2,2,2,1,1,1,1,1,0.1,0.1,0.1,0.1,0.1,0.1,0.1,0.1,0.1,0.1,0.1,0.1,0.1,0.1,0.1,0.1,0.1,0.1,0.1,0.1,0.1,0.1,0.1,0.1,0.1
0.1,0.1,0.1,0.1,0.1,0.1,0.1,0.1,0.1,0.1,0.1,0.1,0.1,0.1,0.1,0.1,0.1,0.1,0.1,0.1,0.1,0.1,0.1,0.1,0.1,0.1,0.1,1,1,1,1,1,2,2,2,3,3,3,4,4,5,5,6,6,7,7,8,8,9,9,10,10,11,11,12,12,13,13,14,14,14,15,15,16,16,17,17,18,19,19,20,21,22,22,23,24,26,27,28,30,31,33,34,36,38,40,42,44,46,49,51,53,56,58,60,62,64,66,68,69,70,71,72,72,72,72,71,70,68,66,63,60,57,53,50,45,41,37,32,27,23,19,15,11,8,5,3,1,0.1,0.1,1,2,5,8,12,17,22,28,35,42,50,58,66,74,82,89,96,103,108,113,117,120,122,123,122,120,117,113,108,101,94,86,78,69,60,51,42,33,25,18,12,7,3,1,0.1,1,3,7,13,21,30,40,51,64,77,91,106,120,135,149,162,174,185,195,203,209,214,216,217,215,211,205,197,188,176,164,150,135,120,105,89,74,59,46,34,23,14,7,2,0.1,0.1,3,9,17,28,41,57,75,95,117,140,165,190,217,244,271,298,324,350,375,398,420,441,460,477,493,506,517,527,534,540,543,545,546,545,542,538,534,528,522,515,508,500,493,485,478,471,464,458,452,447,442,439,436,434,432,432,432,434,436,439,442,447,452,458,464,471,478,485,493,500,508,515,522,528,534,538,542,545,546,545,543,540,534,527,517,506,493,477,460,441,420,398,375,350,324,298,271,244,217,190,165,140,117,95,75,57,41,28,17,9,3,0.1,0.1,2,7,14,23,34,46,59,74,89,105,120,135,150,164,176,188,197,205,211,215,217,216,214,209,203,195,185,174,162,149,135,120,106,91,77,64,51,40,30,21,13,7,3,1,0.1,1,3,7,12,18,25,33,42,51,60,69,78,86,94,101,108,113,117,120,122,123,122,120,117,113,108,103,96,89,82,74,66,58,50,42,35,28,22,17,12,8,5,2,1,0.1,0.1,1,3,5,8,11,15,19,23,27,32,37,41,45,50,53,57,60,63,66,68,70,71,72,72,72,72,71,70,69,68,66,64,62,60,58,56,53,51,49,46,44,42,40,38,36,34,33,31,30,28,27,26,24,23,22,22,21,20,19,19,18,17,17,16,16,15,15,14,14,14,13,13,12,12,11,11,10,10,9,9,8,8,7,7,6,6,5,5,4,4,3,3,3,2,2,2,1,1,1,1,1,0.1,0.1,0.1,0.1,0.1,0.1,0.1,0.1,0.1,0.1,0.1,0.1,0.1,0.1,0.1,0.1,0.1,0.1,0.1,0.1,0.1,0.1,0.1,0.1
0.1,0.1,0.1,0.1,0.1,0.1,0.1,0.1,0.1,0.1,0.1,0.1,0.1,0.1,0.1,0.1,0.1,0.1,0.1,0.1,0.1,0.1,0.1,0.1,0.1,0.1,0.1,1,1,1,1,1,2,2,2,3,3,3,4,4,5,5,6,6,6,7,7,8,8,8,9,9,9,10,10,10,10,11,11,11,11,11,12,12,12,12,13,13,13,14,14,15,15,16,16,17,18,19,20,21,23,24,26,27,29,31,33,36,38,40,43,45,48,51,53,56,58,61,63,65,67,69,71,72,72,73,73,72,71,70,68,65,62,59,55,51,47,42,37,32,28,23,18,14,10,7,4,2,1,0.1,0.1,2,4,7,11,16,21,28,35,43,51,60,69,78,86,95,103,110,117,123,127,131,133,134,134,132,129,125,119,113,105,96,87,77,67,57,47,37,28,20,13,8,4,1,0.1,1,4,8,15,23,33,45,57,71,86,102,118,134,150,165,179,193,204,215,223,230,234,236,235,233,228,220,211,200,187,172,157,140,123,106,89,73,57,43,30,20,11,5,1,0.1,2,7,14,25,38,53,72,92,114,138,163,189,216,244,271,298,324,349,373,396,417,436,452,467,479,489,497,502,506,507,506,503,498,492,484,475,465,455,444,432,420,408,396,385,374,363,353,344,335,327,321,315,310,306,304,302,301,302,304,306,310,315,321,327,335,344,353,363,374,385,396,408,420,432,444,455,465,475,484,492,498,503,506,507,506,502,497,489,479,467,452,436,417,396,373,349,324,298,271,244,216,189,163,138,114,92,72,53,38,25,14,7,2,0.1,1,5,11,20,30,43,57,73,89,106,123,140,157,172,187,200,211,220,228,233,235,236,234,230,223,215,204,193,179,165,150,134,118,102,86,71,57,45,33,23,15,8,4,1,0.1,1,4,8,13,20,28,37,47,57,67,77,87,96,105,113,119,125,129,132,134,134,133,131,127,123,117,110,103,95,86,78,69,60,51,43,35,28,21,16,11,7,4,2,0.1,0.1,1,2,4,7,10,14,18,23,28,32,37,42,47,51,55,59,62,65,68,70,71,72,73,73,72,72,71,69,67,65,63,61,58,56,53,51,48,45,43,40,38,36,33,31,29,27,26,24,23,21,20,19,18,17,16,16,15,15,14,14,13,13,13,12,12,12,12,11,11,11,11,11,10,10,10,10,9,9,9,8,8,8,7,7,6,6,6,5,5,4,4,3,3,3,2,2,2,1,1,1,1,1,0.1,0.1,0.1,0.1,0.1,0.1,0.1,0.1,0.1,0.1,0.1,0.1,0.1,0.1,0.1,0.1,0.1,0.1,0.1,0.1,0.1,0.1,0.1,0.1
0.1,0.1,0.1,0.1,0.1,0.1,0.1,0.1,0.1,0.1,0.1,0.1,0.1,0.1,0.1,0.1,0.1,0.1,0.1,0.1,0.1,0.1,0.1,0.1,0.1,0.1,1,1,1,1,1,2,2,2,2,3,3,4,4,4,5,5,5,6,6,6,7,7,7,7,8,8,8,8,8,8,8,8,8,8,8,8,8,8,8,8,8,8,8,8,9,9,9,10,10,11,11,12,13,14,15,16,18,19,21,23,25,27,29,32,34,37,40,43,46,49,52,55,58,61,64,66,68,70,72,73,74,74,74,73,71,69,67,64,61,57,52,48,43,38,33,27,22,18,13,9,6,3,1,0.1,0.1,1,3,6,10,14,20,27,35,43,52,61,71,81,91,100,109,117,125,132,137,141,144,146,146,144,141,137,131,123,115,106,96,85,74,63,52,41,31,23,15,9,4,1,0.1,1,4,9,16,26,37,49,63,79,95,112,130,147,164,181,196,211,223,234,243,249,253,254,253,249,243,234,223,210,195,179,162,144,125,106,88,71,54,40,27,16,8,3,0.1,1,4,11,21,34,49,67,88,111,135,161,188,215,243,271,298,324,349,373,394,414,431,446,458,468,475,479,481,480,477,471,464,454,443,431,417,403,387,372,356,340,324,309,294,279,266,253,242,231,221,213,205,199,194,190,187,185,184,185,187,190,194,199,205,213,221,231,242,253,266,279,294,309,324,340,356,372,387,403,417,431,443,454,464,471,477,480,481,479,475,468,458,446,431,414,394,373,349,324,298,271,243,215,188,161,135,111,88,67,49,34,21,11,4,1,0.1,3,8,16,27,40,54,71,88,106,125,144,162,179,195,210,223,234,243,249,253,254,253,249,243,234,223,211,196,181,164,147,130,112,95,79,63,49,37,26,16,9,4,1,0.1,1,4,9,15,23,31,41,52,63,74,85,96,106,115,123,131,137,141,144,146,146,144,141,137,132,125,117,109,100,91,81,71,61,52,43,35,27,20,14,10,6,3,1,0.1,0.1,1,3,6,9,13,18,22,27,33,38,43,48,52,57,61,64,67,69,71,73,74,74,74,73,72,70,68,66,64,61,58,55,52,49,46,43,40,37,34,32,29,27,25,23,21,19,18,16,15,14,13,12,11,11,10,10,9,9,9,8,8,8,8,8,8,8,8,8,8,8,8,8,8,8,8,8,8,8,8,7,7,7,7,6,6,6,5,5,5,4,4,4,3,3,2,2,2,2,1,1,1,1,1,0.1,0.1,0.1,0.1,0.1,0.1,0.1,0.1,0.1,0.1,0.1,0.1,0.1,0.1,0.1,0.1,0.1,0.1,0.1,0.1,0.1,0.1,0.1
0.1,0.1,0.1,0.1,0.1,0.1,0.1,0.1,0.1,0.1,0.1,0.1,0.1,0.1,0.1,0.1,0.1,0.1,0.1,0.1,0.1,0.1,0.1,0.1,0.1,0.1,1,1,1,1,1,2,2,2,3,3,3,4,4,4,5,5,5,5,6,6,6,6,6,6,6,6,6,6,6,6,6,6,5,5,5,5,5,5,4,4,4,4,4,4,4,4,4,5,5,5,6,6,7,8,8,9,10,12,13,15,17,19,21,23,26,29,32,35,38,41,45,48,52,55,59,62,65,68,70,72,74,75,75,75,75,73,71,69,66,62,58,54,49,43,38,33,27,22,17,12,8,5,2,1,0.1,0.1,2,4,8,13,19,26,34,43,52,62,73,83,94,104,114,123,132,140,146,151,154,156,157,155,152,148,142,134,125,115,104,93,81,69,57,45,34,25,16,9,4,1,0.1,1,4,10,18,28,40,54,69,86,104,123,141,160,179,196,213,228,241,252,261,267,271,272,269,264,257,247,234,219,202,184,165,145,125,105,86,67,50,36,23,13,5,1,0.1,2,8,17,29,44,62,83,106,131,157,185,213,242,270,298,324,349,372,393,412,428,441,452,459,463,464,462,458,450,441,429,415,400,383,365,346,327,307,288,268,249,231,214,198,182,168,155,143,133,123,115,108,102,97,94,91,90,89,90,91,94,97,102,108,115,123,133,143,155,168,182,198,214,231,249,268,288,307,327,346,365,383,400,415,429,441,450,458,462,464,463,459,452,441,428,412,393,372,349,324,298,270,242,213,185,157,131,106,83,62,44,29,17,8,2,0.1,1,5,13,23,36,50,67,86,105,125,145,165,184,202,219,234,247,257,264,269,272,271,267,261,252,241,228,213,196,179,160,141,123,104,86,69,54,40,28,18,10,4,1,0.1,1,4,9,16,25,34,45,57,69,81,93,104,115,125,134,142,148,152,155,157,156,154,151,146,140,132,123,114,104,94,83,73,62,52,43,34,26,19,13,8,4,2,0.1,0.1,1,2,5,8,12,17,22,27,33,38,43,49,54,58,62,66,69,71,73,75,75,75,75,74,72,70,68,65,62,59,55,52,48,45,41,38,35,32,29,26,23,21,19,17,15,13,12,10,9,8,8,7,6,6,5,5,5,4,4,4,4,4,4,4,4,4,5,5,5,5,5,5,6,6,6,6,6,6,6,6,6,6,6,6,6,6,5,5,5,5,4,4,4,3,3,3,2,2,2,1,1,1,1,1,0.1,0.1,0.1,0.1,0.1,0.1,0.1,0.1,0.1,0.1,0.1,0.1,0.1,0.1,0.1,0.1,0.1,0.1,0.1,0.1,0.1,0.1,0.1
0.1,0.1,0.1,0.1,0.1,0.1,0.1,0.1,0.1,0.1,0.1,0.1,0.1,0.1,0.1,0.1,0.1,0.1,0.1,0.1,0.1,0.1,0.1,0.1,0.1,1,1,1,1,1,2,2,2,2,3,3,3,4,4,4,4,5,5,5,5,5,5,5,5,5,5,5,5,4,4,4,4,3,3,3,3,2,2,2,2,2,1,1,1,1,1,1,1,1,1,2,2,2,2,3,3,4,5,6,7,8,10,11,13,15,18,21,24,27,30,34,37,41,45,49,53,57,61,64,68,70,73,75,76,77,77,77,76,74,71,68,64,60,55,49,44,38,32,27,21,16,11,7,4,2,0.1,0.1,1,3,7,11,17,24,32,42,52,62,73,85,96,107,118,129,138,147,154,160,164,166,167,166,163,159,152,144,135,124,113,100,87,74,61,49,37,27,18,10,5,1,0.1,1,5,11,20,30,43,59,75,93,113,133,153,173,193,211,229,245,258,270,278,284,287,287,284,278,269,257,243,226,208,188,167,145,124,102,82,63,46,31,19,9,3,0.1,1,5,13,24,39,57,78,101,126,153,181,210,240,269,297,324,349,373,393,412,427,439,447,452,454,452,447,439,428,415,399,381,361,340,318,296,273,250,228,206,185,166,147,130,114,99,86,75,65,56,49,43,37,33,30,27,26,25,24,25,26,27,30,33,37,43,49,56,65,75,86,99,114,130,147,166,185,206,228,250,273,296,318,340,361,381,399,415,428,439,447,452,454,452,447,439,427,412,393,373,349,324,297,269,240,210,181,153,126,101,78,57,39,24,13,5,1,0.1,3,9,19,31,46,63,82,102,124,145,167,188,208,226,243,257,269,278,284,287,287,284,278,270,258,245,229,211,193,173,153,133,113,93,75,59,43,30,20,11,5,1,0.1,1,5,10,18,27,37,49,61,74,87,100,113,124,135,144,152,159,163,166,167,166,164,160,154,147,138,129,118,107,96,85,73,62,52,42,32,24,17,11,7,3,1,0.1,0.1,2,4,7,11,16,21,27,32,38,44,49,55,60,64,68,71,74,76,77,77,77,76,75,73,70,68,64,61,57,53,49,45,41,37,34,30,27,24,21,18,15,13,11,10,8,7,6,5,4,3,3,2,2,2,2,1,1,1,1,1,1,1,1,1,2,2,2,2,2,3,3,3,3,4,4,4,4,5,5,5,5,5,5,5,5,5,5,5,5,4,4,4,4,3,3,3,2,2,2,2,1,1,1,1,1,0.1,0.1,0.1,0.1,0.1,0.1,0.1,0.1,0.1,0.1,0.1,0.1,0.1,0.1,0.1,0.1,0.1,0.1,0.1,0.1,0.1,0.1
0.1,0.1,0.1,0.1,0.1,0.1,0.1,0.1,0.1,0.1,0.1,0.1,0.1,0.1,0.1,0.1,0.1,0.1,0.1,0.1,0.1,0.1,0.1,0.1,0.1,1,1,1,1,1,2,2,2,2,3,3,3,4,4,4,4,4,4,4,4,4,4,4,4,4,4,3,3,3,2,2,2,2,1,1,1,1,0.1,0.1,0.1,0.1,0.1,0.1,0.1,0.1,0.1,0.1,0.1,0.1,0.1,0.1,0.1,0.1,0.1,0.1,0.1,1,1,2,2,3,4,5,7,9,11,13,16,19,22,26,30,34,38,42,47,51,56,60,64,68,71,74,76,78,79,80,79,78,76,73,70,66,61,56,50,44,38,32,26,20,15,10,6,3,1,0.1,0.1,2,5,10,15,22,31,40,50,61,73,85,98,110,122,133,143,153,161,167,172,175,177,176,173,169,162,154,144,133,121,107,94,80,66,53,40,29,19,11,5,1,0.1,1,5,12,21,33,47,63,81,100,121,142,164,185,206,225,244,260,274,286,294,300,302,301,297,289,279,265,249,231,211,189,167,144,121,99,78,58,41,26,15,6,1,0.1,3,9,20,33,51,71,95,120,148,177,207,237,267,296,324,350,373,394,412,427,438,445,448,448,443,436,424,410,393,373,352,329,304,279,253,227,202,178,154,133,112,93,77,62,49,38,28,21,15,10,6,4,2,1,1,0.1,0.1,0.1,0.1,0.1,0.1,0.1,1,1,2,4,6,10,15,21,28,38,49,62,77,93,112,133,154,178,202,227,253,279,304,329,352,373,393,410,424,436,443,448,448,445,438,427,412,394,373,350,324,296,267,237,207,177,148,120,95,71,51,33,20,9,3,0.1,1,6,15,26,41,58,78,99,121,144,167,189,211,231,249,265,279,289,297,301,302,300,294,286,274,260,244,225,206,185,164,142,121,100,81,63,47,33,21,12,5,1,0.1,1,5,11,19,29,40,53,66,80,94,107,121,133,144,154,162,169,173,176,177,175,172,167,161,153,143,133,122,110,98,85,73,61,50,40,31,22,15,10,5,2,0.1,0.1,1,3,6,10,15,20,26,32,38,44,50,56,61,66,70,73,76,78,79,80,79,78,76,74,71,68,64,60,56,51,47,42,38,34,30,26,22,19,16,13,11,9,7,5,4,3,2,2,1,1,0.1,0.1,0.1,0.1,0.1,0.1,0.1,0.1,0.1,0.1,0.1,0.1,0.1,0.1,0.1,0.1,0.1,0.1,0.1,1,1,1,1,2,2,2,2,3,3,3,4,4,4,4,4,4,4,4,4,4,4,4,4,4,3,3,3,2,2,2,2,1,1,1,1,1,0.1,0.1,0.1,0.1,0.1,0.1,0.1,0.1,0.1,0.1,0.1,0.1,0.1,0.1,0.1,0.1,0.1,0.1,0.1,0.1,0.1,0.1
0.1,0.1,0.1,0.1,0.1,0.1,0.1,0.1,0.1,0.1,0.1,0.1,0.1,0.1,0.1,0.1,0.1,0.1,0.1,0.1,0.1,0.1,0.1,0.1,1,1,1,1,1,2,2,2,2,3,3,3,3,3,4,4,4,4,4,4,4,4,4,3,3,3,2,2,2,1,1,1,1,0.1,0.1,0.1,0.1,0.1,0.1,0.1,0.1,0.1,0.1,1,1,1,1,1,1,1,1,1,1,1,1,1,0.1,0.1,0.1,0.1,0.1,0.1,1,1,2,4,5,7,9,12,15,18,22,26,31,35,40,45,50,55,60,64,69,72,76,78,80,82,82,82,81,78,75,72,67,62,56,50,44,37,31,24,18,13,8,5,2,0.1,0.1,1,4,8,13,20,28,38,49,60,72,85,98,111,124,136,147,158,167,174,180,184,185,185,182,178,171,163,153,141,128,114,100,85,70,56,43,31,20,12,5,1,0.1,1,6,13,22,35,50,67,86,107,129,151,174,196,218,239,257,274,289,300,309,314,315,313,308,299,287,272,254,234,212,189,165,141,117,94,72,52,35,21,11,3,0.1,1,6,15,28,44,65,88,114,142,172,202,233,264,295,323,350,375,396,414,428,439,445,447,445,438,428,414,397,376,353,328,301,274,245,217,189,162,136,112,90,71,53,38,26,16,9,4,1,0.1,1,2,5,8,12,15,19,22,24,25,26,25,24,22,19,15,12,8,5,2,1,0.1,1,4,9,16,26,38,53,71,90,112,136,162,189,217,245,274,301,328,353,376,397,414,428,438,445,447,445,439,428,414,396,375,350,323,295,264,233,202,172,142,114,88,65,44,28,15,6,1,0.1,3,11,21,35,52,72,94,117,141,165,189,212,234,254,272,287,299,308,313,315,314,309,300,289,274,257,239,218,196,174,151,129,107,86,67,50,35,22,13,6,1,0.1,1,5,12,20,31,43,56,70,85,100,114,128,141,153,163,171,178,182,185,185,184,180,174,167,158,147,136,124,111,98,85,72,60,49,38,28,20,13,8,4,1,0.1,0.1,2,5,8,13,18,24,31,37,44,50,56,62,67,72,75,78,81,82,82,82,80,78,76,72,69,64,60,55,50,45,40,35,31,26,22,18,15,12,9,7,5,4,2,1,1,0.1,0.1,0.1,0.1,0.1,0.1,1,1,1,1,1,1,1,1,1,1,1,1,1,0.1,0.1,0.1,0.1,0.1,0.1,0.1,0.1,0.1,0.1,1,1,1,1,2,2,2,3,3,3,4,4,4,4,4,4,4,4,4,3,3,3,3,3,2,2,2,2,1,1,1,1,1,0.1,0.1,0.1,0.1,0.1,0.1,0.1,0.1,0.1,0.1,0.1,0.1,0.1,0.1,0.1,0.1,0.1,0.1,0.1,0.1,0.1
0.1,0.1,0.1,0.1,0.1,0.1,0.1,0.1,0.1,0.1,0.1,0.1,0.1,0.1,0.1,0.1,0.1,0.1,0.1,0.1,0.1,0.1,0.1,0.1,1,1,1,1,1,2,2,2,2,3,3,3,3,3,3,4,4,4,3,3,3,3,3,2,2,2,1,1,1,1,0.1,0.1,0.1,0.1,0.1,0.1,0.1,1,1,1,2,2,3,3,4,5,5,5,6,6,6,6,6,5,5,4,4,3,2,2,1,0.1,0.1,0.1,0.1,1,1,3,4,6,9,12,15,19,24,28,33,39,44,49,55,60,65,70,74,78,81,83,85,85,85,83,81,78,74,69,63,57,50,43,36,30,23,17,11,7,3,1,0.1,0.1,2,6,11,18,26,35,46,58,71,84,98,112,125,138,150,162,171,180,186,190,193,193,191,186,180,171,161,149,135,121,105,90,74,59,45,33,22,12,6,1,0.1,1,6,13,24,37,53,71,91,113,136,159,183,207,229,251,270,287,302,313,321,326,326,323,317,306,293,276,257,235,211,187,161,136,111,87,66,46,30,16,7,1,0.1,3,10,22,38,57,80,106,135,165,197,229,261,293,323,351,376,398,417,431,441,447,448,445,436,424,408,387,364,338,310,280,249,218,188,158,130,103,79,58,40,25,14,6,1,0.1,2,6,12,21,31,42,53,65,76,86,95,102,107,110,112,110,107,102,95,86,76,65,53,42,31,21,12,6,2,0.1,1,6,14,25,40,58,79,103,130,158,188,218,249,280,310,338,364,387,408,424,436,445,448,447,441,431,417,398,376,351,323,293,261,229,197,165,135,106,80,57,38,22,10,3,0.1,1,7,16,30,46,66,87,111,136,161,187,211,235,257,276,293,306,317,323,326,326,321,313,302,287,270,251,229,207,183,159,136,113,91,71,53,37,24,13,6,1,0.1,1,6,12,22,33,45,59,74,90,105,121,135,149,161,171,180,186,191,193,193,190,186,180,171,162,150,138,125,112,98,84,71,58,46,35,26,18,11,6,2,0.1,0.1,1,3,7,11,17,23,30,36,43,50,57,63,69,74,78,81,83,85,85,85,83,81,78,74,70,65,60,55,49,44,39,33,28,24,19,15,12,9,6,4,3,1,1,0.1,0.1,0.1,0.1,1,2,2,3,4,4,5,5,6,6,6,6,6,5,5,5,4,3,3,2,2,1,1,1,0.1,0.1,0.1,0.1,0.1,0.1,0.1,1,1,1,1,2,2,2,3,3,3,3,3,4,4,4,3,3,3,3,3,3,2,2,2,2,1,1,1,1,1,0.1,0.1,0.1,0.1,0.1,0.1,0.1,0.1,0.1,0.1,0.1,0.1,0.1,0.1,0.1,0.1,0.1,0.1,0.1,0.1,0.1
0.1,0.1,0.1,0.1,0.1,0.1,0.1,0.1,0.1,0.1,0.1,0.1,0.1,0.1,0.1,0.1,0.1,0.1,0.1,0.1,0.1,0.1,0.1,1,1,1,1,1,1,2,2,2,2,3,3,3,3,3,3,3,3,3,3,3,3,2,2,2,1,1,1,0.1,0.1,0.1,0.1,0.1,0.1,1,1,1,2,3,4,5,6,7,8,9,10,11,12,13,13,14,14,14,14,13,13,12,11,10,8,7,5,4,3,2,1,0.1,0.1,0.1,1,2,4,6,9,13,17,21,26,32,38,43,50,56,61,67,72,77,81,84,87,88,89,88,86,84,80,75,70,64,57,50,43,35,28,21,15,10,5,2,0.1,0.1,1,4,9,15,23,33,43,56,69,82,97,111,125,139,152,164,175,184,191,196,199,200,198,194,187,178,168,155,141,126,111,94,78,63,48,34,23,13,6,2,0.1,2,6,14,25,39,56,75,96,119,143,167,192,216,240,261,281,299,313,324,332,336,335,331,323,312,296,278,257,234,209,183,156,130,104,80,59,40,24,12,4,0.1,1,7,17,31,50,72,98,127,158,190,224,257,290,321,351,378,401,420,436,446,452,452,448,438,424,405,383,357,328,297,264,231,197,165,133,104,78,55,35,20,9,2,0.1,2,9,19,33,51,70,91,114,137,160,182,203,222,238,251,260,266,268,266,260,251,238,222,203,182,160,137,114,91,70,51,33,19,9,2,0.1,2,9,20,35,55,78,104,133,165,197,231,264,297,328,357,383,405,424,438,448,452,452,446,436,420,401,378,351,321,290,257,224,190,158,127,98,72,50,31,17,7,1,0.1,4,12,24,40,59,80,104,130,156,183,209,234,257,278,296,312,323,331,335,336,332,324,313,299,281,261,240,216,192,167,143,119,96,75,56,39,25,14,6,2,0.1,2,6,13,23,34,48,63,78,94,111,126,141,155,168,178,187,194,198,200,199,196,191,184,175,164,152,139,125,111,97,82,69,56,43,33,23,15,9,4,1,0.1,0.1,2,5,10,15,21,28,35,43,50,57,64,70,75,80,84,86,88,89,88,87,84,81,77,72,67,61,56,50,43,38,32,26,21,17,13,9,6,4,2,1,0.1,0.1,0.1,1,2,3,4,5,7,8,10,11,12,13,13,14,14,14,14,13,13,12,11,10,9,8,7,6,5,4,3,2,1,1,1,0.1,0.1,0.1,0.1,0.1,0.1,1,1,1,2,2,2,3,3,3,3,3,3,3,3,3,3,3,3,2,2,2,2,1,1,1,1,1,1,0.1,0.1,0.1,0.1,0.1,0.1,0.1,0.1,0.1,0.1,0.1,0.1,0.1,0.1,0.1,0.1,0.1,0.1,0.1,0.1
0.1,0.1,0.1,0.1,0.1,0.1,0.1,0.1,0.1,0.1,0.1,0.1,0.1,0.1,0.1,0.1,0.1,0.1,0.1,0.1,0.1,0.1,0.1,1,1,1,1,1,2,2,2,2,2,3,3,3,3,3,3,3,3,3,2,2,2,2,1,1,1,0.1,0.1,0.1,0.1,0.1,0.1,1,1,2,3,4,5,7,8,10,12,14,16,18,19,21,23,24,25,26,27,27,27,26,25,24,23,21,19,17,14,12,9,7,5,3,2,1,0.1,0.1,1,2,4,7,11,15,20,25,31,37,44,50,57,63,69,75,80,85,88,91,92,92,92,90,87,82,77,71,64,57,49,42,34,26,19,13,8,4,1,0.1,1,3,7,13,20,29,40,52,66,80,95,110,125,139,153,166,177,187,195,201,204,205,204,200,194,185,174,161,147,132,115,98,82,65,50,36,24,14,6,2,0.1,2,7,15,26,41,58,78,100,124,149,174,200,225,249,271,291,309,323,334,340,343,342,337,328,314,298,278,255,230,204,177,149,122,97,73,51,33,18,8,2,0.1,3,12,25,42,64,90,118,150,183,217,252,287,320,351,379,404,425,441,452,458,459,454,443,428,408,383,354,323,289,254,218,182,147,115,85,59,37,19,7,1,0.1,6,17,33,55,81,112,145,182,220,259,297,335,371,404,433,458,478,493,502,505,502,493,478,458,433,404,371,335,297,259,220,182,145,112,81,55,33,17,6,0.1,1,7,19,37,59,85,115,147,182,218,254,289,323,354,383,408,428,443,454,459,458,452,441,425,404,379,351,320,287,252,217,183,150,118,90,64,42,25,12,3,0.1,2,8,18,33,51,73,97,122,149,177,204,230,255,278,298,314,328,337,342,343,340,334,323,309,291,271,249,225,200,174,149,124,100,78,58,41,26,15,7,2,0.1,2,6,14,24,36,50,65,82,98,115,132,147,161,174,185,194,200,204,205,204,201,195,187,177,166,153,139,125,110,95,80,66,52,40,29,20,13,7,3,1,0.1,1,4,8,13,19,26,34,42,49,57,64,71,77,82,87,90,92,92,92,91,88,85,80,75,69,63,57,50,44,37,31,25,20,15,11,7,4,2,1,0.1,0.1,1,2,3,5,7,9,12,14,17,19,21,23,24,25,26,27,27,27,26,25,24,23,21,19,18,16,14,12,10,8,7,5,4,3,2,1,1,0.1,0.1,0.1,0.1,0.1,0.1,1,1,1,2,2,2,2,3,3,3,3,3,3,3,3,3,2,2,2,2,2,1,1,1,1,1,0.1,0.1,0.1,0.1,0.1,0.1,0.1,0.1,0.1,0.1,0.1,0.1,0.1,0.1,0.1,0.1,0.1,0.1,0.1,0.1
0.1,0.1,0.1,0.1,0.1,0.1,0.1,0.1,0.1,0.1,0.1,0.1,0.1,0.1,0.1,0.1,0.1,0.1,0.1,0.1,0.1,0.1,1,1,1,1,1,1,2,2,2,2,2,3,3,3,3,3,3,3,2,2,2,2,1,1,1,0.1,0.1,0.1,0.1,0.1,0.1,1,2,2,4,5,7,8,11,13,15,18,21,24,27,30,32,35,38,40,42,43,44,45,45,44,43,42,40,37,34,31,28,24,20,17,13,10,7,4,2,1,0.1,0.1,1,3,6,9,14,19,24,31,38,45,52,59,66,73,79,84,89,92,95,96,96,95,93,89,85,79,72,65,57,48,40,32,24,17,11,6,2,0.1,0.1,2,5,10,17,26,37,49,62,76,92,107,123,138,153,166,179,189,198,204,208,210,209,205,199,191,180,167,152,136,119,102,85,68,52,37,25,14,6,2,0.1,2,7,15,27,42,60,81,104,128,154,180,207,232,257,279,299,317,331,341,347,349,347,340,330,315,297,275,251,225,198,170,141,114,88,64,43,26,13,4,0.1,1,7,19,35,55,80,109,141,174,210,246,282,317,350,380,407,430,448,460,467,468,463,452,436,414,387,357,323,286,248,210,172,135,101,71,45,24,10,2,0.1,7,20,41,70,105,146,192,243,298,355,414,473,531,586,638,686,729,765,793,814,827,831,827,814,793,765,729,686,638,586,531,473,414,355,298,243,192,146,105,70,41,20,7,0.1,2,10,24,45,71,101,135,172,210,248,286,323,357,387,414,436,452,463,468,467,460,448,430,407,380,350,317,282,246,210,174,141,109,80,55,35,19,7,1,0.1,4,13,26,43,64,88,114,141,170,198,225,251,275,297,315,330,340,347,349,347,341,331,317,299,279,257,232,207,180,154,128,104,81,60,42,27,15,7,2,0.1,2,6,14,25,37,52,68,85,102,119,136,152,167,180,191,199,205,209,210,208,204,198,189,179,166,153,138,123,107,92,76,62,49,37,26,17,10,5,2,0.1,0.1,2,6,11,17,24,32,40,48,57,65,72,79,85,89,93,95,96,96,95,92,89,84,79,73,66,59,52,45,38,31,24,19,14,9,6,3,1,0.1,0.1,1,2,4,7,10,13,17,20,24,28,31,34,37,40,42,43,44,45,45,44,43,42,40,38,35,32,30,27,24,21,18,15,13,11,8,7,5,4,2,2,1,0.1,0.1,0.1,0.1,0.1,0.1,1,1,1,2,2,2,2,3,3,3,3,3,3,3,2,2,2,2,2,1,1,1,1,1,1,0.1,0.1,0.1,0.1,0.1,0.1,0.1,0.1,0.1,0.1,0.1,0.1,0.1,0.1,0.1,0.1,0.1,0.1,0.1
0.1,0.1,0.1,0.1,0.1,0.1,0.1,0.1,0.1,0.1,0.1,0.1,0.1,0.1,0.1,0.1,0.1,0.1,0.1,0.1,0.1,0.1,1,1,1,1,1,2,2,2,2,2,2,3,3,3,3,3,2,2,2,2,1,1,1,0.1,0.1,0.1,0.1,0.1,0.1,1,1,2,4,5,7,9,12,15,18,21,25,29,33,37,41,45,50,53,57,60,63,65,67,68,68,68,67,65,63,59,56,52,47,42,37,31,26,21,16,11,8,4,2,1,0.1,0.1,2,5,8,13,18,24,31,39,46,54,62,70,77,83,89,94,98,100,101,101,99,96,92,87,80,73,65,56,47,38,30,22,15,9,4,1,0.1,1,3,8,14,23,33,45,58,73,88,104,120,136,151,165,179,190,199,207,211,213,213,210,204,195,184,171,157,140,123,105,88,70,54,39,26,15,7,2,0.1,2,7,16,28,44,63,84,107,132,159,186,212,239,263,286,306,323,337,346,352,353,350,342,330,314,294,271,246,218,190,161,132,104,79,56,36,20,8,2,0.1,4,13,27,47,71,99,131,165,201,239,277,314,349,381,410,435,455,469,477,479,475,464,447,424,397,364,328,289,248,207,167,128,93,62,36,16,4,0.1,5,18,41,73,114,164,222,287,358,435,515,597,681,764,845,922,994,1060,1117,1166,1205,1234,1251,1257,1251,1234,1205,1166,1117,1060,994,922,845,764,681,597,515,435,358,287,222,164,114,73,41,18,5,0.1,4,16,36,62,93,128,167,207,248,289,328,364,397,424,447,464,475,479,477,469,455,435,410,381,349,314,277,239,201,165,131,99,71,47,27,13,4,0.1,2,8,20,36,56,79,104,132,161,190,218,246,271,294,314,330,342,350,353,352,346,337,323,306,286,263,239,212,186,159,132,107,84,63,44,28,16,7,2,0.1,2,7,15,26,39,54,70,88,105,123,140,157,171,184,195,204,210,213,213,211,207,199,190,179,165,151,136,120,104,88,73,58,45,33,23,14,8,3,1,0.1,1,4,9,15,22,30,38,47,56,65,73,80,87,92,96,99,101,101,100,98,94,89,83,77,70,62,54,46,39,31,24,18,13,8,5,2,0.1,0.1,1,2,4,8,11,16,21,26,31,37,42,47,52,56,59,63,65,67,68,68,68,67,65,63,60,57,53,50,45,41,37,33,29,25,21,18,15,12,9,7,5,4,2,1,1,0.1,0.1,0.1,0.1,0.1,0.1,1,1,1,2,2,2,2,3,3,3,3,3,2,2,2,2,2,2,1,1,1,1,1,0.1,0.1,0.1,0.1,0.1,0.1,0.1,0.1,0.1,0.1,0.1,0.1,0.1,0.1,0.1,0.1,0.1,0.1,0.1
0.1,0.1,0.1,0.1,0.1,0.1,0.1,0.1,0.1,0.1,0.1,0.1,0.1,0.1,0.1,0.1,0.1,0.1,0.1,0.1,0.1,1,1,1,1,1,1,2,2,2,2,2,2,3,3,3,2,2,2,2,2,1,1,1,0.1,0.1,0.1,0.1,0.1,1,1,2,3,5,7,9,12,15,19,23,27,32,37,43,48,54,60,65,71,76,81,86,89,93,95,97,98,98,96,94,92,88,83,78,72,65,58,51,44,36,29,23,17,11,7,4,1,0.1,0.1,1,4,8,13,18,25,33,41,49,58,66,74,82,89,95,100,103,105,106,106,103,100,95,88,81,73,64,55,45,36,27,19,13,7,3,1,0.1,2,5,11,19,29,40,54,68,84,100,116,133,149,164,177,189,200,208,213,216,216,213,207,199,188,175,160,144,126,108,90,72,55,40,26,15,7,2,0.1,2,7,16,29,45,64,86,110,136,163,190,217,244,269,291,311,328,341,350,355,355,350,341,327,310,289,265,238,210,180,151,122,94,69,47,28,14,4,0.1,1,8,21,38,61,89,120,155,192,231,270,309,346,381,413,440,462,479,489,493,489,479,462,439,410,376,338,297,254,210,167,126,89,56,30,11,1,1,11,32,64,108,163,229,305,391,485,586,692,803,915,1028,1139,1247,1350,1445,1531,1607,1672,1723,1760,1783,1790,1783,1760,1723,1672,1607,1531,1445,1350,1247,1139,1028,915,803,692,586,485,391,305,229,163,108,64,32,11,1,1,11,30,56,89,126,167,210,254,297,338,376,410,439,462,479,489,493,489,479,462,440,413,381,346,309,270,231,192,155,120,89,61,38,21,8,1,0.1,4,14,28,47,69,94,122,151,180,210,238,265,289,310,327,341,350,355,355,350,341,328,311,291,269,244,217,190,163,136,110,86,64,45,29,16,7,2,0.1,2,7,15,26,40,55,72,90,108,126,144,160,175,188,199,207,213,216,216,213,208,200,189,177,164,149,133,116,100,84,68,54,40,29,19,11,5,2,0.1,1,3,7,13,19,27,36,45,55,64,73,81,88,95,100,103,106,106,105,103,100,95,89,82,74,66,58,49,41,33,25,18,13,8,4,1,0.1,0.1,1,4,7,11,17,23,29,36,44,51,58,65,72,78,83,88,92,94,96,98,98,97,95,93,89,86,81,76,71,65,60,54,48,43,37,32,27,23,19,15,12,9,7,5,3,2,1,1,0.1,0.1,0.1,0.1,0.1,1,1,1,2,2,2,2,2,3,3,3,2,2,2,2,2,2,1,1,1,1,1,1,0.1,0.1,0.1,0.1,0.1,0.1,0.1,0.1,0.1,0.1,0.1,0.1,0.1,0.1,0.1,0.1,0.1,0.1
0.1,0.1,0.1,0.1,0.1,0.1,0.1,0.1,0.1,0.1,0.1,0.1,0.1,0.1,0.1,0.1,0.1,0.1,0.1,0.1,0.1,1,1,1,1,1,1,2,2,2,2,2,2,2,2,2,2,2,2,2,1,1,1,0.1,0.1,0.1,0.1,0.1,1,1,3,4,6,8,11,14,18,23,28,33,39,46,53,60,67,75,82,90,97,104,111,117,122,126,130,132,134,134,133,131,127,123,117,111,103,95,86,77,67,57,48,39,30,23,16,10,5,2,0.1,0.1,1,4,8,13,19,27,35,44,53,62,71,80,88,95,101,106,109,111,112,110,107,103,97,90,82,73,63,53,43,34,25,17,10,5,2,0.1,1,3,8,15,25,36,49,63,79,95,112,129,145,161,175,188,199,207,213,217,217,215,210,202,191,178,163,147,129,110,92,74,56,41,27,16,7,2,0.1,2,7,17,30,46,66,88,113,139,166,194,221,248,273,295,315,331,344,352,355,354,348,338,323,304,282,257,229,200,170,140,111,84,59,38,21,9,2,0.1,4,14,30,51,78,109,143,181,221,262,303,342,380,414,445,470,489,502,508,506,497,481,458,428,393,353,310,264,218,172,128,89,54,27,9,0.1,3,18,46,87,142,211,294,389,497,615,743,879,1021,1167,1314,1461,1605,1745,1876,1998,2109,2205,2287,2352,2399,2428,2437,2428,2399,2352,2287,2205,2109,1998,1876,1745,1605,1461,1314,1167,1021,879,743,615,497,389,294,211,142,87,46,18,3,0.1,9,27,54,89,128,172,218,264,310,353,393,428,458,481,497,506,508,502,489,470,445,414,380,342,303,262,221,181,143,109,78,51,30,14,4,0.1,2,9,21,38,59,84,111,140,170,200,229,257,282,304,323,338,348,354,355,352,344,331,315,295,273,248,221,194,166,139,113,88,66,46,30,17,7,2,0.1,2,7,16,27,41,56,74,92,110,129,147,163,178,191,202,210,215,217,217,213,207,199,188,175,161,145,129,112,95,79,63,49,36,25,15,8,3,1,0.1,2,5,10,17,25,34,43,53,63,73,82,90,97,103,107,110,112,111,109,106,101,95,88,80,71,62,53,44,35,27,19,13,8,4,1,0.1,0.1,2,5,10,16,23,30,39,48,57,67,77,86,95,103,111,117,123,127,131,133,134,134,132,130,126,122,117,111,104,97,90,82,75,67,60,53,46,39,33,28,23,18,14,11,8,6,4,3,1,1,0.1,0.1,0.1,0.1,0.1,1,1,1,2,2,2,2,2,2,2,2,2,2,2,2,2,1,1,1,1,1,1,0.1,0.1,0.1,0.1,0.1,0.1,0.1,0.1,0.1,0.1,0.1,0.1,0.1,0.1,0.1,0.1,0.1,0.1
0.1,0.1,0.1,0.1,0.1,0.1,0.1,0.1,0.1,0.1,0.1,0.1,0.1,0.1,0.1,0.1,0.1,0.1,0.1,0.1,0.1,1,1,1,1,1,2,2,2,2,2,2,2,2,2,2,2,2,2,1,1,1,0.1,0.1,0.1,0.1,0.1,1,2,3,5,7,9,13,17,21,26,32,39,46,54,62,71,80,90,99,109,119,128,137,146,153,160,166,171,174,176,177,176,174,170,165,158,150,141,131,120,108,96,84,72,60,48,38,28,20,13,7,3,1,0.1,1,4,8,14,21,29,38,48,58,68,77,86,95,102,108,113,116,118,117,115,111,106,99,91,82,72,62,51,41,31,22,14,8,3,1,0.1,2,6,12,21,31,44,58,73,90,107,124,141,157,172,185,197,206,213,217,218,216,211,203,193,180,165,149,131,112,93,75,58,41,27,16,7,2,0.1,2,8,17,30,47,67,90,114,141,169,197,224,251,275,298,317,333,344,352,354,352,345,333,317,297,273,247,219,189,158,128,100,73,50,30,15,5,0.1,2,9,23,42,67,97,131,169,210,252,295,337,377,415,448,477,499,515,524,524,517,502,480,450,415,373,328,280,231,182,135,93,56,27,8,0.1,5,24,57,107,173,256,355,470,600,744,901,1068,1244,1426,1612,1800,1986,2167,2342,2507,2659,2797,2917,3019,3099,3158,3193,3205,3193,3158,3099,3019,2917,2797,2659,2507,2342,2167,1986,1800,1612,1426,1244,1068,901,744,600,470,355,256,173,107,57,24,5,0.1,8,27,56,93,135,182,231,280,328,373,415,450,480,502,517,524,524,515,499,477,448,415,377,337,295,252,210,169,131,97,67,42,23,9,2,0.1,5,15,30,50,73,100,128,158,189,219,247,273,297,317,333,345,352,354,352,344,333,317,298,275,251,224,197,169,141,114,90,67,47,30,17,8,2,0.1,2,7,16,27,41,58,75,93,112,131,149,165,180,193,203,211,216,218,217,213,206,197,185,172,157,141,124,107,90,73,58,44,31,21,12,6,2,0.1,1,3,8,14,22,31,41,51,62,72,82,91,99,106,111,115,117,118,116,113,108,102,95,86,77,68,58,48,38,29,21,14,8,4,1,0.1,1,3,7,13,20,28,38,48,60,72,84,96,108,120,131,141,150,158,165,170,174,176,177,176,174,171,166,160,153,146,137,128,119,109,99,90,80,71,62,54,46,39,32,26,21,17,13,9,7,5,3,2,1,0.1,0.1,0.1,0.1,0.1,1,1,1,2,2,2,2,2,2,2,2,2,2,2,2,2,1,1,1,1,1,0.1,0.1,0.1,0.1,0.1,0.1,0.1,0.1,0.1,0.1,0.1,0.1,0.1,0.1,0.1,0.1,0.1,0.1
0.1,0.1,0.1,0.1,0.1,0.1,0.1,0.1,0.1,0.1,0.1,0.1,0.1,0.1,0.1,0.1,0.1,0.1,0.1,0.1,1,1,1,1,1,1,2,2,2,2,2,2,2,2,2,2,2,2,1,1,1,0.1,0.1,0.1,0.1,0.1,1,2,3,5,7,10,14,18,23,29,36,44,52,61,71,81,93,104,116,128,140,153,164,176,186,196,205,212,218,223,226,227,227,224,220,214,206,197,186,174,161,147,132,116,101,86,71,58,45,33,23,15,8,3,1,0.1,1,4,9,16,24,33,43,53,64,74,85,94,103,110,116,121,123,124,123,120,115,109,101,92,82,71,60,48,38,28,19,11,6,2,0.1,1,4,9,17,27,39,52,68,84,101,118,135,152,167,181,194,204,211,216,217,216,211,204,194,181,167,150,132,114,95,76,58,42,28,16,7,2,0.1,2,8,17,31,48,68,91,116,143,170,198,226,252,277,299,318,333,344,350,351,348,340,327,309,288,263,236,207,176,146,116,88,62,40,22,9,2,0.1,5,16,33,56,85,118,156,197,241,285,330,373,414,451,483,509,528,540,544,540,527,506,477,441,399,352,301,249,197,147,101,62,30,9,0.1,6,27,65,122,197,292,407,541,694,864,1050,1250,1462,1684,1912,2144,2376,2606,2830,3044,3246,3432,3600,3747,3871,3969,4040,4083,4098,4083,4040,3969,3871,3747,3600,3432,3246,3044,2830,2606,2376,2144,1912,1684,1462,1250,1050,864,694,541,407,292,197,122,65,27,6,0.1,9,30,62,101,147,197,249,301,352,399,441,477,506,527,540,544,540,528,509,483,451,414,373,330,285,241,197,156,118,85,56,33,16,5,0.1,2,9,22,40,62,88,116,146,176,207,236,263,288,309,327,340,348,351,350,344,333,318,299,277,252,226,198,170,143,116,91,68,48,31,17,8,2,0.1,2,7,16,28,42,58,76,95,114,132,150,167,181,194,204,211,216,217,216,211,204,194,181,167,152,135,118,101,84,68,52,39,27,17,9,4,1,0.1,2,6,11,19,28,38,48,60,71,82,92,101,109,115,120,123,124,123,121,116,110,103,94,85,74,64,53,43,33,24,16,9,4,1,0.1,1,3,8,15,23,33,45,58,71,86,101,116,132,147,161,174,186,197,206,214,220,224,227,227,226,223,218,212,205,196,186,176,164,153,140,128,116,104,93,81,71,61,52,44,36,29,23,18,14,10,7,5,3,2,1,0.1,0.1,0.1,0.1,0.1,1,1,1,2,2,2,2,2,2,2,2,2,2,2,2,1,1,1,1,1,1,0.1,0.1,0.1,0.1,0.1,0.1,0.1,0.1,0.1,0.1,0.1,0.1,0.1,0.1,0.1,0.1,0.1
0.1,0.1,0.1,0.1,0.1,0.1,0.1,0.1,0.1,0.1,0.1,0.1,0.1,0.1,0.1,0.1,0.1,0.1,0.1,0.1,1,1,1,1,1,2,2,2,2,2,2,2,2,2,2,2,2,1,1,1,0.1,0.1,0.1,0.1,0.1,1,2,3,5,8,11,15,19,25,32,39,48,57,67,79,91,104,118,132,147,161,176,191,206,220,233,245,256,265,273,279,283,285,285,283,278,271,262,251,239,224,209,192,174,155,137,118,100,82,66,51,37,26,16,9,4,1,0.1,2,5,11,18,27,37,48,59,71,82,93,103,112,119,125,129,131,131,129,125,119,111,102,92,80,69,57,45,34,24,16,9,4,1,0.1,2,6,13,22,33,47,62,78,95,112,129,146,162,177,190,200,208,213,216,215,211,204,194,182,167,151,133,114,95,77,59,43,28,16,7,2,0.1,2,8,18,31,48,69,92,117,144,172,200,227,253,277,299,317,331,341,346,347,342,333,318,300,278,252,224,194,163,133,103,76,52,31,15,5,0.1,2,10,25,46,73,105,142,184,228,274,321,367,411,451,487,518,541,557,565,563,553,534,507,471,429,381,329,274,218,165,115,71,36,11,0.1,5,27,68,129,213,318,447,599,773,968,1183,1417,1666,1928,2201,2480,2763,3046,3324,3595,3854,4097,4321,4523,4699,4847,4964,5050,5101,5119,5101,5050,4964,4847,4699,4523,4321,4097,3854,3595,3324,3046,2763,2480,2201,1928,1666,1417,1183,968,773,599,447,318,213,129,68,27,5,0.1,11,36,71,115,165,218,274,329,381,429,471,507,534,553,563,565,557,541,518,487,451,411,367,321,274,228,184,142,105,73,46,25,10,2,0.1,5,15,31,52,76,103,133,163,194,224,252,278,300,318,333,342,347,346,341,331,317,299,277,253,227,200,172,144,117,92,69,48,31,18,8,2,0.1,2,7,16,28,43,59,77,95,114,133,151,167,182,194,204,211,215,216,213,208,200,190,177,162,146,129,112,95,78,62,47,33,22,13,6,2,0.1,1,4,9,16,24,34,45,57,69,80,92,102,111,119,125,129,131,131,129,125,119,112,103,93,82,71,59,48,37,27,18,11,5,2,0.1,1,4,9,16,26,37,51,66,82,100,118,137,155,174,192,209,224,239,251,262,271,278,283,285,285,283,279,273,265,256,245,233,220,206,191,176,161,147,132,118,104,91,79,67,57,48,39,32,25,19,15,11,8,5,3,2,1,0.1,0.1,0.1,0.1,0.1,1,1,1,2,2,2,2,2,2,2,2,2,2,2,2,1,1,1,1,1,0.1,0.1,0.1,0.1,0.1,0.1,0.1,0.1,0.1,0.1,0.1,0.1,0.1,0.1,0.1,0.1,0.1
0.1,0.1,0.1,0.1,0.1,0.1,0.1,0.1,0.1,0.1,0.1,0.1,0.1,0.1,0.1,0.1,0.1,0.1,0.1,1,1,1,1,1,1,2,2,2,2,2,2,2,2,2,2,2,1,1,1,0.1,0.1,0.1,0.1,0.1,1,2,3,5,8,11,15,20,26,33,41,50,61,72,85,99,114,130,146,163,181,199,217,235,252,269,285,300,313,325,335,342,347,350,351,348,343,336,326,313,299,282,263,243,222,200,178,156,133,112,92,73,55,40,27,17,9,3,0.1,0.1,2,7,14,22,32,43,55,67,80,92,103,113,122,129,134,137,138,137,134,129,121,113,102,91,79,66,54,42,31,21,13,6,2,0.1,1,4,10,18,28,41,55,71,88,105,123,140,157,172,185,196,204,210,213,213,209,203,194,182,167,151,133,115,96,77,59,43,28,16,7,2,0.1,2,8,18,31,49,69,92,118,144,172,200,227,253,277,297,315,328,337,341,341,335,324,309,289,266,239,211,180,150,120,91,65,42,23,10,2,0.1,5,17,35,60,91,128,169,214,261,310,358,405,450,490,524,552,573,585,588,581,565,540,506,464,415,361,304,245,188,133,85,45,16,1,3,24,65,129,218,332,472,639,833,1051,1295,1560,1846,2150,2468,2797,3133,3473,3811,4143,4465,4772,5061,5326,5565,5773,5948,6086,6187,6248,6268,6248,6187,6086,5948,5773,5565,5326,5061,4772,4465,4143,3811,3473,3133,2797,2468,2150,1846,1560,1295,1051,833,639,472,332,218,129,65,24,3,1,16,45,85,133,188,245,304,361,415,464,506,540,565,581,588,585,573,552,524,490,450,405,358,310,261,214,169,128,91,60,35,17,5,0.1,2,10,23,42,65,91,120,150,180,211,239,266,289,309,324,335,341,341,337,328,315,297,277,253,227,200,172,144,118,92,69,49,31,18,8,2,0.1,2,7,16,28,43,59,77,96,115,133,151,167,182,194,203,209,213,213,210,204,196,185,172,157,140,123,105,88,71,55,41,28,18,10,4,1,0.1,2,6,13,21,31,42,54,66,79,91,102,113,121,129,134,137,138,137,134,129,122,113,103,92,80,67,55,43,32,22,14,7,2,0.1,0.1,3,9,17,27,40,55,73,92,112,133,156,178,200,222,243,263,282,299,313,326,336,343,348,351,350,347,342,335,325,313,300,285,269,252,235,217,199,181,163,146,130,114,99,85,72,61,50,41,33,26,20,15,11,8,5,3,2,1,0.1,0.1,0.1,0.1,0.1,1,1,1,2,2,2,2,2,2,2,2,2,2,2,1,1,1,1,1,1,0.1,0.1,0.1,0.1,0.1,0.1,0.1,0.1,0.1,0.1,0.1,0.1,0.1,0.1,0.1,0.1
0.1,0.1,0.1,0.1,0.1,0.1,0.1,0.1,0.1,0.1,0.1,0.1,0.1,0.1,0.1,0.1,0.1,0.1,0.1,1,1,1,1,1,1,2,2,2,2,2,2,2,2,2,2,1,1,1,1,0.1,0.1,0.1,0.1,1,2,3,5,7,11,15,20,26,34,42,52,63,76,90,105,122,139,158,178,198,220,241,262,284,304,325,344,361,377,391,403,412,419,423,424,422,416,408,397,383,366,347,325,302,278,252,226,199,173,147,122,99,78,58,42,27,16,8,3,0.1,1,4,9,17,27,38,50,63,77,90,102,114,124,133,139,144,146,146,144,139,132,124,113,102,89,76,63,50,38,27,17,10,4,1,0.1,2,7,14,24,35,49,65,81,99,116,133,150,165,179,191,200,206,210,210,207,201,192,181,167,151,133,115,96,77,59,43,28,17,8,2,0.1,2,8,18,32,49,69,92,118,144,172,200,226,252,275,295,312,324,332,335,333,326,314,298,277,253,226,197,166,136,106,78,53,32,16,5,0.1,2,11,26,49,78,113,153,198,246,296,347,397,445,490,529,562,588,604,612,610,598,575,543,503,454,400,340,279,217,158,104,59,24,4,1,18,57,122,213,332,481,660,870,1110,1378,1674,1996,2340,2703,3083,3474,3872,4273,4671,5061,5439,5800,6137,6448,6726,6969,7173,7335,7452,7523,7547,7523,7452,7335,7173,6969,6726,6448,6137,5800,5439,5061,4671,4273,3872,3474,3083,2703,2340,1996,1674,1378,1110,870,660,481,332,213,122,57,18,1,4,24,59,104,158,217,279,340,400,454,503,543,575,598,610,612,604,588,562,529,490,445,397,347,296,246,198,153,113,78,49,26,11,2,0.1,5,16,32,53,78,106,136,166,197,226,253,277,298,314,326,333,335,332,324,312,295,275,252,226,200,172,144,118,92,69,49,32,18,8,2,0.1,2,8,17,28,43,59,77,96,115,133,151,167,181,192,201,207,210,210,206,200,191,179,165,150,133,116,99,81,65,49,35,24,14,7,2,0.1,1,4,10,17,27,38,50,63,76,89,102,113,124,132,139,144,146,146,144,139,133,124,114,102,90,77,63,50,38,27,17,9,4,1,0.1,3,8,16,27,42,58,78,99,122,147,173,199,226,252,278,302,325,347,366,383,397,408,416,422,424,423,419,412,403,391,377,361,344,325,304,284,262,241,220,198,178,158,139,122,105,90,76,63,52,42,34,26,20,15,11,7,5,3,2,1,0.1,0.1,0.1,0.1,1,1,1,1,2,2,2,2,2,2,2,2,2,2,1,1,1,1,1,1,0.1,0.1,0.1,0.1,0.1,0.1,0.1,0.1,0.1,0.1,0.1,0.1,0.1,0.1,0.1,0.1
0.1,0.1,0.1,0.1,0.1,0.1,0.1,0.1,0.1,0.1,0.1,0.1,0.1,0.1,0.1,0.1,0.1,0.1,0.1,1,1,1,1,1,2,2,2,2,2,2,2,2,2,2,2,1,1,1,0.1,0.1,0.1,0.1,1,1,3,4,7,10,14,19,26,33,42,53,65,78,93,109,128,147,168,190,213,237,262,287,312,337,362,385,408,428,447,464,478,489,498,503,504,502,497,488,476,460,441,419,395,368,340,310,279,248,217,187,157,130,104,80,59,41,26,15,7,2,0.1,1,6,13,22,33,46,59,73,88,101,114,126,136,144,150,154,155,153,150,143,135,125,113,101,87,73,59,46,34,23,14,7,2,0.1,1,4,10,19,30,43,58,74,91,109,126,143,159,173,185,195,202,206,207,204,199,191,179,166,150,133,115,96,77,59,43,28,17,8,2,0.1,2,8,18,32,49,69,92,117,144,171,198,225,250,272,291,307,319,325,327,324,316,303,286,264,239,212,182,152,122,93,66,43,24,10,2,0.1,6,18,38,64,97,137,181,229,281,333,386,438,487,531,569,600,623,636,639,631,613,584,545,498,443,383,318,253,189,130,78,37,10,0.1,11,46,107,197,318,472,660,883,1140,1430,1754,2108,2490,2897,3326,3771,4229,4695,5162,5625,6079,6517,6934,7325,7684,8005,8286,8521,8707,8842,8924,8951,8924,8842,8707,8521,8286,8005,7684,7325,6934,6517,6079,5625,5162,4695,4229,3771,3326,2897,2490,2108,1754,1430,1140,883,660,472,318,197,107,46,11,0.1,10,37,78,130,189,253,318,383,443,498,545,584,613,631,639,636,623,600,569,531,487,438,386,333,281,229,181,137,97,64,38,18,6,0.1,2,10,24,43,66,93,122,152,182,212,239,264,286,303,316,324,327,325,319,307,291,272,250,225,198,171,144,117,92,69,49,32,18,8,2,0.1,2,8,17,28,43,59,77,96,115,133,150,166,179,191,199,204,207,206,202,195,185,173,159,143,126,109,91,74,58,43,30,19,10,4,1,0.1,2,7,14,23,34,46,59,73,87,101,113,125,135,143,150,153,155,154,150,144,136,126,114,101,88,73,59,46,33,22,13,6,1,0.1,2,7,15,26,41,59,80,104,130,157,187,217,248,279,310,340,368,395,419,441,460,476,488,497,502,504,503,498,489,478,464,447,428,408,385,362,337,312,287,262,237,213,190,168,147,128,109,93,78,65,53,42,33,26,19,14,10,7,4,3,1,1,0.1,0.1,0.1,0.1,1,1,1,2,2,2,2,2,2,2,2,2,2,2,1,1,1,1,1,0.1,0.1,0.1,0.1,0.1,0.1,0.1,0.1,0.1,0.1,0.1,0.1,0.1,0.1,0.1,0.1
0.1,0.1,0.1,0.1,0.1,0.1,0.1,0.1,0.1,0.1,0.1,0.1,0.1,0.1,0.1,0.1,0.1,0.1,1,1,1,1,1,1,2,2,2,2,2,2,2,2,2,2,1,1,1,0.1,0.1,0.1,0.1,0.1,1,2,4,6,9,13,18,25,32,41,52,64,78,94,112,131,152,175,199,225,252,280,308,337,367,396,424,451,477,502,524,543,560,573,583,590,592,590,585,575,561,544,523,498,471,441,408,374,339,303,267,232,198,165,134,106,80,58,39,24,12,5,1,0.1,3,9,18,28,41,55,70,85,100,114,127,139,149,156,161,163,163,160,155,147,137,126,112,98,84,69,55,41,29,19,10,4,1,0.1,2,7,15,25,37,51,67,84,101,119,136,152,166,179,189,196,201,202,201,196,188,177,164,149,132,114,95,77,59,43,28,16,8,2,0.1,2,8,18,31,49,69,92,117,143,170,197,223,247,268,287,302,312,318,319,315,305,291,273,251,225,197,168,138,108,80,55,33,17,5,0.1,2,11,27,51,82,119,163,211,263,317,373,428,480,529,573,610,638,657,666,664,651,626,591,546,492,431,365,296,227,162,103,55,19,2,5,32,87,173,292,447,639,870,1140,1448,1794,2177,2594,3042,3517,4016,4533,5062,5600,6138,6671,7192,7695,8173,8620,9030,9398,9718,9986,10199,10353,10446,10477,10446,10353,10199,9986,9718,9398,9030,8620,8173,7695,7192,6671,6138,5600,5062,4533,4016,3517,3042,2594,2177,1794,1448,1140,870,639,447,292,173,87,32,5,2,19,55,103,162,227,296,365,431,492,546,591,626,651,664,666,657,638,610,573,529,480,428,373,317,263,211,163,119,82,51,27,11,2,0.1,5,17,33,55,80,108,138,168,197,225,251,273,291,305,315,319,318,312,302,287,268,247,223,197,170,143,117,92,69,49,31,18,8,2,0.1,2,8,16,28,43,59,77,95,114,132,149,164,177,188,196,201,202,201,196,189,179,166,152,136,119,101,84,67,51,37,25,15,7,2,0.1,1,4,10,19,29,41,55,69,84,98,112,126,137,147,155,160,163,163,161,156,149,139,127,114,100,85,70,55,41,28,18,9,3,0.1,1,5,12,24,39,58,80,106,134,165,198,232,267,303,339,374,408,441,471,498,523,544,561,575,585,590,592,590,583,573,560,543,524,502,477,451,424,396,367,337,308,280,252,225,199,175,152,131,112,94,78,64,52,41,32,25,18,13,9,6,4,2,1,0.1,0.1,0.1,0.1,0.1,1,1,1,2,2,2,2,2,2,2,2,2,2,1,1,1,1,1,1,0.1,0.1,0.1,0.1,0.1,0.1,0.1,0.1,0.1,0.1,0.1,0.1,0.1,0.1,0.1
0.1,0.1,0.1,0.1,0.1,0.1,0.1,0.1,0.1,0.1,0.1,0.1,0.1,0.1,0.1,0.1,0.1,0.1,1,1,1,1,1,1,2,2,2,2,2,2,2,2,2,2,1,1,1,0.1,0.1,0.1,0.1,1,2,3,5,8,12,17,23,31,40,50,63,77,94,112,132,155,179,205,233,262,293,325,358,392,425,458,491,522,552,580,606,628,648,663,675,683,687,685,680,669,654,635,612,584,553,520,483,445,405,364,323,282,242,204,168,135,104,77,54,35,20,9,3,0.1,1,6,14,24,37,51,66,82,98,114,129,142,153,162,168,172,173,171,166,159,150,138,125,110,95,80,64,50,36,24,15,7,2,0.1,1,4,11,20,32,45,60,77,94,111,128,144,159,172,183,191,196,198,197,192,185,175,162,147,131,113,95,76,59,43,28,16,7,2,0.1,2,8,18,31,48,68,91,116,142,168,195,220,243,264,282,295,305,310,309,304,294,279,260,237,211,182,153,123,95,68,44,25,10,2,0.1,6,18,39,67,102,144,191,243,298,356,414,470,524,573,615,650,676,692,696,689,670,639,597,545,484,417,346,273,202,136,79,35,7,0.1,18,64,142,256,407,599,833,1110,1430,1794,2200,2647,3131,3649,4197,4770,5363,5970,6583,7197,7804,8396,8967,9510,10017,10481,10897,11260,11563,11803,11977,12083,12118,12083,11977,11803,11563,11260,10897,10481,10017,9510,8967,8396,7804,7197,6583,5970,5363,4770,4197,3649,3131,2647,2200,1794,1430,1110,833,599,407,256,142,64,18,0.1,7,35,79,136,202,273,346,417,484,545,597,639,670,689,696,692,676,650,615,573,524,470,414,356,298,243,191,144,102,67,39,18,6,0.1,2,10,25,44,68,95,123,153,182,211,237,260,279,294,304,309,310,305,295,282,264,243,220,195,168,142,116,91,68,48,31,18,8,2,0.1,2,7,16,28,43,59,76,95,113,131,147,162,175,185,192,197,198,196,191,183,172,159,144,128,111,94,77,60,45,32,20,11,4,1,0.1,2,7,15,24,36,50,64,80,95,110,125,138,150,159,166,171,173,172,168,162,153,142,129,114,98,82,66,51,37,24,14,6,1,0.1,3,9,20,35,54,77,104,135,168,204,242,282,323,364,405,445,483,520,553,584,612,635,654,669,680,685,687,683,675,663,648,628,606,580,552,522,491,458,425,392,358,325,293,262,233,205,179,155,132,112,94,77,63,50,40,31,23,17,12,8,5,3,2,1,0.1,0.1,0.1,0.1,1,1,1,2,2,2,2,2,2,2,2,2,2,1,1,1,1,1,1,0.1,0.1,0.1,0.1,0.1,0.1,0.1,0.1,0.1,0.1,0.1,0.1,0.1,0.1,0.1
0.1,0.1,0.1,0.1,0.1,0.1,0.1,0.1,0.1,0.1,0.1,0.1,0.1,0.1,0.1,0.1,0.1,0.1,1,1,1,1,1,2,2,2,2,2,2,2,2,2,2,1,1,1,0.1,0.1,0.1,0.1,0.1,1,2,4,7,10,15,21,28,37,48,60,75,91,110,131,154,180,208,237,269,303,338,374,412,449,487,525,562,598,632,664,693,719,741,760,774,783,787,787,781,770,754,733,707,676,642,605,564,521,476,430,383,337,291,248,206,167,132,100,72,49,30,16,6,1,0.1,3,10,20,32,47,63,80,97,114,130,144,157,167,175,180,183,182,178,171,162,151,138,123,107,91,75,59,44,31,20,11,4,1,0.1,2,8,16,26,39,53,69,86,103,120,137,152,165,176,184,190,193,192,188,181,172,159,145,129,112,94,76,58,42,28,16,7,2,0.1,2,8,18,31,48,68,90,115,140,166,192,216,239,259,276,289,297,301,299,293,282,266,246,222,196,168,139,110,82,57,35,17,6,0.1,2,11,28,52,85,124,170,221,277,336,396,456,514,568,617,659,691,714,726,725,712,687,650,601,542,475,403,327,250,178,112,58,20,1,7,41,108,211,355,541,773,1051,1378,1754,2177,2647,3161,3716,4309,4934,5586,6259,6946,7640,8333,9018,9685,10328,10938,11508,12029,12496,12903,13243,13512,13707,13826,13865,13826,13707,13512,13243,12903,12496,12029,11508,10938,10328,9685,9018,8333,7640,6946,6259,5586,4934,4309,3716,3161,2647,2177,1754,1378,1051,773,541,355,211,108,41,7,1,20,58,112,178,250,327,403,475,542,601,650,687,712,725,726,714,691,659,617,568,514,456,396,336,277,221,170,124,85,52,28,11,2,0.1,6,17,35,57,82,110,139,168,196,222,246,266,282,293,299,301,297,289,276,259,239,216,192,166,140,115,90,68,48,31,18,8,2,0.1,2,7,16,28,42,58,76,94,112,129,145,159,172,181,188,192,193,190,184,176,165,152,137,120,103,86,69,53,39,26,16,8,2,0.1,1,4,11,20,31,44,59,75,91,107,123,138,151,162,171,178,182,183,180,175,167,157,144,130,114,97,80,63,47,32,20,10,3,0.1,1,6,16,30,49,72,100,132,167,206,248,291,337,383,430,476,521,564,605,642,676,707,733,754,770,781,787,787,783,774,760,741,719,693,664,632,598,562,525,487,449,412,374,338,303,269,237,208,180,154,131,110,91,75,60,48,37,28,21,15,10,7,4,2,1,0.1,0.1,0.1,0.1,0.1,1,1,1,2,2,2,2,2,2,2,2,2,2,1,1,1,1,1,0.1,0.1,0.1,0.1,0.1,0.1,0.1,0.1,0.1,0.1,0.1,0.1,0.1,0.1,0.1
0.1,0.1,0.1,0.1,0.1,0.1,0.1,0.1,0.1,0.1,0.1,0.1,0.1,0.1,0.1,0.1,0.1,1,1,1,1,1,1,2,2,2,2,2,2,2,2,2,2,1,1,1,0.1,0.1,0.1,0.1,1,2,3,6,9,13,19,26,34,44,56,71,87,106,128,151,178,207,238,272,308,345,385,426,468,511,553,596,637,678,716,752,785,814,840,861,877,888,894,894,888,876,859,836,808,774,737,695,650,602,552,500,448,396,345,295,248,203,162,125,93,65,42,24,11,3,0.1,1,7,16,28,43,59,77,95,113,130,146,161,173,182,189,192,192,190,184,175,164,151,136,120,103,85,69,53,38,26,15,7,2,0.1,1,5,12,21,33,47,62,79,96,113,129,144,157,169,178,184,187,187,184,178,168,157,143,127,110,92,75,58,42,28,16,7,2,0.1,2,8,17,31,47,67,89,113,138,164,189,213,234,254,269,281,288,291,289,281,269,252,232,208,181,153,124,96,70,46,26,11,2,0.1,5,18,39,68,105,148,199,254,313,375,438,500,559,614,662,702,732,752,759,753,735,703,659,604,538,465,387,307,228,154,90,40,9,0.1,20,73,163,294,470,694,968,1295,1674,2108,2594,3131,3716,4346,5017,5723,6458,7214,7986,8764,9540,10306,11052,11769,12449,13084,13665,14185,14637,15016,15316,15533,15664,15708,15664,15533,15316,15016,14637,14185,13665,13084,12449,11769,11052,10306,9540,8764,7986,7214,6458,5723,5017,4346,3716,3131,2594,2108,1674,1295,968,694,470,294,163,73,20,0.1,9,40,90,154,228,307,387,465,538,604,659,703,735,753,759,752,732,702,662,614,559,500,438,375,313,254,199,148,105,68,39,18,5,0.1,2,11,26,46,70,96,124,153,181,208,232,252,269,281,289,291,288,281,269,254,234,213,189,164,138,113,89,67,47,31,17,8,2,0.1,2,7,16,28,42,58,75,92,110,127,143,157,168,178,184,187,187,184,178,169,157,144,129,113,96,79,62,47,33,21,12,5,1,0.1,2,7,15,26,38,53,69,85,103,120,136,151,164,175,184,190,192,192,189,182,173,161,146,130,113,95,77,59,43,28,16,7,1,0.1,3,11,24,42,65,93,125,162,203,248,295,345,396,448,500,552,602,650,695,737,774,808,836,859,876,888,894,894,888,877,861,840,814,785,752,716,678,637,596,553,511,468,426,385,345,308,272,238,207,178,151,128,106,87,71,56,44,34,26,19,13,9,6,3,2,1,0.1,0.1,0.1,0.1,1,1,1,2,2,2,2,2,2,2,2,2,2,1,1,1,1,1,1,0.1,0.1,0.1,0.1,0.1,0.1,0.1,0.1,0.1,0.1,0.1,0.1,0.1,0.1
0.1,0.1,0.1,0.1,0.1,0.1,0.1,0.1,0.1,0.1,0.1,0.1,0.1,0.1,0.1,0.1,0.1,1,1,1,1,1,1,2,2,2,2,2,2,2,2,2,2,1,1,0.1,0.1,0.1,0.1,0.1,1,2,4,7,11,16,22,30,40,52,66,82,101,122,146,173,203,235,270,308,348,390,434,480,527,575,622,670,716,761,804,844,881,914,943,967,985,998,1005,1006,1000,988,969,944,914,877,836,790,741,688,632,575,517,459,402,346,292,242,195,153,115,83,55,34,17,6,1,0.1,4,12,24,38,55,73,93,112,131,148,164,178,189,197,202,203,201,196,188,178,164,149,133,115,97,79,62,46,32,20,11,4,1,0.1,3,8,17,28,41,56,71,88,105,121,136,150,162,171,178,181,182,179,173,165,154,140,125,108,91,74,57,41,27,16,7,2,0.1,2,8,17,30,47,66,88,111,136,161,185,208,229,248,262,273,279,281,277,269,256,239,218,193,167,139,111,84,58,36,19,6,0.1,2,10,27,52,86,126,174,229,288,351,416,481,545,605,659,707,745,773,789,792,781,756,718,668,606,534,455,372,288,206,133,71,25,2,6,41,114,229,389,600,864,1183,1560,1996,2490,3042,3649,4309,5017,5769,6559,7379,8223,9082,9947,10809,11658,12485,13280,14033,14735,15378,15952,16452,16870,17201,17440,17585,17634,17585,17440,17201,16870,16452,15952,15378,14735,14033,13280,12485,11658,10809,9947,9082,8223,7379,6559,5769,5017,4309,3649,3042,2490,1996,1560,1183,864,600,389,229,114,41,6,2,25,71,133,206,288,372,455,534,606,668,718,756,781,792,789,773,745,707,659,605,545,481,416,351,288,229,174,126,86,52,27,10,2,0.1,6,19,36,58,84,111,139,167,193,218,239,256,269,277,281,279,273,262,248,229,208,185,161,136,111,88,66,47,30,17,8,2,0.1,2,7,16,27,41,57,74,91,108,125,140,154,165,173,179,182,181,178,171,162,150,136,121,105,88,71,56,41,28,17,8,3,0.1,1,4,11,20,32,46,62,79,97,115,133,149,164,178,188,196,201,203,202,197,189,178,164,148,131,112,93,73,55,38,24,12,4,0.1,1,6,17,34,55,83,115,153,195,242,292,346,402,459,517,575,632,688,741,790,836,877,914,944,969,988,1000,1006,1005,998,985,967,943,914,881,844,804,761,716,670,622,575,527,480,434,390,348,308,270,235,203,173,146,122,101,82,66,52,40,30,22,16,11,7,4,2,1,0.1,0.1,0.1,0.1,0.1,1,1,2,2,2,2,2,2,2,2,2,2,1,1,1,1,1,1,0.1,0.1,0.1,0.1,0.1,0.1,0.1,0.1,0.1,0.1,0.1,0.1,0.1,0.1
0.1,0.1,0.1,0.1,0.1,0.1,0.1,0.1,0.1,0.1,0.1,0.1,0.1,0.1,0.1,0.1,0.1,1,1,1,1,1,2,2,2,2,2,2,2,2,2,2,1,1,1,0.1,0.1,0.1,0.1,1,2,3,6,9,13,19,27,36,47,60,76,94,115,139,166,196,229,265,304,346,390,437,486,536,588,641,694,746,798,848,895,940,981,1018,1050,1077,1098,1112,1120,1122,1116,1103,1084,1057,1024,985,940,890,836,778,717,654,590,526,462,400,340,284,231,183,140,102,71,45,25,11,3,0.1,2,9,20,35,51,70,90,111,131,150,167,182,195,205,211,214,213,209,201,191,178,163,146,128,109,90,72,55,39,26,15,7,2,0.1,1,6,13,23,35,49,64,81,97,113,128,142,154,164,171,175,176,174,169,161,150,137,122,106,89,72,56,41,27,16,7,2,0.1,2,8,17,30,46,65,87,110,134,158,181,204,224,241,255,265,270,271,266,257,243,225,204,179,153,125,98,72,48,28,13,3,0.1,5,17,38,67,105,150,202,260,323,390,457,525,590,651,705,752,788,813,825,823,807,777,732,675,606,528,444,356,268,185,112,53,14,0.1,17,70,164,305,497,744,1050,1417,1846,2340,2897,3517,4197,4934,5723,6559,7435,8344,9277,10226,11180,12130,13066,13976,14850,15677,16448,17154,17784,18332,18790,19153,19416,19575,19628,19575,19416,19153,18790,18332,17784,17154,16448,15677,14850,13976,13066,12130,11180,10226,9277,8344,7435,6559,5723,4934,4197,3517,2897,2340,1846,1417,1050,744,497,305,164,70,17,0.1,14,53,112,185,268,356,444,528,606,675,732,777,807,823,825,813,788,752,705,651,590,525,457,390,323,260,202,150,105,67,38,17,5,0.1,3,13,28,48,72,98,125,153,179,204,225,243,257,266,271,270,265,255,241,224,204,181,158,134,110,87,65,46,30,17,8,2,0.1,2,7,16,27,41,56,72,89,106,122,137,150,161,169,174,176,175,171,164,154,142,128,113,97,81,64,49,35,23,13,6,1,0.1,2,7,15,26,39,55,72,90,109,128,146,163,178,191,201,209,213,214,211,205,195,182,167,150,131,111,90,70,51,35,20,9,2,0.1,3,11,25,45,71,102,140,183,231,284,340,400,462,526,590,654,717,778,836,890,940,985,1024,1057,1084,1103,1116,1122,1120,1112,1098,1077,1050,1018,981,940,895,848,798,746,694,641,588,536,486,437,390,346,304,265,229,196,166,139,115,94,76,60,47,36,27,19,13,9,6,3,2,1,0.1,0.1,0.1,0.1,1,1,1,2,2,2,2,2,2,2,2,2,2,1,1,1,1,1,0.1,0.1,0.1,0.1,0.1,0.1,0.1,0.1,0.1,0.1,0.1,0.1,0.1,0.1
0.1,0.1,0.1,0.1,0.1,0.1,0.1,0.1,0.1,0.1,0.1,0.1,0.1,0.1,0.1,0.1,0.1,1,1,1,1,1,2,2,2,2,2,2,2,2,2,2,1,1,1,0.1,0.1,0.1,0.1,1,2,4,7,11,16,23,31,41,54,69,86,106,130,156,186,219,256,295,338,384,433,485,539,594,651,709,767,825,881,936,989,1038,1083,1124,1160,1189,1213,1229,1239,1241,1236,1222,1201,1173,1138,1095,1047,993,934,871,804,736,666,595,525,457,391,328,269,215,167,124,87,57,34,16,5,0.1,1,7,17,31,48,67,88,109,131,151,170,187,201,212,220,224,224,221,215,205,192,177,159,141,121,101,82,64,47,32,20,10,4,0.1,0.1,3,10,18,30,43,58,74,90,106,121,135,147,157,164,169,171,169,164,157,147,134,120,104,88,71,55,40,27,15,7,2,0.1,2,7,17,29,45,64,85,108,131,155,178,199,218,235,248,256,261,260,255,245,230,212,190,166,139,112,86,61,39,21,8,1,1,9,25,50,84,125,175,231,293,360,429,500,569,636,697,751,796,831,852,860,854,832,796,745,681,606,522,432,340,249,166,93,38,6,2,33,105,222,391,615,901,1250,1666,2150,2703,3326,4016,4770,5586,6458,7379,8344,9343,10367,11408,12454,13493,14516,15511,16465,17368,18210,18979,19666,20263,20763,21158,21444,21617,21675,21617,21444,21158,20763,20263,19666,18979,18210,17368,16465,15511,14516,13493,12454,11408,10367,9343,8344,7379,6458,5586,4770,4016,3326,2703,2150,1666,1250,901,615,391,222,105,33,2,6,38,93,166,249,340,432,522,606,681,745,796,832,854,860,852,831,796,751,697,636,569,500,429,360,293,231,175,125,84,50,25,9,1,1,8,21,39,61,86,112,139,166,190,212,230,245,255,260,261,256,248,235,218,199,178,155,131,108,85,64,45,29,17,7,2,0.1,2,7,15,27,40,55,71,88,104,120,134,147,157,164,169,171,169,164,157,147,135,121,106,90,74,58,43,30,18,10,3,0.1,0.1,4,10,20,32,47,64,82,101,121,141,159,177,192,205,215,221,224,224,220,212,201,187,170,151,131,109,88,67,48,31,17,7,1,0.1,5,16,34,57,87,124,167,215,269,328,391,457,525,595,666,736,804,871,934,993,1047,1095,1138,1173,1201,1222,1236,1241,1239,1229,1213,1189,1160,1124,1083,1038,989,936,881,825,767,709,651,594,539,485,433,384,338,295,256,219,186,156,130,106,86,69,54,41,31,23,16,11,7,4,2,1,0.1,0.1,0.1,0.1,1,1,1,2,2,2,2,2,2,2,2,2,2,1,1,1,1,1,0.1,0.1,0.1,0.1,0.1,0.1,0.1,0.1,0.1,0.1,0.1,0.1,0.1,0.1
0.1,0.1,0.1,0.1,0.1,0.1,0.1,0.1,0.1,0.1,0.1,0.1,0.1,0.1,0.1,0.1,1,1,1,1,1,1,2,2,2,2,2,2,2,2,2,2,1,1,0.1,0.1,0.1,0.1,0.1,1,3,5,8,13,19,26,35,47,61,77,97,119,145,174,207,243,283,327,374,424,478,534,593,653,715,779,842,905,967,1026,1084,1138,1187,1232,1271,1304,1330,1349,1360,1363,1357,1344,1322,1292,1254,1208,1156,1098,1034,966,894,820,744,667,590,515,443,374,309,249,195,147,106,71,43,23,9,1,0.1,5,14,27,44,64,85,108,130,152,173,191,207,220,229,234,236,234,228,218,206,190,173,154,134,113,93,73,55,39,25,14,6,1,0.1,2,7,15,25,37,51,67,83,98,114,128,140,150,158,163,165,164,160,153,143,131,117,102,86,70,54,39,26,15,7,2,0.1,2,7,16,29,45,63,83,106,128,151,173,194,213,228,240,248,251,250,244,233,218,199,177,152,126,100,75,51,31,14,4,0.1,3,15,35,64,101,147,201,261,327,397,470,543,614,682,743,797,841,872,891,895,883,856,814,757,686,605,515,420,324,231,147,77,26,1,9,55,146,287,485,743,1068,1462,1928,2468,3083,3771,4533,5363,6259,7214,8223,9277,10367,11485,12618,13755,14886,15997,17077,18112,19092,20004,20837,21582,22229,22769,23197,23507,23694,23757,23694,23507,23197,22769,22229,21582,20837,20004,19092,18112,17077,15997,14886,13755,12618,11485,10367,9277,8223,7214,6259,5363,4533,3771,3083,2468,1928,1462,1068,743,485,287,146,55,9,1,26,77,147,231,324,420,515,605,686,757,814,856,883,895,891,872,841,797,743,682,614,543,470,397,327,261,201,147,101,64,35,15,3,0.1,4,14,31,51,75,100,126,152,177,199,218,233,244,250,251,248,240,228,213,194,173,151,128,106,83,63,45,29,16,7,2,0.1,2,7,15,26,39,54,70,86,102,117,131,143,153,160,164,165,163,158,150,140,128,114,98,83,67,51,37,25,15,7,2,0.1,1,6,14,25,39,55,73,93,113,134,154,173,190,206,218,228,234,236,234,229,220,207,191,173,152,130,108,85,64,44,27,14,5,0.1,1,9,23,43,71,106,147,195,249,309,374,443,515,590,667,744,820,894,966,1034,1098,1156,1208,1254,1292,1322,1344,1357,1363,1360,1349,1330,1304,1271,1232,1187,1138,1084,1026,967,905,842,779,715,653,593,534,478,424,374,327,283,243,207,174,145,119,97,77,61,47,35,26,19,13,8,5,3,1,0.1,0.1,0.1,0.1,0.1,1,1,2,2,2,2,2,2,2,2,2,2,1,1,1,1,1,1,0.1,0.1,0.1,0.1,0.1,0.1,0.1,0.1,0.1,0.1,0.1,0.1,0.1
0.1,0.1,0.1,0.1,0.1,0.1,0.1,0.1,0.1,0.1,0.1,0.1,0.1,0.1,0.1,0.1,1,1,1,1,1,2,2,2,2,2,2,2,2,2,2,2,1,1,0.1,0.1,0.1,0.1,1,2,4,6,10,15,21,30,40,53,68,86,108,132,160,192,228,268,311,358,409,464,522,583,647,713,780,849,917,985,1052,1117,1180,1238,1292,1341,1384,1420,1448,1469,1481,1485,1480,1466,1443,1411,1371,1323,1267,1205,1137,1063,986,905,823,740,657,576,497,421,350,284,225,171,125,86,54,30,13,3,0.1,3,11,24,41,61,83,106,130,153,175,195,212,227,237,244,247,246,240,232,219,204,187,167,147,125,104,83,64,46,31,19,9,3,0.1,1,4,11,21,32,46,60,76,91,106,120,133,143,151,157,159,159,155,149,139,128,115,100,84,69,53,39,26,15,7,2,0.1,2,7,16,28,44,62,82,103,126,148,169,189,207,221,232,239,242,240,233,221,206,187,164,140,114,89,64,42,23,10,2,0.1,7,22,46,79,120,170,228,292,362,435,511,586,659,727,789,842,884,913,928,928,912,879,831,767,691,603,508,408,309,214,130,62,16,0.1,19,81,192,358,586,879,1244,1684,2201,2797,3474,4229,5062,5970,6946,7986,9082,10226,11408,12618,13844,15073,16295,17495,18659,19776,20832,21815,22713,23515,24211,24793,25253,25586,25788,25855,25788,25586,25253,24793,24211,23515,22713,21815,20832,19776,18659,17495,16295,15073,13844,12618,11408,10226,9082,7986,6946,5970,5062,4229,3474,2797,2201,1684,1244,879,586,358,192,81,19,0.1,16,62,130,214,309,408,508,603,691,767,831,879,912,928,928,913,884,842,789,727,659,586,511,435,362,292,228,170,120,79,46,22,7,0.1,2,10,23,42,64,89,114,140,164,187,206,221,233,240,242,239,232,221,207,189,169,148,126,103,82,62,44,28,16,7,2,0.1,2,7,15,26,39,53,69,84,100,115,128,139,149,155,159,159,157,151,143,133,120,106,91,76,60,46,32,21,11,4,1,0.1,3,9,19,31,46,64,83,104,125,147,167,187,204,219,232,240,246,247,244,237,227,212,195,175,153,130,106,83,61,41,24,11,3,0.1,3,13,30,54,86,125,171,225,284,350,421,497,576,657,740,823,905,986,1063,1137,1205,1267,1323,1371,1411,1443,1466,1480,1485,1481,1469,1448,1420,1384,1341,1292,1238,1180,1117,1052,985,917,849,780,713,647,583,522,464,409,358,311,268,228,192,160,132,108,86,68,53,40,30,21,15,10,6,4,2,1,0.1,0.1,0.1,0.1,1,1,2,2,2,2,2,2,2,2,2,2,2,1,1,1,1,1,0.1,0.1,0.1,0.1,0.1,0.1,0.1,0.1,0.1,0.1,0.1,0.1,0.1
0.1,0.1,0.1,0.1,0.1,0.1,0.1,0.1,0.1,0.1,0.1,0.1,0.1,0.1,0.1,0.1,1,1,1,1,1,2,2,2,2,2,2,2,2,2,2,1,1,1,0.1,0.1,0.1,0.1,1,2,4,7,11,17,24,34,45,59,76,96,119,146,176,211,249,292,339,390,445,504,567,633,701,772,845,919,993,1066,1138,1208,1275,1338,1397,1450,1496,1535,1566,1589,1603,1608,1603,1589,1564,1531,1489,1437,1378,1312,1239,1161,1078,992,903,814,725,637,551,470,392,321,255,196,145,101,66,38,18,6,0.1,2,9,21,38,58,81,105,130,154,177,199,218,233,245,253,257,257,253,245,233,218,200,181,159,137,115,93,73,54,37,24,13,5,1,0.1,3,8,17,27,40,54,69,85,100,114,126,137,145,151,154,154,150,144,136,125,112,98,83,67,52,38,25,15,7,2,0.1,2,7,16,28,43,61,80,101,123,144,165,184,201,215,225,231,233,230,222,210,194,175,152,128,103,78,55,34,17,6,0.1,2,12,30,58,95,140,194,256,324,397,473,551,629,703,772,834,886,926,953,964,960,939,901,846,777,694,601,500,396,294,198,114,49,9,2,33,112,243,435,692,1021,1426,1912,2480,3133,3872,4695,5600,6583,7640,8764,9947,11180,12454,13755,15073,16395,17707,18994,20243,21441,22572,23625,24587,25445,26191,26813,27306,27663,27878,27950,27878,27663,27306,26813,26191,25445,24587,23625,22572,21441,20243,18994,17707,16395,15073,13755,12454,11180,9947,8764,7640,6583,5600,4695,3872,3133,2480,1912,1426,1021,692,435,243,112,33,2,9,49,114,198,294,396,500,601,694,777,846,901,939,960,964,953,926,886,834,772,703,629,551,473,397,324,256,194,140,95,58,30,12,2,0.1,6,17,34,55,78,103,128,152,175,194,210,222,230,233,231,225,215,201,184,165,144,123,101,80,61,43,28,16,7,2,0.1,2,7,15,25,38,52,67,83,98,112,125,136,144,150,154,154,151,145,137,126,114,100,85,69,54,40,27,17,8,3,0.1,1,5,13,24,37,54,73,93,115,137,159,181,200,218,233,245,253,257,257,253,245,233,218,199,177,154,130,105,81,58,38,21,9,2,0.1,6,18,38,66,101,145,196,255,321,392,470,551,637,725,814,903,992,1078,1161,1239,1312,1378,1437,1489,1531,1564,1589,1603,1608,1603,1589,1566,1535,1496,1450,1397,1338,1275,1208,1138,1066,993,919,845,772,701,633,567,504,445,390,339,292,249,211,176,146,119,96,76,59,45,34,24,17,11,7,4,2,1,0.1,0.1,0.1,0.1,1,1,1,2,2,2,2,2,2,2,2,2,2,1,1,1,1,1,0.1,0.1,0.1,0.1,0.1,0.1,0.1,0.1,0.1,0.1,0.1,0.1,0.1
0.1,0.1,0.1,0.1,0.1,0.1,0.1,0.1,0.1,0.1,0.1,0.1,0.1,0.1,0.1,0.1,1,1,1,1,1,2,2,2,2,2,2,2,2,2,2,1,1,1,0.1,0.1,0.1,0.1,1,3,5,8,13,19,27,37,50,65,83,105,130,159,192,229,270,316,367,422,481,544,611,682,755,831,909,988,1067,1146,1223,1298,1370,1438,1500,1557,1607,1649,1683,1708,1723,1729,1725,1710,1685,1650,1605,1551,1489,1418,1341,1258,1169,1078,983,888,792,698,606,518,435,357,286,222,166,118,78,46,23,8,1,1,7,19,35,55,78,103,129,155,179,202,222,240,253,263,268,269,265,258,246,231,214,194,172,149,126,104,82,62,44,29,17,8,2,0.1,1,6,13,23,35,49,63,78,93,107,120,130,139,145,148,149,146,140,132,122,109,96,81,66,51,37,25,14,7,2,0.1,2,7,16,27,42,59,79,99,120,141,161,180,195,208,218,223,224,220,212,199,183,163,141,117,93,69,46,27,12,3,0.1,5,18,40,71,111,161,218,284,355,432,511,591,671,746,816,877,928,967,991,999,990,964,921,861,786,697,598,493,385,279,182,99,38,4,6,51,145,298,515,803,1167,1612,2144,2763,3473,4273,5162,6138,7197,8333,9540,10809,12130,13493,14886,16295,17707,19107,20480,21813,23089,24295,25417,26441,27355,28149,28812,29336,29715,29945,30022,29945,29715,29336,28812,28149,27355,26441,25417,24295,23089,21813,20480,19107,17707,16295,14886,13493,12130,10809,9540,8333,7197,6138,5162,4273,3473,2763,2144,1612,1167,803,515,298,145,51,6,4,38,99,182,279,385,493,598,697,786,861,921,964,990,999,991,967,928,877,816,746,671,591,511,432,355,284,218,161,111,71,40,18,5,0.1,3,12,27,46,69,93,117,141,163,183,199,212,220,224,223,218,208,195,180,161,141,120,99,79,59,42,27,16,7,2,0.1,2,7,14,25,37,51,66,81,96,109,122,132,140,146,149,148,145,139,130,120,107,93,78,63,49,35,23,13,6,1,0.1,2,8,17,29,44,62,82,104,126,149,172,194,214,231,246,258,265,269,268,263,253,240,222,202,179,155,129,103,78,55,35,19,7,1,1,8,23,46,78,118,166,222,286,357,435,518,606,698,792,888,983,1078,1169,1258,1341,1418,1489,1551,1605,1650,1685,1710,1725,1729,1723,1708,1683,1649,1607,1557,1500,1438,1370,1298,1223,1146,1067,988,909,831,755,682,611,544,481,422,367,316,270,229,192,159,130,105,83,65,50,37,27,19,13,8,5,3,1,0.1,0.1,0.1,0.1,1,1,1,2,2,2,2,2,2,2,2,2,2,1,1,1,1,1,0.1,0.1,0.1,0.1,0.1,0.1,0.1,0.1,0.1,0.1,0.1,0.1,0.1
0.1,0.1,0.1,0.1,0.1,0.1,0.1,0.1,0.1,0.1,0.1,0.1,0.1,0.1,0.1,0.1,1,1,1,1,1,2,2,2,2,2,2,2,2,2,2,1,1,1,0.1,0.1,0.1,1,2,3,6,10,15,22,30,41,55,71,91,114,141,172,207,247,291,340,394,453,516,583,655,730,808,889,972,1056,1140,1224,1306,1386,1463,1535,1602,1662,1715,1761,1797,1824,1841,1848,1844,1829,1803,1766,1719,1663,1597,1523,1441,1353,1260,1162,1062,961,859,759,661,567,477,394,317,248,187,134,90,55,29,12,2,0.1,5,16,32,53,76,102,128,155,181,205,227,246,260,271,278,279,277,270,259,244,227,207,184,161,137,114,91,70,51,34,21,10,4,0.1,1,4,10,20,31,44,58,73,87,101,114,125,133,140,143,144,142,137,129,119,107,93,79,64,50,36,24,14,6,2,0.1,2,7,15,27,41,58,77,97,118,138,157,175,190,202,211,215,215,211,202,189,173,153,131,107,83,60,39,21,8,1,1,8,24,50,84,128,181,243,312,387,466,548,631,711,788,858,919,969,1006,1027,1032,1019,988,940,874,793,699,595,485,374,266,168,86,28,1,12,70,182,355,597,915,1314,1800,2376,3046,3811,4671,5625,6671,7804,9018,10306,11658,13066,14516,15997,17495,18994,20480,21938,23351,24705,25983,27172,28257,29225,30065,30767,31323,31724,31967,32048,31967,31724,31323,30767,30065,29225,28257,27172,25983,24705,23351,21938,20480,18994,17495,15997,14516,13066,11658,10306,9018,7804,6671,5625,4671,3811,3046,2376,1800,1314,915,597,355,182,70,12,1,28,86,168,266,374,485,595,699,793,874,940,988,1019,1032,1027,1006,969,919,858,788,711,631,548,466,387,312,243,181,128,84,50,24,8,1,1,8,21,39,60,83,107,131,153,173,189,202,211,215,215,211,202,190,175,157,138,118,97,77,58,41,27,15,7,2,0.1,2,6,14,24,36,50,64,79,93,107,119,129,137,142,144,143,140,133,125,114,101,87,73,58,44,31,20,10,4,1,0.1,4,10,21,34,51,70,91,114,137,161,184,207,227,244,259,270,277,279,278,271,260,246,227,205,181,155,128,102,76,53,32,16,5,0.1,2,12,29,55,90,134,187,248,317,394,477,567,661,759,859,961,1062,1162,1260,1353,1441,1523,1597,1663,1719,1766,1803,1829,1844,1848,1841,1824,1797,1761,1715,1662,1602,1535,1463,1386,1306,1224,1140,1056,972,889,808,730,655,583,516,453,394,340,291,247,207,172,141,114,91,71,55,41,30,22,15,10,6,3,2,1,0.1,0.1,0.1,1,1,1,2,2,2,2,2,2,2,2,2,2,1,1,1,1,1,0.1,0.1,0.1,0.1,0.1,0.1,0.1,0.1,0.1,0.1,0.1,0.1,0.1
0.1,0.1,0.1,0.1,0.1,0.1,0.1,0.1,0.1,0.1,0.1,0.1,0.1,0.1,0.1,1,1,1,1,1,2,2,2,2,2,2,2,2,2,2,2,1,1,0.1,0.1,0.1,0.1,1,2,4,7,11,16,24,33,45,60,77,98,123,151,184,222,264,312,364,421,483,550,621,697,777,859,945,1033,1121,1211,1299,1386,1471,1552,1629,1700,1764,1821,1869,1908,1937,1955,1963,1959,1944,1917,1879,1830,1771,1702,1624,1538,1446,1347,1245,1139,1032,924,818,714,614,519,430,348,273,207,151,103,64,35,15,4,0.1,4,14,30,50,74,100,128,155,183,208,231,251,267,279,287,290,288,282,271,257,239,219,197,173,148,124,100,78,57,40,25,13,5,1,0.1,3,8,16,27,39,53,67,82,95,108,119,128,134,138,139,137,133,126,116,104,91,78,63,49,36,24,14,6,2,0.1,2,7,15,26,41,57,75,95,115,135,153,170,185,196,204,208,207,202,193,180,163,143,121,98,75,52,33,17,5,0.1,2,12,31,60,98,145,202,267,339,417,499,584,669,751,829,899,960,1008,1043,1061,1063,1046,1011,957,886,800,701,592,478,363,253,155,75,21,0.1,21,91,220,414,681,1028,1461,1986,2606,3324,4143,5061,6079,7192,8396,9685,11052,12485,13976,15511,17077,18659,20243,21813,23351,24843,26270,27618,28871,30015,31035,31920,32660,33245,33668,33923,34009,33923,33668,33245,32660,31920,31035,30015,28871,27618,26270,24843,23351,21813,20243,18659,17077,15511,13976,12485,11052,9685,8396,7192,6079,5061,4143,3324,2606,1986,1461,1028,681,414,220,91,21,0.1,21,75,155,253,363,478,592,701,800,886,957,1011,1046,1063,1061,1043,1008,960,899,829,751,669,584,499,417,339,267,202,145,98,60,31,12,2,0.1,5,17,33,52,75,98,121,143,163,180,193,202,207,208,204,196,185,170,153,135,115,95,75,57,41,26,15,7,2,0.1,2,6,14,24,36,49,63,78,91,104,116,126,133,137,139,138,134,128,119,108,95,82,67,53,39,27,16,8,3,0.1,1,5,13,25,40,57,78,100,124,148,173,197,219,239,257,271,282,288,290,287,279,267,251,231,208,183,155,128,100,74,50,30,14,4,0.1,4,15,35,64,103,151,207,273,348,430,519,614,714,818,924,1032,1139,1245,1347,1446,1538,1624,1702,1771,1830,1879,1917,1944,1959,1963,1955,1937,1908,1869,1821,1764,1700,1629,1552,1471,1386,1299,1211,1121,1033,945,859,777,697,621,550,483,421,364,312,264,222,184,151,123,98,77,60,45,33,24,16,11,7,4,2,1,0.1,0.1,0.1,0.1,1,1,2,2,2,2,2,2,2,2,2,2,2,1,1,1,1,1,0.1,0.1,0.1,0.1,0.1,0.1,0.1,0.1,0.1,0.1,0.1,0.1
0.1,0.1,0.1,0.1,0.1,0.1,0.1,0.1,0.1,0.1,0.1,0.1,0.1,0.1,0.1,1,1,1,1,1,2,2,2,2,2,2,2,2,2,2,2,1,1,0.1,0.1,0.1,0.1,1,2,4,7,12,18,26,36,49,64,83,105,131,162,197,236,281,331,386,446,512,582,658,737,821,908,999,1091,1184,1278,1371,1463,1552,1638,1718,1793,1861,1921,1972,2013,2044,2064,2073,2069,2054,2026,1987,1936,1874,1802,1721,1631,1534,1432,1324,1213,1100,987,875,766,660,559,465,377,298,228,167,115,74,42,19,5,0.1,3,12,27,48,72,99,127,156,184,211,235,256,274,287,296,299,299,293,283,269,251,231,208,184,159,133,109,85,64,45,29,17,8,2,0.1,1,6,14,24,35,48,62,76,90,103,114,123,130,134,135,133,129,122,113,102,90,76,62,48,35,23,14,6,2,0.1,2,7,15,26,40,56,74,93,113,132,150,166,180,191,198,201,200,194,185,171,154,134,112,90,67,46,27,13,3,0.1,4,17,39,70,112,162,222,290,366,447,531,618,705,788,867,937,998,1045,1078,1094,1092,1071,1031,973,897,806,702,589,471,353,242,143,65,15,1,31,114,259,473,764,1139,1605,2167,2830,3595,4465,5439,6517,7695,8967,10328,11769,13280,14850,16465,18112,19776,21441,23089,24705,26270,27769,29183,30497,31696,32766,33694,34469,35082,35525,35793,35883,35793,35525,35082,34469,33694,32766,31696,30497,29183,27769,26270,24705,23089,21441,19776,18112,16465,14850,13280,11769,10328,8967,7695,6517,5439,4465,3595,2830,2167,1605,1139,764,473,259,114,31,1,15,65,143,242,353,471,589,702,806,897,973,1031,1071,1092,1094,1078,1045,998,937,867,788,705,618,531,447,366,290,222,162,112,70,39,17,4,0.1,3,13,27,46,67,90,112,134,154,171,185,194,200,201,198,191,180,166,150,132,113,93,74,56,40,26,15,7,2,0.1,2,6,14,23,35,48,62,76,90,102,113,122,129,133,135,134,130,123,114,103,90,76,62,48,35,24,14,6,1,0.1,2,8,17,29,45,64,85,109,133,159,184,208,231,251,269,283,293,299,299,296,287,274,256,235,211,184,156,127,99,72,48,27,12,3,0.1,5,19,42,74,115,167,228,298,377,465,559,660,766,875,987,1100,1213,1324,1432,1534,1631,1721,1802,1874,1936,1987,2026,2054,2069,2073,2064,2044,2013,1972,1921,1861,1793,1718,1638,1552,1463,1371,1278,1184,1091,999,908,821,737,658,582,512,446,386,331,281,236,197,162,131,105,83,64,49,36,26,18,12,7,4,2,1,0.1,0.1,0.1,0.1,1,1,2,2,2,2,2,2,2,2,2,2,2,1,1,1,1,1,0.1,0.1,0.1,0.1,0.1,0.1,0.1,0.1,0.1,0.1,0.1,0.1
0.1,0.1,0.1,0.1,0.1,0.1,0.1,0.1,0.1,0.1,0.1,0.1,0.1,0.1,0.1,1,1,1,1,1,2,2,2,2,2,2,2,2,2,2,2,1,1,0.1,0.1,0.1,0.1,1,3,5,8,13,20,28,39,52,69,88,112,140,172,208,250,297,349,407,471,539,613,692,776,863,955,1049,1146,1243,1342,1440,1536,1629,1719,1803,1882,1953,2016,2069,2113,2146,2167,2176,2173,2158,2129,2089,2036,1972,1898,1813,1720,1619,1511,1399,1283,1165,1047,929,815,704,598,498,406,322,248,183,128,83,48,23,7,0.1,2,10,25,46,70,97,126,156,185,213,239,261,280,294,304,308,308,303,294,280,263,242,219,194,169,143,117,93,71,51,34,20,10,3,0.1,1,5,11,21,32,44,58,72,85,98,109,118,125,129,131,130,126,119,111,100,88,74,61,47,34,23,13,6,2,0.1,2,6,14,25,39,55,73,91,110,129,146,162,175,185,192,194,193,187,177,163,146,126,104,82,60,40,23,9,2,0.1,7,22,47,81,125,179,242,313,391,475,562,651,739,824,903,973,1033,1079,1110,1124,1118,1094,1050,988,907,811,703,585,464,344,231,133,56,10,2,42,137,297,531,845,1247,1745,2342,3044,3854,4772,5800,6934,8173,9510,10938,12449,14033,15677,17368,19092,20832,22572,24295,25983,27618,29183,30659,32031,33282,34399,35367,36176,36815,37277,37557,37650,37557,37277,36815,36176,35367,34399,33282,32031,30659,29183,27618,25983,24295,22572,20832,19092,17368,15677,14033,12449,10938,9510,8173,6934,5800,4772,3854,3044,2342,1745,1247,845,531,297,137,42,2,10,56,133,231,344,464,585,703,811,907,988,1050,1094,1118,1124,1110,1079,1033,973,903,824,739,651,562,475,391,313,242,179,125,81,47,22,7,0.1,2,9,23,40,60,82,104,126,146,163,177,187,193,194,192,185,175,162,146,129,110,91,73,55,39,25,14,6,2,0.1,2,6,13,23,34,47,61,74,88,100,111,119,126,130,131,129,125,118,109,98,85,72,58,44,32,21,11,5,1,0.1,3,10,20,34,51,71,93,117,143,169,194,219,242,263,280,294,303,308,308,304,294,280,261,239,213,185,156,126,97,70,46,25,10,2,0.1,7,23,48,83,128,183,248,322,406,498,598,704,815,929,1047,1165,1283,1399,1511,1619,1720,1813,1898,1972,2036,2089,2129,2158,2173,2176,2167,2146,2113,2069,2016,1953,1882,1803,1719,1629,1536,1440,1342,1243,1146,1049,955,863,776,692,613,539,471,407,349,297,250,208,172,140,112,88,69,52,39,28,20,13,8,5,3,1,0.1,0.1,0.1,0.1,1,1,2,2,2,2,2,2,2,2,2,2,2,1,1,1,1,1,0.1,0.1,0.1,0.1,0.1,0.1,0.1,0.1,0.1,0.1,0.1,0.1
0.1,0.1,0.1,0.1,0.1,0.1,0.1,0.1,0.1,0.1,0.1,0.1,0.1,0.1,0.1,1,1,1,1,1,2,2,2,2,2,2,2,2,2,2,1,1,1,0.1,0.1,0.1,0.1,1,3,5,9,14,21,30,41,55,73,93,118,147,181,219,263,312,367,427,493,565,642,724,811,903,998,1096,1197,1299,1401,1503,1603,1700,1794,1882,1964,2038,2104,2160,2206,2240,2263,2273,2270,2254,2225,2184,2129,2063,1986,1899,1802,1697,1586,1469,1349,1226,1103,980,860,744,634,530,433,345,266,198,139,91,54,26,9,1,1,9,24,44,68,96,126,156,186,215,242,265,285,300,311,317,317,313,304,290,273,252,229,204,178,151,125,100,77,56,38,23,12,5,1,0.1,3,9,18,29,41,54,68,81,94,105,114,121,126,127,127,123,117,108,98,86,73,60,46,34,23,13,6,2,0.1,2,6,14,25,39,54,71,90,108,126,143,158,171,181,187,189,187,180,170,156,139,119,97,76,54,35,19,7,1,1,10,28,54,91,138,194,260,334,415,501,590,681,771,857,936,1007,1066,1111,1140,1151,1143,1115,1068,1001,916,816,703,582,458,335,221,123,49,6,5,53,160,335,586,922,1350,1876,2507,3246,4097,5061,6137,7325,8620,10017,11508,13084,14735,16448,18210,20004,21815,23625,25417,27172,28871,30497,32031,33456,34756,35915,36920,37760,38424,38904,39194,39291,39194,38904,38424,37760,36920,35915,34756,33456,32031,30497,28871,27172,25417,23625,21815,20004,18210,16448,14735,13084,11508,10017,8620,7325,6137,5061,4097,3246,2507,1876,1350,922,586,335,160,53,5,6,49,123,221,335,458,582,703,816,916,1001,1068,1115,1143,1151,1140,1111,1066,1007,936,857,771,681,590,501,415,334,260,194,138,91,54,28,10,1,1,7,19,35,54,76,97,119,139,156,170,180,187,189,187,181,171,158,143,126,108,90,71,54,39,25,14,6,2,0.1,2,6,13,23,34,46,60,73,86,98,108,117,123,127,127,126,121,114,105,94,81,68,54,41,29,18,9,3,0.1,1,5,12,23,38,56,77,100,125,151,178,204,229,252,273,290,304,313,317,317,311,300,285,265,242,215,186,156,126,96,68,44,24,9,1,1,9,26,54,91,139,198,266,345,433,530,634,744,860,980,1103,1226,1349,1469,1586,1697,1802,1899,1986,2063,2129,2184,2225,2254,2270,2273,2263,2240,2206,2160,2104,2038,1964,1882,1794,1700,1603,1503,1401,1299,1197,1096,998,903,811,724,642,565,493,427,367,312,263,219,181,147,118,93,73,55,41,30,21,14,9,5,3,1,0.1,0.1,0.1,0.1,1,1,1,2,2,2,2,2,2,2,2,2,2,1,1,1,1,1,0.1,0.1,0.1,0.1,0.1,0.1,0.1,0.1,0.1,0.1,0.1,0.1
0.1,0.1,0.1,0.1,0.1,0.1,0.1,0.1,0.1,0.1,0.1,0.1,0.1,0.1,0.1,1,1,1,1,1,2,2,2,2,2,2,2,2,2,2,1,1,1,0.1,0.1,0.1,0.1,1,3,6,10,15,22,32,44,58,76,98,124,154,189,229,275,326,382,445,514,588,668,753,844,938,1037,1139,1243,1349,1455,1560,1664,1765,1862,1953,2038,2115,2184,2242,2290,2326,2350,2361,2358,2342,2313,2270,2214,2147,2067,1977,1877,1769,1654,1533,1408,1281,1154,1027,903,782,667,559,458,366,284,212,150,99,59,30,11,1,1,8,22,42,67,95,125,156,187,217,245,269,290,306,318,324,325,322,313,300,283,262,238,213,186,159,132,107,83,61,42,26,14,6,1,0.1,2,8,16,26,38,51,64,77,90,101,110,117,122,124,124,120,114,106,96,84,72,59,46,33,22,13,6,2,0.1,2,6,14,25,38,53,70,88,106,124,141,155,167,176,182,183,181,174,164,149,132,112,91,70,49,31,15,5,0.1,3,13,33,62,101,150,209,277,354,437,525,616,709,800,886,966,1037,1095,1139,1166,1175,1165,1134,1083,1012,924,820,704,579,452,327,213,115,43,4,8,65,182,371,638,994,1445,1998,2659,3432,4321,5326,6448,7684,9030,10481,12029,13665,15378,17154,18979,20837,22713,24587,26441,28257,30015,31696,33282,34756,36099,37298,38337,39204,39890,40386,40686,40787,40686,40386,39890,39204,38337,37298,36099,34756,33282,31696,30015,28257,26441,24587,22713,20837,18979,17154,15378,13665,12029,10481,9030,7684,6448,5326,4321,3432,2659,1998,1445,994,638,371,182,65,8,4,43,115,213,327,452,579,704,820,924,1012,1083,1134,1165,1175,1166,1139,1095,1037,966,886,800,709,616,525,437,354,277,209,150,101,62,33,13,3,0.1,5,15,31,49,70,91,112,132,149,164,174,181,183,182,176,167,155,141,124,106,88,70,53,38,25,14,6,2,0.1,2,6,13,22,33,46,59,72,84,96,106,114,120,124,124,122,117,110,101,90,77,64,51,38,26,16,8,2,0.1,1,6,14,26,42,61,83,107,132,159,186,213,238,262,283,300,313,322,325,324,318,306,290,269,245,217,187,156,125,95,67,42,22,8,1,1,11,30,59,99,150,212,284,366,458,559,667,782,903,1027,1154,1281,1408,1533,1654,1769,1877,1977,2067,2147,2214,2270,2313,2342,2358,2361,2350,2326,2290,2242,2184,2115,2038,1953,1862,1765,1664,1560,1455,1349,1243,1139,1037,938,844,753,668,588,514,445,382,326,275,229,189,154,124,98,76,58,44,32,22,15,10,6,3,1,0.1,0.1,0.1,0.1,1,1,1,2,2,2,2,2,2,2,2,2,2,1,1,1,1,1,0.1,0.1,0.1,0.1,0.1,0.1,0.1,0.1,0.1,0.1,0.1,0.1
0.1,0.1,0.1,0.1,0.1,0.1,0.1,0.1,0.1,0.1,0.1,0.1,0.1,0.1,0.1,1,1,1,1,1,2,2,2,2,2,3,2,2,2,2,1,1,1,0.1,0.1,0.1,1,2,3,6,10,16,24,33,46,61,80,102,129,160,197,238,285,338,396,461,532,609,691,779,872,970,1072,1177,1284,1393,1503,1612,1719,1823,1923,2017,2105,2185,2255,2316,2365,2403,2427,2439,2437,2421,2391,2347,2290,2221,2139,2047,1944,1833,1714,1590,1462,1331,1200,1069,940,816,697,585,480,385,299,224,160,107,65,34,13,2,0.1,7,21,41,65,94,124,156,188,219,247,272,294,311,323,331,333,329,321,308,291,270,247,221,194,166,139,113,88,65,46,29,17,7,2,0.1,2,6,14,24,35,48,61,74,86,97,107,114,119,121,121,118,112,104,95,83,71,58,45,33,22,13,6,2,0.1,2,6,14,24,37,52,69,87,105,122,138,152,164,173,178,179,176,169,158,144,127,107,86,65,45,27,13,3,0.1,4,16,38,69,110,161,222,293,371,456,546,639,733,825,913,993,1063,1121,1164,1190,1197,1184,1150,1096,1022,930,823,704,576,447,321,205,108,37,2,12,76,203,404,686,1060,1531,2109,2797,3600,4523,5565,6726,8005,9398,10897,12496,14185,15952,17784,19666,21582,23515,25445,27355,29225,31035,32766,34399,35915,37298,38531,39600,40492,41198,41708,42017,42120,42017,41708,41198,40492,39600,38531,37298,35915,34399,32766,31035,29225,27355,25445,23515,21582,19666,17784,15952,14185,12496,10897,9398,8005,6726,5565,4523,3600,2797,2109,1531,1060,686,404,203,76,12,2,37,108,205,321,447,576,704,823,930,1022,1096,1150,1184,1197,1190,1164,1121,1063,993,913,825,733,639,546,456,371,293,222,161,110,69,38,16,4,0.1,3,13,27,45,65,86,107,127,144,158,169,176,179,178,173,164,152,138,122,105,87,69,52,37,24,14,6,2,0.1,2,6,13,22,33,45,58,71,83,95,104,112,118,121,121,119,114,107,97,86,74,61,48,35,24,14,6,2,0.1,2,7,17,29,46,65,88,113,139,166,194,221,247,270,291,308,321,329,333,331,323,311,294,272,247,219,188,156,124,94,65,41,21,7,0.1,2,13,34,65,107,160,224,299,385,480,585,697,816,940,1069,1200,1331,1462,1590,1714,1833,1944,2047,2139,2221,2290,2347,2391,2421,2437,2439,2427,2403,2365,2316,2255,2185,2105,2017,1923,1823,1719,1612,1503,1393,1284,1177,1072,970,872,779,691,609,532,461,396,338,285,238,197,160,129,102,80,61,46,33,24,16,10,6,3,2,1,0.1,0.1,0.1,1,1,1,2,2,2,2,3,2,2,2,2,2,1,1,1,1,1,0.1,0.1,0.1,0.1,0.1,0.1,0.1,0.1,0.1,0.1,0.1,0.1
0.1,0.1,0.1,0.1,0.1,0.1,0.1,0.1,0.1,0.1,0.1,0.1,0.1,0.1,0.1,1,1,1,1,1,2,2,2,2,2,3,2,2,2,2,1,1,1,0.1,0.1,0.1,1,2,4,7,11,17,25,35,48,64,83,106,134,166,203,246,294,348,409,475,548,627,711,802,897,998,1102,1210,1320,1432,1545,1656,1766,1873,1976,2073,2163,2245,2317,2380,2431,2469,2495,2507,2505,2489,2459,2414,2356,2285,2202,2107,2002,1888,1767,1640,1509,1375,1239,1105,973,845,723,607,500,402,313,235,169,113,69,37,15,3,0.1,6,20,39,64,93,124,156,188,220,249,275,298,315,328,336,339,336,328,315,298,278,254,228,201,173,145,118,93,69,49,32,18,9,2,0.1,1,5,13,22,33,45,58,71,84,95,104,111,116,119,119,116,110,103,93,82,70,57,45,33,22,13,6,1,0.1,2,6,14,24,37,52,68,86,103,120,136,150,161,169,174,175,172,165,154,139,122,102,82,61,42,24,11,2,0.1,5,19,42,75,118,171,234,306,387,473,565,660,755,848,936,1016,1086,1144,1186,1210,1215,1200,1164,1108,1031,936,826,704,574,442,315,199,102,33,1,15,86,222,433,729,1117,1607,2205,2917,3747,4699,5773,6969,8286,9718,11260,12903,14637,16452,18332,20263,22229,24211,26191,28149,30065,31920,33694,35367,36920,38337,39600,40695,41609,42332,42854,43170,43276,43170,42854,42332,41609,40695,39600,38337,36920,35367,33694,31920,30065,28149,26191,24211,22229,20263,18332,16452,14637,12903,11260,9718,8286,6969,5773,4699,3747,2917,2205,1607,1117,729,433,222,86,15,1,33,102,199,315,442,574,704,826,936,1031,1108,1164,1200,1215,1210,1186,1144,1086,1016,936,848,755,660,565,473,387,306,234,171,118,75,42,19,5,0.1,2,11,24,42,61,82,102,122,139,154,165,172,175,174,169,161,150,136,120,103,86,68,52,37,24,14,6,2,0.1,1,6,13,22,33,45,57,70,82,93,103,110,116,119,119,116,111,104,95,84,71,58,45,33,22,13,5,1,0.1,2,9,18,32,49,69,93,118,145,173,201,228,254,278,298,315,328,336,339,336,328,315,298,275,249,220,188,156,124,93,64,39,20,6,0.1,3,15,37,69,113,169,235,313,402,500,607,723,845,973,1105,1239,1375,1509,1640,1767,1888,2002,2107,2202,2285,2356,2414,2459,2489,2505,2507,2495,2469,2431,2380,2317,2245,2163,2073,1976,1873,1766,1656,1545,1432,1320,1210,1102,998,897,802,711,627,548,475,409,348,294,246,203,166,134,106,83,64,48,35,25,17,11,7,4,2,1,0.1,0.1,0.1,1,1,1,2,2,2,2,3,2,2,2,2,2,1,1,1,1,1,0.1,0.1,0.1,0.1,0.1,0.1,0.1,0.1,0.1,0.1,0.1,0.1
0.1,0.1,0.1,0.1,0.1,0.1,0.1,0.1,0.1,0.1,0.1,0.1,0.1,0.1,0.1,1,1,1,1,2,2,2,2,2,2,3,2,2,2,2,1,1,1,0.1,0.1,0.1,1,2,4,7,11,18,26,36,49,66,85,109,137,170,209,252,302,357,419,487,561,642,728,821,918,1021,1128,1238,1350,1465,1579,1694,1806,1915,2020,2119,2211,2295,2369,2433,2485,2525,2551,2564,2562,2546,2515,2470,2411,2339,2254,2158,2051,1935,1811,1682,1548,1411,1273,1136,1001,870,745,627,516,415,325,245,176,119,73,39,16,3,0.1,6,19,38,63,92,123,156,189,221,251,278,301,319,333,341,344,341,334,321,304,284,260,234,206,178,150,122,97,73,52,34,20,10,3,0.1,1,5,11,20,31,43,56,69,81,92,102,109,114,117,117,114,109,101,92,81,69,57,44,32,22,13,6,1,0.1,2,6,14,24,37,51,68,85,102,119,134,148,159,167,171,172,168,161,150,135,118,99,78,58,39,22,9,2,0.1,7,22,46,80,125,180,244,318,400,488,581,677,773,866,955,1035,1106,1162,1203,1227,1231,1214,1176,1117,1038,941,828,704,572,439,310,194,97,30,1,19,95,238,458,765,1166,1672,2287,3019,3871,4847,5948,7173,8521,9986,11563,13243,15016,16870,18790,20763,22769,24793,26813,28812,30767,32660,34469,36176,37760,39204,40492,41609,42541,43278,43811,44133,44241,44133,43811,43278,42541,41609,40492,39204,37760,36176,34469,32660,30767,28812,26813,24793,22769,20763,18790,16870,15016,13243,11563,9986,8521,7173,5948,4847,3871,3019,2287,1672,1166,765,458,238,95,19,1,30,97,194,310,439,572,704,828,941,1038,1117,1176,1214,1231,1227,1203,1162,1106,1035,955,866,773,677,581,488,400,318,244,180,125,80,46,22,7,0.1,2,9,22,39,58,78,99,118,135,150,161,168,172,171,167,159,148,134,119,102,85,68,51,37,24,14,6,2,0.1,1,6,13,22,32,44,57,69,81,92,101,109,114,117,117,114,109,102,92,81,69,56,43,31,20,11,5,1,0.1,3,10,20,34,52,73,97,122,150,178,206,234,260,284,304,321,334,341,344,341,333,319,301,278,251,221,189,156,123,92,63,38,19,6,0.1,3,16,39,73,119,176,245,325,415,516,627,745,870,1001,1136,1273,1411,1548,1682,1811,1935,2051,2158,2254,2339,2411,2470,2515,2546,2562,2564,2551,2525,2485,2433,2369,2295,2211,2119,2020,1915,1806,1694,1579,1465,1350,1238,1128,1021,918,821,728,642,561,487,419,357,302,252,209,170,137,109,85,66,49,36,26,18,11,7,4,2,1,0.1,0.1,0.1,1,1,1,2,2,2,2,3,2,2,2,2,2,2,1,1,1,1,0.1,0.1,0.1,0.1,0.1,0.1,0.1,0.1,0.1,0.1,0.1,0.1
0.1,0.1,0.1,0.1,0.1,0.1,0.1,0.1,0.1,0.1,0.1,0.1,0.1,0.1,1,1,1,1,1,2,2,2,2,2,3,3,2,2,2,2,1,1,1,0.1,0.1,0.1,1,2,4,7,12,18,26,37,50,67,87,112,140,174,213,257,308,364,427,496,572,654,742,836,935,1039,1148,1260,1374,1490,1607,1723,1837,1948,2055,2155,2249,2334,2410,2475,2528,2568,2596,2608,2607,2591,2560,2514,2455,2382,2296,2198,2089,1972,1846,1715,1579,1439,1299,1160,1023,890,762,642,529,427,334,252,182,124,77,41,17,4,0.1,5,18,37,62,91,123,156,189,222,252,279,303,322,336,345,348,346,338,326,309,289,265,239,211,182,154,126,100,76,54,36,22,11,4,0.1,1,4,10,19,30,42,55,67,79,91,100,107,113,115,115,113,108,100,91,80,68,56,44,32,21,12,6,1,0.1,1,6,13,24,36,51,67,84,101,117,133,146,157,165,169,169,166,158,147,132,115,96,76,55,37,20,8,1,1,8,24,49,85,130,186,252,327,410,499,593,690,787,881,970,1051,1121,1177,1218,1240,1243,1224,1185,1124,1043,944,830,703,570,436,306,190,94,27,0.1,22,102,251,478,793,1205,1723,2352,3099,3969,4964,6086,7335,8707,10199,11803,13512,15316,17201,19153,21158,23197,25253,27306,29336,31323,33245,35082,36815,38424,39890,41198,42332,43278,44026,44567,44894,45004,44894,44567,44026,43278,42332,41198,39890,38424,36815,35082,33245,31323,29336,27306,25253,23197,21158,19153,17201,15316,13512,11803,10199,8707,7335,6086,4964,3969,3099,2352,1723,1205,793,478,251,102,22,0.1,27,94,190,306,436,570,703,830,944,1043,1124,1185,1224,1243,1240,1218,1177,1121,1051,970,881,787,690,593,499,410,327,252,186,130,85,49,24,8,1,1,8,20,37,55,76,96,115,132,147,158,166,169,169,165,157,146,133,117,101,84,67,51,36,24,13,6,1,0.1,1,6,12,21,32,44,56,68,80,91,100,108,113,115,115,113,107,100,91,79,67,55,42,30,19,10,4,1,0.1,4,11,22,36,54,76,100,126,154,182,211,239,265,289,309,326,338,346,348,345,336,322,303,279,252,222,189,156,123,91,62,37,18,5,0.1,4,17,41,77,124,182,252,334,427,529,642,762,890,1023,1160,1299,1439,1579,1715,1846,1972,2089,2198,2296,2382,2455,2514,2560,2591,2607,2608,2596,2568,2528,2475,2410,2334,2249,2155,2055,1948,1837,1723,1607,1490,1374,1260,1148,1039,935,836,742,654,572,496,427,364,308,257,213,174,140,112,87,67,50,37,26,18,12,7,4,2,1,0.1,0.1,0.1,1,1,1,2,2,2,2,3,3,2,2,2,2,2,1,1,1,1,1,0.1,0.1,0.1,0.1,0.1,0.1,0.1,0.1,0.1,0.1,0.1
0.1,0.1,0.1,0.1,0.1,0.1,0.1,0.1,0.1,0.1,0.1,0.1,0.1,0.1,1,1,1,1,1,2,2,2,2,2,3,3,2,2,2,2,1,1,0.1,0.1,0.1,0.1,1,2,4,7,12,18,27,38,51,68,89,114,143,177,216,261,312,369,433,503,579,662,751,846,947,1052,1162,1276,1391,1509,1627,1744,1860,1972,2080,2182,2277,2363,2439,2505,2559,2600,2628,2641,2640,2623,2592,2546,2486,2412,2326,2227,2117,1998,1872,1739,1601,1460,1319,1177,1039,904,775,653,539,435,341,258,186,127,79,43,18,4,0.1,5,17,37,62,91,123,156,190,222,253,281,304,324,338,347,351,349,341,329,313,292,268,242,214,185,156,128,102,78,56,38,23,11,4,0.1,0.1,4,10,19,29,41,53,66,78,89,99,106,111,114,114,112,107,100,90,80,68,56,43,32,21,12,6,1,0.1,1,6,13,24,36,51,67,83,100,117,132,145,156,163,167,168,164,156,145,130,113,94,74,54,35,19,7,1,1,9,25,51,88,134,191,258,334,417,508,602,700,797,891,981,1062,1131,1188,1228,1249,1251,1232,1191,1129,1047,947,831,703,569,434,304,187,91,26,0.1,24,107,260,493,814,1234,1760,2399,3158,4040,5050,6187,7452,8842,10353,11977,13707,15533,17440,19416,21444,23507,25586,27663,29715,31724,33668,35525,37277,38904,40386,41708,42854,43811,44567,45114,45444,45555,45444,45114,44567,43811,42854,41708,40386,38904,37277,35525,33668,31724,29715,27663,25586,23507,21444,19416,17440,15533,13707,11977,10353,8842,7452,6187,5050,4040,3158,2399,1760,1234,814,493,260,107,24,0.1,26,91,187,304,434,569,703,831,947,1047,1129,1191,1232,1251,1249,1228,1188,1131,1062,981,891,797,700,602,508,417,334,258,191,134,88,51,25,9,1,1,7,19,35,54,74,94,113,130,145,156,164,168,167,163,156,145,132,117,100,83,67,51,36,24,13,6,1,0.1,1,6,12,21,32,43,56,68,80,90,100,107,112,114,114,111,106,99,89,78,66,53,41,29,19,10,4,0.1,0.1,4,11,23,38,56,78,102,128,156,185,214,242,268,292,313,329,341,349,351,347,338,324,304,281,253,222,190,156,123,91,62,37,17,5,0.1,4,18,43,79,127,186,258,341,435,539,653,775,904,1039,1177,1319,1460,1601,1739,1872,1998,2117,2227,2326,2412,2486,2546,2592,2623,2640,2641,2628,2600,2559,2505,2439,2363,2277,2182,2080,1972,1860,1744,1627,1509,1391,1276,1162,1052,947,846,751,662,579,503,433,369,312,261,216,177,143,114,89,68,51,38,27,18,12,7,4,2,1,0.1,0.1,0.1,0.1,1,1,2,2,2,2,3,3,2,2,2,2,2,1,1,1,1,1,0.1,0.1,0.1,0.1,0.1,0.1,0.1,0.1,0.1,0.1,0.1
0.1,0.1,0.1,0.1,0.1,0.1,0.1,0.1,0.1,0.1,0.1,0.1,0.1,0.1,1,1,1,1,1,2,2,2,2,2,3,3,3,2,2,2,1,1,0.1,0.1,0.1,0.1,1,2,4,8,12,19,27,38,52,69,90,115,144,178,218,263,315,372,436,507,584,668,757,853,954,1060,1171,1285,1402,1520,1639,1757,1873,1987,2095,2198,2293,2380,2457,2524,2578,2619,2647,2661,2659,2643,2612,2566,2505,2431,2344,2244,2134,2015,1887,1753,1614,1473,1330,1188,1048,913,782,659,545,440,345,261,189,129,81,44,19,4,0.1,5,17,37,61,91,122,156,190,223,254,281,305,325,340,349,352,351,343,331,315,294,270,244,216,187,158,130,103,79,57,38,23,12,4,1,0.1,3,10,18,28,40,53,65,77,88,98,105,111,114,114,111,106,99,90,79,68,55,43,32,21,12,6,1,0.1,1,6,13,23,36,50,66,83,100,116,131,144,155,162,166,166,163,155,144,129,112,92,72,53,34,19,7,1,1,9,26,53,90,137,194,261,338,422,513,608,706,803,898,987,1068,1138,1194,1234,1255,1257,1237,1195,1133,1050,948,831,703,568,432,302,185,90,25,0.1,25,110,266,502,827,1251,1783,2428,3193,4083,5101,6248,7523,8924,10446,12083,13826,15664,17585,19575,21617,23694,25788,27878,29945,31967,33923,35793,37557,39194,40686,42017,43170,44133,44894,45444,45777,45888,45777,45444,44894,44133,43170,42017,40686,39194,37557,35793,33923,31967,29945,27878,25788,23694,21617,19575,17585,15664,13826,12083,10446,8924,7523,6248,5101,4083,3193,2428,1783,1251,827,502,266,110,25,0.1,25,90,185,302,432,568,703,831,948,1050,1133,1195,1237,1257,1255,1234,1194,1138,1068,987,898,803,706,608,513,422,338,261,194,137,90,53,26,9,1,1,7,19,34,53,72,92,112,129,144,155,163,166,166,162,155,144,131,116,100,83,66,50,36,23,13,6,1,0.1,1,6,12,21,32,43,55,68,79,90,99,106,111,114,114,111,105,98,88,77,65,53,40,28,18,10,3,0.1,1,4,12,23,38,57,79,103,130,158,187,216,244,270,294,315,331,343,351,352,349,340,325,305,281,254,223,190,156,122,91,61,37,17,5,0.1,4,19,44,81,129,189,261,345,440,545,659,782,913,1048,1188,1330,1473,1614,1753,1887,2015,2134,2244,2344,2431,2505,2566,2612,2643,2659,2661,2647,2619,2578,2524,2457,2380,2293,2198,2095,1987,1873,1757,1639,1520,1402,1285,1171,1060,954,853,757,668,584,507,436,372,315,263,218,178,144,115,90,69,52,38,27,19,12,8,4,2,1,0.1,0.1,0.1,0.1,1,1,2,2,2,3,3,3,2,2,2,2,2,1,1,1,1,1,0.1,0.1,0.1,0.1,0.1,0.1,0.1,0.1,0.1,0.1,0.1
0.1,0.1,0.1,0.1,0.1,0.1,0.1,0.1,0.1,0.1,0.1,0.1,0.1,0.1,1,1,1,1,1,2,2,2,2,2,3,3,3,2,2,2,1,1,0.1,0.1,0.1,0.1,1,2,4,8,12,19,27,38,52,69,90,115,144,179,219,264,316,373,438,508,586,669,759,855,957,1063,1174,1288,1405,1524,1643,1761,1878,1991,2100,2203,2299,2386,2463,2530,2584,2626,2654,2667,2666,2650,2618,2572,2512,2437,2350,2250,2140,2020,1892,1758,1619,1477,1334,1192,1051,915,785,662,547,441,346,262,190,129,81,44,19,5,0.1,5,17,36,61,90,122,156,190,223,254,282,306,325,340,349,353,351,344,332,315,295,271,245,217,188,159,131,104,79,57,39,23,12,4,1,0.1,3,9,18,28,40,52,65,77,88,98,105,111,113,113,111,106,99,90,79,68,55,43,32,21,12,6,1,0.1,1,6,13,23,36,50,66,83,100,116,131,144,155,162,166,166,162,155,143,128,111,92,72,52,34,18,7,1,1,10,27,53,90,138,195,263,339,424,514,610,708,805,900,989,1070,1140,1196,1236,1257,1258,1238,1197,1134,1050,949,832,703,568,432,301,184,89,24,0.1,26,112,268,505,831,1257,1790,2437,3205,4098,5119,6268,7547,8951,10477,12118,13865,15708,17634,19628,21675,23757,25855,27950,30022,32048,34009,35883,37650,39291,40787,42120,43276,44241,45004,45555,45888,46000,45888,45555,45004,44241,43276,42120,40787,39291,37650,35883,34009,32048,30022,27950,25855,23757,21675,19628,17634,15708,13865,12118,10477,8951,7547,6268,5119,4098,3205,2437,1790,1257,831,505,268,112,26,0.1,24,89,184,301,432,568,703,832,949,1050,1134,1197,1238,1258,1257,1236,1196,1140,1070,989,900,805,708,610,514,424,339,263,195,138,90,53,27,10,1,1,7,18,34,52,72,92,111,128,143,155,162,166,166,162,155,144,131,116,100,83,66,50,36,23,13,6,1,0.1,1,6,12,21,32,43,55,68,79,90,99,106,111,113,113,111,105,98,88,77,65,52,40,28,18,9,3,0.1,1,4,12,23,39,57,79,104,131,159,188,217,245,271,295,315,332,344,351,353,349,340,325,306,282,254,223,190,156,122,90,61,36,17,5,0.1,5,19,44,81,129,190,262,346,441,547,662,785,915,1051,1192,1334,1477,1619,1758,1892,2020,2140,2250,2350,2437,2512,2572,2618,2650,2666,2667,2654,2626,2584,2530,2463,2386,2299,2203,2100,1991,1878,1761,1643,1524,1405,1288,1174,1063,957,855,759,669,586,508,438,373,316,264,219,179,144,115,90,69,52,38,27,19,12,8,4,2,1,0.1,0.1,0.1,0.1,1,1,2,2,2,3,3,3,2,2,2,2,2,1,1,1,1,1,0.1,0.1,0.1,0.1,0.1,0.1,0.1,0.1,0.1,0.1,0.1
0.1,0.1,0.1,0.1,0.1,0.1,0.1,0.1,0.1,0.1,0.1,0.1,0.1,0.1,1,1,1,1,1,2,2,2,2,2,3,3,3,2,2,2,1,1,0.1,0.1,0.1,0.1,1,2,4,8,12,19,27,38,52,69,90,115,144,178,218,263,315,372,436,507,584,668,757,853,954,1060,1171,1285,1402,1520,1639,1757,1873,1987,2095,2198,2293,2380,2457,2524,2578,2619,2647,2661,2659,2643,2612,2566,2505,2431,2344,2244,2134,2015,1887,1753,1614,1473,1330,1188,1048,913,782,659,545,440,345,261,189,129,81,44,19,4,0.1,5,17,37,61,91,122,156,190,223,254,281,305,325,340,349,352,351,343,331,315,294,270,244,216,187,158,130,103,79,57,38,23,12,4,1,0.1,3,10,18,28,40,53,65,77,88,98,105,111,114,114,111,106,99,90,79,68,55,43,32,21,12,6,1,0.1,1,6,13,23,36,50,66,83,100,116,131,144,155,162,166,166,163,155,144,129,112,92,72,53,34,19,7,1,1,9,26,53,90,137,194,261,338,422,513,608,706,803,898,987,1068,1138,1194,1234,1255,1257,1237,1195,1133,1050,948,831,703,568,432,302,185,90,25,0.1,25,110,266,502,827,1251,1783,2428,3193,4083,5101,6248,7523,8924,10446,12083,13826,15664,17585,19575,21617,23694,25788,27878,29945,31967,33923,35793,37557,39194,40686,42017,43170,44133,44894,45444,45777,45888,45777,45444,44894,44133,43170,42017,40686,39194,37557,35793,33923,31967,29945,27878,25788,23694,21617,19575,17585,15664,13826,12083,10446,8924,7523,6248,5101,4083,3193,2428,1783,1251,827,502,266,110,25,0.1,25,90,185,302,432,568,703,831,948,1050,1133,1195,1237,1257,1255,1234,1194,1138,1068,987,898,803,706,608,513,422,338,261,194,137,90,53,26,9,1,1,7,19,34,53,72,92,112,129,144,155,163,166,166,162,155,144,131,116,100,83,66,50,36,23,13,6,1,0.1,1,6,12,21,32,43,55,68,79,90,99,106,111,114,114,111,105,98,88,77,65,53,40,28,18,10,3,0.1,1,4,12,23,38,57,79,103,130,158,187,216,244,270,294,315,331,343,351,352,349,340,325,305,281,254,223,190,156,122,91,61,37,17,5,0.1,4,19,44,81,129,189,261,345,440,545,659,782,913,1048,1188,1330,1473,1614,1753,1887,2015,2134,2244,2344,2431,2505,2566,2612,2643,2659,2661,2647,2619,2578,2524,2457,2380,2293,2198,2095,1987,1873,1757,1639,1520,1402,1285,1171,1060,954,853,757,668,584,507,436,372,315,263,218,178,144,115,90,69,52,38,27,19,12,8,4,2,1,0.1,0.1,0.1,0.1,1,1,2,2,2,3,3,3,2,2,2,2,2,1,1,1,1,1,0.1,0.1,0.1,0.1,0.1,0.1,0.1,0.1,0.1,0.1,0.1
0.1,0.1,0.1,0.1,0.1,0.1,0.1,0.1,0.1,0.1,0.1,0.1,0.1,0.1,1,1,1,1,1,2,2,2,2,2,3,3,2,2,2,2,1,1,0.1,0.1,0.1,0.1,1,2,4,7,12,18,27,38,51,68,89,114,143,177,216,261,312,369,433,503,579,662,751,846,947,1052,1162,1276,1391,1509,1627,1744,1860,1972,2080,2182,2277,2363,2439,2505,2559,2600,2628,2641,2640,2623,2592,2546,2486,2412,2326,2227,2117,1998,1872,1739,1601,1460,1319,1177,1039,904,775,653,539,435,341,258,186,127,79,43,18,4,0.1,5,17,37,62,91,123,156,190,222,253,281,304,324,338,347,351,349,341,329,313,292,268,242,214,185,156,128,102,78,56,38,23,11,4,0.1,0.1,4,10,19,29,41,53,66,78,89,99,106,111,114,114,112,107,100,90,80,68,56,43,32,21,12,6,1,0.1,1,6,13,24,36,51,67,83,100,117,132,145,156,163,167,168,164,156,145,130,113,94,74,54,35,19,7,1,1,9,25,51,88,134,191,258,334,417,508,602,700,797,891,981,1062,1131,1188,1228,1249,1251,1232,1191,1129,1047,947,831,703,569,434,304,187,91,26,0.1,24,107,260,493,814,1234,1760,2399,3158,4040,5050,6187,7452,8842,10353,11977,13707,15533,17440,19416,21444,23507,25586,27663,29715,31724,33668,35525,37277,38904,40386,41708,42854,43811,44567,45114,45444,45555,45444,45114,44567,43811,42854,41708,40386,38904,37277,35525,33668,31724,29715,27663,25586,23507,21444,19416,17440,15533,13707,11977,10353,8842,7452,6187,5050,4040,3158,2399,1760,1234,814,493,260,107,24,0.1,26,91,187,304,434,569,703,831,947,1047,1129,1191,1232,1251,1249,1228,1188,1131,1062,981,891,797,700,602,508,417,334,258,191,134,88,51,25,9,1,1,7,19,35,54,74,94,113,130,145,156,164,168,167,163,156,145,132,117,100,83,67,51,36,24,13,6,1,0.1,1,6,12,21,32,43,56,68,80,90,100,107,112,114,114,111,106,99,89,78,66,53,41,29,19,10,4,0.1,0.1,4,11,23,38,56,78,102,128,156,185,214,242,268,292,313,329,341,349,351,347,338,324,304,281,253,222,190,156,123,91,62,37,17,5,0.1,4,18,43,79,127,186,258,341,435,539,653,775,904,1039,1177,1319,1460,1601,1739,1872,1998,2117,2227,2326,2412,2486,2546,2592,2623,2640,2641,2628,2600,2559,2505,2439,2363,2277,2182,2080,1972,1860,1744,1627,1509,1391,1276,1162,1052,947,846,751,662,579,503,433,369,312,261,216,177,143,114,89,68,51,38,27,18,12,7,4,2,1,0.1,0.1,0.1,0.1,1,1,2,2,2,2,3,3,2,2,2,2,2,1,1,1,1,1,0.1,0.1,0.1,0.1,0.1,0.1,0.1,0.1,0.1,0.1,0.1
0.1,0.1,0.1,0.1,0.1,0.1,0.1,0.1,0.1,0.1,0.1,0.1,0.1,0.1,1,1,1,1,1,2,2,2,2,2,3,3,2,2,2,2,1,1,1,0.1,0.1,0.1,1,2,4,7,12,18,26,37,50,67,87,112,140,174,213,257,308,364,427,496,572,654,742,836,935,1039,1148,1260,1374,1490,1607,1723,1837,1948,2055,2155,2249,2334,2410,2475,2528,2568,2596,2608,2607,2591,2560,2514,2455,2382,2296,2198,2089,1972,1846,1715,1579,1439,1299,1160,1023,890,762,642,529,427,334,252,182,124,77,41,17,4,0.1,5,18,37,62,91,123,156,189,222,252,279,303,322,336,345,348,346,338,326,309,289,265,239,211,182,154,126,100,76,54,36,22,11,4,0.1,1,4,10,19,30,42,55,67,79,91,100,107,113,115,115,113,108,100,91,80,68,56,44,32,21,12,6,1,0.1,1,6,13,24,36,51,67,84,101,117,133,146,157,165,169,169,166,158,147,132,115,96,76,55,37,20,8,1,1,8,24,49,85,130,186,252,327,410,499,593,690,787,881,970,1051,1121,1177,1218,1240,1243,1224,1185,1124,1043,944,830,703,570,436,306,190,94,27,0.1,22,102,251,478,793,1205,1723,2352,3099,3969,4964,6086,7335,8707,10199,11803,13512,15316,17201,19153,21158,23197,25253,27306,29336,31323,33245,35082,36815,38424,39890,41198,42332,43278,44026,44567,44894,45004,44894,44567,44026,43278,42332,41198,39890,38424,36815,35082,33245,31323,29336,27306,25253,23197,21158,19153,17201,15316,13512,11803,10199,8707,7335,6086,4964,3969,3099,2352,1723,1205,793,478,251,102,22,0.1,27,94,190,306,436,570,703,830,944,1043,1124,1185,1224,1243,1240,1218,1177,1121,1051,970,881,787,690,593,499,410,327,252,186,130,85,49,24,8,1,1,8,20,37,55,76,96,115,132,147,158,166,169,169,165,157,146,133,117,101,84,67,51,36,24,13,6,1,0.1,1,6,12,21,32,44,56,68,80,91,100,108,113,115,115,113,107,100,91,79,67,55,42,30,19,10,4,1,0.1,4,11,22,36,54,76,100,126,154,182,211,239,265,289,309,326,338,346,348,345,336,322,303,279,252,222,189,156,123,91,62,37,18,5,0.1,4,17,41,77,124,182,252,334,427,529,642,762,890,1023,1160,1299,1439,1579,1715,1846,1972,2089,2198,2296,2382,2455,2514,2560,2591,2607,2608,2596,2568,2528,2475,2410,2334,2249,2155,2055,1948,1837,1723,1607,1490,1374,1260,1148,1039,935,836,742,654,572,496,427,364,308,257,213,174,140,112,87,67,50,37,26,18,12,7,4,2,1,0.1,0.1,0.1,1,1,1,2,2,2,2,3,3,2,2,2,2,2,1,1,1,1,1,0.1,0.1,0.1,0.1,0.1,0.1,0.1,0.1,0.1,0.1,0.1
0.1,0.1,0.1,0.1,0.1,0.1,0.1,0.1,0.1,0.1,0.1,0.1,0.1,0.1,0.1,1,1,1,1,2,2,2,2,2,2,3,2,2,2,2,1,1,1,0.1,0.1,0.1,1,2,4,7,11,18,26,36,49,66,85,109,137,170,209,252,302,357,419,487,561,642,728,821,918,1021,1128,1238,1350,1465,1579,1694,1806,1915,2020,2119,2211,2295,2369,2433,2485,2525,2551,2564,2562,2546,2515,2470,2411,2339,2254,2158,2051,1935,1811,1682,1548,1411,1273,1136,1001,870,745,627,516,415,325,245,176,119,73,39,16,3,0.1,6,19,38,63,92,123,156,189,221,251,278,301,319,333,341,344,341,334,321,304,284,260,234,206,178,150,122,97,73,52,34,20,10,3,0.1,1,5,11,20,31,43,56,69,81,92,102,109,114,117,117,114,109,101,92,81,69,57,44,32,22,13,6,1,0.1,2,6,14,24,37,51,68,85,102,119,134,148,159,167,171,172,168,161,150,135,118,99,78,58,39,22,9,2,0.1,7,22,46,80,125,180,244,318,400,488,581,677,773,866,955,1035,1106,1162,1203,1227,1231,1214,1176,1117,1038,941,828,704,572,439,310,194,97,30,1,19,95,238,458,765,1166,1672,2287,3019,3871,4847,5948,7173,8521,9986,11563,13243,15016,16870,18790,20763,22769,24793,26813,28812,30767,32660,34469,36176,37760,39204,40492,41609,42541,43278,43811,44133,44241,44133,43811,43278,42541,41609,40492,39204,37760,36176,34469,32660,30767,28812,26813,24793,22769,20763,18790,16870,15016,13243,11563,9986,8521,7173,5948,4847,3871,3019,2287,1672,1166,765,458,238,95,19,1,30,97,194,310,439,572,704,828,941,1038,1117,1176,1214,1231,1227,1203,1162,1106,1035,955,866,773,677,581,488,400,318,244,180,125,80,46,22,7,0.1,2,9,22,39,58,78,99,118,135,150,161,168,172,171,167,159,148,134,119,102,85,68,51,37,24,14,6,2,0.1,1,6,13,22,32,44,57,69,81,92,101,109,114,117,117,114,109,102,92,81,69,56,43,31,20,11,5,1,0.1,3,10,20,34,52,73,97,122,150,178,206,234,260,284,304,321,334,341,344,341,333,319,301,278,251,221,189,156,123,92,63,38,19,6,0.1,3,16,39,73,119,176,245,325,415,516,627,745,870,1001,1136,1273,1411,1548,1682,1811,1935,2051,2158,2254,2339,2411,2470,2515,2546,2562,2564,2551,2525,2485,2433,2369,2295,2211,2119,2020,1915,1806,1694,1579,1465,1350,1238,1128,1021,918,821,728,642,561,487,419,357,302,252,209,170,137,109,85,66,49,36,26,18,11,7,4,2,1,0.1,0.1,0.1,1,1,1,2,2,2,2,3,2,2,2,2,2,2,1,1,1,1,0.1,0.1,0.1,0.1,0.1,0.1,0.1,0.1,0.1,0.1,0.1,0.1
0.1,0.1,0.1,0.1,0.1,0.1,0.1,0.1,0.1,0.1,0.1,0.1,0.1,0.1,0.1,1,1,1,1,1,2,2,2,2,2,3,2,2,2,2,1,1,1,0.1,0.1,0.1,1,2,4,7,11,17,25,35,48,64,83,106,134,166,203,246,294,348,409,475,548,627,711,802,897,998,1102,1210,1320,1432,1545,1656,1766,1873,1976,2073,2163,2245,2317,2380,2431,2469,2495,2507,2505,2489,2459,2414,2356,2285,2202,2107,2002,1888,1767,1640,1509,1375,1239,1105,973,845,723,607,500,402,313,235,169,113,69,37,15,3,0.1,6,20,39,64,93,124,156,188,220,249,275,298,315,328,336,339,336,328,315,298,278,254,228,201,173,145,118,93,69,49,32,18,9,2,0.1,1,5,13,22,33,45,58,71,84,95,104,111,116,119,119,116,110,103,93,82,70,57,45,33,22,13,6,1,0.1,2,6,14,24,37,52,68,86,103,120,136,150,161,169,174,175,172,165,154,139,122,102,82,61,42,24,11,2,0.1,5,19,42,75,118,171,234,306,387,473,565,660,755,848,936,1016,1086,1144,1186,1210,1215,1200,1164,1108,1031,936,826,704,574,442,315,199,102,33,1,15,86,222,433,729,1117,1607,2205,2917,3747,4699,5773,6969,8286,9718,11260,12903,14637,16452,18332,20263,22229,24211,26191,28149,30065,31920,33694,35367,36920,38337,39600,40695,41609,42332,42854,43170,43276,43170,42854,42332,41609,40695,39600,38337,36920,35367,33694,31920,30065,28149,26191,24211,22229,20263,18332,16452,14637,12903,11260,9718,8286,6969,5773,4699,3747,2917,2205,1607,1117,729,433,222,86,15,1,33,102,199,315,442,574,704,826,936,1031,1108,1164,1200,1215,1210,1186,1144,1086,1016,936,848,755,660,565,473,387,306,234,171,118,75,42,19,5,0.1,2,11,24,42,61,82,102,122,139,154,165,172,175,174,169,161,150,136,120,103,86,68,52,37,24,14,6,2,0.1,1,6,13,22,33,45,57,70,82,93,103,110,116,119,119,116,111,104,95,84,71,58,45,33,22,13,5,1,0.1,2,9,18,32,49,69,93,118,145,173,201,228,254,278,298,315,328,336,339,336,328,315,298,275,249,220,188,156,124,93,64,39,20,6,0.1,3,15,37,69,113,169,235,313,402,500,607,723,845,973,1105,1239,1375,1509,1640,1767,1888,2002,2107,2202,2285,2356,2414,2459,2489,2505,2507,2495,2469,2431,2380,2317,2245,2163,2073,1976,1873,1766,1656,1545,1432,1320,1210,1102,998,897,802,711,627,548,475,409,348,294,246,203,166,134,106,83,64,48,35,25,17,11,7,4,2,1,0.1,0.1,0.1,1,1,1,2,2,2,2,3,2,2,2,2,2,1,1,1,1,1,0.1,0.1,0.1,0.1,0.1,0.1,0.1,0.1,0.1,0.1,0.1,0.1
0.1,0.1,0.1,0.1,0.1,0.1,0.1,0.1,0.1,0.1,0.1,0.1,0.1,0.1,0.1,1,1,1,1,1,2,2,2,2,2,3,2,2,2,2,1,1,1,0.1,0.1,0.1,1,2,3,6,10,16,24,33,46,61,80,102,129,160,197,238,285,338,396,461,532,609,691,779,872,970,1072,1177,1284,1393,1503,1612,1719,1823,1923,2017,2105,2185,2255,2316,2365,2403,2427,2439,2437,2421,2391,2347,2290,2221,2139,2047,1944,1833,1714,1590,1462,1331,1200,1069,940,816,697,585,480,385,299,224,160,107,65,34,13,2,0.1,7,21,41,65,94,124,156,188,219,247,272,294,311,323,331,333,329,321,308,291,270,247,221,194,166,139,113,88,65,46,29,17,7,2,0.1,2,6,14,24,35,48,61,74,86,97,107,114,119,121,121,118,112,104,95,83,71,58,45,33,22,13,6,2,0.1,2,6,14,24,37,52,69,87,105,122,138,152,164,173,178,179,176,169,158,144,127,107,86,65,45,27,13,3,0.1,4,16,38,69,110,161,222,293,371,456,546,639,733,825,913,993,1063,1121,1164,1190,1197,1184,1150,1096,1022,930,823,704,576,447,321,205,108,37,2,12,76,203,404,686,1060,1531,2109,2797,3600,4523,5565,6726,8005,9398,10897,12496,14185,15952,17784,19666,21582,23515,25445,27355,29225,31035,32766,34399,35915,37298,38531,39600,40492,41198,41708,42017,42120,42017,41708,41198,40492,39600,38531,37298,35915,34399,32766,31035,29225,27355,25445,23515,21582,19666,17784,15952,14185,12496,10897,9398,8005,6726,5565,4523,3600,2797,2109,1531,1060,686,404,203,76,12,2,37,108,205,321,447,576,704,823,930,1022,1096,1150,1184,1197,1190,1164,1121,1063,993,913,825,733,639,546,456,371,293,222,161,110,69,38,16,4,0.1,3,13,27,45,65,86,107,127,144,158,169,176,179,178,173,164,152,138,122,105,87,69,52,37,24,14,6,2,0.1,2,6,13,22,33,45,58,71,83,95,104,112,118,121,121,119,114,107,97,86,74,61,48,35,24,14,6,2,0.1,2,7,17,29,46,65,88,113,139,166,194,221,247,270,291,308,321,329,333,331,323,311,294,272,247,219,188,156,124,94,65,41,21,7,0.1,2,13,34,65,107,160,224,299,385,480,585,697,816,940,1069,1200,1331,1462,1590,1714,1833,1944,2047,2139,2221,2290,2347,2391,2421,2437,2439,2427,2403,2365,2316,2255,2185,2105,2017,1923,1823,1719,1612,1503,1393,1284,1177,1072,970,872,779,691,609,532,461,396,338,285,238,197,160,129,102,80,61,46,33,24,16,10,6,3,2,1,0.1,0.1,0.1,1,1,1,2,2,2,2,3,2,2,2,2,2,1,1,1,1,1,0.1,0.1,0.1,0.1,0.1,0.1,0.1,0.1,0.1,0.1,0.1,0.1
0.1,0.1,0.1,0.1,0.1,0.1,0.1,0.1,0.1,0.1,0.1,0.1,0.1,0.1,0.1,1,1,1,1,1,2,2,2,2,2,2,2,2,2,2,1,1,1,0.1,0.1,0.1,0.1,1,3,6,10,15,22,32,44,58,76,98,124,154,189,229,275,326,382,445,514,588,668,753,844,938,1037,1139,1243,1349,1455,1560,1664,1765,1862,1953,2038,2115,2184,2242,2290,2326,2350,2361,2358,2342,2313,2270,2214,2147,2067,1977,1877,1769,1654,1533,1408,1281,1154,1027,903,782,667,559,458,366,284,212,150,99,59,30,11,1,1,8,22,42,67,95,125,156,187,217,245,269,290,306,318,324,325,322,313,300,283,262,238,213,186,159,132,107,83,61,42,26,14,6,1,0.1,2,8,16,26,38,51,64,77,90,101,110,117,122,124,124,120,114,106,96,84,72,59,46,33,22,13,6,2,0.1,2,6,14,25,38,53,70,88,106,124,141,155,167,176,182,183,181,174,164,149,132,112,91,70,49,31,15,5,0.1,3,13,33,62,101,150,209,277,354,437,525,616,709,800,886,966,1037,1095,1139,1166,1175,1165,1134,1083,1012,924,820,704,579,452,327,213,115,43,4,8,65,182,371,638,994,1445,1998,2659,3432,4321,5326,6448,7684,9030,10481,12029,13665,15378,17154,18979,20837,22713,24587,26441,28257,30015,31696,33282,34756,36099,37298,38337,39204,39890,40386,40686,40787,40686,40386,39890,39204,38337,37298,36099,34756,33282,31696,30015,28257,26441,24587,22713,20837,18979,17154,15378,13665,12029,10481,9030,7684,6448,5326,4321,3432,2659,1998,1445,994,638,371,182,65,8,4,43,115,213,327,452,579,704,820,924,1012,1083,1134,1165,1175,1166,1139,1095,1037,966,886,800,709,616,525,437,354,277,209,150,101,62,33,13,3,0.1,5,15,31,49,70,91,112,132,149,164,174,181,183,182,176,167,155,141,124,106,88,70,53,38,25,14,6,2,0.1,2,6,13,22,33,46,59,72,84,96,106,114,120,124,124,122,117,110,101,90,77,64,51,38,26,16,8,2,0.1,1,6,14,26,42,61,83,107,132,159,186,213,238,262,283,300,313,322,325,324,318,306,290,269,245,217,187,156,125,95,67,42,22,8,1,1,11,30,59,99,150,212,284,366,458,559,667,782,903,1027,1154,1281,1408,1533,1654,1769,1877,1977,2067,2147,2214,2270,2313,2342,2358,2361,2350,2326,2290,2242,2184,2115,2038,1953,1862,1765,1664,1560,1455,1349,1243,1139,1037,938,844,753,668,588,514,445,382,326,275,229,189,154,124,98,76,58,44,32,22,15,10,6,3,1,0.1,0.1,0.1,0.1,1,1,1,2,2,2,2,2,2,2,2,2,2,1,1,1,1,1,0.1,0.1,0.1,0.1,0.1,0.1,0.1,0.1,0.1,0.1,0.1,0.1
0.1,0.1,0.1,0.1,0.1,0.1,0.1,0.1,0.1,0.1,0.1,0.1,0.1,0.1,0.1,1,1,1,1,1,2,2,2,2,2,2,2,2,2,2,1,1,1,0.1,0.1,0.1,0.1,1,3,5,9,14,21,30,41,55,73,93,118,147,181,219,263,312,367,427,493,565,642,724,811,903,998,1096,1197,1299,1401,1503,1603,1700,1794,1882,1964,2038,2104,2160,2206,2240,2263,2273,2270,2254,2225,2184,2129,2063,1986,1899,1802,1697,1586,1469,1349,1226,1103,980,860,744,634,530,433,345,266,198,139,91,54,26,9,1,1,9,24,44,68,96,126,156,186,215,242,265,285,300,311,317,317,313,304,290,273,252,229,204,178,151,125,100,77,56,38,23,12,5,1,0.1,3,9,18,29,41,54,68,81,94,105,114,121,126,127,127,123,117,108,98,86,73,60,46,34,23,13,6,2,0.1,2,6,14,25,39,54,71,90,108,126,143,158,171,181,187,189,187,180,170,156,139,119,97,76,54,35,19,7,1,1,10,28,54,91,138,194,260,334,415,501,590,681,771,857,936,1007,1066,1111,1140,1151,1143,1115,1068,1001,916,816,703,582,458,335,221,123,49,6,5,53,160,335,586,922,1350,1876,2507,3246,4097,5061,6137,7325,8620,10017,11508,13084,14735,16448,18210,20004,21815,23625,25417,27172,28871,30497,32031,33456,34756,35915,36920,37760,38424,38904,39194,39291,39194,38904,38424,37760,36920,35915,34756,33456,32031,30497,28871,27172,25417,23625,21815,20004,18210,16448,14735,13084,11508,10017,8620,7325,6137,5061,4097,3246,2507,1876,1350,922,586,335,160,53,5,6,49,123,221,335,458,582,703,816,916,1001,1068,1115,1143,1151,1140,1111,1066,1007,936,857,771,681,590,501,415,334,260,194,138,91,54,28,10,1,1,7,19,35,54,76,97,119,139,156,170,180,187,189,187,181,171,158,143,126,108,90,71,54,39,25,14,6,2,0.1,2,6,13,23,34,46,60,73,86,98,108,117,123,127,127,126,121,114,105,94,81,68,54,41,29,18,9,3,0.1,1,5,12,23,38,56,77,100,125,151,178,204,229,252,273,290,304,313,317,317,311,300,285,265,242,215,186,156,126,96,68,44,24,9,1,1,9,26,54,91,139,198,266,345,433,530,634,744,860,980,1103,1226,1349,1469,1586,1697,1802,1899,1986,2063,2129,2184,2225,2254,2270,2273,2263,2240,2206,2160,2104,2038,1964,1882,1794,1700,1603,1503,1401,1299,1197,1096,998,903,811,724,642,565,493,427,367,312,263,219,181,147,118,93,73,55,41,30,21,14,9,5,3,1,0.1,0.1,0.1,0.1,1,1,1,2,2,2,2,2,2,2,2,2,2,1,1,1,1,1,0.1,0.1,0.1,0.1,0.1,0.1,0.1,0.1,0.1,0.1,0.1,0.1
0.1,0.1,0.1,0.1,0.1,0.1,0.1,0.1,0.1,0.1,0.1,0.1,0.1,0.1,0.1,1,1,1,1,1,2,2,2,2,2,2,2,2,2,2,2,1,1,0.1,0.1,0.1,0.1,1,3,5,8,13,20,28,39,52,69,88,112,140,172,208,250,297,349,407,471,539,613,692,776,863,955,1049,1146,1243,1342,1440,1536,1629,1719,1803,1882,1953,2016,2069,2113,2146,2167,2176,2173,2158,2129,2089,2036,1972,1898,1813,1720,1619,1511,1399,1283,1165,1047,929,815,704,598,498,406,322,248,183,128,83,48,23,7,0.1,2,10,25,46,70,97,126,156,185,213,239,261,280,294,304,308,308,303,294,280,263,242,219,194,169,143,117,93,71,51,34,20,10,3,0.1,1,5,11,21,32,44,58,72,85,98,109,118,125,129,131,130,126,119,111,100,88,74,61,47,34,23,13,6,2,0.1,2,6,14,25,39,55,73,91,110,129,146,162,175,185,192,194,193,187,177,163,146,126,104,82,60,40,23,9,2,0.1,7,22,47,81,125,179,242,313,391,475,562,651,739,824,903,973,1033,1079,1110,1124,1118,1094,1050,988,907,811,703,585,464,344,231,133,56,10,2,42,137,297,531,845,1247,1745,2342,3044,3854,4772,5800,6934,8173,9510,10938,12449,14033,15677,17368,19092,20832,22572,24295,25983,27618,29183,30659,32031,33282,34399,35367,36176,36815,37277,37557,37650,37557,37277,36815,36176,35367,34399,33282,32031,30659,29183,27618,25983,24295,22572,20832,19092,17368,15677,14033,12449,10938,9510,8173,6934,5800,4772,3854,3044,2342,1745,1247,845,531,297,137,42,2,10,56,133,231,344,464,585,703,811,907,988,1050,1094,1118,1124,1110,1079,1033,973,903,824,739,651,562,475,391,313,242,179,125,81,47,22,7,0.1,2,9,23,40,60,82,104,126,146,163,177,187,193,194,192,185,175,162,146,129,110,91,73,55,39,25,14,6,2,0.1,2,6,13,23,34,47,61,74,88,100,111,119,126,130,131,129,125,118,109,98,85,72,58,44,32,21,11,5,1,0.1,3,10,20,34,51,71,93,117,143,169,194,219,242,263,280,294,303,308,308,304,294,280,261,239,213,185,156,126,97,70,46,25,10,2,0.1,7,23,48,83,128,183,248,322,406,498,598,704,815,929,1047,1165,1283,1399,1511,1619,1720,1813,1898,1972,2036,2089,2129,2158,2173,2176,2167,2146,2113,2069,2016,1953,1882,1803,1719,1629,1536,1440,1342,1243,1146,1049,955,863,776,692,613,539,471,407,349,297,250,208,172,140,112,88,69,52,39,28,20,13,8,5,3,1,0.1,0.1,0.1,0.1,1,1,2,2,2,2,2,2,2,2,2,2,2,1,1,1,1,1,0.1,0.1,0.1,0.1,0.1,0.1,0.1,0.1,0.1,0.1,0.1,0.1
0.1,0.1,0.1,0.1,0.1,0.1,0.1,0.1,0.1,0.1,0.1,0.1,0.1,0.1,0.1,1,1,1,1,1,2,2,2,2,2,2,2,2,2,2,2,1,1,0.1,0.1,0.1,0.1,1,2,4,7,12,18,26,36,49,64,83,105,131,162,197,236,281,331,386,446,512,582,658,737,821,908,999,1091,1184,1278,1371,1463,1552,1638,1718,1793,1861,1921,1972,2013,2044,2064,2073,2069,2054,2026,1987,1936,1874,1802,1721,1631,1534,1432,1324,1213,1100,987,875,766,660,559,465,377,298,228,167,115,74,42,19,5,0.1,3,12,27,48,72,99,127,156,184,211,235,256,274,287,296,299,299,293,283,269,251,231,208,184,159,133,109,85,64,45,29,17,8,2,0.1,1,6,14,24,35,48,62,76,90,103,114,123,130,134,135,133,129,122,113,102,90,76,62,48,35,23,14,6,2,0.1,2,7,15,26,40,56,74,93,113,132,150,166,180,191,198,201,200,194,185,171,154,134,112,90,67,46,27,13,3,0.1,4,17,39,70,112,162,222,290,366,447,531,618,705,788,867,937,998,1045,1078,1094,1092,1071,1031,973,897,806,702,589,471,353,242,143,65,15,1,31,114,259,473,764,1139,1605,2167,2830,3595,4465,5439,6517,7695,8967,10328,11769,13280,14850,16465,18112,19776,21441,23089,24705,26270,27769,29183,30497,31696,32766,33694,34469,35082,35525,35793,35883,35793,35525,35082,34469,33694,32766,31696,30497,29183,27769,26270,24705,23089,21441,19776,18112,16465,14850,13280,11769,10328,8967,7695,6517,5439,4465,3595,2830,2167,1605,1139,764,473,259,114,31,1,15,65,143,242,353,471,589,702,806,897,973,1031,1071,1092,1094,1078,1045,998,937,867,788,705,618,531,447,366,290,222,162,112,70,39,17,4,0.1,3,13,27,46,67,90,112,134,154,171,185,194,200,201,198,191,180,166,150,132,113,93,74,56,40,26,15,7,2,0.1,2,6,14,23,35,48,62,76,90,102,113,122,129,133,135,134,130,123,114,103,90,76,62,48,35,24,14,6,1,0.1,2,8,17,29,45,64,85,109,133,159,184,208,231,251,269,283,293,299,299,296,287,274,256,235,211,184,156,127,99,72,48,27,12,3,0.1,5,19,42,74,115,167,228,298,377,465,559,660,766,875,987,1100,1213,1324,1432,1534,1631,1721,1802,1874,1936,1987,2026,2054,2069,2073,2064,2044,2013,1972,1921,1861,1793,1718,1638,1552,1463,1371,1278,1184,1091,999,908,821,737,658,582,512,446,386,331,281,236,197,162,131,105,83,64,49,36,26,18,12,7,4,2,1,0.1,0.1,0.1,0.1,1,1,2,2,2,2,2,2,2,2,2,2,2,1,1,1,1,1,0.1,0.1,0.1,0.1,0.1,0.1,0.1,0.1,0.1,0.1,0.1,0.1
0.1,0.1,0.1,0.1,0.1,0.1,0.1,0.1,0.1,0.1,0.1,0.1,0.1,0.1,0.1,1,1,1,1,1,2,2,2,2,2,2,2,2,2,2,2,1,1,0.1,0.1,0.1,0.1,1,2,4,7,11,16,24,33,45,60,77,98,123,151,184,222,264,312,364,421,483,550,621,697,777,859,945,1033,1121,1211,1299,1386,1471,1552,1629,1700,1764,1821,1869,1908,1937,1955,1963,1959,1944,1917,1879,1830,1771,1702,1624,1538,1446,1347,1245,1139,1032,924,818,714,614,519,430,348,273,207,151,103,64,35,15,4,0.1,4,14,30,50,74,100,128,155,183,208,231,251,267,279,287,290,288,282,271,257,239,219,197,173,148,124,100,78,57,40,25,13,5,1,0.1,3,8,16,27,39,53,67,82,95,108,119,128,134,138,139,137,133,126,116,104,91,78,63,49,36,24,14,6,2,0.1,2,7,15,26,41,57,75,95,115,135,153,170,185,196,204,208,207,202,193,180,163,143,121,98,75,52,33,17,5,0.1,2,12,31,60,98,145,202,267,339,417,499,584,669,751,829,899,960,1008,1043,1061,1063,1046,1011,957,886,800,701,592,478,363,253,155,75,21,0.1,21,91,220,414,681,1028,1461,1986,2606,3324,4143,5061,6079,7192,8396,9685,11052,12485,13976,15511,17077,18659,20243,21813,23351,24843,26270,27618,28871,30015,31035,31920,32660,33245,33668,33923,34009,33923,33668,33245,32660,31920,31035,30015,28871,27618,26270,24843,23351,21813,20243,18659,17077,15511,13976,12485,11052,9685,8396,7192,6079,5061,4143,3324,2606,1986,1461,1028,681,414,220,91,21,0.1,21,75,155,253,363,478,592,701,800,886,957,1011,1046,1063,1061,1043,1008,960,899,829,751,669,584,499,417,339,267,202,145,98,60,31,12,2,0.1,5,17,33,52,75,98,121,143,163,180,193,202,207,208,204,196,185,170,153,135,115,95,75,57,41,26,15,7,2,0.1,2,6,14,24,36,49,63,78,91,104,116,126,133,137,139,138,134,128,119,108,95,82,67,53,39,27,16,8,3,0.1,1,5,13,25,40,57,78,100,124,148,173,197,219,239,257,271,282,288,290,287,279,267,251,231,208,183,155,128,100,74,50,30,14,4,0.1,4,15,35,64,103,151,207,273,348,430,519,614,714,818,924,1032,1139,1245,1347,1446,1538,1624,1702,1771,1830,1879,1917,1944,1959,1963,1955,1937,1908,1869,1821,1764,1700,1629,1552,1471,1386,1299,1211,1121,1033,945,859,777,697,621,550,483,421,364,312,264,222,184,151,123,98,77,60,45,33,24,16,11,7,4,2,1,0.1,0.1,0.1,0.1,1,1,2,2,2,2,2,2,2,2,2,2,2,1,1,1,1,1,0.1,0.1,0.1,0.1,0.1,0.1,0.1,0.1,0.1,0.1,0.1,0.1
0.1,0.1,0.1,0.1,0.1,0.1,0.1,0.1,0.1,0.1,0.1,0.1,0.1,0.1,0.1,0.1,1,1,1,1,1,2,2,2,2,2,2,2,2,2,2,1,1,1,0.1,0.1,0.1,1,2,3,6,10,15,22,30,41,55,71,91,114,141,172,207,247,291,340,394,453,516,583,655,730,808,889,972,1056,1140,1224,1306,1386,1463,1535,1602,1662,1715,1761,1797,1824,1841,1848,1844,1829,1803,1766,1719,1663,1597,1523,1441,1353,1260,1162,1062,961,859,759,661,567,477,394,317,248,187,134,90,55,29,12,2,0.1,5,16,32,53,76,102,128,155,181,205,227,246,260,271,278,279,277,270,259,244,227,207,184,161,137,114,91,70,51,34,21,10,4,0.1,1,4,10,20,31,44,58,73,87,101,114,125,133,140,143,144,142,137,129,119,107,93,79,64,50,36,24,14,6,2,0.1,2,7,15,27,41,58,77,97,118,138,157,175,190,202,211,215,215,211,202,189,173,153,131,107,83,60,39,21,8,1,1,8,24,50,84,128,181,243,312,387,466,548,631,711,788,858,919,969,1006,1027,1032,1019,988,940,874,793,699,595,485,374,266,168,86,28,1,12,70,182,355,597,915,1314,1800,2376,3046,3811,4671,5625,6671,7804,9018,10306,11658,13066,14516,15997,17495,18994,20480,21938,23351,24705,25983,27172,28257,29225,30065,30767,31323,31724,31967,32048,31967,31724,31323,30767,30065,29225,28257,27172,25983,24705,23351,21938,20480,18994,17495,15997,14516,13066,11658,10306,9018,7804,6671,5625,4671,3811,3046,2376,1800,1314,915,597,355,182,70,12,1,28,86,168,266,374,485,595,699,793,874,940,988,1019,1032,1027,1006,969,919,858,788,711,631,548,466,387,312,243,181,128,84,50,24,8,1,1,8,21,39,60,83,107,131,153,173,189,202,211,215,215,211,202,190,175,157,138,118,97,77,58,41,27,15,7,2,0.1,2,6,14,24,36,50,64,79,93,107,119,129,137,142,144,143,140,133,125,114,101,87,73,58,44,31,20,10,4,1,0.1,4,10,21,34,51,70,91,114,137,161,184,207,227,244,259,270,277,279,278,271,260,246,227,205,181,155,128,102,76,53,32,16,5,0.1,2,12,29,55,90,134,187,248,317,394,477,567,661,759,859,961,1062,1162,1260,1353,1441,1523,1597,1663,1719,1766,1803,1829,1844,1848,1841,1824,1797,1761,1715,1662,1602,1535,1463,1386,1306,1224,1140,1056,972,889,808,730,655,583,516,453,394,340,291,247,207,172,141,114,91,71,55,41,30,22,15,10,6,3,2,1,0.1,0.1,0.1,1,1,1,2,2,2,2,2,2,2,2,2,2,1,1,1,1,1,0.1,0.1,0.1,0.1,0.1,0.1,0.1,0.1,0.1,0.1,0.1,0.1,0.1
0.1,0.1,0.1,0.1,0.1,0.1,0.1,0.1,0.1,0.1,0.1,0.1,0.1,0.1,0.1,0.1,1,1,1,1,1,2,2,2,2,2,2,2,2,2,2,1,1,1,0.1,0.1,0.1,0.1,1,3,5,8,13,19,27,37,50,65,83,105,130,159,192,229,270,316,367,422,481,544,611,682,755,831,909,988,1067,1146,1223,1298,1370,1438,1500,1557,1607,1649,1683,1708,1723,1729,1725,1710,1685,1650,1605,1551,1489,1418,1341,1258,1169,1078,983,888,792,698,606,518,435,357,286,222,166,118,78,46,23,8,1,1,7,19,35,55,78,103,129,155,179,202,222,240,253,263,268,269,265,258,246,231,214,194,172,149,126,104,82,62,44,29,17,8,2,0.1,1,6,13,23,35,49,63,78,93,107,120,130,139,145,148,149,146,140,132,122,109,96,81,66,51,37,25,14,7,2,0.1,2,7,16,27,42,59,79,99,120,141,161,180,195,208,218,223,224,220,212,199,183,163,141,117,93,69,46,27,12,3,0.1,5,18,40,71,111,161,218,284,355,432,511,591,671,746,816,877,928,967,991,999,990,964,921,861,786,697,598,493,385,279,182,99,38,4,6,51,145,298,515,803,1167,1612,2144,2763,3473,4273,5162,6138,7197,8333,9540,10809,12130,13493,14886,16295,17707,19107,20480,21813,23089,24295,25417,26441,27355,28149,28812,29336,29715,29945,30022,29945,29715,29336,28812,28149,27355,26441,25417,24295,23089,21813,20480,19107,17707,16295,14886,13493,12130,10809,9540,8333,7197,6138,5162,4273,3473,2763,2144,1612,1167,803,515,298,145,51,6,4,38,99,182,279,385,493,598,697,786,861,921,964,990,999,991,967,928,877,816,746,671,591,511,432,355,284,218,161,111,71,40,18,5,0.1,3,12,27,46,69,93,117,141,163,183,199,212,220,224,223,218,208,195,180,161,141,120,99,79,59,42,27,16,7,2,0.1,2,7,14,25,37,51,66,81,96,109,122,132,140,146,149,148,145,139,130,120,107,93,78,63,49,35,23,13,6,1,0.1,2,8,17,29,44,62,82,104,126,149,172,194,214,231,246,258,265,269,268,263,253,240,222,202,179,155,129,103,78,55,35,19,7,1,1,8,23,46,78,118,166,222,286,357,435,518,606,698,792,888,983,1078,1169,1258,1341,1418,1489,1551,1605,1650,1685,1710,1725,1729,1723,1708,1683,1649,1607,1557,1500,1438,1370,1298,1223,1146,1067,988,909,831,755,682,611,544,481,422,367,316,270,229,192,159,130,105,83,65,50,37,27,19,13,8,5,3,1,0.1,0.1,0.1,0.1,1,1,1,2,2,2,2,2,2,2,2,2,2,1,1,1,1,1,0.1,0.1,0.1,0.1,0.1,0.1,0.1,0.1,0.1,0.1,0.1,0.1,0.1
0.1,0.1,0.1,0.1,0.1,0.1,0.1,0.1,0.1,0.1,0.1,0.1,0.1,0.1,0.1,0.1,1,1,1,1,1,2,2,2,2,2,2,2,2,2,2,1,1,1,0.1,0.1,0.1,0.1,1,2,4,7,11,17,24,34,45,59,76,96,119,146,176,211,249,292,339,390,445,504,567,633,701,772,845,919,993,1066,1138,1208,1275,1338,1397,1450,1496,1535,1566,1589,1603,1608,1603,1589,1564,1531,1489,1437,1378,1312,1239,1161,1078,992,903,814,725,637,551,470,392,321,255,196,145,101,66,38,18,6,0.1,2,9,21,38,58,81,105,130,154,177,199,218,233,245,253,257,257,253,245,233,218,200,181,159,137,115,93,73,54,37,24,13,5,1,0.1,3,8,17,27,40,54,69,85,100,114,126,137,145,151,154,154,150,144,136,125,112,98,83,67,52,38,25,15,7,2,0.1,2,7,16,28,43,61,80,101,123,144,165,184,201,215,225,231,233,230,222,210,194,175,152,128,103,78,55,34,17,6,0.1,2,12,30,58,95,140,194,256,324,397,473,551,629,703,772,834,886,926,953,964,960,939,901,846,777,694,601,500,396,294,198,114,49,9,2,33,112,243,435,692,1021,1426,1912,2480,3133,3872,4695,5600,6583,7640,8764,9947,11180,12454,13755,15073,16395,17707,18994,20243,21441,22572,23625,24587,25445,26191,26813,27306,27663,27878,27950,27878,27663,27306,26813,26191,25445,24587,23625,22572,21441,20243,18994,17707,16395,15073,13755,12454,11180,9947,8764,7640,6583,5600,4695,3872,3133,2480,1912,1426,1021,692,435,243,112,33,2,9,49,114,198,294,396,500,601,694,777,846,901,939,960,964,953,926,886,834,772,703,629,551,473,397,324,256,194,140,95,58,30,12,2,0.1,6,17,34,55,78,103,128,152,175,194,210,222,230,233,231,225,215,201,184,165,144,123,101,80,61,43,28,16,7,2,0.1,2,7,15,25,38,52,67,83,98,112,125,136,144,150,154,154,151,145,137,126,114,100,85,69,54,40,27,17,8,3,0.1,1,5,13,24,37,54,73,93,115,137,159,181,200,218,233,245,253,257,257,253,245,233,218,199,177,154,130,105,81,58,38,21,9,2,0.1,6,18,38,66,101,145,196,255,321,392,470,551,637,725,814,903,992,1078,1161,1239,1312,1378,1437,1489,1531,1564,1589,1603,1608,1603,1589,1566,1535,1496,1450,1397,1338,1275,1208,1138,1066,993,919,845,772,701,633,567,504,445,390,339,292,249,211,176,146,119,96,76,59,45,34,24,17,11,7,4,2,1,0.1,0.1,0.1,0.1,1,1,1,2,2,2,2,2,2,2,2,2,2,1,1,1,1,1,0.1,0.1,0.1,0.1,0.1,0.1,0.1,0.1,0.1,0.1,0.1,0.1,0.1
0.1,0.1,0.1,0.1,0.1,0.1,0.1,0.1,0.1,0.1,0.1,0.1,0.1,0.1,0.1,0.1,1,1,1,1,1,2,2,2,2,2,2,2,2,2,2,2,1,1,0.1,0.1,0.1,0.1,1,2,4,6,10,15,21,30,40,53,68,86,108,132,160,192,228,268,311,358,409,464,522,583,647,713,780,849,917,985,1052,1117,1180,1238,1292,1341,1384,1420,1448,1469,1481,1485,1480,1466,1443,1411,1371,1323,1267,1205,1137,1063,986,905,823,740,657,576,497,421,350,284,225,171,125,86,54,30,13,3,0.1,3,11,24,41,61,83,106,130,153,175,195,212,227,237,244,247,246,240,232,219,204,187,167,147,125,104,83,64,46,31,19,9,3,0.1,1,4,11,21,32,46,60,76,91,106,120,133,143,151,157,159,159,155,149,139,128,115,100,84,69,53,39,26,15,7,2,0.1,2,7,16,28,44,62,82,103,126,148,169,189,207,221,232,239,242,240,233,221,206,187,164,140,114,89,64,42,23,10,2,0.1,7,22,46,79,120,170,228,292,362,435,511,586,659,727,789,842,884,913,928,928,912,879,831,767,691,603,508,408,309,214,130,62,16,0.1,19,81,192,358,586,879,1244,1684,2201,2797,3474,4229,5062,5970,6946,7986,9082,10226,11408,12618,13844,15073,16295,17495,18659,19776,20832,21815,22713,23515,24211,24793,25253,25586,25788,25855,25788,25586,25253,24793,24211,23515,22713,21815,20832,19776,18659,17495,16295,15073,13844,12618,11408,10226,9082,7986,6946,5970,5062,4229,3474,2797,2201,1684,1244,879,586,358,192,81,19,0.1,16,62,130,214,309,408,508,603,691,767,831,879,912,928,928,913,884,842,789,727,659,586,511,435,362,292,228,170,120,79,46,22,7,0.1,2,10,23,42,64,89,114,140,164,187,206,221,233,240,242,239,232,221,207,189,169,148,126,103,82,62,44,28,16,7,2,0.1,2,7,15,26,39,53,69,84,100,115,128,139,149,155,159,159,157,151,143,133,120,106,91,76,60,46,32,21,11,4,1,0.1,3,9,19,31,46,64,83,104,125,147,167,187,204,219,232,240,246,247,244,237,227,212,195,175,153,130,106,83,61,41,24,11,3,0.1,3,13,30,54,86,125,171,225,284,350,421,497,576,657,740,823,905,986,1063,1137,1205,1267,1323,1371,1411,1443,1466,1480,1485,1481,1469,1448,1420,1384,1341,1292,1238,1180,1117,1052,985,917,849,780,713,647,583,522,464,409,358,311,268,228,192,160,132,108,86,68,53,40,30,21,15,10,6,4,2,1,0.1,0.1,0.1,0.1,1,1,2,2,2,2,2,2,2,2,2,2,2,1,1,1,1,1,0.1,0.1,0.1,0.1,0.1,0.1,0.1,0.1,0.1,0.1,0.1,0.1,0.1
0.1,0.1,0.1,0.1,0.1,0.1,0.1,0.1,0.1,0.1,0.1,0.1,0.1,0.1,0.1,0.1,1,1,1,1,1,1,2,2,2,2,2,2,2,2,2,2,1,1,0.1,0.1,0.1,0.1,0.1,1,3,5,8,13,19,26,35,47,61,77,97,119,145,174,207,243,283,327,374,424,478,534,593,653,715,779,842,905,967,1026,1084,1138,1187,1232,1271,1304,1330,1349,1360,1363,1357,1344,1322,1292,1254,1208,1156,1098,1034,966,894,820,744,667,590,515,443,374,309,249,195,147,106,71,43,23,9,1,0.1,5,14,27,44,64,85,108,130,152,173,191,207,220,229,234,236,234,228,218,206,190,173,154,134,113,93,73,55,39,25,14,6,1,0.1,2,7,15,25,37,51,67,83,98,114,128,140,150,158,163,165,164,160,153,143,131,117,102,86,70,54,39,26,15,7,2,0.1,2,7,16,29,45,63,83,106,128,151,173,194,213,228,240,248,251,250,244,233,218,199,177,152,126,100,75,51,31,14,4,0.1,3,15,35,64,101,147,201,261,327,397,470,543,614,682,743,797,841,872,891,895,883,856,814,757,686,605,515,420,324,231,147,77,26,1,9,55,146,287,485,743,1068,1462,1928,2468,3083,3771,4533,5363,6259,7214,8223,9277,10367,11485,12618,13755,14886,15997,17077,18112,19092,20004,20837,21582,22229,22769,23197,23507,23694,23757,23694,23507,23197,22769,22229,21582,20837,20004,19092,18112,17077,15997,14886,13755,12618,11485,10367,9277,8223,7214,6259,5363,4533,3771,3083,2468,1928,1462,1068,743,485,287,146,55,9,1,26,77,147,231,324,420,515,605,686,757,814,856,883,895,891,872,841,797,743,682,614,543,470,397,327,261,201,147,101,64,35,15,3,0.1,4,14,31,51,75,100,126,152,177,199,218,233,244,250,251,248,240,228,213,194,173,151,128,106,83,63,45,29,16,7,2,0.1,2,7,15,26,39,54,70,86,102,117,131,143,153,160,164,165,163,158,150,140,128,114,98,83,67,51,37,25,15,7,2,0.1,1,6,14,25,39,55,73,93,113,134,154,173,190,206,218,228,234,236,234,229,220,207,191,173,152,130,108,85,64,44,27,14,5,0.1,1,9,23,43,71,106,147,195,249,309,374,443,515,590,667,744,820,894,966,1034,1098,1156,1208,1254,1292,1322,1344,1357,1363,1360,1349,1330,1304,1271,1232,1187,1138,1084,1026,967,905,842,779,715,653,593,534,478,424,374,327,283,243,207,174,145,119,97,77,61,47,35,26,19,13,8,5,3,1,0.1,0.1,0.1,0.1,0.1,1,1,2,2,2,2,2,2,2,2,2,2,1,1,1,1,1,1,0.1,0.1,0.1,0.1,0.1,0.1,0.1,0.1,0.1,0.1,0.1,0.1,0.1
0.1,0.1,0.1,0.1,0.1,0.1,0.1,0.1,0.1,0.1,0.1,0.1,0.1,0.1,0.1,0.1,0.1,1,1,1,1,1,2,2,2,2,2,2,2,2,2,2,1,1,1,0.1,0.1,0.1,0.1,1,2,4,7,11,16,23,31,41,54,69,86,106,130,156,186,219,256,295,338,384,433,485,539,594,651,709,767,825,881,936,989,1038,1083,1124,1160,1189,1213,1229,1239,1241,1236,1222,1201,1173,1138,1095,1047,993,934,871,804,736,666,595,525,457,391,328,269,215,167,124,87,57,34,16,5,0.1,1,7,17,31,48,67,88,109,131,151,170,187,201,212,220,224,224,221,215,205,192,177,159,141,121,101,82,64,47,32,20,10,4,0.1,0.1,3,10,18,30,43,58,74,90,106,121,135,147,157,164,169,171,169,164,157,147,134,120,104,88,71,55,40,27,15,7,2,0.1,2,7,17,29,45,64,85,108,131,155,178,199,218,235,248,256,261,260,255,245,230,212,190,166,139,112,86,61,39,21,8,1,1,9,25,50,84,125,175,231,293,360,429,500,569,636,697,751,796,831,852,860,854,832,796,745,681,606,522,432,340,249,166,93,38,6,2,33,105,222,391,615,901,1250,1666,2150,2703,3326,4016,4770,5586,6458,7379,8344,9343,10367,11408,12454,13493,14516,15511,16465,17368,18210,18979,19666,20263,20763,21158,21444,21617,21675,21617,21444,21158,20763,20263,19666,18979,18210,17368,16465,15511,14516,13493,12454,11408,10367,9343,8344,7379,6458,5586,4770,4016,3326,2703,2150,1666,1250,901,615,391,222,105,33,2,6,38,93,166,249,340,432,522,606,681,745,796,832,854,860,852,831,796,751,697,636,569,500,429,360,293,231,175,125,84,50,25,9,1,1,8,21,39,61,86,112,139,166,190,212,230,245,255,260,261,256,248,235,218,199,178,155,131,108,85,64,45,29,17,7,2,0.1,2,7,15,27,40,55,71,88,104,120,134,147,157,164,169,171,169,164,157,147,135,121,106,90,74,58,43,30,18,10,3,0.1,0.1,4,10,20,32,47,64,82,101,121,141,159,177,192,205,215,221,224,224,220,212,201,187,170,151,131,109,88,67,48,31,17,7,1,0.1,5,16,34,57,87,124,167,215,269,328,391,457,525,595,666,736,804,871,934,993,1047,1095,1138,1173,1201,1222,1236,1241,1239,1229,1213,1189,1160,1124,1083,1038,989,936,881,825,767,709,651,594,539,485,433,384,338,295,256,219,186,156,130,106,86,69,54,41,31,23,16,11,7,4,2,1,0.1,0.1,0.1,0.1,1,1,1,2,2,2,2,2,2,2,2,2,2,1,1,1,1,1,0.1,0.1,0.1,0.1,0.1,0.1,0.1,0.1,0.1,0.1,0.1,0.1,0.1,0.1
0.1,0.1,0.1,0.1,0.1,0.1,0.1,0.1,0.1,0.1,0.1,0.1,0.1,0.1,0.1,0.1,0.1,1,1,1,1,1,2,2,2,2,2,2,2,2,2,2,1,1,1,0.1,0.1,0.1,0.1,1,2,3,6,9,13,19,27,36,47,60,76,94,115,139,166,196,229,265,304,346,390,437,486,536,588,641,694,746,798,848,895,940,981,1018,1050,1077,1098,1112,1120,1122,1116,1103,1084,1057,1024,985,940,890,836,778,717,654,590,526,462,400,340,284,231,183,140,102,71,45,25,11,3,0.1,2,9,20,35,51,70,90,111,131,150,167,182,195,205,211,214,213,209,201,191,178,163,146,128,109,90,72,55,39,26,15,7,2,0.1,1,6,13,23,35,49,64,81,97,113,128,142,154,164,171,175,176,174,169,161,150,137,122,106,89,72,56,41,27,16,7,2,0.1,2,8,17,30,46,65,87,110,134,158,181,204,224,241,255,265,270,271,266,257,243,225,204,179,153,125,98,72,48,28,13,3,0.1,5,17,38,67,105,150,202,260,323,390,457,525,590,651,705,752,788,813,825,823,807,777,732,675,606,528,444,356,268,185,112,53,14,0.1,17,70,164,305,497,744,1050,1417,1846,2340,2897,3517,4197,4934,5723,6559,7435,8344,9277,10226,11180,12130,13066,13976,14850,15677,16448,17154,17784,18332,18790,19153,19416,19575,19628,19575,19416,19153,18790,18332,17784,17154,16448,15677,14850,13976,13066,12130,11180,10226,9277,8344,7435,6559,5723,4934,4197,3517,2897,2340,1846,1417,1050,744,497,305,164,70,17,0.1,14,53,112,185,268,356,444,528,606,675,732,777,807,823,825,813,788,752,705,651,590,525,457,390,323,260,202,150,105,67,38,17,5,0.1,3,13,28,48,72,98,125,153,179,204,225,243,257,266,271,270,265,255,241,224,204,181,158,134,110,87,65,46,30,17,8,2,0.1,2,7,16,27,41,56,72,89,106,122,137,150,161,169,174,176,175,171,164,154,142,128,113,97,81,64,49,35,23,13,6,1,0.1,2,7,15,26,39,55,72,90,109,128,146,163,178,191,201,209,213,214,211,205,195,182,167,150,131,111,90,70,51,35,20,9,2,0.1,3,11,25,45,71,102,140,183,231,284,340,400,462,526,590,654,717,778,836,890,940,985,1024,1057,1084,1103,1116,1122,1120,1112,1098,1077,1050,1018,981,940,895,848,798,746,694,641,588,536,486,437,390,346,304,265,229,196,166,139,115,94,76,60,47,36,27,19,13,9,6,3,2,1,0.1,0.1,0.1,0.1,1,1,1,2,2,2,2,2,2,2,2,2,2,1,1,1,1,1,0.1,0.1,0.1,0.1,0.1,0.1,0.1,0.1,0.1,0.1,0.1,0.1,0.1,0.1
0.1,0.1,0.1,0.1,0.1,0.1,0.1,0.1,0.1,0.1,0.1,0.1,0.1,0.1,0.1,0.1,0.1,1,1,1,1,1,1,2,2,2,2,2,2,2,2,2,2,1,1,0.1,0.1,0.1,0.1,0.1,1,2,4,7,11,16,22,30,40,52,66,82,101,122,146,173,203,235,270,308,348,390,434,480,527,575,622,670,716,761,804,844,881,914,943,967,985,998,1005,1006,1000,988,969,944,914,877,836,790,741,688,632,575,517,459,402,346,292,242,195,153,115,83,55,34,17,6,1,0.1,4,12,24,38,55,73,93,112,131,148,164,178,189,197,202,203,201,196,188,178,164,149,133,115,97,79,62,46,32,20,11,4,1,0.1,3,8,17,28,41,56,71,88,105,121,136,150,162,171,178,181,182,179,173,165,154,140,125,108,91,74,57,41,27,16,7,2,0.1,2,8,17,30,47,66,88,111,136,161,185,208,229,248,262,273,279,281,277,269,256,239,218,193,167,139,111,84,58,36,19,6,0.1,2,10,27,52,86,126,174,229,288,351,416,481,545,605,659,707,745,773,789,792,781,756,718,668,606,534,455,372,288,206,133,71,25,2,6,41,114,229,389,600,864,1183,1560,1996,2490,3042,3649,4309,5017,5769,6559,7379,8223,9082,9947,10809,11658,12485,13280,14033,14735,15378,15952,16452,16870,17201,17440,17585,17634,17585,17440,17201,16870,16452,15952,15378,14735,14033,13280,12485,11658,10809,9947,9082,8223,7379,6559,5769,5017,4309,3649,3042,2490,1996,1560,1183,864,600,389,229,114,41,6,2,25,71,133,206,288,372,455,534,606,668,718,756,781,792,789,773,745,707,659,605,545,481,416,351,288,229,174,126,86,52,27,10,2,0.1,6,19,36,58,84,111,139,167,193,218,239,256,269,277,281,279,273,262,248,229,208,185,161,136,111,88,66,47,30,17,8,2,0.1,2,7,16,27,41,57,74,91,108,125,140,154,165,173,179,182,181,178,171,162,150,136,121,105,88,71,56,41,28,17,8,3,0.1,1,4,11,20,32,46,62,79,97,115,133,149,164,178,188,196,201,203,202,197,189,178,164,148,131,112,93,73,55,38,24,12,4,0.1,1,6,17,34,55,83,115,153,195,242,292,346,402,459,517,575,632,688,741,790,836,877,914,944,969,988,1000,1006,1005,998,985,967,943,914,881,844,804,761,716,670,622,575,527,480,434,390,348,308,270,235,203,173,146,122,101,82,66,52,40,30,22,16,11,7,4,2,1,0.1,0.1,0.1,0.1,0.1,1,1,2,2,2,2,2,2,2,2,2,2,1,1,1,1,1,1,0.1,0.1,0.1,0.1,0.1,0.1,0.1,0.1,0.1,0.1,0.1,0.1,0.1,0.1
0.1,0.1,0.1,0.1,0.1,0.1,0.1,0.1,0.1,0.1,0.1,0.1,0.1,0.1,0.1,0.1,0.1,1,1,1,1,1,1,2,2,2,2,2,2,2,2,2,2,1,1,1,0.1,0.1,0.1,0.1,1,2,3,6,9,13,19,26,34,44,56,71,87,106,128,151,178,207,238,272,308,345,385,426,468,511,553,596,637,678,716,752,785,814,840,861,877,888,894,894,888,876,859,836,808,774,737,695,650,602,552,500,448,396,345,295,248,203,162,125,93,65,42,24,11,3,0.1,1,7,16,28,43,59,77,95,113,130,146,161,173,182,189,192,192,190,184,175,164,151,136,120,103,85,69,53,38,26,15,7,2,0.1,1,5,12,21,33,47,62,79,96,113,129,144,157,169,178,184,187,187,184,178,168,157,143,127,110,92,75,58,42,28,16,7,2,0.1,2,8,17,31,47,67,89,113,138,164,189,213,234,254,269,281,288,291,289,281,269,252,232,208,181,153,124,96,70,46,26,11,2,0.1,5,18,39,68,105,148,199,254,313,375,438,500,559,614,662,702,732,752,759,753,735,703,659,604,538,465,387,307,228,154,90,40,9,0.1,20,73,163,294,470,694,968,1295,1674,2108,2594,3131,3716,4346,5017,5723,6458,7214,7986,8764,9540,10306,11052,11769,12449,13084,13665,14185,14637,15016,15316,15533,15664,15708,15664,15533,15316,15016,14637,14185,13665,13084,12449,11769,11052,10306,9540,8764,7986,7214,6458,5723,5017,4346,3716,3131,2594,2108,1674,1295,968,694,470,294,163,73,20,0.1,9,40,90,154,228,307,387,465,538,604,659,703,735,753,759,752,732,702,662,614,559,500,438,375,313,254,199,148,105,68,39,18,5,0.1,2,11,26,46,70,96,124,153,181,208,232,252,269,281,289,291,288,281,269,254,234,213,189,164,138,113,89,67,47,31,17,8,2,0.1,2,7,16,28,42,58,75,92,110,127,143,157,168,178,184,187,187,184,178,169,157,144,129,113,96,79,62,47,33,21,12,5,1,0.1,2,7,15,26,38,53,69,85,103,120,136,151,164,175,184,190,192,192,189,182,173,161,146,130,113,95,77,59,43,28,16,7,1,0.1,3,11,24,42,65,93,125,162,203,248,295,345,396,448,500,552,602,650,695,737,774,808,836,859,876,888,894,894,888,877,861,840,814,785,752,716,678,637,596,553,511,468,426,385,345,308,272,238,207,178,151,128,106,87,71,56,44,34,26,19,13,9,6,3,2,1,0.1,0.1,0.1,0.1,1,1,1,2,2,2,2,2,2,2,2,2,2,1,1,1,1,1,1,0.1,0.1,0.1,0.1,0.1,0.1,0.1,0.1,0.1,0.1,0.1,0.1,0.1,0.1
0.1,0.1,0.1,0.1,0.1,0.1,0.1,0.1,0.1,0.1,0.1,0.1,0.1,0.1,0.1,0.1,0.1,0.1,1,1,1,1,1,2,2,2,2,2,2,2,2,2,2,1,1,1,0.1,0.1,0.1,0.1,0.1,1,2,4,7,10,15,21,28,37,48,60,75,91,110,131,154,180,208,237,269,303,338,374,412,449,487,525,562,598,632,664,693,719,741,760,774,783,787,787,781,770,754,733,707,676,642,605,564,521,476,430,383,337,291,248,206,167,132,100,72,49,30,16,6,1,0.1,3,10,20,32,47,63,80,97,114,130,144,157,167,175,180,183,182,178,171,162,151,138,123,107,91,75,59,44,31,20,11,4,1,0.1,2,8,16,26,39,53,69,86,103,120,137,152,165,176,184,190,193,192,188,181,172,159,145,129,112,94,76,58,42,28,16,7,2,0.1,2,8,18,31,48,68,90,115,140,166,192,216,239,259,276,289,297,301,299,293,282,266,246,222,196,168,139,110,82,57,35,17,6,0.1,2,11,28,52,85,124,170,221,277,336,396,456,514,568,617,659,691,714,726,725,712,687,650,601,542,475,403,327,250,178,112,58,20,1,7,41,108,211,355,541,773,1051,1378,1754,2177,2647,3161,3716,4309,4934,5586,6259,6946,7640,8333,9018,9685,10328,10938,11508,12029,12496,12903,13243,13512,13707,13826,13865,13826,13707,13512,13243,12903,12496,12029,11508,10938,10328,9685,9018,8333,7640,6946,6259,5586,4934,4309,3716,3161,2647,2177,1754,1378,1051,773,541,355,211,108,41,7,1,20,58,112,178,250,327,403,475,542,601,650,687,712,725,726,714,691,659,617,568,514,456,396,336,277,221,170,124,85,52,28,11,2,0.1,6,17,35,57,82,110,139,168,196,222,246,266,282,293,299,301,297,289,276,259,239,216,192,166,140,115,90,68,48,31,18,8,2,0.1,2,7,16,28,42,58,76,94,112,129,145,159,172,181,188,192,193,190,184,176,165,152,137,120,103,86,69,53,39,26,16,8,2,0.1,1,4,11,20,31,44,59,75,91,107,123,138,151,162,171,178,182,183,180,175,167,157,144,130,114,97,80,63,47,32,20,10,3,0.1,1,6,16,30,49,72,100,132,167,206,248,291,337,383,430,476,521,564,605,642,676,707,733,754,770,781,787,787,783,774,760,741,719,693,664,632,598,562,525,487,449,412,374,338,303,269,237,208,180,154,131,110,91,75,60,48,37,28,21,15,10,7,4,2,1,0.1,0.1,0.1,0.1,0.1,1,1,1,2,2,2,2,2,2,2,2,2,2,1,1,1,1,1,0.1,0.1,0.1,0.1,0.1,0.1,0.1,0.1,0.1,0.1,0.1,0.1,0.1,0.1,0.1
0.1,0.1,0.1,0.1,0.1,0.1,0.1,0.1,0.1,0.1,0.1,0.1,0.1,0.1,0.1,0.1,0.1,0.1,1,1,1,1,1,1,2,2,2,2,2,2,2,2,2,2,1,1,1,0.1,0.1,0.1,0.1,1,2,3,5,8,12,17,23,31,40,50,63,77,94,112,132,155,179,205,233,262,293,325,358,392,425,458,491,522,552,580,606,628,648,663,675,683,687,685,680,669,654,635,612,584,553,520,483,445,405,364,323,282,242,204,168,135,104,77,54,35,20,9,3,0.1,1,6,14,24,37,51,66,82,98,114,129,142,153,162,168,172,173,171,166,159,150,138,125,110,95,80,64,50,36,24,15,7,2,0.1,1,4,11,20,32,45,60,77,94,111,128,144,159,172,183,191,196,198,197,192,185,175,162,147,131,113,95,76,59,43,28,16,7,2,0.1,2,8,18,31,48,68,91,116,142,168,195,220,243,264,282,295,305,310,309,304,294,279,260,237,211,182,153,123,95,68,44,25,10,2,0.1,6,18,39,67,102,144,191,243,298,356,414,470,524,573,615,650,676,692,696,689,670,639,597,545,484,417,346,273,202,136,79,35,7,0.1,18,64,142,256,407,599,833,1110,1430,1794,2200,2647,3131,3649,4197,4770,5363,5970,6583,7197,7804,8396,8967,9510,10017,10481,10897,11260,11563,11803,11977,12083,12118,12083,11977,11803,11563,11260,10897,10481,10017,9510,8967,8396,7804,7197,6583,5970,5363,4770,4197,3649,3131,2647,2200,1794,1430,1110,833,599,407,256,142,64,18,0.1,7,35,79,136,202,273,346,417,484,545,597,639,670,689,696,692,676,650,615,573,524,470,414,356,298,243,191,144,102,67,39,18,6,0.1,2,10,25,44,68,95,123,153,182,211,237,260,279,294,304,309,310,305,295,282,264,243,220,195,168,142,116,91,68,48,31,18,8,2,0.1,2,7,16,28,43,59,76,95,113,131,147,162,175,185,192,197,198,196,191,183,172,159,144,128,111,94,77,60,45,32,20,11,4,1,0.1,2,7,15,24,36,50,64,80,95,110,125,138,150,159,166,171,173,172,168,162,153,142,129,114,98,82,66,51,37,24,14,6,1,0.1,3,9,20,35,54,77,104,135,168,204,242,282,323,364,405,445,483,520,553,584,612,635,654,669,680,685,687,683,675,663,648,628,606,580,552,522,491,458,425,392,358,325,293,262,233,205,179,155,132,112,94,77,63,50,40,31,23,17,12,8,5,3,2,1,0.1,0.1,0.1,0.1,1,1,1,2,2,2,2,2,2,2,2,2,2,1,1,1,1,1,1,0.1,0.1,0.1,0.1,0.1,0.1,0.1,0.1,0.1,0.1,0.1,0.1,0.1,0.1,0.1
0.1,0.1,0.1,0.1,0.1,0.1,0.1,0.1,0.1,0.1,0.1,0.1,0.1,0.1,0.1,0.1,0.1,0.1,1,1,1,1,1,1,2,2,2,2,2,2,2,2,2,2,1,1,1,0.1,0.1,0.1,0.1,0.1,1,2,4,6,9,13,18,25,32,41,52,64,78,94,112,131,152,175,199,225,252,280,308,337,367,396,424,451,477,502,524,543,560,573,583,590,592,590,585,575,561,544,523,498,471,441,408,374,339,303,267,232,198,165,134,106,80,58,39,24,12,5,1,0.1,3,9,18,28,41,55,70,85,100,114,127,139,149,156,161,163,163,160,155,147,137,126,112,98,84,69,55,41,29,19,10,4,1,0.1,2,7,15,25,37,51,67,84,101,119,136,152,166,179,189,196,201,202,201,196,188,177,164,149,132,114,95,77,59,43,28,16,8,2,0.1,2,8,18,31,49,69,92,117,143,170,197,223,247,268,287,302,312,318,319,315,305,291,273,251,225,197,168,138,108,80,55,33,17,5,0.1,2,11,27,51,82,119,163,211,263,317,373,428,480,529,573,610,638,657,666,664,651,626,591,546,492,431,365,296,227,162,103,55,19,2,5,32,87,173,292,447,639,870,1140,1448,1794,2177,2594,3042,3517,4016,4533,5062,5600,6138,6671,7192,7695,8173,8620,9030,9398,9718,9986,10199,10353,10446,10477,10446,10353,10199,9986,9718,9398,9030,8620,8173,7695,7192,6671,6138,5600,5062,4533,4016,3517,3042,2594,2177,1794,1448,1140,870,639,447,292,173,87,32,5,2,19,55,103,162,227,296,365,431,492,546,591,626,651,664,666,657,638,610,573,529,480,428,373,317,263,211,163,119,82,51,27,11,2,0.1,5,17,33,55,80,108,138,168,197,225,251,273,291,305,315,319,318,312,302,287,268,247,223,197,170,143,117,92,69,49,31,18,8,2,0.1,2,8,16,28,43,59,77,95,114,132,149,164,177,188,196,201,202,201,196,189,179,166,152,136,119,101,84,67,51,37,25,15,7,2,0.1,1,4,10,19,29,41,55,69,84,98,112,126,137,147,155,160,163,163,161,156,149,139,127,114,100,85,70,55,41,28,18,9,3,0.1,1,5,12,24,39,58,80,106,134,165,198,232,267,303,339,374,408,441,471,498,523,544,561,575,585,590,592,590,583,573,560,543,524,502,477,451,424,396,367,337,308,280,252,225,199,175,152,131,112,94,78,64,52,41,32,25,18,13,9,6,4,2,1,0.1,0.1,0.1,0.1,0.1,1,1,1,2,2,2,2,2,2,2,2,2,2,1,1,1,1,1,1,0.1,0.1,0.1,0.1,0.1,0.1,0.1,0.1,0.1,0.1,0.1,0.1,0.1,0.1,0.1
0.1,0.1,0.1,0.1,0.1,0.1,0.1,0.1,0.1,0.1,0.1,0.1,0.1,0.1,0.1,0.1,0.1,0.1,0.1,1,1,1,1,1,2,2,2,2,2,2,2,2,2,2,2,1,1,1,0.1,0.1,0.1,0.1,1,1,3,4,7,10,14,19,26,33,42,53,65,78,93,109,128,147,168,190,213,237,262,287,312,337,362,385,408,428,447,464,478,489,498,503,504,502,497,488,476,460,441,419,395,368,340,310,279,248,217,187,157,130,104,80,59,41,26,15,7,2,0.1,1,6,13,22,33,46,59,73,88,101,114,126,136,144,150,154,155,153,150,143,135,125,113,101,87,73,59,46,34,23,14,7,2,0.1,1,4,10,19,30,43,58,74,91,109,126,143,159,173,185,195,202,206,207,204,199,191,179,166,150,133,115,96,77,59,43,28,17,8,2,0.1,2,8,18,32,49,69,92,117,144,171,198,225,250,272,291,307,319,325,327,324,316,303,286,264,239,212,182,152,122,93,66,43,24,10,2,0.1,6,18,38,64,97,137,181,229,281,333,386,438,487,531,569,600,623,636,639,631,613,584,545,498,443,383,318,253,189,130,78,37,10,0.1,11,46,107,197,318,472,660,883,1140,1430,1754,2108,2490,2897,3326,3771,4229,4695,5162,5625,6079,6517,6934,7325,7684,8005,8286,8521,8707,8842,8924,8951,8924,8842,8707,8521,8286,8005,7684,7325,6934,6517,6079,5625,5162,4695,4229,3771,3326,2897,2490,2108,1754,1430,1140,883,660,472,318,197,107,46,11,0.1,10,37,78,130,189,253,318,383,443,498,545,584,613,631,639,636,623,600,569,531,487,438,386,333,281,229,181,137,97,64,38,18,6,0.1,2,10,24,43,66,93,122,152,182,212,239,264,286,303,316,324,327,325,319,307,291,272,250,225,198,171,144,117,92,69,49,32,18,8,2,0.1,2,8,17,28,43,59,77,96,115,133,150,166,179,191,199,204,207,206,202,195,185,173,159,143,126,109,91,74,58,43,30,19,10,4,1,0.1,2,7,14,23,34,46,59,73,87,101,113,125,135,143,150,153,155,154,150,144,136,126,114,101,88,73,59,46,33,22,13,6,1,0.1,2,7,15,26,41,59,80,104,130,157,187,217,248,279,310,340,368,395,419,441,460,476,488,497,502,504,503,498,489,478,464,447,428,408,385,362,337,312,287,262,237,213,190,168,147,128,109,93,78,65,53,42,33,26,19,14,10,7,4,3,1,1,0.1,0.1,0.1,0.1,1,1,1,2,2,2,2,2,2,2,2,2,2,2,1,1,1,1,1,0.1,0.1,0.1,0.1,0.1,0.1,0.1,0.1,0.1,0.1,0.1,0.1,0.1,0.1,0.1,0.1
0.1,0.1,0.1,0.1,0.1,0.1,0.1,0.1,0.1,0.1,0.1,0.1,0.1,0.1,0.1,0.1,0.1,0.1,0.1,1,1,1,1,1,1,2,2,2,2,2,2,2,2,2,2,1,1,1,1,0.1,0.1,0.1,0.1,1,2,3,5,7,11,15,20,26,34,42,52,63,76,90,105,122,139,158,178,198,220,241,262,284,304,325,344,361,377,391,403,412,419,423,424,422,416,408,397,383,366,347,325,302,278,252,226,199,173,147,122,99,78,58,42,27,16,8,3,0.1,1,4,9,17,27,38,50,63,77,90,102,114,124,133,139,144,146,146,144,139,132,124,113,102,89,76,63,50,38,27,17,10,4,1,0.1,2,7,14,24,35,49,65,81,99,116,133,150,165,179,191,200,206,210,210,207,201,192,181,167,151,133,115,96,77,59,43,28,17,8,2,0.1,2,8,18,32,49,69,92,118,144,172,200,226,252,275,295,312,324,332,335,333,326,314,298,277,253,226,197,166,136,106,78,53,32,16,5,0.1,2,11,26,49,78,113,153,198,246,296,347,397,445,490,529,562,588,604,612,610,598,575,543,503,454,400,340,279,217,158,104,59,24,4,1,18,57,122,213,332,481,660,870,1110,1378,1674,1996,2340,2703,3083,3474,3872,4273,4671,5061,5439,5800,6137,6448,6726,6969,7173,7335,7452,7523,7547,7523,7452,7335,7173,6969,6726,6448,6137,5800,5439,5061,4671,4273,3872,3474,3083,2703,2340,1996,1674,1378,1110,870,660,481,332,213,122,57,18,1,4,24,59,104,158,217,279,340,400,454,503,543,575,598,610,612,604,588,562,529,490,445,397,347,296,246,198,153,113,78,49,26,11,2,0.1,5,16,32,53,78,106,136,166,197,226,253,277,298,314,326,333,335,332,324,312,295,275,252,226,200,172,144,118,92,69,49,32,18,8,2,0.1,2,8,17,28,43,59,77,96,115,133,151,167,181,192,201,207,210,210,206,200,191,179,165,150,133,116,99,81,65,49,35,24,14,7,2,0.1,1,4,10,17,27,38,50,63,76,89,102,113,124,132,139,144,146,146,144,139,133,124,114,102,90,77,63,50,38,27,17,9,4,1,0.1,3,8,16,27,42,58,78,99,122,147,173,199,226,252,278,302,325,347,366,383,397,408,416,422,424,423,419,412,403,391,377,361,344,325,304,284,262,241,220,198,178,158,139,122,105,90,76,63,52,42,34,26,20,15,11,7,5,3,2,1,0.1,0.1,0.1,0.1,1,1,1,1,2,2,2,2,2,2,2,2,2,2,1,1,1,1,1,1,0.1,0.1,0.1,0.1,0.1,0.1,0.1,0.1,0.1,0.1,0.1,0.1,0.1,0.1,0.1,0.1
0.1,0.1,0.1,0.1,0.1,0.1,0.1,0.1,0.1,0.1,0.1,0.1,0.1,0.1,0.1,0.1,0.1,0.1,0.1,1,1,1,1,1,1,2,2,2,2,2,2,2,2,2,2,2,1,1,1,0.1,0.1,0.1,0.1,0.1,1,2,3,5,8,11,15,20,26,33,41,50,61,72,85,99,114,130,146,163,181,199,217,235,252,269,285,300,313,325,335,342,347,350,351,348,343,336,326,313,299,282,263,243,222,200,178,156,133,112,92,73,55,40,27,17,9,3,0.1,0.1,2,7,14,22,32,43,55,67,80,92,103,113,122,129,134,137,138,137,134,129,121,113,102,91,79,66,54,42,31,21,13,6,2,0.1,1,4,10,18,28,41,55,71,88,105,123,140,157,172,185,196,204,210,213,213,209,203,194,182,167,151,133,115,96,77,59,43,28,16,7,2,0.1,2,8,18,31,49,69,92,118,144,172,200,227,253,277,297,315,328,337,341,341,335,324,309,289,266,239,211,180,150,120,91,65,42,23,10,2,0.1,5,17,35,60,91,128,169,214,261,310,358,405,450,490,524,552,573,585,588,581,565,540,506,464,415,361,304,245,188,133,85,45,16,1,3,24,65,129,218,332,472,639,833,1051,1295,1560,1846,2150,2468,2797,3133,3473,3811,4143,4465,4772,5061,5326,5565,5773,5948,6086,6187,6248,6268,6248,6187,6086,5948,5773,5565,5326,5061,4772,4465,4143,3811,3473,3133,2797,2468,2150,1846,1560,1295,1051,833,639,472,332,218,129,65,24,3,1,16,45,85,133,188,245,304,361,415,464,506,540,565,581,588,585,573,552,524,490,450,405,358,310,261,214,169,128,91,60,35,17,5,0.1,2,10,23,42,65,91,120,150,180,211,239,266,289,309,324,335,341,341,337,328,315,297,277,253,227,200,172,144,118,92,69,49,31,18,8,2,0.1,2,7,16,28,43,59,77,96,115,133,151,167,182,194,203,209,213,213,210,204,196,185,172,157,140,123,105,88,71,55,41,28,18,10,4,1,0.1,2,6,13,21,31,42,54,66,79,91,102,113,121,129,134,137,138,137,134,129,122,113,103,92,80,67,55,43,32,22,14,7,2,0.1,0.1,3,9,17,27,40,55,73,92,112,133,156,178,200,222,243,263,282,299,313,326,336,343,348,351,350,347,342,335,325,313,300,285,269,252,235,217,199,181,163,146,130,114,99,85,72,61,50,41,33,26,20,15,11,8,5,3,2,1,0.1,0.1,0.1,0.1,0.1,1,1,1,2,2,2,2,2,2,2,2,2,2,2,1,1,1,1,1,1,0.1,0.1,0.1,0.1,0.1,0.1,0.1,0.1,0.1,0.1,0.1,0.1,0.1,0.1,0.1,0.1
0.1,0.1,0.1,0.1,0.1,0.1,0.1,0.1,0.1,0.1,0.1,0.1,0.1,0.1,0.1,0.1,0.1,0.1,0.1,0.1,1,1,1,1,1,2,2,2,2,2,2,2,2,2,2,2,2,1,1,1,0.1,0.1,0.1,0.1,0.1,1,2,3,5,8,11,15,19,25,32,39,48,57,67,79,91,104,118,132,147,161,176,191,206,220,233,245,256,265,273,279,283,285,285,283,278,271,262,251,239,224,209,192,174,155,137,118,100,82,66,51,37,26,16,9,4,1,0.1,2,5,11,18,27,37,48,59,71,82,93,103,112,119,125,129,131,131,129,125,119,111,102,92,80,69,57,45,34,24,16,9,4,1,0.1,2,6,13,22,33,47,62,78,95,112,129,146,162,177,190,200,208,213,216,215,211,204,194,182,167,151,133,114,95,77,59,43,28,16,7,2,0.1,2,8,18,31,48,69,92,117,144,172,200,227,253,277,299,317,331,341,346,347,342,333,318,300,278,252,224,194,163,133,103,76,52,31,15,5,0.1,2,10,25,46,73,105,142,184,228,274,321,367,411,451,487,518,541,557,565,563,553,534,507,471,429,381,329,274,218,165,115,71,36,11,0.1,5,27,68,129,213,318,447,599,773,968,1183,1417,1666,1928,2201,2480,2763,3046,3324,3595,3854,4097,4321,4523,4699,4847,4964,5050,5101,5119,5101,5050,4964,4847,4699,4523,4321,4097,3854,3595,3324,3046,2763,2480,2201,1928,1666,1417,1183,968,773,599,447,318,213,129,68,27,5,0.1,11,36,71,115,165,218,274,329,381,429,471,507,534,553,563,565,557,541,518,487,451,411,367,321,274,228,184,142,105,73,46,25,10,2,0.1,5,15,31,52,76,103,133,163,194,224,252,278,300,318,333,342,347,346,341,331,317,299,277,253,227,200,172,144,117,92,69,48,31,18,8,2,0.1,2,7,16,28,43,59,77,95,114,133,151,167,182,194,204,211,215,216,213,208,200,190,177,162,146,129,112,95,78,62,47,33,22,13,6,2,0.1,1,4,9,16,24,34,45,57,69,80,92,102,111,119,125,129,131,131,129,125,119,112,103,93,82,71,59,48,37,27,18,11,5,2,0.1,1,4,9,16,26,37,51,66,82,100,118,137,155,174,192,209,224,239,251,262,271,278,283,285,285,283,279,273,265,256,245,233,220,206,191,176,161,147,132,118,104,91,79,67,57,48,39,32,25,19,15,11,8,5,3,2,1,0.1,0.1,0.1,0.1,0.1,1,1,1,2,2,2,2,2,2,2,2,2,2,2,2,1,1,1,1,1,0.1,0.1,0.1,0.1,0.1,0.1,0.1,0.1,0.1,0.1,0.1,0.1,0.1,0.1,0.1,0.1,0.1
0.1,0.1,0.1,0.1,0.1,0.1,0.1,0.1,0.1,0.1,0.1,0.1,0.1,0.1,0.1,0.1,0.1,0.1,0.1,0.1,1,1,1,1,1,1,2,2,2,2,2,2,2,2,2,2,2,2,1,1,1,0.1,0.1,0.1,0.1,0.1,1,2,3,5,7,10,14,18,23,29,36,44,52,61,71,81,93,104,116,128,140,153,164,176,186,196,205,212,218,223,226,227,227,224,220,214,206,197,186,174,161,147,132,116,101,86,71,58,45,33,23,15,8,3,1,0.1,1,4,9,16,24,33,43,53,64,74,85,94,103,110,116,121,123,124,123,120,115,109,101,92,82,71,60,48,38,28,19,11,6,2,0.1,1,4,9,17,27,39,52,68,84,101,118,135,152,167,181,194,204,211,216,217,216,211,204,194,181,167,150,132,114,95,76,58,42,28,16,7,2,0.1,2,8,17,31,48,68,91,116,143,170,198,226,252,277,299,318,333,344,350,351,348,340,327,309,288,263,236,207,176,146,116,88,62,40,22,9,2,0.1,5,16,33,56,85,118,156,197,241,285,330,373,414,451,483,509,528,540,544,540,527,506,477,441,399,352,301,249,197,147,101,62,30,9,0.1,6,27,65,122,197,292,407,541,694,864,1050,1250,1462,1684,1912,2144,2376,2606,2830,3044,3246,3432,3600,3747,3871,3969,4040,4083,4098,4083,4040,3969,3871,3747,3600,3432,3246,3044,2830,2606,2376,2144,1912,1684,1462,1250,1050,864,694,541,407,292,197,122,65,27,6,0.1,9,30,62,101,147,197,249,301,352,399,441,477,506,527,540,544,540,528,509,483,451,414,373,330,285,241,197,156,118,85,56,33,16,5,0.1,2,9,22,40,62,88,116,146,176,207,236,263,288,309,327,340,348,351,350,344,333,318,299,277,252,226,198,170,143,116,91,68,48,31,17,8,2,0.1,2,7,16,28,42,58,76,95,114,132,150,167,181,194,204,211,216,217,216,211,204,194,181,167,152,135,118,101,84,68,52,39,27,17,9,4,1,0.1,2,6,11,19,28,38,48,60,71,82,92,101,109,115,120,123,124,123,121,116,110,103,94,85,74,64,53,43,33,24,16,9,4,1,0.1,1,3,8,15,23,33,45,58,71,86,101,116,132,147,161,174,186,197,206,214,220,224,227,227,226,223,218,212,205,196,186,176,164,153,140,128,116,104,93,81,71,61,52,44,36,29,23,18,14,10,7,5,3,2,1,0.1,0.1,0.1,0.1,0.1,1,1,1,2,2,2,2,2,2,2,2,2,2,2,2,1,1,1,1,1,1,0.1,0.1,0.1,0.1,0.1,0.1,0.1,0.1,0.1,0.1,0.1,0.1,0.1,0.1,0.1,0.1,0.1
0.1,0.1,0.1,0.1,0.1,0.1,0.1,0.1,0.1,0.1,0.1,0.1,0.1,0.1,0.1,0.1,0.1,0.1,0.1,0.1,0.1,1,1,1,1,1,2,2,2,2,2,2,2,2,2,2,2,2,2,1,1,1,0.1,0.1,0.1,0.1,0.1,1,2,3,5,7,9,13,17,21,26,32,39,46,54,62,71,80,90,99,109,119,128,137,146,153,160,166,171,174,176,177,176,174,170,165,158,150,141,131,120,108,96,84,72,60,48,38,28,20,13,7,3,1,0.1,1,4,8,14,21,29,38,48,58,68,77,86,95,102,108,113,116,118,117,115,111,106,99,91,82,72,62,51,41,31,22,14,8,3,1,0.1,2,6,12,21,31,44,58,73,90,107,124,141,157,172,185,197,206,213,217,218,216,211,203,193,180,165,149,131,112,93,75,58,41,27,16,7,2,0.1,2,8,17,30,47,67,90,114,141,169,197,224,251,275,298,317,333,344,352,354,352,345,333,317,297,273,247,219,189,158,128,100,73,50,30,15,5,0.1,2,9,23,42,67,97,131,169,210,252,295,337,377,415,448,477,499,515,524,524,517,502,480,450,415,373,328,280,231,182,135,93,56,27,8,0.1,5,24,57,107,173,256,355,470,600,744,901,1068,1244,1426,1612,1800,1986,2167,2342,2507,2659,2797,2917,3019,3099,3158,3193,3205,3193,3158,3099,3019,2917,2797,2659,2507,2342,2167,1986,1800,1612,1426,1244,1068,901,744,600,470,355,256,173,107,57,24,5,0.1,8,27,56,93,135,182,231,280,328,373,415,450,480,502,517,524,524,515,499,477,448,415,377,337,295,252,210,169,131,97,67,42,23,9,2,0.1,5,15,30,50,73,100,128,158,189,219,247,273,297,317,333,345,352,354,352,344,333,317,298,275,251,224,197,169,141,114,90,67,47,30,17,8,2,0.1,2,7,16,27,41,58,75,93,112,131,149,165,180,193,203,211,216,218,217,213,206,197,185,172,157,141,124,107,90,73,58,44,31,21,12,6,2,0.1,1,3,8,14,22,31,41,51,62,72,82,91,99,106,111,115,117,118,116,113,108,102,95,86,77,68,58,48,38,29,21,14,8,4,1,0.1,1,3,7,13,20,28,38,48,60,72,84,96,108,120,131,141,150,158,165,170,174,176,177,176,174,171,166,160,153,146,137,128,119,109,99,90,80,71,62,54,46,39,32,26,21,17,13,9,7,5,3,2,1,0.1,0.1,0.1,0.1,0.1,1,1,1,2,2,2,2,2,2,2,2,2,2,2,2,2,1,1,1,1,1,0.1,0.1,0.1,0.1,0.1,0.1,0.1,0.1,0.1,0.1,0.1,0.1,0.1,0.1,0.1,0.1,0.1,0.1
0.1,0.1,0.1,0.1,0.1,0.1,0.1,0.1,0.1,0.1,0.1,0.1,0.1,0.1,0.1,0.1,0.1,0.1,0.1,0.1,0.1,1,1,1,1,1,1,2,2,2,2,2,2,2,2,2,2,2,2,2,1,1,1,0.1,0.1,0.1,0.1,0.1,1,1,3,4,6,8,11,14,18,23,28,33,39,46,53,60,67,75,82,90,97,104,111,117,122,126,130,132,134,134,133,131,127,123,117,111,103,95,86,77,67,57,48,39,30,23,16,10,5,2,0.1,0.1,1,4,8,13,19,27,35,44,53,62,71,80,88,95,101,106,109,111,112,110,107,103,97,90,82,73,63,53,43,34,25,17,10,5,2,0.1,1,3,8,15,25,36,49,63,79,95,112,129,145,161,175,188,199,207,213,217,217,215,210,202,191,178,163,147,129,110,92,74,56,41,27,16,7,2,0.1,2,7,17,30,46,66,88,113,139,166,194,221,248,273,295,315,331,344,352,355,354,348,338,323,304,282,257,229,200,170,140,111,84,59,38,21,9,2,0.1,4,14,30,51,78,109,143,181,221,262,303,342,380,414,445,470,489,502,508,506,497,481,458,428,393,353,310,264,218,172,128,89,54,27,9,0.1,3,18,46,87,142,211,294,389,497,615,743,879,1021,1167,1314,1461,1605,1745,1876,1998,2109,2205,2287,2352,2399,2428,2437,2428,2399,2352,2287,2205,2109,1998,1876,1745,1605,1461,1314,1167,1021,879,743,615,497,389,294,211,142,87,46,18,3,0.1,9,27,54,89,128,172,218,264,310,353,393,428,458,481,497,506,508,502,489,470,445,414,380,342,303,262,221,181,143,109,78,51,30,14,4,0.1,2,9,21,38,59,84,111,140,170,200,229,257,282,304,323,338,348,354,355,352,344,331,315,295,273,248,221,194,166,139,113,88,66,46,30,17,7,2,0.1,2,7,16,27,41,56,74,92,110,129,147,163,178,191,202,210,215,217,217,213,207,199,188,175,161,145,129,112,95,79,63,49,36,25,15,8,3,1,0.1,2,5,10,17,25,34,43,53,63,73,82,90,97,103,107,110,112,111,109,106,101,95,88,80,71,62,53,44,35,27,19,13,8,4,1,0.1,0.1,2,5,10,16,23,30,39,48,57,67,77,86,95,103,111,117,123,127,131,133,134,134,132,130,126,122,117,111,104,97,90,82,75,67,60,53,46,39,33,28,23,18,14,11,8,6,4,3,1,1,0.1,0.1,0.1,0.1,0.1,1,1,1,2,2,2,2,2,2,2,2,2,2,2,2,2,1,1,1,1,1,1,0.1,0.1,0.1,0.1,0.1,0.1,0.1,0.1,0.1,0.1,0.1,0.1,0.1,0.1,0.1,0.1,0.1,0.1
0.1,0.1,0.1,0.1,0.1,0.1,0.1,0.1,0.1,0.1,0.1,0.1,0.1,0.1,0.1,0.1,0.1,0.1,0.1,0.1,0.1,1,1,1,1,1,1,2,2,2,2,2,2,3,3,3,2,2,2,2,2,1,1,1,0.1,0.1,0.1,0.1,0.1,1,1,2,3,5,7,9,12,15,19,23,27,32,37,43,48,54,60,65,71,76,81,86,89,93,95,97,98,98,96,94,92,88,83,78,72,65,58,51,44,36,29,23,17,11,7,4,1,0.1,0.1,1,4,8,13,18,25,33,41,49,58,66,74,82,89,95,100,103,105,106,106,103,100,95,88,81,73,64,55,45,36,27,19,13,7,3,1,0.1,2,5,11,19,29,40,54,68,84,100,116,133,149,164,177,189,200,208,213,216,216,213,207,199,188,175,160,144,126,108,90,72,55,40,26,15,7,2,0.1,2,7,16,29,45,64,86,110,136,163,190,217,244,269,291,311,328,341,350,355,355,350,341,327,310,289,265,238,210,180,151,122,94,69,47,28,14,4,0.1,1,8,21,38,61,89,120,155,192,231,270,309,346,381,413,440,462,479,489,493,489,479,462,439,410,376,338,297,254,210,167,126,89,56,30,11,1,1,11,32,64,108,163,229,305,391,485,586,692,803,915,1028,1139,1247,1350,1445,1531,1607,1672,1723,1760,1783,1790,1783,1760,1723,1672,1607,1531,1445,1350,1247,1139,1028,915,803,692,586,485,391,305,229,163,108,64,32,11,1,1,11,30,56,89,126,167,210,254,297,338,376,410,439,462,479,489,493,489,479,462,440,413,381,346,309,270,231,192,155,120,89,61,38,21,8,1,0.1,4,14,28,47,69,94,122,151,180,210,238,265,289,310,327,341,350,355,355,350,341,328,311,291,269,244,217,190,163,136,110,86,64,45,29,16,7,2,0.1,2,7,15,26,40,55,72,90,108,126,144,160,175,188,199,207,213,216,216,213,208,200,189,177,164,149,133,116,100,84,68,54,40,29,19,11,5,2,0.1,1,3,7,13,19,27,36,45,55,64,73,81,88,95,100,103,106,106,105,103,100,95,89,82,74,66,58,49,41,33,25,18,13,8,4,1,0.1,0.1,1,4,7,11,17,23,29,36,44,51,58,65,72,78,83,88,92,94,96,98,98,97,95,93,89,86,81,76,71,65,60,54,48,43,37,32,27,23,19,15,12,9,7,5,3,2,1,1,0.1,0.1,0.1,0.1,0.1,1,1,1,2,2,2,2,2,3,3,3,2,2,2,2,2,2,1,1,1,1,1,1,0.1,0.1,0.1,0.1,0.1,0.1,0.1,0.1,0.1,0.1,0.1,0.1,0.1,0.1,0.1,0.1,0.1,0.1
0.1,0.1,0.1,0.1,0.1,0.1,0.1,0.1,0.1,0.1,0.1,0.1,0.1,0.1,0.1,0.1,0.1,0.1,0.1,0.1,0.1,0.1,1,1,1,1,1,2,2,2,2,2,2,3,3,3,3,3,2,2,2,2,1,1,1,0.1,0.1,0.1,0.1,0.1,0.1,1,1,2,4,5,7,9,12,15,18,21,25,29,33,37,41,45,50,53,57,60,63,65,67,68,68,68,67,65,63,59,56,52,47,42,37,31,26,21,16,11,8,4,2,1,0.1,0.1,2,5,8,13,18,24,31,39,46,54,62,70,77,83,89,94,98,100,101,101,99,96,92,87,80,73,65,56,47,38,30,22,15,9,4,1,0.1,1,3,8,14,23,33,45,58,73,88,104,120,136,151,165,179,190,199,207,211,213,213,210,204,195,184,171,157,140,123,105,88,70,54,39,26,15,7,2,0.1,2,7,16,28,44,63,84,107,132,159,186,212,239,263,286,306,323,337,346,352,353,350,342,330,314,294,271,246,218,190,161,132,104,79,56,36,20,8,2,0.1,4,13,27,47,71,99,131,165,201,239,277,314,349,381,410,435,455,469,477,479,475,464,447,424,397,364,328,289,248,207,167,128,93,62,36,16,4,0.1,5,18,41,73,114,164,222,287,358,435,515,597,681,764,845,922,994,1060,1117,1166,1205,1234,1251,1257,1251,1234,1205,1166,1117,1060,994,922,845,764,681,597,515,435,358,287,222,164,114,73,41,18,5,0.1,4,16,36,62,93,128,167,207,248,289,328,364,397,424,447,464,475,479,477,469,455,435,410,381,349,314,277,239,201,165,131,99,71,47,27,13,4,0.1,2,8,20,36,56,79,104,132,161,190,218,246,271,294,314,330,342,350,353,352,346,337,323,306,286,263,239,212,186,159,132,107,84,63,44,28,16,7,2,0.1,2,7,15,26,39,54,70,88,105,123,140,157,171,184,195,204,210,213,213,211,207,199,190,179,165,151,136,120,104,88,73,58,45,33,23,14,8,3,1,0.1,1,4,9,15,22,30,38,47,56,65,73,80,87,92,96,99,101,101,100,98,94,89,83,77,70,62,54,46,39,31,24,18,13,8,5,2,0.1,0.1,1,2,4,8,11,16,21,26,31,37,42,47,52,56,59,63,65,67,68,68,68,67,65,63,60,57,53,50,45,41,37,33,29,25,21,18,15,12,9,7,5,4,2,1,1,0.1,0.1,0.1,0.1,0.1,0.1,1,1,1,2,2,2,2,3,3,3,3,3,2,2,2,2,2,2,1,1,1,1,1,0.1,0.1,0.1,0.1,0.1,0.1,0.1,0.1,0.1,0.1,0.1,0.1,0.1,0.1,0.1,0.1,0.1,0.1,0.1
0.1,0.1,0.1,0.1,0.1,0.1,0.1,0.1,0.1,0.1,0.1,0.1,0.1,0.1,0.1,0.1,0.1,0.1,0.1,0.1,0.1,0.1,1,1,1,1,1,1,2,2,2,2,2,3,3,3,3,3,3,3,2,2,2,2,1,1,1,0.1,0.1,0.1,0.1,0.1,0.1,1,2,2,4,5,7,8,11,13,15,18,21,24,27,30,32,35,38,40,42,43,44,45,45,44,43,42,40,37,34,31,28,24,20,17,13,10,7,4,2,1,0.1,0.1,1,3,6,9,14,19,24,31,38,45,52,59,66,73,79,84,89,92,95,96,96,95,93,89,85,79,72,65,57,48,40,32,24,17,11,6,2,0.1,0.1,2,5,10,17,26,37,49,62,76,92,107,123,138,153,166,179,189,198,204,208,210,209,205,199,191,180,167,152,136,119,102,85,68,52,37,25,14,6,2,0.1,2,7,15,27,42,60,81,104,128,154,180,207,232,257,279,299,317,331,341,347,349,347,340,330,315,297,275,251,225,198,170,141,114,88,64,43,26,13,4,0.1,1,7,19,35,55,80,109,141,174,210,246,282,317,350,380,407,430,448,460,467,468,463,452,436,414,387,357,323,286,248,210,172,135,101,71,45,24,10,2,0.1,7,20,41,70,105,146,192,243,298,355,414,473,531,586,638,686,729,765,793,814,827,831,827,814,793,765,729,686,638,586,531,473,414,355,298,243,192,146,105,70,41,20,7,0.1,2,10,24,45,71,101,135,172,210,248,286,323,357,387,414,436,452,463,468,467,460,448,430,407,380,350,317,282,246,210,174,141,109,80,55,35,19,7,1,0.1,4,13,26,43,64,88,114,141,170,198,225,251,275,297,315,330,340,347,349,347,341,331,317,299,279,257,232,207,180,154,128,104,81,60,42,27,15,7,2,0.1,2,6,14,25,37,52,68,85,102,119,136,152,167,180,191,199,205,209,210,208,204,198,189,179,166,153,138,123,107,92,76,62,49,37,26,17,10,5,2,0.1,0.1,2,6,11,17,24,32,40,48,57,65,72,79,85,89,93,95,96,96,95,92,89,84,79,73,66,59,52,45,38,31,24,19,14,9,6,3,1,0.1,0.1,1,2,4,7,10,13,17,20,24,28,31,34,37,40,42,43,44,45,45,44,43,42,40,38,35,32,30,27,24,21,18,15,13,11,8,7,5,4,2,2,1,0.1,0.1,0.1,0.1,0.1,0.1,1,1,1,2,2,2,2,3,3,3,3,3,3,3,2,2,2,2,2,1,1,1,1,1,1,0.1,0.1,0.1,0.1,0.1,0.1,0.1,0.1,0.1,0.1,0.1,0.1,0.1,0.1,0.1,0.1,0.1,0.1,0.1
0.1,0.1,0.1,0.1,0.1,0.1,0.1,0.1,0.1,0.1,0.1,0.1,0.1,0.1,0.1,0.1,0.1,0.1,0.1,0.1,0.1,0.1,0.1,1,1,1,1,1,2,2,2,2,2,3,3,3,3,3,3,3,3,3,2,2,2,2,1,1,1,0.1,0.1,0.1,0.1,0.1,0.1,1,1,2,3,4,5,7,8,10,12,14,16,18,19,21,23,24,25,26,27,27,27,26,25,24,23,21,19,17,14,12,9,7,5,3,2,1,0.1,0.1,1,2,4,7,11,15,20,25,31,37,44,50,57,63,69,75,80,85,88,91,92,92,92,90,87,82,77,71,64,57,49,42,34,26,19,13,8,4,1,0.1,1,3,7,13,20,29,40,52,66,80,95,110,125,139,153,166,177,187,195,201,204,205,204,200,194,185,174,161,147,132,115,98,82,65,50,36,24,14,6,2,0.1,2,7,15,26,41,58,78,100,124,149,174,200,225,249,271,291,309,323,334,340,343,342,337,328,314,298,278,255,230,204,177,149,122,97,73,51,33,18,8,2,0.1,3,12,25,42,64,90,118,150,183,217,252,287,320,351,379,404,425,441,452,458,459,454,443,428,408,383,354,323,289,254,218,182,147,115,85,59,37,19,7,1,0.1,6,17,33,55,81,112,145,182,220,259,297,335,371,404,433,458,478,493,502,505,502,493,478,458,433,404,371,335,297,259,220,182,145,112,81,55,33,17,6,0.1,1,7,19,37,59,85,115,147,182,218,254,289,323,354,383,408,428,443,454,459,458,452,441,425,404,379,351,320,287,252,217,183,150,118,90,64,42,25,12,3,0.1,2,8,18,33,51,73,97,122,149,177,204,230,255,278,298,314,328,337,342,343,340,334,323,309,291,271,249,225,200,174,149,124,100,78,58,41,26,15,7,2,0.1,2,6,14,24,36,50,65,82,98,115,132,147,161,174,185,194,200,204,205,204,201,195,187,177,166,153,139,125,110,95,80,66,52,40,29,20,13,7,3,1,0.1,1,4,8,13,19,26,34,42,49,57,64,71,77,82,87,90,92,92,92,91,88,85,80,75,69,63,57,50,44,37,31,25,20,15,11,7,4,2,1,0.1,0.1,1,2,3,5,7,9,12,14,17,19,21,23,24,25,26,27,27,27,26,25,24,23,21,19,18,16,14,12,10,8,7,5,4,3,2,1,1,0.1,0.1,0.1,0.1,0.1,0.1,1,1,1,2,2,2,2,3,3,3,3,3,3,3,3,3,2,2,2,2,2,1,1,1,1,1,0.1,0.1,0.1,0.1,0.1,0.1,0.1,0.1,0.1,0.1,0.1,0.1,0.1,0.1,0.1,0.1,0.1,0.1,0.1,0.1
0.1,0.1,0.1,0.1,0.1,0.1,0.1,0.1,0.1,0.1,0.1,0.1,0.1,0.1,0.1,0.1,0.1,0.1,0.1,0.1,0.1,0.1,0.1,1,1,1,1,1,1,2,2,2,2,3,3,3,3,3,3,3,3,3,3,3,3,2,2,2,1,1,1,0.1,0.1,0.1,0.1,0.1,0.1,1,1,1,2,3,4,5,6,7,8,9,10,11,12,13,13,14,14,14,14,13,13,12,11,10,8,7,5,4,3,2,1,0.1,0.1,0.1,1,2,4,6,9,13,17,21,26,32,38,43,50,56,61,67,72,77,81,84,87,88,89,88,86,84,80,75,70,64,57,50,43,35,28,21,15,10,5,2,0.1,0.1,1,4,9,15,23,33,43,56,69,82,97,111,125,139,152,164,175,184,191,196,199,200,198,194,187,178,168,155,141,126,111,94,78,63,48,34,23,13,6,2,0.1,2,6,14,25,39,56,75,96,119,143,167,192,216,240,261,281,299,313,324,332,336,335,331,323,312,296,278,257,234,209,183,156,130,104,80,59,40,24,12,4,0.1,1,7,17,31,50,72,98,127,158,190,224,257,290,321,351,378,401,420,436,446,452,452,448,438,424,405,383,357,328,297,264,231,197,165,133,104,78,55,35,20,9,2,0.1,2,9,19,33,51,70,91,114,137,160,182,203,222,238,251,260,266,268,266,260,251,238,222,203,182,160,137,114,91,70,51,33,19,9,2,0.1,2,9,20,35,55,78,104,133,165,197,231,264,297,328,357,383,405,424,438,448,452,452,446,436,420,401,378,351,321,290,257,224,190,158,127,98,72,50,31,17,7,1,0.1,4,12,24,40,59,80,104,130,156,183,209,234,257,278,296,312,323,331,335,336,332,324,313,299,281,261,240,216,192,167,143,119,96,75,56,39,25,14,6,2,0.1,2,6,13,23,34,48,63,78,94,111,126,141,155,168,178,187,194,198,200,199,196,191,184,175,164,152,139,125,111,97,82,69,56,43,33,23,15,9,4,1,0.1,0.1,2,5,10,15,21,28,35,43,50,57,64,70,75,80,84,86,88,89,88,87,84,81,77,72,67,61,56,50,43,38,32,26,21,17,13,9,6,4,2,1,0.1,0.1,0.1,1,2,3,4,5,7,8,10,11,12,13,13,14,14,14,14,13,13,12,11,10,9,8,7,6,5,4,3,2,1,1,1,0.1,0.1,0.1,0.1,0.1,0.1,1,1,1,2,2,2,3,3,3,3,3,3,3,3,3,3,3,3,2,2,2,2,1,1,1,1,1,1,0.1,0.1,0.1,0.1,0.1,0.1,0.1,0.1,0.1,0.1,0.1,0.1,0.1,0.1,0.1,0.1,0.1,0.1,0.1,0.1
0.1,0.1,0.1,0.1,0.1,0.1,0.1,0.1,0.1,0.1,0.1,0.1,0.1,0.1,0.1,0.1,0.1,0.1,0.1,0.1,0.1,0.1,0.1,0.1,1,1,1,1,1,2,2,2,2,3,3,3,3,3,3,4,4,4,3,3,3,3,3,2,2,2,1,1,1,1,0.1,0.1,0.1,0.1,0.1,0.1,0.1,1,1,1,2,2,3,3,4,5,5,5,6,6,6,6,6,5,5,4,4,3,2,2,1,0.1,0.1,0.1,0.1,1,1,3,4,6,9,12,15,19,24,28,33,39,44,49,55,60,65,70,74,78,81,83,85,85,85,83,81,78,74,69,63,57,50,43,36,30,23,17,11,7,3,1,0.1,0.1,2,6,11,18,26,35,46,58,71,84,98,112,125,138,150,162,171,180,186,190,193,193,191,186,180,171,161,149,135,121,105,90,74,59,45,33,22,12,6,1,0.1,1,6,13,24,37,53,71,91,113,136,159,183,207,229,251,270,287,302,313,321,326,326,323,317,306,293,276,257,235,211,187,161,136,111,87,66,46,30,16,7,1,0.1,3,10,22,38,57,80,106,135,165,197,229,261,293,323,351,376,398,417,431,441,447,448,445,436,424,408,387,364,338,310,280,249,218,188,158,130,103,79,58,40,25,14,6,1,0.1,2,6,12,21,31,42,53,65,76,86,95,102,107,110,112,110,107,102,95,86,76,65,53,42,31,21,12,6,2,0.1,1,6,14,25,40,58,79,103,130,158,188,218,249,280,310,338,364,387,408,424,436,445,448,447,441,431,417,398,376,351,323,293,261,229,197,165,135,106,80,57,38,22,10,3,0.1,1,7,16,30,46,66,87,111,136,161,187,211,235,257,276,293,306,317,323,326,326,321,313,302,287,270,251,229,207,183,159,136,113,91,71,53,37,24,13,6,1,0.1,1,6,12,22,33,45,59,74,90,105,121,135,149,161,171,180,186,191,193,193,190,186,180,171,162,150,138,125,112,98,84,71,58,46,35,26,18,11,6,2,0.1,0.1,1,3,7,11,17,23,30,36,43,50,57,63,69,74,78,81,83,85,85,85,83,81,78,74,70,65,60,55,49,44,39,33,28,24,19,15,12,9,6,4,3,1,1,0.1,0.1,0.1,0.1,1,2,2,3,4,4,5,5,6,6,6,6,6,5,5,5,4,3,3,2,2,1,1,1,0.1,0.1,0.1,0.1,0.1,0.1,0.1,1,1,1,1,2,2,2,3,3,3,3,3,4,4,4,3,3,3,3,3,3,2,2,2,2,1,1,1,1,1,0.1,0.1,0.1,0.1,0.1,0.1,0.1,0.1,0.1,0.1,0.1,0.1,0.1,0.1,0.1,0.1,0.1,0.1,0.1,0.1,0.1
0.1,0.1,0.1,0.1,0.1,0.1,0.1,0.1,0.1,0.1,0.1,0.1,0.1,0.1,0.1,0.1,0.1,0.1,0.1,0.1,0.1,0.1,0.1,0.1,1,1,1,1,1,2,2,2,2,3,3,3,3,3,4,4,4,4,4,4,4,4,4,3,3,3,2,2,2,1,1,1,1,0.1,0.1,0.1,0.1,0.1,0.1,0.1,0.1,0.1,0.1,1,1,1,1,1,1,1,1,1,1,1,1,1,0.1,0.1,0.1,0.1,0.1,0.1,1,1,2,4,5,7,9,12,15,18,22,26,31,35,40,45,50,55,60,64,69,72,76,78,80,82,82,82,81,78,75,72,67,62,56,50,44,37,31,24,18,13,8,5,2,0.1,0.1,1,4,8,13,20,28,38,49,60,72,85,98,111,124,136,147,158,167,174,180,184,185,185,182,178,171,163,153,141,128,114,100,85,70,56,43,31,20,12,5,1,0.1,1,6,13,22,35,50,67,86,107,129,151,174,196,218,239,257,274,289,300,309,314,315,313,308,299,287,272,254,234,212,189,165,141,117,94,72,52,35,21,11,3,0.1,1,6,15,28,44,65,88,114,142,172,202,233,264,295,323,350,375,396,414,428,439,445,447,445,438,428,414,397,376,353,328,301,274,245,217,189,162,136,112,90,71,53,38,26,16,9,4,1,0.1,1,2,5,8,12,15,19,22,24,25,26,25,24,22,19,15,12,8,5,2,1,0.1,1,4,9,16,26,38,53,71,90,112,136,162,189,217,245,274,301,328,353,376,397,414,428,438,445,447,445,439,428,414,396,375,350,323,295,264,233,202,172,142,114,88,65,44,28,15,6,1,0.1,3,11,21,35,52,72,94,117,141,165,189,212,234,254,272,287,299,308,313,315,314,309,300,289,274,257,239,218,196,174,151,129,107,86,67,50,35,22,13,6,1,0.1,1,5,12,20,31,43,56,70,85,100,114,128,141,153,163,171,178,182,185,185,184,180,174,167,158,147,136,124,111,98,85,72,60,49,38,28,20,13,8,4,1,0.1,0.1,2,5,8,13,18,24,31,37,44,50,56,62,67,72,75,78,81,82,82,82,80,78,76,72,69,64,60,55,50,45,40,35,31,26,22,18,15,12,9,7,5,4,2,1,1,0.1,0.1,0.1,0.1,0.1,0.1,1,1,1,1,1,1,1,1,1,1,1,1,1,0.1,0.1,0.1,0.1,0.1,0.1,0.1,0.1,0.1,0.1,1,1,1,1,2,2,2,3,3,3,4,4,4,4,4,4,4,4,4,3,3,3,3,3,2,2,2,2,1,1,1,1,1,0.1,0.1,0.1,0.1,0.1,0.1,0.1,0.1,0.1,0.1,0.1,0.1,0.1,0.1,0.1,0.1,0.1,0.1,0.1,0.1,0.1
0.1,0.1,0.1,0.1,0.1,0.1,0.1,0.1,0.1,0.1,0.1,0.1,0.1,0.1,0.1,0.1,0.1,0.1,0.1,0.1,0.1,0.1,0.1,0.1,0.1,1,1,1,1,1,2,2,2,2,3,3,3,4,4,4,4,4,4,4,4,4,4,4,4,4,4,3,3,3,2,2,2,2,1,1,1,1,0.1,0.1,0.1,0.1,0.1,0.1,0.1,0.1,0.1,0.1,0.1,0.1,0.1,0.1,0.1,0.1,0.1,0.1,0.1,1,1,2,2,3,4,5,7,9,11,13,16,19,22,26,30,34,38,42,47,51,56,60,64,68,71,74,76,78,79,80,79,78,76,73,70,66,61,56,50,44,38,32,26,20,15,10,6,3,1,0.1,0.1,2,5,10,15,22,31,40,50,61,73,85,98,110,122,133,143,153,161,167,172,175,177,176,173,169,162,154,144,133,121,107,94,80,66,53,40,29,19,11,5,1,0.1,1,5,12,21,33,47,63,81,100,121,142,164,185,206,225,244,260,274,286,294,300,302,301,297,289,279,265,249,231,211,189,167,144,121,99,78,58,41,26,15,6,1,0.1,3,9,20,33,51,71,95,120,148,177,207,237,267,296,324,350,373,394,412,427,438,445,448,448,443,436,424,410,393,373,352,329,304,279,253,227,202,178,154,133,112,93,77,62,49,38,28,21,15,10,6,4,2,1,1,0.1,0.1,0.1,0.1,0.1,0.1,0.1,1,1,2,4,6,10,15,21,28,38,49,62,77,93,112,133,154,178,202,227,253,279,304,329,352,373,393,410,424,436,443,448,448,445,438,427,412,394,373,350,324,296,267,237,207,177,148,120,95,71,51,33,20,9,3,0.1,1,6,15,26,41,58,78,99,121,144,167,189,211,231,249,265,279,289,297,301,302,300,294,286,274,260,244,225,206,185,164,142,121,100,81,63,47,33,21,12,5,1,0.1,1,5,11,19,29,40,53,66,80,94,107,121,133,144,154,162,169,173,176,177,175,172,167,161,153,143,133,122,110,98,85,73,61,50,40,31,22,15,10,5,2,0.1,0.1,1,3,6,10,15,20,26,32,38,44,50,56,61,66,70,73,76,78,79,80,79,78,76,74,71,68,64,60,56,51,47,42,38,34,30,26,22,19,16,13,11,9,7,5,4,3,2,2,1,1,0.1,0.1,0.1,0.1,0.1,0.1,0.1,0.1,0.1,0.1,0.1,0.1,0.1,0.1,0.1,0.1,0.1,0.1,0.1,1,1,1,1,2,2,2,2,3,3,3,4,4,4,4,4,4,4,4,4,4,4,4,4,4,3,3,3,2,2,2,2,1,1,1,1,1,0.1,0.1,0.1,0.1,0.1,0.1,0.1,0.1,0.1,0.1,0.1,0.1,0.1,0.1,0.1,0.1,0.1,0.1,0.1,0.1,0.1,0.1
0.1,0.1,0.1,0.1,0.1,0.1,0.1,0.1,0.1,0.1,0.1,0.1,0.1,0.1,0.1,0.1,0.1,0.1,0.1,0.1,0.1,0.1,0.1,0.1,0.1,1,1,1,1,1,2,2,2,2,3,3,3,4,4,4,4,5,5,5,5,5,5,5,5,5,5,5,5,4,4,4,4,3,3,3,3,2,2,2,2,2,1,1,1,1,1,1,1,1,1,2,2,2,2,3,3,4,5,6,7,8,10,11,13,15,18,21,24,27,30,34,37,41,45,49,53,57,61,64,68,70,73,75,76,77,77,77,76,74,71,68,64,60,55,49,44,38,32,27,21,16,11,7,4,2,0.1,0.1,1,3,7,11,17,24,32,42,52,62,73,85,96,107,118,129,138,147,154,160,164,166,167,166,163,159,152,144,135,124,113,100,87,74,61,49,37,27,18,10,5,1,0.1,1,5,11,20,30,43,59,75,93,113,133,153,173,193,211,229,245,258,270,278,284,287,287,284,278,269,257,243,226,208,188,167,145,124,102,82,63,46,31,19,9,3,0.1,1,5,13,24,39,57,78,101,126,153,181,210,240,269,297,324,349,373,393,412,427,439,447,452,454,452,447,439,428,415,399,381,361,340,318,296,273,250,228,206,185,166,147,130,114,99,86,75,65,56,49,43,37,33,30,27,26,25,24,25,26,27,30,33,37,43,49,56,65,75,86,99,114,130,147,166,185,206,228,250,273,296,318,340,361,381,399,415,428,439,447,452,454,452,447,439,427,412,393,373,349,324,297,269,240,210,181,153,126,101,78,57,39,24,13,5,1,0.1,3,9,19,31,46,63,82,102,124,145,167,188,208,226,243,257,269,278,284,287,287,284,278,270,258,245,229,211,193,173,153,133,113,93,75,59,43,30,20,11,5,1,0.1,1,5,10,18,27,37,49,61,74,87,100,113,124,135,144,152,159,163,166,167,166,164,160,154,147,138,129,118,107,96,85,73,62,52,42,32,24,17,11,7,3,1,0.1,0.1,2,4,7,11,16,21,27,32,38,44,49,55,60,64,68,71,74,76,77,77,77,76,75,73,70,68,64,61,57,53,49,45,41,37,34,30,27,24,21,18,15,13,11,10,8,7,6,5,4,3,3,2,2,2,2,1,1,1,1,1,1,1,1,1,2,2,2,2,2,3,3,3,3,4,4,4,4,5,5,5,5,5,5,5,5,5,5,5,5,4,4,4,4,3,3,3,2,2,2,2,1,1,1,1,1,0.1,0.1,0.1,0.1,0.1,0.1,0.1,0.1,0.1,0.1,0.1,0.1,0.1,0.1,0.1,0.1,0.1,0.1,0.1,0.1,0.1,0.1
0.1,0.1,0.1,0.1,0.1,0.1,0.1,0.1,0.1,0.1,0.1,0.1,0.1,0.1,0.1,0.1,0.1,0.1,0.1,0.1,0.1,0.1,0.1,0.1,0.1,0.1,1,1,1,1,1,2,2,2,3,3,3,4,4,4,5,5,5,5,6,6,6,6,6,6,6,6,6,6,6,6,6,6,5,5,5,5,5,5,4,4,4,4,4,4,4,4,4,5,5,5,6,6,7,8,8,9,10,12,13,15,17,19,21,23,26,29,32,35,38,41,45,48,52,55,59,62,65,68,70,72,74,75,75,75,75,73,71,69,66,62,58,54,49,43,38,33,27,22,17,12,8,5,2,1,0.1,0.1,2,4,8,13,19,26,34,43,52,62,73,83,94,104,114,123,132,140,146,151,154,156,157,155,152,148,142,134,125,115,104,93,81,69,57,45,34,25,16,9,4,1,0.1,1,4,10,18,28,40,54,69,86,104,123,141,160,179,196,213,228,241,252,261,267,271,272,269,264,257,247,234,219,202,184,165,145,125,105,86,67,50,36,23,13,5,1,0.1,2,8,17,29,44,62,83,106,131,157,185,213,242,270,298,324,349,372,393,412,428,441,452,459,463,464,462,458,450,441,429,415,400,383,365,346,327,307,288,268,249,231,214,198,182,168,155,143,133,123,115,108,102,97,94,91,90,89,90,91,94,97,102,108,115,123,133,143,155,168,182,198,214,231,249,268,288,307,327,346,365,383,400,415,429,441,450,458,462,464,463,459,452,441,428,412,393,372,349,324,298,270,242,213,185,157,131,106,83,62,44,29,17,8,2,0.1,1,5,13,23,36,50,67,86,105,125,145,165,184,202,219,234,247,257,264,269,272,271,267,261,252,241,228,213,196,179,160,141,123,104,86,69,54,40,28,18,10,4,1,0.1,1,4,9,16,25,34,45,57,69,81,93,104,115,125,134,142,148,152,155,157,156,154,151,146,140,132,123,114,104,94,83,73,62,52,43,34,26,19,13,8,4,2,0.1,0.1,1,2,5,8,12,17,22,27,33,38,43,49,54,58,62,66,69,71,73,75,75,75,75,74,72,70,68,65,62,59,55,52,48,45,41,38,35,32,29,26,23,21,19,17,15,13,12,10,9,8,8,7,6,6,5,5,5,4,4,4,4,4,4,4,4,4,5,5,5,5,5,5,6,6,6,6,6,6,6,6,6,6,6,6,6,6,5,5,5,5,4,4,4,3,3,3,2,2,2,1,1,1,1,1,0.1,0.1,0.1,0.1,0.1,0.1,0.1,0.1,0.1,0.1,0.1,0.1,0.1,0.1,0.1,0.1,0.1,0.1,0.1,0.1,0.1,0.1,0.1
0.1,0.1,0.1,0.1,0.1,0.1,0.1,0.1,0.1,0.1,0.1,0.1,0.1,0.1,0.1,0.1,0.1,0.1,0.1,0.1,0.1,0.1,0.1,0.1,0.1,0.1,1,1,1,1,1,2,2,2,2,3,3,4,4,4,5,5,5,6,6,6,7,7,7,7,8,8,8,8,8,8,8,8,8,8,8,8,8,8,8,8,8,8,8,8,9,9,9,10,10,11,11,12,13,14,15,16,18,19,21,23,25,27,29,32,34,37,40,43,46,49,52,55,58,61,64,66,68,70,72,73,74,74,74,73,71,69,67,64,61,57,52,48,43,38,33,27,22,18,13,9,6,3,1,0.1,0.1,1,3,6,10,14,20,27,35,43,52,61,71,81,91,100,109,117,125,132,137,141,144,146,146,144,141,137,131,123,115,106,96,85,74,63,52,41,31,23,15,9,4,1,0.1,1,4,9,16,26,37,49,63,79,95,112,130,147,164,181,196,211,223,234,243,249,253,254,253,249,243,234,223,210,195,179,162,144,125,106,88,71,54,40,27,16,8,3,0.1,1,4,11,21,34,49,67,88,111,135,161,188,215,243,271,298,324,349,373,394,414,431,446,458,468,475,479,481,480,477,471,464,454,443,431,417,403,387,372,356,340,324,309,294,279,266,253,242,231,221,213,205,199,194,190,187,185,184,185,187,190,194,199,205,213,221,231,242,253,266,279,294,309,324,340,356,372,387,403,417,431,443,454,464,471,477,480,481,479,475,468,458,446,431,414,394,373,349,324,298,271,243,215,188,161,135,111,88,67,49,34,21,11,4,1,0.1,3,8,16,27,40,54,71,88,106,125,144,162,179,195,210,223,234,243,249,253,254,253,249,243,234,223,211,196,181,164,147,130,112,95,79,63,49,37,26,16,9,4,1,0.1,1,4,9,15,23,31,41,52,63,74,85,96,106,115,123,131,137,141,144,146,146,144,141,137,132,125,117,109,100,91,81,71,61,52,43,35,27,20,14,10,6,3,1,0.1,0.1,1,3,6,9,13,18,22,27,33,38,43,48,52,57,61,64,67,69,71,73,74,74,74,73,72,70,68,66,64,61,58,55,52,49,46,43,40,37,34,32,29,27,25,23,21,19,18,16,15,14,13,12,11,11,10,10,9,9,9,8,8,8,8,8,8,8,8,8,8,8,8,8,8,8,8,8,8,8,8,7,7,7,7,6,6,6,5,5,5,4,4,4,3,3,2,2,2,2,1,1,1,1,1,0.1,0.1,0.1,0.1,0.1,0.1,0.1,0.1,0.1,0.1,0.1,0.1,0.1,0.1,0.1,0.1,0.1,0.1,0.1,0.1,0.1,0.1,0.1
0.1,0.1,0.1,0.1,0.1,0.1,0.1,0.1,0.1,0.1,0.1,0.1,0.1,0.1,0.1,0.1,0.1,0.1,0.1,0.1,0.1,0.1,0.1,0.1,0.1,0.1,0.1,1,1,1,1,1,2,2,2,3,3,3,4,4,5,5,6,6,6,7,7,8,8,8,9,9,9,10,10,10,10,11,11,11,11,11,12,12,12,12,13,13,13,14,14,15,15,16,16,17,18,19,20,21,23,24,26,27,29,31,33,36,38,40,43,45,48,51,53,56,58,61,63,65,67,69,71,72,72,73,73,72,71,70,68,65,62,59,55,51,47,42,37,32,28,23,18,14,10,7,4,2,1,0.1,0.1,2,4,7,11,16,21,28,35,43,51,60,69,78,86,95,103,110,117,123,127,131,133,134,134,132,129,125,119,113,105,96,87,77,67,57,47,37,28,20,13,8,4,1,0.1,1,4,8,15,23,33,45,57,71,86,102,118,134,150,165,179,193,204,215,223,230,234,236,235,233,228,220,211,200,187,172,157,140,123,106,89,73,57,43,30,20,11,5,1,0.1,2,7,14,25,38,53,72,92,114,138,163,189,216,244,271,298,324,349,373,396,417,436,452,467,479,489,497,502,506,507,506,503,498,492,484,475,465,455,444,432,420,408,396,385,374,363,353,344,335,327,321,315,310,306,304,302,301,302,304,306,310,315,321,327,335,344,353,363,374,385,396,408,420,432,444,455,465,475,484,492,498,503,506,507,506,502,497,489,479,467,452,436,417,396,373,349,324,298,271,244,216,189,163,138,114,92,72,53,38,25,14,7,2,0.1,1,5,11,20,30,43,57,73,89,106,123,140,157,172,187,200,211,220,228,233,235,236,234,230,223,215,204,193,179,165,150,134,118,102,86,71,57,45,33,23,15,8,4,1,0.1,1,4,8,13,20,28,37,47,57,67,77,87,96,105,113,119,125,129,132,134,134,133,131,127,123,117,110,103,95,86,78,69,60,51,43,35,28,21,16,11,7,4,2,0.1,0.1,1,2,4,7,10,14,18,23,28,32,37,42,47,51,55,59,62,65,68,70,71,72,73,73,72,72,71,69,67,65,63,61,58,56,53,51,48,45,43,40,38,36,33,31,29,27,26,24,23,21,20,19,18,17,16,16,15,15,14,14,13,13,13,12,12,12,12,11,11,11,11,11,10,10,10,10,9,9,9,8,8,8,7,7,6,6,6,5,5,4,4,3,3,3,2,2,2,1,1,1,1,1,0.1,0.1,0.1,0.1,0.1,0.1,0.1,0.1,0.1,0.1,0.1,0.1,0.1,0.1,0.1,0.1,0.1,0.1,0.1,0.1,0.1,0.1,0.1,0.1
0.1,0.1,0.1,0.1,0.1,0.1,0.1,0.1,0.1,0.1,0.1,0.1,0.1,0.1,0.1,0.1,0.1,0.1,0.1,0.1,0.1,0.1,0.1,0.1,0.1,0.1,0.1,1,1,1,1,1,2,2,2,3,3,3,4,4,5,5,6,6,7,7,8,8,9,9,10,10,11,11,12,12,13,13,14,14,14,15,15,16,16,17,17,18,19,19,20,21,22,22,23,24,26,27,28,30,31,33,34,36,38,40,42,44,46,49,51,53,56,58,60,62,64,66,68,69,70,71,72,72,72,72,71,70,68,66,63,60,57,53,50,45,41,37,32,27,23,19,15,11,8,5,3,1,0.1,0.1,1,2,5,8,12,17,22,28,35,42,50,58,66,74,82,89,96,103,108,113,117,120,122,123,122,120,117,113,108,101,94,86,78,69,60,51,42,33,25,18,12,7,3,1,0.1,1,3,7,13,21,30,40,51,64,77,91,106,120,135,149,162,174,185,195,203,209,214,216,217,215,211,205,197,188,176,164,150,135,120,105,89,74,59,46,34,23,14,7,2,0.1,0.1,3,9,17,28,41,57,75,95,117,140,165,190,217,244,271,298,324,350,375,398,420,441,460,477,493,506,517,527,534,540,543,545,546,545,542,538,534,528,522,515,508,500,493,485,478,471,464,458,452,447,442,439,436,434,432,432,432,434,436,439,442,447,452,458,464,471,478,485,493,500,508,515,522,528,534,538,542,545,546,545,543,540,534,527,517,506,493,477,460,441,420,398,375,350,324,298,271,244,217,190,165,140,117,95,75,57,41,28,17,9,3,0.1,0.1,2,7,14,23,34,46,59,74,89,105,120,135,150,164,176,188,197,205,211,215,217,216,214,209,203,195,185,174,162,149,135,120,106,91,77,64,51,40,30,21,13,7,3,1,0.1,1,3,7,12,18,25,33,42,51,60,69,78,86,94,101,108,113,117,120,122,123,122,120,117,113,108,103,96,89,82,74,66,58,50,42,35,28,22,17,12,8,5,2,1,0.1,0.1,1,3,5,8,11,15,19,23,27,32,37,41,45,50,53,57,60,63,66,68,70,71,72,72,72,72,71,70,69,68,66,64,62,60,58,56,53,51,49,46,44,42,40,38,36,34,33,31,30,28,27,26,24,23,22,22,21,20,19,19,18,17,17,16,16,15,15,14,14,14,13,13,12,12,11,11,10,10,9,9,8,8,7,7,6,6,5,5,4,4,3,3,3,2,2,2,1,1,1,1,1,0.1,0.1,0.1,0.1,0.1,0.1,0.1,0.1,0.1,0.1,0.1,0.1,0.1,0.1,0.1,0.1,0.1,0.1,0.1,0.1,0.1,0.1,0.1,0.1
0.1,0.1,0.1,0.1,0.1,0.1,0.1,0.1,0.1,0.1,0.1,0.1,0.1,0.1,0.1,0.1,0.1,0.1,0.1,0.1,0.1,0.1,0.1,0.1,0.1,0.1,0.1,0.1,1,1,1,1,1,2,2,2,3,3,4,4,5,5,6,6,7,7,8,9,9,10,11,11,12,13,14,14,15,16,16,17,18,19,19,20,21,22,22,23,24,25,26,27,28,30,31,32,33,35,36,38,40,41,43,45,47,49,51,53,54,56,58,60,62,64,66,67,69,70,71,72,72,72,72,72,71,70,68,66,64,62,59,55,52,48,44,40,36,31,27,23,19,15,11,8,5,3,1,0.1,0.1,0.1,1,3,6,9,13,17,23,28,35,41,48,55,62,69,76,83,89,94,99,103,107,109,110,110,110,108,105,101,96,90,84,77,69,61,53,45,37,29,22,16,11,6,3,1,0.1,1,3,7,12,18,26,35,45,56,68,81,94,107,120,132,144,155,166,175,183,189,193,196,197,196,193,189,182,174,165,154,142,129,116,102,88,74,61,48,36,26,17,10,4,1,0.1,1,5,11,20,31,44,60,77,97,118,141,165,190,216,243,270,297,324,350,376,401,425,448,469,489,508,524,540,553,565,575,584,591,597,601,604,606,606,606,605,603,601,598,595,592,589,585,582,579,576,574,572,570,569,568,568,568,569,570,572,574,576,579,582,585,589,592,595,598,601,603,605,606,606,606,604,601,597,591,584,575,565,553,540,524,508,489,469,448,425,401,376,350,324,297,270,243,216,190,165,141,118,97,77,60,44,31,20,11,5,1,0.1,1,4,10,17,26,36,48,61,74,88,102,116,129,142,154,165,174,182,189,193,196,197,196,193,189,183,175,166,155,144,132,120,107,94,81,68,56,45,35,26,18,12,7,3,1,0.1,1,3,6,11,16,22,29,37,45,53,61,69,77,84,90,96,101,105,108,110,110,110,109,107,103,99,94,89,83,76,69,62,55,48,41,35,28,23,17,13,9,6,3,1,0.1,0.1,0.1,1,3,5,8,11,15,19,23,27,31,36,40,44,48,52,55,59,62,64,66,68,70,71,72,72,72,72,72,71,70,69,67,66,64,62,60,58,56,54,53,51,49,47,45,43,41,40,38,36,35,33,32,31,30,28,27,26,25,24,23,22,22,21,20,19,19,18,17,16,16,15,14,14,13,12,11,11,10,9,9,8,7,7,6,6,5,5,4,4,3,3,2,2,2,1,1,1,1,1,0.1,0.1,0.1,0.1,0.1,0.1,0.1,0.1,0.1,0.1,0.1,0.1,0.1,0.1,0.1,0.1,0.1,0.1,0.1,0.1,0.1,0.1,0.1,0.1,0.1
0.1,0.1,0.1,0.1,0.1,0.1,0.1,0.1,0.1,0.1,0.1,0.1,0.1,0.1,0.1,0.1,0.1,0.1,0.1,0.1,0.1,0.1,0.1,0.1,0.1,0.1,0.1,0.1,1,1,1,1,1,2,2,2,3,3,3,4,4,5,6,6,7,8,8,9,10,11,12,12,13,14,15,16,17,18,19,20,21,22,23,24,25,26,27,29,30,31,32,34,35,37,38,40,41,43,44,46,48,49,51,53,55,57,58,60,62,63,65,67,68,69,70,71,72,72,73,73,73,72,71,70,69,67,65,62,60,57,54,50,46,43,39,34,30,26,22,18,15,11,8,6,4,2,1,0.1,0.1,1,2,4,7,10,14,18,23,28,34,40,46,52,58,65,70,76,81,86,90,93,96,97,98,98,97,95,92,89,84,79,73,67,60,53,46,39,32,26,19,14,9,5,2,1,0.1,1,3,6,10,16,23,31,39,49,60,71,82,93,105,116,127,137,146,155,162,168,172,175,177,177,175,171,166,160,152,143,133,122,110,98,85,73,61,49,38,28,19,12,6,2,0.1,0.1,2,7,13,22,33,46,62,79,98,119,141,165,189,215,242,269,296,323,351,378,404,430,455,479,502,524,544,563,581,598,613,626,639,650,659,668,675,681,686,691,694,697,699,701,702,703,703,704,704,704,704,703,703,703,703,703,703,703,704,704,704,704,703,703,702,701,699,697,694,691,686,681,675,668,659,650,639,626,613,598,581,563,544,524,502,479,455,430,404,378,351,323,296,269,242,215,189,165,141,119,98,79,62,46,33,22,13,7,2,0.1,0.1,2,6,12,19,28,38,49,61,73,85,98,110,122,133,143,152,160,166,171,175,177,177,175,172,168,162,155,146,137,127,116,105,93,82,71,60,49,39,31,23,16,10,6,3,1,0.1,1,2,5,9,14,19,26,32,39,46,53,60,67,73,79,84,89,92,95,97,98,98,97,96,93,90,86,81,76,70,65,58,52,46,40,34,28,23,18,14,10,7,4,2,1,0.1,0.1,1,2,4,6,8,11,15,18,22,26,30,34,39,43,46,50,54,57,60,62,65,67,69,70,71,72,73,73,73,72,72,71,70,69,68,67,65,63,62,60,58,57,55,53,51,49,48,46,44,43,41,40,38,37,35,34,32,31,30,29,27,26,25,24,23,22,21,20,19,18,17,16,15,14,13,12,12,11,10,9,8,8,7,6,6,5,4,4,3,3,3,2,2,2,1,1,1,1,1,0.1,0.1,0.1,0.1,0.1,0.1,0.1,0.1,0.1,0.1,0.1,0.1,0.1,0.1,0.1,0.1,0.1,0.1,0.1,0.1,0.1,0.1,0.1,0.1,0.1
0.1,0.1,0.1,0.1,0.1,0.1,0.1,0.1,0.1,0.1,0.1,0.1,0.1,0.1,0.1,0.1,0.1,0.1,0.1,0.1,0.1,0.1,0.1,0.1,0.1,0.1,0.1,0.1,0.1,1,1,1,1,1,2,2,2,3,3,4,4,5,5,6,7,8,8,9,10,11,12,13,14,15,16,17,19,20,21,22,24,25,26,28,29,31,32,34,35,37,38,40,42,43,45,47,48,50,52,54,55,57,59,61,62,64,65,67,68,69,71,72,72,73,74,74,74,74,74,73,72,71,69,68,66,63,61,58,55,52,48,45,41,37,33,29,25,22,18,15,11,9,6,4,2,1,0.1,0.1,0.1,1,3,5,7,10,14,18,23,27,32,38,43,48,54,59,64,69,73,77,80,83,85,86,86,86,85,83,80,77,73,68,63,58,52,46,40,33,28,22,17,12,8,4,2,1,0.1,1,2,5,9,13,19,26,34,42,51,61,70,80,90,100,110,119,127,135,141,147,151,154,156,157,156,153,150,145,138,131,123,113,103,93,82,71,60,50,40,30,22,15,9,4,1,0.1,1,3,8,15,24,35,48,62,79,98,118,140,163,188,213,240,267,295,323,351,379,407,435,462,489,515,540,565,588,610,631,651,670,687,703,718,732,745,757,767,777,786,793,800,806,811,816,820,823,826,828,830,831,831,832,831,831,830,828,826,823,820,816,811,806,800,793,786,777,767,757,745,732,718,703,687,670,651,631,610,588,565,540,515,489,462,435,407,379,351,323,295,267,240,213,188,163,140,118,98,79,62,48,35,24,15,8,3,1,0.1,1,4,9,15,22,30,40,50,60,71,82,93,103,113,123,131,138,145,150,153,156,157,156,154,151,147,141,135,127,119,110,100,90,80,70,61,51,42,34,26,19,13,9,5,2,1,0.1,1,2,4,8,12,17,22,28,33,40,46,52,58,63,68,73,77,80,83,85,86,86,86,85,83,80,77,73,69,64,59,54,48,43,38,32,27,23,18,14,10,7,5,3,1,0.1,0.1,0.1,1,2,4,6,9,11,15,18,22,25,29,33,37,41,45,48,52,55,58,61,63,66,68,69,71,72,73,74,74,74,74,74,73,72,72,71,69,68,67,65,64,62,61,59,57,55,54,52,50,48,47,45,43,42,40,38,37,35,34,32,31,29,28,26,25,24,22,21,20,19,17,16,15,14,13,12,11,10,9,8,8,7,6,5,5,4,4,3,3,2,2,2,1,1,1,1,1,0.1,0.1,0.1,0.1,0.1,0.1,0.1,0.1,0.1,0.1,0.1,0.1,0.1,0.1,0.1,0.1,0.1,0.1,0.1,0.1,0.1,0.1,0.1,0.1,0.1,0.1
0.1,0.1,0.1,0.1,0.1,0.1,0.1,0.1,0.1,0.1,0.1,0.1,0.1,0.1,0.1,0.1,0.1,0.1,0.1,0.1,0.1,0.1,0.1,0.1,0.1,0.1,0.1,0.1,0.1,0.1,1,1,1,1,1,2,2,3,3,3,4,5,5,6,7,8,8,9,10,11,12,14,15,16,17,19,20,22,23,25,26,28,29,31,33,35,36,38,40,42,44,46,47,49,51,53,55,57,59,60,62,64,65,67,69,70,71,72,73,74,75,75,76,76,76,76,75,74,73,72,70,69,67,64,62,59,56,53,50,46,43,39,36,32,28,24,21,17,14,11,9,6,4,2,1,0.1,0.1,0.1,1,2,3,6,8,11,14,18,22,26,31,35,40,44,49,53,57,61,65,68,70,72,74,74,75,74,73,71,69,66,62,58,54,49,44,39,33,28,23,18,14,10,7,4,2,0.1,0.1,0.1,2,4,7,11,16,22,28,35,43,51,59,68,76,85,93,101,108,115,121,126,131,134,136,137,137,135,133,129,124,118,111,104,96,87,78,68,59,49,40,32,24,17,11,6,2,0.1,0.1,1,4,9,16,25,35,48,62,79,97,117,138,161,185,210,237,264,293,321,351,380,410,440,470,499,528,557,585,612,639,664,689,712,735,756,777,796,814,831,846,861,874,886,897,907,916,924,930,936,941,944,947,948,949,948,947,944,941,936,930,924,916,907,897,886,874,861,846,831,814,796,777,756,735,712,689,664,639,612,585,557,528,499,470,440,410,380,351,321,293,264,237,210,185,161,138,117,97,79,62,48,35,25,16,9,4,1,0.1,0.1,2,6,11,17,24,32,40,49,59,68,78,87,96,104,111,118,124,129,133,135,137,137,136,134,131,126,121,115,108,101,93,85,76,68,59,51,43,35,28,22,16,11,7,4,2,0.1,0.1,0.1,2,4,7,10,14,18,23,28,33,39,44,49,54,58,62,66,69,71,73,74,75,74,74,72,70,68,65,61,57,53,49,44,40,35,31,26,22,18,14,11,8,6,3,2,1,0.1,0.1,0.1,1,2,4,6,9,11,14,17,21,24,28,32,36,39,43,46,50,53,56,59,62,64,67,69,70,72,73,74,75,76,76,76,76,75,75,74,73,72,71,70,69,67,65,64,62,60,59,57,55,53,51,49,47,46,44,42,40,38,36,35,33,31,29,28,26,25,23,22,20,19,17,16,15,14,12,11,10,9,8,8,7,6,5,5,4,3,3,3,2,2,1,1,1,1,1,0.1,0.1,0.1,0.1,0.1,0.1,0.1,0.1,0.1,0.1,0.1,0.1,0.1,0.1,0.1,0.1,0.1,0.1,0.1,0.1,0.1,0.1,0.1,0.1,0.1,0.1,0.1
0.1,0.1,0.1,0.1,0.1,0.1,0.1,0.1,0.1,0.1,0.1,0.1,0.1,0.1,0.1,0.1,0.1,0.1,0.1,0.1,0.1,0.1,0.1,0.1,0.1,0.1,0.1,0.1,0.1,0.1,1,1,1,1,1,2,2,2,3,3,4,4,5,6,6,7,8,9,10,11,13,14,15,17,18,20,21,23,24,26,28,30,32,34,36,38,40,42,44,46,48,50,52,55,57,59,61,63,64,66,68,70,71,72,74,75,76,77,77,78,78,78,78,77,77,76,75,73,72,70,68,66,63,60,58,55,51,48,45,41,37,34,30,27,23,20,17,14,11,8,6,4,3,1,0.1,0.1,0.1,0.1,1,3,4,6,9,11,14,18,21,25,29,32,36,40,44,47,51,54,56,59,61,62,63,63,63,62,61,59,57,55,52,48,44,40,36,32,27,23,19,15,11,8,5,3,1,0.1,0.1,0.1,1,3,6,9,13,18,23,29,35,42,49,56,63,70,77,84,91,97,102,107,111,114,116,117,118,117,115,113,109,105,100,94,87,80,72,64,56,48,40,33,25,19,13,8,4,2,0.1,0.1,2,5,10,17,25,35,48,62,77,95,114,135,157,181,207,233,261,290,320,350,381,413,445,477,509,541,573,604,636,666,696,725,753,781,807,832,856,879,901,921,940,957,973,988,1001,1012,1022,1031,1038,1043,1047,1050,1050,1050,1047,1043,1038,1031,1022,1012,1001,988,973,957,940,921,901,879,856,832,807,781,753,725,696,666,636,604,573,541,509,477,445,413,381,350,320,290,261,233,207,181,157,135,114,95,77,62,48,35,25,17,10,5,2,0.1,0.1,2,4,8,13,19,25,33,40,48,56,64,72,80,87,94,100,105,109,113,115,117,118,117,116,114,111,107,102,97,91,84,77,70,63,56,49,42,35,29,23,18,13,9,6,3,1,0.1,0.1,0.1,1,3,5,8,11,15,19,23,27,32,36,40,44,48,52,55,57,59,61,62,63,63,63,62,61,59,56,54,51,47,44,40,36,32,29,25,21,18,14,11,9,6,4,3,1,0.1,0.1,0.1,0.1,1,3,4,6,8,11,14,17,20,23,27,30,34,37,41,45,48,51,55,58,60,63,66,68,70,72,73,75,76,77,77,78,78,78,78,77,77,76,75,74,72,71,70,68,66,64,63,61,59,57,55,52,50,48,46,44,42,40,38,36,34,32,30,28,26,24,23,21,20,18,17,15,14,13,11,10,9,8,7,6,6,5,4,4,3,3,2,2,2,1,1,1,1,1,0.1,0.1,0.1,0.1,0.1,0.1,0.1,0.1,0.1,0.1,0.1,0.1,0.1,0.1,0.1,0.1,0.1,0.1,0.1,0.1,0.1,0.1,0.1,0.1,0.1,0.1,0.1
0.1,0.1,0.1,0.1,0.1,0.1,0.1,0.1,0.1,0.1,0.1,0.1,0.1,0.1,0.1,0.1,0.1,0.1,0.1,0.1,0.1,0.1,0.1,0.1,0.1,0.1,0.1,0.1,0.1,0.1,0.1,1,1,1,1,1,2,2,2,3,3,4,5,5,6,7,8,9,10,11,12,14,15,17,18,20,22,24,25,27,30,32,34,36,38,40,43,45,47,50,52,54,57,59,61,63,65,67,69,71,72,74,75,76,77,78,79,79,80,80,79,79,78,77,76,75,73,71,69,67,64,62,59,56,53,49,46,43,39,36,32,29,25,22,19,16,13,10,8,6,4,3,1,1,0.1,0.1,0.1,1,2,3,5,7,9,11,14,17,20,23,26,29,33,36,39,41,44,46,48,50,51,52,52,53,52,51,50,49,47,44,42,39,36,32,29,25,22,18,15,12,9,6,4,2,1,0.1,0.1,0.1,1,3,5,7,11,14,18,23,28,34,39,45,51,57,63,68,74,79,84,88,91,95,97,98,99,99,99,97,95,92,88,83,78,72,66,60,53,46,40,33,27,21,15,10,6,3,1,0.1,0.1,2,5,10,17,25,35,46,60,75,92,111,131,153,177,202,229,257,287,317,349,381,414,448,483,518,552,588,623,657,692,726,759,792,823,854,883,912,939,964,988,1011,1031,1050,1068,1083,1096,1108,1117,1124,1129,1133,1134,1133,1129,1124,1117,1108,1096,1083,1068,1050,1031,1011,988,964,939,912,883,854,823,792,759,726,692,657,623,588,552,518,483,448,414,381,349,317,287,257,229,202,177,153,131,111,92,75,60,46,35,25,17,10,5,2,0.1,0.1,1,3,6,10,15,21,27,33,40,46,53,60,66,72,78,83,88,92,95,97,99,99,99,98,97,95,91,88,84,79,74,68,63,57,51,45,39,34,28,23,18,14,11,7,5,3,1,0.1,0.1,0.1,1,2,4,6,9,12,15,18,22,25,29,32,36,39,42,44,47,49,50,51,52,53,52,52,51,50,48,46,44,41,39,36,33,29,26,23,20,17,14,11,9,7,5,3,2,1,0.1,0.1,0.1,1,1,3,4,6,8,10,13,16,19,22,25,29,32,36,39,43,46,49,53,56,59,62,64,67,69,71,73,75,76,77,78,79,79,80,80,79,79,78,77,76,75,74,72,71,69,67,65,63,61,59,57,54,52,50,47,45,43,40,38,36,34,32,30,27,25,24,22,20,18,17,15,14,12,11,10,9,8,7,6,5,5,4,3,3,2,2,2,1,1,1,1,1,0.1,0.1,0.1,0.1,0.1,0.1,0.1,0.1,0.1,0.1,0.1,0.1,0.1,0.1,0.1,0.1,0.1,0.1,0.1,0.1,0.1,0.1,0.1,0.1,0.1,0.1,0.1,0.1
0.1,0.1,0.1,0.1,0.1,0.1,0.1,0.1,0.1,0.1,0.1,0.1,0.1,0.1,0.1,0.1,0.1,0.1,0.1,0.1,0.1,0.1,0.1,0.1,0.1,0.1,0.1,0.1,0.1,0.1,0.1,0.1,1,1,1,1,1,2,2,3,3,4,4,5,6,7,8,9,10,11,12,14,15,17,18,20,22,24,26,28,30,33,35,37,40,42,45,47,50,52,55,57,60,62,64,67,69,71,72,74,76,77,78,79,80,80,81,81,81,80,80,79,77,76,74,73,70,68,66,63,60,57,54,51,47,44,40,37,34,30,27,24,20,17,15,12,10,7,5,4,2,1,1,0.1,0.1,0.1,1,1,2,4,5,7,9,11,14,16,19,21,24,26,29,31,33,35,37,39,40,41,42,42,43,42,42,41,40,39,37,35,33,30,28,25,22,20,17,14,12,9,7,5,3,2,1,0.1,0.1,0.1,1,2,4,6,8,11,14,18,22,26,30,35,40,44,49,54,58,63,67,70,74,76,79,80,82,82,82,81,80,78,76,72,69,65,60,55,50,44,38,33,27,22,17,12,8,5,2,1,0.1,1,2,5,10,16,24,33,44,57,72,88,106,126,148,172,197,224,252,282,314,346,380,415,451,487,524,562,600,638,676,714,752,789,825,860,895,928,960,990,1019,1046,1071,1094,1115,1134,1150,1164,1176,1185,1191,1195,1197,1195,1191,1185,1176,1164,1150,1134,1115,1094,1071,1046,1019,990,960,928,895,860,825,789,752,714,676,638,600,562,524,487,451,415,380,346,314,282,252,224,197,172,148,126,106,88,72,57,44,33,24,16,10,5,2,1,0.1,1,2,5,8,12,17,22,27,33,38,44,50,55,60,65,69,72,76,78,80,81,82,82,82,80,79,76,74,70,67,63,58,54,49,44,40,35,30,26,22,18,14,11,8,6,4,2,1,0.1,0.1,0.1,1,2,3,5,7,9,12,14,17,20,22,25,28,30,33,35,37,39,40,41,42,42,43,42,42,41,40,39,37,35,33,31,29,26,24,21,19,16,14,11,9,7,5,4,2,1,1,0.1,0.1,0.1,1,1,2,4,5,7,10,12,15,17,20,24,27,30,34,37,40,44,47,51,54,57,60,63,66,68,70,73,74,76,77,79,80,80,81,81,81,80,80,79,78,77,76,74,72,71,69,67,64,62,60,57,55,52,50,47,45,42,40,37,35,33,30,28,26,24,22,20,18,17,15,14,12,11,10,9,8,7,6,5,4,4,3,3,2,2,1,1,1,1,1,0.1,0.1,0.1,0.1,0.1,0.1,0.1,0.1,0.1,0.1,0.1,0.1,0.1,0.1,0.1,0.1,0.1,0.1,0.1,0.1,0.1,0.1,0.1,0.1,0.1,0.1,0.1,0.1,0.1
0.1,0.1,0.1,0.1,0.1,0.1,0.1,0.1,0.1,0.1,0.1,0.1,0.1,0.1,0.1,0.1,0.1,0.1,0.1,0.1,0.1,0.1,0.1,0.1,0.1,0.1,0.1,0.1,0.1,0.1,0.1,0.1,0.1,1,1,1,1,2,2,2,3,3,4,5,5,6,7,8,9,10,12,13,15,16,18,20,22,24,26,28,31,33,36,38,41,44,46,49,52,54,57,59,62,64,67,69,71,73,75,76,78,79,80,80,81,81,81,81,80,79,78,77,75,74,72,69,67,64,61,58,55,52,49,45,42,38,35,31,28,25,22,19,16,13,11,9,7,5,3,2,1,1,0.1,0.1,0.1,1,1,2,3,4,6,7,9,11,13,15,17,19,21,23,25,26,28,29,31,32,33,33,33,34,34,33,33,32,31,29,28,26,25,23,21,19,17,15,12,10,9,7,5,4,2,1,1,0.1,0.1,0.1,1,1,3,4,6,8,10,13,16,19,23,26,30,33,37,41,44,48,51,54,57,60,62,64,65,66,67,67,66,65,64,62,59,56,53,49,45,41,37,32,27,23,18,14,10,7,4,2,0.1,0.1,1,2,5,9,15,22,31,41,53,67,83,101,120,142,165,190,217,246,277,309,342,377,414,451,490,529,569,610,650,691,732,773,813,852,891,928,964,999,1032,1063,1092,1118,1143,1165,1184,1200,1214,1224,1232,1237,1238,1237,1232,1224,1214,1200,1184,1165,1143,1118,1092,1063,1032,999,964,928,891,852,813,773,732,691,650,610,569,529,490,451,414,377,342,309,277,246,217,190,165,142,120,101,83,67,53,41,31,22,15,9,5,2,1,0.1,0.1,2,4,7,10,14,18,23,27,32,37,41,45,49,53,56,59,62,64,65,66,67,67,66,65,64,62,60,57,54,51,48,44,41,37,33,30,26,23,19,16,13,10,8,6,4,3,1,1,0.1,0.1,0.1,1,1,2,4,5,7,9,10,12,15,17,19,21,23,25,26,28,29,31,32,33,33,34,34,33,33,33,32,31,29,28,26,25,23,21,19,17,15,13,11,9,7,6,4,3,2,1,1,0.1,0.1,0.1,1,1,2,3,5,7,9,11,13,16,19,22,25,28,31,35,38,42,45,49,52,55,58,61,64,67,69,72,74,75,77,78,79,80,81,81,81,81,80,80,79,78,76,75,73,71,69,67,64,62,59,57,54,52,49,46,44,41,38,36,33,31,28,26,24,22,20,18,16,15,13,12,10,9,8,7,6,5,5,4,3,3,2,2,2,1,1,1,1,0.1,0.1,0.1,0.1,0.1,0.1,0.1,0.1,0.1,0.1,0.1,0.1,0.1,0.1,0.1,0.1,0.1,0.1,0.1,0.1,0.1,0.1,0.1,0.1,0.1,0.1,0.1,0.1,0.1,0.1
0.1,0.1,0.1,0.1,0.1,0.1,0.1,0.1,0.1,0.1,0.1,0.1,0.1,0.1,0.1,0.1,0.1,0.1,0.1,0.1,0.1,0.1,0.1,0.1,0.1,0.1,0.1,0.1,0.1,0.1,0.1,0.1,0.1,0.1,1,1,1,1,2,2,2,3,3,4,5,6,6,7,9,10,11,13,14,16,18,19,22,24,26,28,31,33,36,38,41,44,47,49,52,55,58,60,63,65,68,70,72,74,75,77,78,79,80,80,80,80,80,79,79,77,76,74,72,70,68,65,62,59,56,53,50,46,43,40,36,33,29,26,23,20,17,14,12,10,8,6,4,3,2,1,0.1,0.1,0.1,0.1,0.1,1,2,3,4,5,6,8,9,11,12,14,15,17,18,20,21,22,23,24,25,25,25,26,26,26,25,25,24,23,23,21,20,19,18,16,15,13,12,10,9,7,6,5,3,2,2,1,0.1,0.1,0.1,0.1,0.1,1,2,3,4,6,7,9,11,13,16,18,21,24,26,29,32,35,37,40,42,45,47,49,50,51,52,53,53,53,52,51,50,48,46,44,41,38,34,31,27,23,20,16,12,9,6,4,2,0.1,0.1,0.1,2,4,8,13,20,28,38,49,62,78,95,114,135,158,183,210,239,270,303,337,373,411,450,490,531,573,615,659,702,745,788,831,872,913,953,991,1027,1061,1094,1124,1151,1175,1197,1215,1231,1243,1251,1257,1258,1257,1251,1243,1231,1215,1197,1175,1151,1124,1094,1061,1027,991,953,913,872,831,788,745,702,659,615,573,531,490,450,411,373,337,303,270,239,210,183,158,135,114,95,78,62,49,38,28,20,13,8,4,2,0.1,0.1,0.1,2,4,6,9,12,16,20,23,27,31,34,38,41,44,46,48,50,51,52,53,53,53,52,51,50,49,47,45,42,40,37,35,32,29,26,24,21,18,16,13,11,9,7,6,4,3,2,1,0.1,0.1,0.1,0.1,0.1,1,2,2,3,5,6,7,9,10,12,13,15,16,18,19,20,21,23,23,24,25,25,26,26,26,25,25,25,24,23,22,21,20,18,17,15,14,12,11,9,8,6,5,4,3,2,1,0.1,0.1,0.1,0.1,0.1,1,2,3,4,6,8,10,12,14,17,20,23,26,29,33,36,40,43,46,50,53,56,59,62,65,68,70,72,74,76,77,79,79,80,80,80,80,80,79,78,77,75,74,72,70,68,65,63,60,58,55,52,49,47,44,41,38,36,33,31,28,26,24,22,19,18,16,14,13,11,10,9,7,6,6,5,4,3,3,2,2,2,1,1,1,1,0.1,0.1,0.1,0.1,0.1,0.1,0.1,0.1,0.1,0.1,0.1,0.1,0.1,0.1,0.1,0.1,0.1,0.1,0.1,0.1,0.1,0.1,0.1,0.1,0.1,0.1,0.1,0.1,0.1,0.1,0.1
0.1,0.1,0.1,0.1,0.1,0.1,0.1,0.1,0.1,0.1,0.1,0.1,0.1,0.1,0.1,0.1,0.1,0.1,0.1,0.1,0.1,0.1,0.1,0.1,0.1,0.1,0.1,0.1,0.1,0.1,0.1,0.1,0.1,0.1,0.1,1,1,1,1,2,2,2,3,4,4,5,6,7,8,9,10,12,13,15,17,19,21,23,25,28,30,33,35,38,41,44,46,49,52,55,58,60,63,65,68,70,72,73,75,76,77,78,79,79,79,78,78,77,76,74,72,70,68,66,63,60,57,54,51,47,44,41,37,34,30,27,24,21,18,15,13,11,9,7,5,4,2,1,1,0.1,0.1,0.1,0.1,0.1,1,2,2,3,4,5,7,8,9,10,11,12,13,14,15,16,17,18,18,19,19,19,19,19,19,19,18,18,17,16,15,15,14,13,12,11,10,9,8,7,6,5,4,3,2,2,1,1,0.1,0.1,0.1,0.1,0.1,1,1,2,3,3,5,6,7,9,10,12,14,16,18,20,22,24,26,28,30,32,33,35,37,38,39,40,41,41,41,41,41,40,39,38,36,34,32,29,26,23,20,17,14,11,9,6,4,2,1,0.1,0.1,1,3,7,11,17,25,34,44,57,71,88,106,127,150,174,201,231,262,295,330,367,405,445,487,529,573,617,662,707,752,796,841,884,926,967,1006,1043,1078,1110,1140,1166,1190,1210,1227,1240,1249,1255,1257,1255,1249,1240,1227,1210,1190,1166,1140,1110,1078,1043,1006,967,926,884,841,796,752,707,662,617,573,529,487,445,405,367,330,295,262,231,201,174,150,127,106,88,71,57,44,34,25,17,11,7,3,1,0.1,0.1,1,2,4,6,9,11,14,17,20,23,26,29,32,34,36,38,39,40,41,41,41,41,41,40,39,38,37,35,33,32,30,28,26,24,22,20,18,16,14,12,10,9,7,6,5,3,3,2,1,1,0.1,0.1,0.1,0.1,0.1,1,1,2,2,3,4,5,6,7,8,9,10,11,12,13,14,15,15,16,17,18,18,19,19,19,19,19,19,19,18,18,17,16,15,14,13,12,11,10,9,8,7,5,4,3,2,2,1,0.1,0.1,0.1,0.1,0.1,1,1,2,4,5,7,9,11,13,15,18,21,24,27,30,34,37,41,44,47,51,54,57,60,63,66,68,70,72,74,76,77,78,78,79,79,79,78,77,76,75,73,72,70,68,65,63,60,58,55,52,49,46,44,41,38,35,33,30,28,25,23,21,19,17,15,13,12,10,9,8,7,6,5,4,4,3,2,2,2,1,1,1,1,0.1,0.1,0.1,0.1,0.1,0.1,0.1,0.1,0.1,0.1,0.1,0.1,0.1,0.1,0.1,0.1,0.1,0.1,0.1,0.1,0.1,0.1,0.1,0.1,0.1,0.1,0.1,0.1,0.1,0.1,0.1,0.1
0.1,0.1,0.1,0.1,0.1,0.1,0.1,0.1,0.1,0.1,0.1,0.1,0.1,0.1,0.1,0.1,0.1,0.1,0.1,0.1,0.1,0.1,0.1,0.1,0.1,0.1,0.1,0.1,0.1,0.1,0.1,0.1,0.1,0.1,0.1,0.1,1,1,1,1,2,2,2,3,4,4,5,6,7,8,9,11,12,14,16,18,20,22,24,26,29,32,34,37,40,43,45,48,51,54,57,59,62,64,66,68,70,72,73,74,75,76,76,76,76,75,74,73,72,70,68,66,63,61,58,55,51,48,45,41,38,35,31,28,25,22,19,16,14,11,9,7,6,4,3,2,1,1,0.1,0.1,0.1,0.1,1,1,2,2,3,4,5,6,7,8,9,9,10,11,12,12,13,13,13,14,14,14,14,14,14,13,13,12,12,11,11,10,10,9,8,8,7,6,6,5,4,4,3,3,2,2,1,1,1,0.1,0.1,0.1,0.1,0.1,0.1,0.1,1,1,1,2,3,3,4,5,6,7,8,9,10,12,13,15,16,18,19,21,22,24,25,26,28,29,30,31,31,32,32,32,32,32,31,30,29,27,25,23,21,19,16,14,11,9,6,4,2,1,0.1,0.1,1,2,5,9,14,21,29,39,51,65,80,98,118,141,165,192,221,252,285,321,358,397,438,480,524,568,614,659,705,751,797,842,886,928,969,1008,1045,1079,1111,1139,1164,1186,1203,1218,1228,1234,1236,1234,1228,1218,1203,1186,1164,1139,1111,1079,1045,1008,969,928,886,842,797,751,705,659,614,568,524,480,438,397,358,321,285,252,221,192,165,141,118,98,80,65,51,39,29,21,14,9,5,2,1,0.1,0.1,1,2,4,6,9,11,14,16,19,21,23,25,27,29,30,31,32,32,32,32,32,31,31,30,29,28,26,25,24,22,21,19,18,16,15,13,12,10,9,8,7,6,5,4,3,3,2,1,1,1,0.1,0.1,0.1,0.1,0.1,0.1,0.1,1,1,1,2,2,3,3,4,4,5,6,6,7,8,8,9,10,10,11,11,12,12,13,13,14,14,14,14,14,14,13,13,13,12,12,11,10,9,9,8,7,6,5,4,3,2,2,1,1,0.1,0.1,0.1,0.1,1,1,2,3,4,6,7,9,11,14,16,19,22,25,28,31,35,38,41,45,48,51,55,58,61,63,66,68,70,72,73,74,75,76,76,76,76,75,74,73,72,70,68,66,64,62,59,57,54,51,48,45,43,40,37,34,32,29,26,24,22,20,18,16,14,12,11,9,8,7,6,5,4,4,3,2,2,2,1,1,1,1,0.1,0.1,0.1,0.1,0.1,0.1,0.1,0.1,0.1,0.1,0.1,0.1,0.1,0.1,0.1,0.1,0.1,0.1,0.1,0.1,0.1,0.1,0.1,0.1,0.1,0.1,0.1,0.1,0.1,0.1,0.1,0.1,0.1
0.1,0.1,0.1,0.1,0.1,0.1,0.1,0.1,0.1,0.1,0.1,0.1,0.1,0.1,0.1,0.1,0.1,0.1,0.1,0.1,0.1,0.1,0.1,0.1,0.1,0.1,0.1,0.1,0.1,0.1,0.1,0.1,0.1,0.1,0.1,0.1,0.1,1,1,1,1,2,2,3,3,4,4,5,6,7,8,10,11,13,15,16,18,20,23,25,27,30,33,35,38,41,44,47,49,52,55,57,60,62,64,66,68,69,71,72,72,73,73,73,72,71,70,69,67,65,63,60,58,55,52,49,45,42,39,35,32,29,26,23,20,17,14,12,10,8,6,5,3,2,1,1,0.1,0.1,0.1,0.1,0.1,1,1,2,2,3,4,5,5,6,7,7,8,9,9,9,10,10,10,10,10,10,10,10,9,9,9,8,8,8,7,7,6,6,5,5,4,4,3,3,3,2,2,2,1,1,1,1,0.1,0.1,0.1,0.1,0.1,0.1,0.1,0.1,0.1,0.1,0.1,0.1,1,1,1,1,2,2,3,3,4,4,5,6,7,8,9,10,11,12,13,14,16,17,18,19,20,22,23,24,24,25,26,26,26,26,25,25,24,23,21,20,18,16,14,11,9,7,5,3,2,0.1,0.1,0.1,1,3,7,11,17,24,33,44,57,72,90,109,131,155,181,210,241,274,310,347,386,428,470,514,559,605,651,697,743,789,834,877,919,960,998,1033,1066,1095,1121,1144,1162,1177,1188,1194,1196,1194,1188,1177,1162,1144,1121,1095,1066,1033,998,960,919,877,834,789,743,697,651,605,559,514,470,428,386,347,310,274,241,210,181,155,131,109,90,72,57,44,33,24,17,11,7,3,1,0.1,0.1,0.1,2,3,5,7,9,11,14,16,18,20,21,23,24,25,25,26,26,26,26,25,24,24,23,22,20,19,18,17,16,14,13,12,11,10,9,8,7,6,5,4,4,3,3,2,2,1,1,1,1,0.1,0.1,0.1,0.1,0.1,0.1,0.1,0.1,0.1,0.1,0.1,0.1,1,1,1,1,2,2,2,3,3,3,4,4,5,5,6,6,7,7,8,8,8,9,9,9,10,10,10,10,10,10,10,10,9,9,9,8,7,7,6,5,5,4,3,2,2,1,1,0.1,0.1,0.1,0.1,0.1,1,1,2,3,5,6,8,10,12,14,17,20,23,26,29,32,35,39,42,45,49,52,55,58,60,63,65,67,69,70,71,72,73,73,73,72,72,71,69,68,66,64,62,60,57,55,52,49,47,44,41,38,35,33,30,27,25,23,20,18,16,15,13,11,10,8,7,6,5,4,4,3,3,2,2,1,1,1,1,0.1,0.1,0.1,0.1,0.1,0.1,0.1,0.1,0.1,0.1,0.1,0.1,0.1,0.1,0.1,0.1,0.1,0.1,0.1,0.1,0.1,0.1,0.1,0.1,0.1,0.1,0.1,0.1,0.1,0.1,0.1,0.1,0.1,0.1
0.1,0.1,0.1,0.1,0.1,0.1,0.1,0.1,0.1,0.1,0.1,0.1,0.1,0.1,0.1,0.1,0.1,0.1,0.1,0.1,0.1,0.1,0.1,0.1,0.1,0.1,0.1,0.1,0.1,0.1,0.1,0.1,0.1,0.1,0.1,0.1,0.1,0.1,1,1,1,1,2,2,3,3,4,5,5,6,7,9,10,12,13,15,17,19,21,23,26,28,31,33,36,39,41,44,47,50,52,55,57,59,61,63,65,66,67,68,68,69,68,68,67,66,65,63,61,59,57,54,52,49,46,42,39,36,33,29,26,23,20,18,15,13,10,8,6,5,4,2,2,1,0.1,0.1,0.1,0.1,0.1,1,1,2,2,3,3,4,5,5,6,6,7,7,7,8,8,8,8,8,8,8,7,7,7,6,6,5,5,5,4,4,3,3,3,2,2,2,2,1,1,1,1,1,1,0.1,0.1,0.1,0.1,0.1,0.1,0.1,0.1,0.1,0.1,0.1,0.1,0.1,0.1,0.1,0.1,0.1,0.1,0.1,0.1,0.1,0.1,1,1,1,1,1,2,2,2,3,3,4,5,6,6,7,8,9,10,12,13,14,15,16,17,19,20,20,21,22,22,22,22,22,21,20,19,18,16,14,12,10,8,6,4,2,1,0.1,0.1,0.1,2,4,8,13,20,28,38,50,64,80,99,120,143,169,197,228,261,296,333,373,414,456,500,545,590,636,682,727,772,816,858,899,937,973,1007,1037,1063,1086,1106,1121,1131,1138,1140,1138,1131,1121,1106,1086,1063,1037,1007,973,937,899,858,816,772,727,682,636,590,545,500,456,414,373,333,296,261,228,197,169,143,120,99,80,64,50,38,28,20,13,8,4,2,0.1,0.1,0.1,1,2,4,6,8,10,12,14,16,18,19,20,21,22,22,22,22,22,21,20,20,19,17,16,15,14,13,12,10,9,8,7,6,6,5,4,3,3,2,2,2,1,1,1,1,1,0.1,0.1,0.1,0.1,0.1,0.1,0.1,0.1,0.1,0.1,0.1,0.1,0.1,0.1,0.1,0.1,0.1,0.1,0.1,0.1,0.1,0.1,1,1,1,1,1,1,2,2,2,2,3,3,3,4,4,5,5,5,6,6,7,7,7,8,8,8,8,8,8,8,7,7,7,6,6,5,5,4,3,3,2,2,1,1,0.1,0.1,0.1,0.1,0.1,1,2,2,4,5,6,8,10,13,15,18,20,23,26,29,33,36,39,42,46,49,52,54,57,59,61,63,65,66,67,68,68,69,68,68,67,66,65,63,61,59,57,55,52,50,47,44,41,39,36,33,31,28,26,23,21,19,17,15,13,12,10,9,7,6,5,5,4,3,3,2,2,1,1,1,1,0.1,0.1,0.1,0.1,0.1,0.1,0.1,0.1,0.1,0.1,0.1,0.1,0.1,0.1,0.1,0.1,0.1,0.1,0.1,0.1,0.1,0.1,0.1,0.1,0.1,0.1,0.1,0.1,0.1,0.1,0.1,0.1,0.1,0.1,0.1
0.1,0.1,0.1,0.1,0.1,0.1,0.1,0.1,0.1,0.1,0.1,0.1,0.1,0.1,0.1,0.1,0.1,0.1,0.1,0.1,0.1,0.1,0.1,0.1,0.1,0.1,0.1,0.1,0.1,0.1,0.1,0.1,0.1,0.1,0.1,0.1,0.1,0.1,0.1,1,1,1,1,2,2,2,3,4,5,5,6,8,9,10,12,13,15,17,19,21,24,26,28,31,33,36,39,41,44,46,49,51,53,56,57,59,60,62,63,63,64,64,63,63,62,61,59,57,55,53,51,48,45,42,39,36,33,30,27,24,21,18,15,13,11,9,7,5,4,3,2,1,0.1,0.1,0.1,0.1,0.1,1,1,1,2,3,3,4,4,5,5,6,6,6,7,7,7,7,7,6,6,6,6,5,5,4,4,4,3,3,2,2,2,1,1,1,1,0.1,0.1,0.1,0.1,0.1,0.1,0.1,0.1,0.1,0.1,0.1,0.1,0.1,0.1,0.1,0.1,0.1,0.1,0.1,0.1,0.1,0.1,0.1,0.1,0.1,0.1,0.1,0.1,0.1,0.1,0.1,0.1,0.1,0.1,0.1,0.1,0.1,0.1,0.1,0.1,0.1,1,1,1,2,2,3,3,4,5,6,7,8,9,10,12,13,14,15,17,18,19,20,20,21,21,21,20,20,19,17,16,14,12,10,8,6,4,2,1,0.1,0.1,1,2,5,9,15,22,31,42,55,71,89,109,131,156,184,214,246,281,317,356,396,438,481,525,569,614,659,703,746,788,829,867,903,936,966,993,1016,1035,1051,1062,1068,1070,1068,1062,1051,1035,1016,993,966,936,903,867,829,788,746,703,659,614,569,525,481,438,396,356,317,281,246,214,184,156,131,109,89,71,55,42,31,22,15,9,5,2,1,0.1,0.1,1,2,4,6,8,10,12,14,16,17,19,20,20,21,21,21,20,20,19,18,17,15,14,13,12,10,9,8,7,6,5,4,3,3,2,2,1,1,1,0.1,0.1,0.1,0.1,0.1,0.1,0.1,0.1,0.1,0.1,0.1,0.1,0.1,0.1,0.1,0.1,0.1,0.1,0.1,0.1,0.1,0.1,0.1,0.1,0.1,0.1,0.1,0.1,0.1,0.1,0.1,0.1,0.1,0.1,0.1,0.1,0.1,0.1,0.1,0.1,0.1,1,1,1,1,2,2,2,3,3,4,4,4,5,5,6,6,6,6,7,7,7,7,7,6,6,6,5,5,4,4,3,3,2,1,1,1,0.1,0.1,0.1,0.1,0.1,1,2,3,4,5,7,9,11,13,15,18,21,24,27,30,33,36,39,42,45,48,51,53,55,57,59,61,62,63,63,64,64,63,63,62,60,59,57,56,53,51,49,46,44,41,39,36,33,31,28,26,24,21,19,17,15,13,12,10,9,8,6,5,5,4,3,2,2,2,1,1,1,1,0.1,0.1,0.1,0.1,0.1,0.1,0.1,0.1,0.1,0.1,0.1,0.1,0.1,0.1,0.1,0.1,0.1,0.1,0.1,0.1,0.1,0.1,0.1,0.1,0.1,0.1,0.1,0.1,0.1,0.1,0.1,0.1,0.1,0.1,0.1,0.1
0.1,0.1,0.1,0.1,0.1,0.1,0.1,0.1,0.1,0.1,0.1,0.1,0.1,0.1,0.1,0.1,0.1,0.1,0.1,0.1,0.1,0.1,0.1,0.1,0.1,0.1,0.1,0.1,0.1,0.1,0.1,0.1,0.1,0.1,0.1,0.1,0.1,0.1,0.1,0.1,0.1,1,1,1,2,2,2,3,4,4,5,6,8,9,10,12,13,15,17,19,21,23,26,28,31,33,36,38,41,43,45,47,49,51,53,55,56,57,58,58,58,58,58,57,56,54,53,51,49,47,44,41,39,36,33,30,27,24,21,18,16,13,11,9,7,5,4,3,2,1,0.1,0.1,0.1,0.1,0.1,1,1,1,2,3,3,4,4,5,5,6,6,6,6,6,6,6,6,6,5,5,5,4,4,3,3,2,2,2,1,1,1,0.1,0.1,0.1,0.1,0.1,0.1,0.1,0.1,0.1,0.1,0.1,0.1,0.1,0.1,0.1,0.1,0.1,0.1,0.1,0.1,0.1,0.1,0.1,0.1,0.1,0.1,0.1,0.1,0.1,0.1,0.1,0.1,0.1,0.1,0.1,0.1,0.1,0.1,1,1,1,1,0.1,0.1,0.1,0.1,0.1,0.1,0.1,0.1,0.1,0.1,0.1,0.1,1,1,2,3,3,4,6,7,8,9,11,12,14,15,17,18,19,20,21,21,21,21,20,20,18,17,15,13,11,9,6,4,2,1,0.1,0.1,1,3,6,10,17,25,35,47,61,78,97,118,142,169,198,229,263,298,336,375,416,457,500,543,586,629,671,711,751,788,824,857,886,913,936,955,970,981,987,989,987,981,970,955,936,913,886,857,824,788,751,711,671,629,586,543,500,457,416,375,336,298,263,229,198,169,142,118,97,78,61,47,35,25,17,10,6,3,1,0.1,0.1,1,2,4,6,9,11,13,15,17,18,20,20,21,21,21,21,20,19,18,17,15,14,12,11,9,8,7,6,4,3,3,2,1,1,0.1,0.1,0.1,0.1,0.1,0.1,0.1,0.1,0.1,0.1,0.1,0.1,1,1,1,1,0.1,0.1,0.1,0.1,0.1,0.1,0.1,0.1,0.1,0.1,0.1,0.1,0.1,0.1,0.1,0.1,0.1,0.1,0.1,0.1,0.1,0.1,0.1,0.1,0.1,0.1,0.1,0.1,0.1,0.1,0.1,0.1,0.1,0.1,0.1,0.1,0.1,0.1,1,1,1,2,2,2,3,3,4,4,5,5,5,6,6,6,6,6,6,6,6,6,5,5,4,4,3,3,2,1,1,1,0.1,0.1,0.1,0.1,0.1,1,2,3,4,5,7,9,11,13,16,18,21,24,27,30,33,36,39,41,44,47,49,51,53,54,56,57,58,58,58,58,58,57,56,55,53,51,49,47,45,43,41,38,36,33,31,28,26,23,21,19,17,15,13,12,10,9,8,6,5,4,4,3,2,2,2,1,1,1,0.1,0.1,0.1,0.1,0.1,0.1,0.1,0.1,0.1,0.1,0.1,0.1,0.1,0.1,0.1,0.1,0.1,0.1,0.1,0.1,0.1,0.1,0.1,0.1,0.1,0.1,0.1,0.1,0.1,0.1,0.1,0.1,0.1,0.1,0.1,0.1,0.1,0.1
0.1,0.1,0.1,0.1,0.1,0.1,0.1,0.1,0.1,0.1,0.1,0.1,0.1,0.1,0.1,0.1,0.1,0.1,0.1,0.1,0.1,0.1,0.1,0.1,0.1,0.1,0.1,0.1,0.1,0.1,0.1,0.1,0.1,0.1,0.1,0.1,0.1,0.1,0.1,0.1,0.1,0.1,1,1,1,1,2,2,3,4,4,5,6,7,9,10,12,13,15,17,19,21,23,25,28,30,32,34,37,39,41,43,45,47,48,50,51,51,52,52,52,52,51,51,49,48,46,44,42,40,38,35,32,30,27,24,21,19,16,14,11,9,7,6,4,3,2,1,1,0.1,0.1,0.1,0.1,1,1,1,2,3,3,4,5,5,6,6,6,7,7,7,7,6,6,6,5,5,4,4,3,3,2,2,1,1,1,0.1,0.1,0.1,0.1,0.1,0.1,0.1,0.1,1,1,1,1,1,1,2,2,2,2,2,2,2,1,1,1,1,1,1,0.1,0.1,0.1,0.1,0.1,0.1,0.1,0.1,0.1,1,1,1,1,2,2,2,2,2,3,3,3,2,2,2,2,2,1,1,1,0.1,0.1,0.1,0.1,0.1,0.1,1,1,2,3,4,6,7,9,11,12,14,16,18,19,21,22,23,23,23,23,23,22,21,19,17,15,12,10,7,5,3,1,0.1,0.1,1,3,7,12,19,27,38,51,67,85,105,128,153,181,211,243,277,313,351,390,429,470,511,551,591,631,669,705,739,771,800,825,848,866,881,891,898,900,898,891,881,866,848,825,800,771,739,705,669,631,591,551,511,470,429,390,351,313,277,243,211,181,153,128,105,85,67,51,38,27,19,12,7,3,1,0.1,0.1,1,3,5,7,10,12,15,17,19,21,22,23,23,23,23,23,22,21,19,18,16,14,12,11,9,7,6,4,3,2,1,1,0.1,0.1,0.1,0.1,0.1,0.1,1,1,1,2,2,2,2,2,3,3,3,2,2,2,2,2,1,1,1,1,0.1,0.1,0.1,0.1,0.1,0.1,0.1,0.1,0.1,1,1,1,1,1,1,2,2,2,2,2,2,2,1,1,1,1,1,1,0.1,0.1,0.1,0.1,0.1,0.1,0.1,0.1,1,1,1,2,2,3,3,4,4,5,5,6,6,6,7,7,7,7,6,6,6,5,5,4,3,3,2,1,1,1,0.1,0.1,0.1,0.1,1,1,2,3,4,6,7,9,11,14,16,19,21,24,27,30,32,35,38,40,42,44,46,48,49,51,51,52,52,52,52,51,51,50,48,47,45,43,41,39,37,34,32,30,28,25,23,21,19,17,15,13,12,10,9,7,6,5,4,4,3,2,2,1,1,1,1,0.1,0.1,0.1,0.1,0.1,0.1,0.1,0.1,0.1,0.1,0.1,0.1,0.1,0.1,0.1,0.1,0.1,0.1,0.1,0.1,0.1,0.1,0.1,0.1,0.1,0.1,0.1,0.1,0.1,0.1,0.1,0.1,0.1,0.1,0.1,0.1,0.1,0.1,0.1
0.1,0.1,0.1,0.1,0.1,0.1,0.1,0.1,0.1,0.1,0.1,0.1,0.1,0.1,0.1,0.1,0.1,0.1,0.1,0.1,0.1,0.1,0.1,0.1,0.1,0.1,0.1,0.1,0.1,0.1,0.1,0.1,0.1,0.1,0.1,0.1,0.1,0.1,0.1,0.1,0.1,0.1,0.1,1,1,1,1,2,2,3,3,4,5,6,7,8,10,11,13,15,16,18,20,22,24,26,29,31,33,35,37,39,40,42,43,44,45,46,46,46,46,46,45,44,43,41,40,38,36,34,31,29,26,24,21,19,16,14,11,9,7,6,4,3,2,1,1,0.1,0.1,0.1,0.1,1,1,2,2,3,4,4,5,6,6,7,7,7,7,7,7,7,7,6,6,5,5,4,3,3,2,2,1,1,0.1,0.1,0.1,0.1,0.1,0.1,0.1,1,1,1,2,2,3,3,3,4,4,4,4,4,4,4,4,3,3,3,2,2,1,1,1,0.1,0.1,0.1,0.1,0.1,0.1,0.1,1,1,2,2,3,3,4,5,5,6,6,6,6,6,6,6,6,5,5,4,3,3,2,1,1,0.1,0.1,0.1,0.1,0.1,1,2,3,4,6,7,9,11,14,16,18,20,22,24,25,26,27,27,27,27,25,24,22,19,17,14,11,8,5,3,1,0.1,0.1,1,3,7,13,21,30,42,56,73,91,113,137,163,191,221,254,288,323,360,397,435,473,511,548,584,618,651,681,709,733,755,773,787,797,803,805,803,797,787,773,755,733,709,681,651,618,584,548,511,473,435,397,360,323,288,254,221,191,163,137,113,91,73,56,42,30,21,13,7,3,1,0.1,0.1,1,3,5,8,11,14,17,19,22,24,25,27,27,27,27,26,25,24,22,20,18,16,14,11,9,7,6,4,3,2,1,0.1,0.1,0.1,0.1,0.1,1,1,2,3,3,4,5,5,6,6,6,6,6,6,6,6,5,5,4,3,3,2,2,1,1,0.1,0.1,0.1,0.1,0.1,0.1,0.1,1,1,1,2,2,3,3,3,4,4,4,4,4,4,4,4,3,3,3,2,2,1,1,1,0.1,0.1,0.1,0.1,0.1,0.1,0.1,1,1,2,2,3,3,4,5,5,6,6,7,7,7,7,7,7,7,7,6,6,5,4,4,3,2,2,1,1,0.1,0.1,0.1,0.1,1,1,2,3,4,6,7,9,11,14,16,19,21,24,26,29,31,34,36,38,40,41,43,44,45,46,46,46,46,46,45,44,43,42,40,39,37,35,33,31,29,26,24,22,20,18,16,15,13,11,10,8,7,6,5,4,3,3,2,2,1,1,1,1,0.1,0.1,0.1,0.1,0.1,0.1,0.1,0.1,0.1,0.1,0.1,0.1,0.1,0.1,0.1,0.1,0.1,0.1,0.1,0.1,0.1,0.1,0.1,0.1,0.1,0.1,0.1,0.1,0.1,0.1,0.1,0.1,0.1,0.1,0.1,0.1,0.1,0.1,0.1,0.1
0.1,0.1,0.1,0.1,0.1,0.1,0.1,0.1,0.1,0.1,0.1,0.1,0.1,0.1,0.1,0.1,0.1,0.1,0.1,0.1,0.1,0.1,0.1,0.1,0.1,0.1,0.1,0.1,0.1,0.1,0.1,0.1,0.1,0.1,0.1,0.1,0.1,0.1,0.1,0.1,0.1,0.1,0.1,0.1,0.1,1,1,1,2,2,3,3,4,5,6,7,8,9,11,12,14,16,17,19,21,23,25,27,29,31,32,34,35,37,38,39,40,40,40,40,40,40,39,38,37,35,33,32,29,27,25,23,20,18,16,14,11,9,8,6,4,3,2,1,1,0.1,0.1,0.1,0.1,1,1,2,2,3,4,5,6,6,7,7,8,8,8,8,8,8,8,7,7,6,5,5,4,3,2,2,1,1,0.1,0.1,0.1,0.1,0.1,0.1,1,1,2,3,3,4,5,5,6,7,7,7,8,8,8,8,7,7,7,6,5,5,4,3,2,2,1,1,0.1,0.1,0.1,0.1,0.1,1,1,2,3,4,5,6,7,8,9,10,11,11,12,12,12,12,12,11,10,10,9,7,6,5,4,3,2,1,0.1,0.1,0.1,0.1,1,2,3,5,7,9,11,14,17,20,22,25,27,29,31,32,33,33,33,32,30,28,26,23,20,16,13,9,6,3,1,0.1,0.1,1,4,8,14,23,33,46,60,78,97,119,144,170,199,229,260,293,327,362,397,432,466,499,531,562,590,616,639,660,677,690,700,706,708,706,700,690,677,660,639,616,590,562,531,499,466,432,397,362,327,293,260,229,199,170,144,119,97,78,60,46,33,23,14,8,4,1,0.1,0.1,1,3,6,9,13,16,20,23,26,28,30,32,33,33,33,32,31,29,27,25,22,20,17,14,11,9,7,5,3,2,1,0.1,0.1,0.1,0.1,1,2,3,4,5,6,7,9,10,10,11,12,12,12,12,12,11,11,10,9,8,7,6,5,4,3,2,1,1,0.1,0.1,0.1,0.1,0.1,1,1,2,2,3,4,5,5,6,7,7,7,8,8,8,8,7,7,7,6,5,5,4,3,3,2,1,1,0.1,0.1,0.1,0.1,0.1,0.1,1,1,2,2,3,4,5,5,6,7,7,8,8,8,8,8,8,8,7,7,6,6,5,4,3,2,2,1,1,0.1,0.1,0.1,0.1,1,1,2,3,4,6,8,9,11,14,16,18,20,23,25,27,29,32,33,35,37,38,39,40,40,40,40,40,40,39,38,37,35,34,32,31,29,27,25,23,21,19,17,16,14,12,11,9,8,7,6,5,4,3,3,2,2,1,1,1,0.1,0.1,0.1,0.1,0.1,0.1,0.1,0.1,0.1,0.1,0.1,0.1,0.1,0.1,0.1,0.1,0.1,0.1,0.1,0.1,0.1,0.1,0.1,0.1,0.1,0.1,0.1,0.1,0.1,0.1,0.1,0.1,0.1,0.1,0.1,0.1,0.1,0.1,0.1,0.1,0.1,0.1
0.1,0.1,0.1,0.1,0.1,0.1,0.1,0.1,0.1,0.1,0.1,0.1,0.1,0.1,0.1,0.1,0.1,0.1,0.1,0.1,0.1,0.1,0.1,0.1,0.1,0.1,0.1,0.1,0.1,0.1,0.1,0.1,0.1,0.1,0.1,0.1,0.1,0.1,0.1,0.1,0.1,0.1,0.1,0.1,0.1,0.1,1,1,1,1,2,2,3,4,5,5,6,8,9,10,12,13,15,16,18,20,21,23,25,26,28,29,30,32,33,33,34,34,34,34,34,33,33,32,30,29,27,25,24,22,19,17,15,13,11,9,8,6,4,3,2,1,1,0.1,0.1,0.1,0.1,1,1,2,3,3,4,5,6,7,8,8,9,9,10,10,10,10,9,9,8,7,7,6,5,4,3,2,2,1,1,0.1,0.1,0.1,0.1,1,1,2,2,3,4,5,6,7,9,9,10,11,12,12,12,13,12,12,12,11,10,9,8,7,6,5,4,3,2,1,0.1,0.1,0.1,0.1,0.1,1,2,3,4,6,7,9,10,12,14,15,17,18,19,19,20,20,20,19,18,17,16,14,12,11,9,7,5,4,2,1,0.1,0.1,0.1,1,1,3,5,7,9,12,15,19,22,25,29,32,34,37,38,40,40,40,40,38,36,34,30,27,23,19,15,11,7,4,2,0.1,0.1,1,4,9,16,25,35,49,64,82,102,124,148,174,202,231,261,292,324,355,387,417,447,475,501,525,546,565,581,593,602,608,610,608,602,593,581,565,546,525,501,475,447,417,387,355,324,292,261,231,202,174,148,124,102,82,64,49,35,25,16,9,4,1,0.1,0.1,2,4,7,11,15,19,23,27,30,34,36,38,40,40,40,40,38,37,34,32,29,25,22,19,15,12,9,7,5,3,1,1,0.1,0.1,0.1,1,2,4,5,7,9,11,12,14,16,17,18,19,20,20,20,19,19,18,17,15,14,12,10,9,7,6,4,3,2,1,0.1,0.1,0.1,0.1,0.1,1,2,3,4,5,6,7,8,9,10,11,12,12,12,13,12,12,12,11,10,9,9,7,6,5,4,3,2,2,1,1,0.1,0.1,0.1,0.1,1,1,2,2,3,4,5,6,7,7,8,9,9,10,10,10,10,9,9,8,8,7,6,5,4,3,3,2,1,1,0.1,0.1,0.1,0.1,1,1,2,3,4,6,8,9,11,13,15,17,19,22,24,25,27,29,30,32,33,33,34,34,34,34,34,33,33,32,30,29,28,26,25,23,21,20,18,16,15,13,12,10,9,8,6,5,5,4,3,2,2,1,1,1,1,0.1,0.1,0.1,0.1,0.1,0.1,0.1,0.1,0.1,0.1,0.1,0.1,0.1,0.1,0.1,0.1,0.1,0.1,0.1,0.1,0.1,0.1,0.1,0.1,0.1,0.1,0.1,0.1,0.1,0.1,0.1,0.1,0.1,0.1,0.1,0.1,0.1,0.1,0.1,0.1,0.1,0.1,0.1
0.1,0.1,0.1,0.1,0.1,0.1,0.1,0.1,0.1,0.1,0.1,0.1,0.1,0.1,0.1,0.1,0.1,0.1,0.1,0.1,0.1,0.1,0.1,0.1,0.1,0.1,0.1,0.1,0.1,0.1,0.1,0.1,0.1,0.1,0.1,0.1,0.1,0.1,0.1,0.1,0.1,0.1,0.1,0.1,0.1,0.1,0.1,0.1,1,1,1,2,2,3,3,4,5,6,7,8,9,11,12,13,15,16,18,19,21,22,23,25,26,27,27,28,28,29,29,29,28,28,27,26,24,23,22,20,18,16,14,13,11,9,7,6,4,3,2,1,1,0.1,0.1,0.1,0.1,1,1,2,3,4,5,6,7,8,9,10,10,11,11,12,12,12,11,11,10,9,9,8,7,5,4,3,3,2,1,0.1,0.1,0.1,0.1,0.1,1,2,2,4,5,6,8,9,11,12,13,15,16,17,17,18,18,18,18,17,16,15,14,13,11,10,8,7,5,4,2,1,1,0.1,0.1,0.1,1,2,3,4,6,8,10,12,15,17,19,22,24,25,27,28,29,29,29,29,28,26,25,23,21,18,16,13,10,8,6,4,2,1,0.1,0.1,0.1,1,3,5,7,11,14,18,22,26,30,34,38,41,44,46,48,49,50,49,48,46,43,40,36,31,26,21,16,12,8,4,2,0.1,0.1,2,5,10,17,26,38,51,67,85,105,126,150,175,201,228,256,284,312,339,366,391,415,437,456,473,488,499,508,513,514,513,508,499,488,473,456,437,415,391,366,339,312,284,256,228,201,175,150,126,105,85,67,51,38,26,17,10,5,2,0.1,0.1,2,4,8,12,16,21,26,31,36,40,43,46,48,49,50,49,48,46,44,41,38,34,30,26,22,18,14,11,7,5,3,1,0.1,0.1,0.1,1,2,4,6,8,10,13,16,18,21,23,25,26,28,29,29,29,29,28,27,25,24,22,19,17,15,12,10,8,6,4,3,2,1,0.1,0.1,0.1,1,1,2,4,5,7,8,10,11,13,14,15,16,17,18,18,18,18,17,17,16,15,13,12,11,9,8,6,5,4,2,2,1,0.1,0.1,0.1,0.1,0.1,1,2,3,3,4,5,7,8,9,9,10,11,11,12,12,12,11,11,10,10,9,8,7,6,5,4,3,2,1,1,0.1,0.1,0.1,0.1,1,1,2,3,4,6,7,9,11,13,14,16,18,20,22,23,24,26,27,28,28,29,29,29,28,28,27,27,26,25,23,22,21,19,18,16,15,13,12,11,9,8,7,6,5,4,3,3,2,2,1,1,1,0.1,0.1,0.1,0.1,0.1,0.1,0.1,0.1,0.1,0.1,0.1,0.1,0.1,0.1,0.1,0.1,0.1,0.1,0.1,0.1,0.1,0.1,0.1,0.1,0.1,0.1,0.1,0.1,0.1,0.1,0.1,0.1,0.1,0.1,0.1,0.1,0.1,0.1,0.1,0.1,0.1,0.1,0.1,0.1,0.1
0.1,0.1,0.1,0.1,0.1,0.1,0.1,0.1,0.1,0.1,0.1,0.1,0.1,0.1,0.1,0.1,0.1,0.1,0.1,0.1,0.1,0.1,0.1,0.1,0.1,0.1,0.1,0.1,0.1,0.1,0.1,0.1,0.1,0.1,0.1,0.1,0.1,0.1,0.1,0.1,0.1,0.1,0.1,0.1,0.1,0.1,0.1,0.1,0.1,0.1,1,1,1,2,2,3,4,4,5,6,7,8,9,11,12,13,14,16,17,18,19,20,21,22,23,23,23,23,23,23,23,22,21,20,19,18,16,15,13,12,10,9,7,6,4,3,2,1,1,0.1,0.1,0.1,0.1,1,1,2,3,4,5,6,7,9,10,11,12,12,13,13,14,14,14,13,13,12,11,10,9,8,6,5,4,3,2,1,1,0.1,0.1,0.1,1,1,2,3,5,6,8,10,12,14,16,17,19,21,22,23,24,25,25,25,24,23,22,21,19,17,15,13,11,9,7,5,3,2,1,0.1,0.1,0.1,1,2,3,5,8,10,13,16,19,22,26,29,31,34,36,38,39,40,40,40,39,37,35,33,30,27,24,21,17,14,10,8,5,3,1,0.1,0.1,0.1,1,3,6,9,12,17,21,26,31,36,41,45,50,53,56,59,60,61,61,59,57,54,50,46,41,35,30,24,18,13,8,4,2,0.1,0.1,2,5,11,18,27,39,52,68,86,105,125,147,170,194,218,243,267,290,313,334,354,371,387,400,410,417,422,424,422,417,410,400,387,371,354,334,313,290,267,243,218,194,170,147,125,105,86,68,52,39,27,18,11,5,2,0.1,0.1,2,4,8,13,18,24,30,35,41,46,50,54,57,59,61,61,60,59,56,53,50,45,41,36,31,26,21,17,12,9,6,3,1,0.1,0.1,0.1,1,3,5,8,10,14,17,21,24,27,30,33,35,37,39,40,40,40,39,38,36,34,31,29,26,22,19,16,13,10,8,5,3,2,1,0.1,0.1,0.1,1,2,3,5,7,9,11,13,15,17,19,21,22,23,24,25,25,25,24,23,22,21,19,17,16,14,12,10,8,6,5,3,2,1,1,0.1,0.1,0.1,1,1,2,3,4,5,6,8,9,10,11,12,13,13,14,14,14,13,13,12,12,11,10,9,7,6,5,4,3,2,1,1,0.1,0.1,0.1,0.1,1,1,2,3,4,6,7,9,10,12,13,15,16,18,19,20,21,22,23,23,23,23,23,23,23,22,21,20,19,18,17,16,14,13,12,11,9,8,7,6,5,4,4,3,2,2,1,1,1,0.1,0.1,0.1,0.1,0.1,0.1,0.1,0.1,0.1,0.1,0.1,0.1,0.1,0.1,0.1,0.1,0.1,0.1,0.1,0.1,0.1,0.1,0.1,0.1,0.1,0.1,0.1,0.1,0.1,0.1,0.1,0.1,0.1,0.1,0.1,0.1,0.1,0.1,0.1,0.1,0.1,0.1,0.1,0.1,0.1,0.1,0.1
0.1,0.1,0.1,0.1,0.1,0.1,0.1,0.1,0.1,0.1,0.1,0.1,0.1,0.1,0.1,0.1,0.1,0.1,0.1,0.1,0.1,0.1,0.1,0.1,0.1,0.1,0.1,0.1,0.1,0.1,0.1,0.1,0.1,0.1,0.1,0.1,0.1,0.1,0.1,0.1,0.1,0.1,0.1,0.1,0.1,0.1,0.1,0.1,0.1,0.1,0.1,1,1,1,1,2,3,3,4,5,5,6,7,8,9,10,11,12,13,14,15,16,17,18,18,18,19,19,18,18,18,17,16,15,14,13,12,10,9,8,6,5,4,3,2,1,1,0.1,0.1,0.1,0.1,1,1,2,3,4,5,7,8,9,11,12,13,14,15,15,16,16,16,16,16,15,14,13,12,10,9,8,6,5,3,2,1,1,0.1,0.1,0.1,1,1,2,4,5,7,9,12,14,17,19,21,24,26,28,29,30,31,32,32,31,31,30,28,26,24,21,19,16,13,11,8,6,4,2,1,0.1,0.1,0.1,1,2,4,7,10,13,16,20,24,28,32,36,40,43,46,49,50,52,52,52,51,50,48,45,42,38,34,30,25,21,17,13,9,6,3,1,0.1,0.1,1,2,4,7,11,15,20,26,32,38,44,49,55,60,64,68,71,73,74,74,73,71,67,63,58,52,46,40,33,26,20,14,9,5,2,0.1,0.1,2,6,11,18,28,39,52,67,84,101,120,140,161,181,202,222,242,260,277,293,306,318,327,334,338,339,338,334,327,318,306,293,277,260,242,222,202,181,161,140,120,101,84,67,52,39,28,18,11,6,2,0.1,0.1,2,5,9,14,20,26,33,40,46,52,58,63,67,71,73,74,74,73,71,68,64,60,55,49,44,38,32,26,20,15,11,7,4,2,1,0.1,0.1,1,3,6,9,13,17,21,25,30,34,38,42,45,48,50,51,52,52,52,50,49,46,43,40,36,32,28,24,20,16,13,10,7,4,2,1,0.1,0.1,0.1,1,2,4,6,8,11,13,16,19,21,24,26,28,30,31,31,32,32,31,30,29,28,26,24,21,19,17,14,12,9,7,5,4,2,1,1,0.1,0.1,0.1,1,1,2,3,5,6,8,9,10,12,13,14,15,16,16,16,16,16,15,15,14,13,12,11,9,8,7,5,4,3,2,1,1,0.1,0.1,0.1,0.1,1,1,2,3,4,5,6,8,9,10,12,13,14,15,16,17,18,18,18,19,19,18,18,18,17,16,15,14,13,12,11,10,9,8,7,6,5,5,4,3,3,2,1,1,1,1,0.1,0.1,0.1,0.1,0.1,0.1,0.1,0.1,0.1,0.1,0.1,0.1,0.1,0.1,0.1,0.1,0.1,0.1,0.1,0.1,0.1,0.1,0.1,0.1,0.1,0.1,0.1,0.1,0.1,0.1,0.1,0.1,0.1,0.1,0.1,0.1,0.1,0.1,0.1,0.1,0.1,0.1,0.1,0.1,0.1,0.1,0.1,0.1
0.1,0.1,0.1,0.1,0.1,0.1,0.1,0.1,0.1,0.1,0.1,0.1,0.1,0.1,0.1,0.1,0.1,0.1,0.1,0.1,0.1,0.1,0.1,0.1,0.1,0.1,0.1,0.1,0.1,0.1,0.1,0.1,0.1,0.1,0.1,0.1,0.1,0.1,0.1,0.1,0.1,0.1,0.1,0.1,0.1,0.1,0.1,0.1,0.1,0.1,0.1,0.1,0.1,1,1,1,2,2,3,3,4,5,5,6,7,8,9,10,10,11,12,13,13,14,14,14,14,14,14,14,13,13,12,11,10,9,8,7,6,5,4,3,2,1,1,0.1,0.1,0.1,0.1,1,1,2,3,4,5,7,8,10,11,13,14,15,16,17,18,19,19,19,19,18,17,16,15,14,12,11,9,8,6,4,3,2,1,0.1,0.1,0.1,0.1,1,2,4,6,8,10,13,16,19,22,25,28,30,33,35,37,38,39,40,39,39,38,36,34,32,29,26,23,20,16,13,10,7,5,3,1,0.1,0.1,0.1,1,3,5,8,12,16,20,25,30,35,40,44,49,53,57,60,62,64,65,65,65,63,61,58,54,50,45,40,34,29,24,19,14,10,6,3,1,0.1,0.1,1,3,6,9,14,20,26,32,39,46,53,60,66,72,78,82,85,88,89,89,88,86,82,78,72,66,59,51,43,36,28,21,15,9,5,2,0.1,0.1,2,6,11,18,27,38,50,64,79,95,111,128,145,162,179,194,209,222,234,244,252,258,261,263,261,258,252,244,234,222,209,194,179,162,145,128,111,95,79,64,50,38,27,18,11,6,2,0.1,0.1,2,5,9,15,21,28,36,43,51,59,66,72,78,82,86,88,89,89,88,85,82,78,72,66,60,53,46,39,32,26,20,14,9,6,3,1,0.1,0.1,1,3,6,10,14,19,24,29,34,40,45,50,54,58,61,63,65,65,65,64,62,60,57,53,49,44,40,35,30,25,20,16,12,8,5,3,1,0.1,0.1,0.1,1,3,5,7,10,13,16,20,23,26,29,32,34,36,38,39,39,40,39,38,37,35,33,30,28,25,22,19,16,13,10,8,6,4,2,1,0.1,0.1,0.1,0.1,1,2,3,4,6,8,9,11,12,14,15,16,17,18,19,19,19,19,18,17,16,15,14,13,11,10,8,7,5,4,3,2,1,1,0.1,0.1,0.1,0.1,1,1,2,3,4,5,6,7,8,9,10,11,12,13,13,14,14,14,14,14,14,14,13,13,12,11,10,10,9,8,7,6,5,5,4,3,3,2,2,1,1,1,0.1,0.1,0.1,0.1,0.1,0.1,0.1,0.1,0.1,0.1,0.1,0.1,0.1,0.1,0.1,0.1,0.1,0.1,0.1,0.1,0.1,0.1,0.1,0.1,0.1,0.1,0.1,0.1,0.1,0.1,0.1,0.1,0.1,0.1,0.1,0.1,0.1,0.1,0.1,0.1,0.1,0.1,0.1,0.1,0.1,0.1,0.1,0.1,0.1,0.1
0.1,0.1,0.1,0.1,0.1,0.1,0.1,0.1,0.1,0.1,0.1,0.1,0.1,0.1,0.1,0.1,0.1,0.1,0.1,0.1,0.1,0.1,0.1,0.1,0.1,0.1,0.1,0.1,0.1,0.1,0.1,1,1,1,1,1,1,1,1,1,1,0.1,0.1,0.1,0.1,0.1,0.1,0.1,0.1,0.1,0.1,0.1,0.1,0.1,0.1,1,1,1,2,2,3,3,4,4,5,6,6,7,8,8,9,9,10,10,10,10,10,10,10,10,9,9,8,7,7,6,5,4,3,2,2,1,1,0.1,0.1,0.1,0.1,1,1,2,3,4,5,7,8,10,12,13,15,16,18,19,20,21,22,22,22,22,21,20,19,18,16,15,13,11,9,7,6,4,3,1,1,0.1,0.1,0.1,1,2,4,6,8,11,14,17,21,24,28,31,35,38,40,43,45,46,47,48,47,47,45,43,41,38,35,31,27,23,19,15,12,9,6,3,1,0.1,0.1,0.1,2,4,6,10,14,18,24,29,35,41,47,53,58,63,68,72,75,77,79,79,79,77,75,71,67,62,57,51,45,38,32,26,20,14,10,6,3,1,0.1,0.1,2,4,8,13,19,25,32,40,48,56,65,72,80,87,93,98,102,105,106,106,105,102,99,94,87,80,73,64,56,47,38,30,22,15,10,5,2,0.1,0.1,2,5,10,17,25,35,46,58,71,84,98,112,125,138,150,161,171,180,186,191,194,195,194,191,186,180,171,161,150,138,125,112,98,84,71,58,46,35,25,17,10,5,2,0.1,0.1,2,5,10,15,22,30,38,47,56,64,73,80,87,94,99,102,105,106,106,105,102,98,93,87,80,72,65,56,48,40,32,25,19,13,8,4,2,0.1,0.1,1,3,6,10,14,20,26,32,38,45,51,57,62,67,71,75,77,79,79,79,77,75,72,68,63,58,53,47,41,35,29,24,18,14,10,6,4,2,0.1,0.1,0.1,1,3,6,9,12,15,19,23,27,31,35,38,41,43,45,47,47,48,47,46,45,43,40,38,35,31,28,24,21,17,14,11,8,6,4,2,1,0.1,0.1,0.1,1,1,3,4,6,7,9,11,13,15,16,18,19,20,21,22,22,22,22,21,20,19,18,16,15,13,12,10,8,7,5,4,3,2,1,1,0.1,0.1,0.1,0.1,1,1,2,2,3,4,5,6,7,7,8,9,9,10,10,10,10,10,10,10,10,9,9,8,8,7,6,6,5,4,4,3,3,2,2,1,1,1,0.1,0.1,0.1,0.1,0.1,0.1,0.1,0.1,0.1,0.1,0.1,0.1,0.1,0.1,1,1,1,1,1,1,1,1,1,1,0.1,0.1,0.1,0.1,0.1,0.1,0.1,0.1,0.1,0.1,0.1,0.1,0.1,0.1,0.1,0.1,0.1,0.1,0.1,0.1,0.1,0.1,0.1,0.1,0.1,0.1,0.1,0.1
0.1,0.1,0.1,0.1,0.1,0.1,0.1,0.1,0.1,0.1,0.1,0.1,0.1,0.1,0.1,0.1,0.1,0.1,0.1,0.1,0.1,0.1,0.1,0.1,0.1,0.1,0.1,0.1,0.1,0.1,1,1,1,1,1,1,1,1,1,1,1,1,1,1,1,0.1,0.1,0.1,0.1,0.1,0.1,0.1,0.1,0.1,0.1,0.1,0.1,1,1,1,1,2,2,3,3,4,4,5,5,6,6,7,7,7,7,7,7,7,7,7,6,6,5,5,4,3,3,2,1,1,0.1,0.1,0.1,0.1,0.1,1,1,2,3,4,5,7,8,10,12,14,15,17,19,20,22,23,24,25,25,25,25,24,24,22,21,19,18,16,13,11,9,7,5,4,2,1,0.1,0.1,0.1,1,2,3,6,8,11,14,18,22,26,30,34,38,42,45,48,51,53,55,56,56,56,55,53,50,47,44,40,36,31,27,22,18,14,10,6,4,2,0.1,0.1,0.1,2,4,7,11,16,21,27,34,40,47,54,61,68,74,79,84,88,91,93,94,93,92,89,86,81,76,70,63,56,48,41,33,26,20,14,9,5,2,0.1,0.1,1,3,7,12,17,24,32,41,50,59,69,78,87,96,103,110,116,120,123,125,125,124,121,117,111,104,97,88,79,69,59,50,40,31,23,16,10,5,2,0.1,0.1,2,5,9,15,22,30,40,50,60,70,81,91,101,110,118,125,130,134,137,138,137,134,130,125,118,110,101,91,81,70,60,50,40,30,22,15,9,5,2,0.1,0.1,2,5,10,16,23,31,40,50,59,69,79,88,97,104,111,117,121,124,125,125,123,120,116,110,103,96,87,78,69,59,50,41,32,24,17,12,7,3,1,0.1,0.1,2,5,9,14,20,26,33,41,48,56,63,70,76,81,86,89,92,93,94,93,91,88,84,79,74,68,61,54,47,40,34,27,21,16,11,7,4,2,0.1,0.1,0.1,2,4,6,10,14,18,22,27,31,36,40,44,47,50,53,55,56,56,56,55,53,51,48,45,42,38,34,30,26,22,18,14,11,8,6,3,2,1,0.1,0.1,0.1,1,2,4,5,7,9,11,13,16,18,19,21,22,24,24,25,25,25,25,24,23,22,20,19,17,15,14,12,10,8,7,5,4,3,2,1,1,0.1,0.1,0.1,0.1,0.1,1,1,2,3,3,4,5,5,6,6,7,7,7,7,7,7,7,7,7,6,6,5,5,4,4,3,3,2,2,1,1,1,1,0.1,0.1,0.1,0.1,0.1,0.1,0.1,0.1,0.1,0.1,0.1,0.1,1,1,1,1,1,1,1,1,1,1,1,1,1,1,1,0.1,0.1,0.1,0.1,0.1,0.1,0.1,0.1,0.1,0.1,0.1,0.1,0.1,0.1,0.1,0.1,0.1,0.1,0.1,0.1,0.1,0.1,0.1,0.1,0.1,0.1,0.1
0.1,0.1,0.1,0.1,0.1,0.1,0.1,0.1,0.1,0.1,0.1,0.1,0.1,0.1,0.1,0.1,0.1,0.1,0.1,0.1,0.1,0.1,0.1,0.1,0.1,0.1,0.1,0.1,0.1,1,1,1,1,1,1,1,1,1,1,1,1,1,1,1,1,1,1,0.1,0.1,0.1,0.1,0.1,0.1,0.1,0.1,0.1,0.1,0.1,0.1,1,1,1,1,2,2,2,3,3,3,4,4,4,5,5,5,5,5,5,4,4,4,3,3,2,2,1,1,1,0.1,0.1,0.1,0.1,0.1,1,1,2,3,4,5,7,8,10,12,14,16,18,20,21,23,25,26,27,28,28,29,28,28,27,26,24,23,21,19,16,14,11,9,7,5,3,2,1,0.1,0.1,0.1,1,3,5,7,10,14,18,22,26,31,36,40,45,49,53,56,59,61,63,64,64,64,62,60,57,54,50,46,41,36,30,25,20,15,11,7,4,2,0.1,0.1,1,2,5,8,13,18,24,31,38,46,54,62,70,77,84,91,96,101,104,107,108,108,107,104,100,95,89,82,75,67,59,50,42,33,26,19,13,8,4,1,0.1,0.1,2,6,10,16,24,32,41,51,62,72,83,94,104,113,122,129,135,140,144,145,145,144,141,136,130,122,114,104,94,84,73,62,52,42,32,24,17,10,6,2,0.1,0.1,1,3,7,12,18,24,31,39,47,54,62,69,75,80,85,88,90,90,90,88,85,80,75,69,62,54,47,39,31,24,18,12,7,3,1,0.1,0.1,2,6,10,17,24,32,42,52,62,73,84,94,104,114,122,130,136,141,144,145,145,144,140,135,129,122,113,104,94,83,72,62,51,41,32,24,16,10,6,2,0.1,0.1,1,4,8,13,19,26,33,42,50,59,67,75,82,89,95,100,104,107,108,108,107,104,101,96,91,84,77,70,62,54,46,38,31,24,18,13,8,5,2,1,0.1,0.1,2,4,7,11,15,20,25,30,36,41,46,50,54,57,60,62,64,64,64,63,61,59,56,53,49,45,40,36,31,26,22,18,14,10,7,5,3,1,0.1,0.1,0.1,1,2,3,5,7,9,11,14,16,19,21,23,24,26,27,28,28,29,28,28,27,26,25,23,21,20,18,16,14,12,10,8,7,5,4,3,2,1,1,0.1,0.1,0.1,0.1,0.1,1,1,1,2,2,3,3,4,4,4,5,5,5,5,5,5,4,4,4,3,3,3,2,2,2,1,1,1,1,0.1,0.1,0.1,0.1,0.1,0.1,0.1,0.1,0.1,0.1,0.1,0.1,1,1,1,1,1,1,1,1,1,1,1,1,1,1,1,1,1,1,0.1,0.1,0.1,0.1,0.1,0.1,0.1,0.1,0.1,0.1,0.1,0.1,0.1,0.1,0.1,0.1,0.1,0.1,0.1,0.1,0.1,0.1,0.1,0.1,0.1,0.1
0.1,0.1,0.1,0.1,0.1,0.1,0.1,0.1,0.1,0.1,0.1,0.1,0.1,0.1,0.1,0.1,0.1,0.1,0.1,0.1,0.1,0.1,0.1,0.1,0.1,0.1,0.1,0.1,1,1,1,1,1,1,1,1,1,1,1,1,1,1,1,1,1,1,1,1,1,1,0.1,0.1,0.1,0.1,0.1,0.1,0.1,0.1,0.1,0.1,0.1,0.1,1,1,1,1,1,2,2,2,2,3,3,3,3,3,3,3,2,2,2,2,1,1,1,0.1,0.1,0.1,0.1,0.1,0.1,1,1,2,3,4,5,6,8,10,12,14,16,18,20,22,24,26,27,29,30,31,32,32,32,31,31,29,28,26,24,22,19,17,14,11,9,7,5,3,1,0.1,0.1,0.1,1,2,4,6,9,13,17,21,26,31,36,41,47,52,56,60,64,67,70,71,72,72,72,70,68,64,60,56,51,45,40,34,28,22,17,12,8,5,2,1,0.1,1,2,5,9,14,20,27,34,43,51,60,69,78,86,94,101,108,113,117,120,122,122,121,118,114,109,103,95,87,78,69,60,50,41,32,24,17,10,6,2,0.1,0.1,1,4,9,15,23,31,41,52,64,76,88,100,111,123,133,142,150,157,162,165,167,167,165,161,156,149,141,132,122,111,100,88,76,65,53,43,33,25,17,11,6,3,1,0.1,0.1,2,5,8,12,17,22,28,33,38,42,46,49,51,53,53,53,51,49,46,42,38,33,28,22,17,12,8,5,2,0.1,0.1,1,3,6,11,17,25,33,43,53,65,76,88,100,111,122,132,141,149,156,161,165,167,167,165,162,157,150,142,133,123,111,100,88,76,64,52,41,31,23,15,9,4,1,0.1,0.1,2,6,10,17,24,32,41,50,60,69,78,87,95,103,109,114,118,121,122,122,120,117,113,108,101,94,86,78,69,60,51,43,34,27,20,14,9,5,2,1,0.1,1,2,5,8,12,17,22,28,34,40,45,51,56,60,64,68,70,72,72,72,71,70,67,64,60,56,52,47,41,36,31,26,21,17,13,9,6,4,2,1,0.1,0.1,0.1,1,3,5,7,9,11,14,17,19,22,24,26,28,29,31,31,32,32,32,31,30,29,27,26,24,22,20,18,16,14,12,10,8,6,5,4,3,2,1,1,0.1,0.1,0.1,0.1,0.1,0.1,1,1,1,2,2,2,2,3,3,3,3,3,3,3,2,2,2,2,1,1,1,1,1,0.1,0.1,0.1,0.1,0.1,0.1,0.1,0.1,0.1,0.1,0.1,0.1,1,1,1,1,1,1,1,1,1,1,1,1,1,1,1,1,1,1,1,1,1,1,0.1,0.1,0.1,0.1,0.1,0.1,0.1,0.1,0.1,0.1,0.1,0.1,0.1,0.1,0.1,0.1,0.1,0.1,0.1,0.1,0.1,0.1,0.1,0.1,0.1
0.1,0.1,0.1,0.1,0.1,0.1,0.1,0.1,0.1,0.1,0.1,0.1,0.1,0.1,0.1,0.1,0.1,0.1,0.1,0.1,0.1,0.1,0.1,0.1,0.1,0.1,0.1,0.1,1,1,1,1,1,1,1,1,1,1,2,2,2,2,2,2,1,1,1,1,1,1,1,1,1,0.1,0.1,0.1,0.1,0.1,0.1,0.1,0.1,0.1,0.1,0.1,0.1,0.1,1,1,1,1,1,1,1,1,1,1,1,1,1,1,1,0.1,0.1,0.1,0.1,0.1,0.1,0.1,0.1,1,1,2,3,4,5,6,8,10,11,13,15,18,20,22,24,26,28,30,32,33,34,35,35,35,35,34,33,32,30,28,25,23,20,17,14,11,9,6,4,2,1,0.1,0.1,0.1,1,3,5,8,12,16,20,25,30,36,42,47,53,58,63,68,72,75,78,79,80,80,79,77,74,71,66,61,56,50,43,37,31,25,19,13,9,5,2,1,0.1,1,2,6,10,15,22,29,38,47,56,66,76,85,95,104,112,119,125,130,133,136,136,135,132,128,123,116,108,99,90,80,69,59,48,38,29,21,14,8,4,1,0.1,1,3,8,14,22,31,41,53,65,78,92,105,118,131,143,154,164,172,179,184,188,189,189,187,183,177,170,161,151,140,128,116,103,91,78,66,55,44,35,26,19,13,8,4,2,0.1,0.1,1,2,4,7,10,13,16,19,22,24,25,26,27,26,25,24,22,19,16,13,10,7,4,2,1,0.1,0.1,2,4,8,13,19,26,35,44,55,66,78,91,103,116,128,140,151,161,170,177,183,187,189,189,188,184,179,172,164,154,143,131,118,105,92,78,65,53,41,31,22,14,8,3,1,0.1,1,4,8,14,21,29,38,48,59,69,80,90,99,108,116,123,128,132,135,136,136,133,130,125,119,112,104,95,85,76,66,56,47,38,29,22,15,10,6,2,1,0.1,1,2,5,9,13,19,25,31,37,43,50,56,61,66,71,74,77,79,80,80,79,78,75,72,68,63,58,53,47,42,36,30,25,20,16,12,8,5,3,1,0.1,0.1,0.1,1,2,4,6,9,11,14,17,20,23,25,28,30,32,33,34,35,35,35,35,34,33,32,30,28,26,24,22,20,18,15,13,11,10,8,6,5,4,3,2,1,1,0.1,0.1,0.1,0.1,0.1,0.1,0.1,0.1,1,1,1,1,1,1,1,1,1,1,1,1,1,1,1,0.1,0.1,0.1,0.1,0.1,0.1,0.1,0.1,0.1,0.1,0.1,0.1,0.1,1,1,1,1,1,1,1,1,1,2,2,2,2,2,2,1,1,1,1,1,1,1,1,1,1,0.1,0.1,0.1,0.1,0.1,0.1,0.1,0.1,0.1,0.1,0.1,0.1,0.1,0.1,0.1,0.1,0.1,0.1,0.1,0.1,0.1,0.1,0.1,0.1,0.1
0.1,0.1,0.1,0.1,0.1,0.1,0.1,0.1,0.1,0.1,0.1,0.1,0.1,0.1,0.1,0.1,0.1,0.1,0.1,0.1,0.1,0.1,0.1,0.1,0.1,0.1,0.1,1,1,1,1,1,1,1,1,1,2,2,2,2,2,2,2,2,2,2,2,2,2,1,1,1,1,1,1,0.1,0.1,0.1,0.1,0.1,0.1,0.1,0.1,0.1,0.1,0.1,0.1,0.1,0.1,0.1,0.1,0.1,0.1,0.1,0.1,0.1,0.1,0.1,0.1,0.1,0.1,0.1,0.1,0.1,0.1,0.1,0.1,1,1,2,3,4,5,6,7,9,11,13,15,17,19,22,24,26,29,31,33,35,36,37,38,39,39,39,38,37,36,34,32,29,26,24,20,17,14,11,9,6,4,2,1,0.1,0.1,1,2,4,6,10,14,18,23,29,34,40,47,53,59,64,70,75,79,82,85,87,87,87,86,84,81,77,72,67,60,54,47,40,33,26,20,15,10,6,3,1,0.1,1,3,6,11,16,24,32,41,50,61,71,82,93,103,113,122,129,136,142,146,148,149,148,146,141,136,129,120,111,101,90,78,67,56,45,34,25,17,10,5,2,0.1,0.1,3,7,13,20,30,41,53,66,80,95,109,124,138,152,165,176,187,195,202,208,211,212,211,209,204,198,190,180,170,158,146,133,120,106,93,80,68,57,46,36,28,21,14,10,6,3,1,0.1,0.1,0.1,1,3,4,5,7,8,9,9,10,9,9,8,7,5,4,3,1,0.1,0.1,0.1,1,3,6,10,14,21,28,36,46,57,68,80,93,106,120,133,146,158,170,180,190,198,204,209,211,212,211,208,202,195,187,176,165,152,138,124,109,95,80,66,53,41,30,20,13,7,3,0.1,0.1,2,5,10,17,25,34,45,56,67,78,90,101,111,120,129,136,141,146,148,149,148,146,142,136,129,122,113,103,93,82,71,61,50,41,32,24,16,11,6,3,1,0.1,1,3,6,10,15,20,26,33,40,47,54,60,67,72,77,81,84,86,87,87,87,85,82,79,75,70,64,59,53,47,40,34,29,23,18,14,10,6,4,2,1,0.1,0.1,1,2,4,6,9,11,14,17,20,24,26,29,32,34,36,37,38,39,39,39,38,37,36,35,33,31,29,26,24,22,19,17,15,13,11,9,7,6,5,4,3,2,1,1,0.1,0.1,0.1,0.1,0.1,0.1,0.1,0.1,0.1,0.1,0.1,0.1,0.1,0.1,0.1,0.1,0.1,0.1,0.1,0.1,0.1,0.1,0.1,0.1,0.1,0.1,0.1,0.1,0.1,0.1,0.1,0.1,1,1,1,1,1,1,2,2,2,2,2,2,2,2,2,2,2,2,2,1,1,1,1,1,1,1,1,1,0.1,0.1,0.1,0.1,0.1,0.1,0.1,0.1,0.1,0.1,0.1,0.1,0.1,0.1,0.1,0.1,0.1,0.1,0.1,0.1,0.1,0.1,0.1,0.1
0.1,0.1,0.1,0.1,0.1,0.1,0.1,0.1,0.1,0.1,0.1,0.1,0.1,0.1,0.1,0.1,0.1,0.1,0.1,0.1,0.1,0.1,0.1,0.1,0.1,0.1,0.1,1,1,1,1,1,1,1,1,2,2,2,2,2,2,2,2,2,2,2,2,2,2,2,2,2,1,1,1,1,1,1,0.1,0.1,0.1,0.1,0.1,0.1,0.1,0.1,0.1,0.1,0.1,0.1,0.1,0.1,0.1,0.1,0.1,0.1,0.1,0.1,0.1,0.1,0.1,0.1,0.1,0.1,1,1,1,2,3,4,5,6,7,9,10,12,14,16,19,21,24,26,28,31,33,35,37,39,40,41,42,42,42,42,41,39,38,35,33,30,27,24,21,18,14,11,8,6,3,2,1,0.1,0.1,1,2,5,8,11,16,21,26,32,38,45,51,58,64,70,76,81,85,89,92,93,94,94,92,90,87,82,77,71,65,58,50,43,35,28,22,15,10,6,3,1,0.1,1,3,6,11,18,25,34,43,54,65,76,88,99,110,121,130,139,146,152,157,160,161,160,158,154,148,140,132,122,111,99,87,75,63,51,40,30,21,13,7,3,0.1,0.1,2,6,12,19,29,40,53,67,81,97,113,129,145,160,174,188,200,210,219,226,231,234,235,234,230,225,218,210,200,189,176,163,150,136,122,108,95,82,70,58,48,39,31,23,17,12,8,5,3,2,1,0.1,0.1,0.1,0.1,1,1,1,1,1,1,1,0.1,0.1,0.1,0.1,1,2,3,5,8,12,17,23,31,39,48,58,70,82,95,108,122,136,150,163,176,189,200,210,218,225,230,234,235,234,231,226,219,210,200,188,174,160,145,129,113,97,81,67,53,40,29,19,12,6,2,0.1,0.1,3,7,13,21,30,40,51,63,75,87,99,111,122,132,140,148,154,158,160,161,160,157,152,146,139,130,121,110,99,88,76,65,54,43,34,25,18,11,6,3,1,0.1,1,3,6,10,15,22,28,35,43,50,58,65,71,77,82,87,90,92,94,94,93,92,89,85,81,76,70,64,58,51,45,38,32,26,21,16,11,8,5,2,1,0.1,0.1,1,2,3,6,8,11,14,18,21,24,27,30,33,35,38,39,41,42,42,42,42,41,40,39,37,35,33,31,28,26,24,21,19,16,14,12,10,9,7,6,5,4,3,2,1,1,1,0.1,0.1,0.1,0.1,0.1,0.1,0.1,0.1,0.1,0.1,0.1,0.1,0.1,0.1,0.1,0.1,0.1,0.1,0.1,0.1,0.1,0.1,0.1,0.1,0.1,0.1,1,1,1,1,1,1,2,2,2,2,2,2,2,2,2,2,2,2,2,2,2,2,2,1,1,1,1,1,1,1,1,0.1,0.1,0.1,0.1,0.1,0.1,0.1,0.1,0.1,0.1,0.1,0.1,0.1,0.1,0.1,0.1,0.1,0.1,0.1,0.1,0.1,0.1,0.1,0.1
0.1,0.1,0.1,0.1,0.1,0.1,0.1,0.1,0.1,0.1,0.1,0.1,0.1,0.1,0.1,0.1,0.1,0.1,0.1,0.1,0.1,0.1,0.1,0.1,0.1,0.1,0.1,1,1,1,1,1,1,1,2,2,2,2,2,2,2,3,3,3,3,3,3,3,2,2,2,2,2,2,2,1,1,1,1,1,1,1,0.1,0.1,0.1,0.1,0.1,0.1,0.1,0.1,0.1,0.1,0.1,0.1,0.1,0.1,0.1,0.1,0.1,0.1,0.1,1,1,1,2,2,3,4,5,6,7,8,10,12,14,16,18,20,23,25,28,30,33,35,37,39,41,42,44,45,45,45,45,44,43,41,39,37,34,31,28,24,21,18,14,11,8,5,3,1,0.1,0.1,0.1,1,3,6,9,13,18,23,29,35,42,49,56,63,69,76,82,87,91,95,98,99,100,100,98,95,92,87,81,75,68,61,53,45,37,30,23,16,11,6,3,1,0.1,1,3,7,12,18,26,36,46,57,68,80,92,105,116,127,138,147,155,162,167,170,171,171,169,164,159,151,142,132,120,108,95,82,70,57,45,34,24,16,9,4,1,0.1,1,5,10,18,28,39,52,67,82,99,115,133,150,166,182,197,211,223,234,243,249,254,257,257,255,251,246,238,229,219,207,194,180,166,152,138,123,110,96,84,72,61,51,42,34,27,21,17,13,9,7,5,3,2,2,1,1,1,1,1,1,1,2,2,3,5,7,9,13,17,21,27,34,42,51,61,72,84,96,110,123,138,152,166,180,194,207,219,229,238,246,251,255,257,257,254,249,243,234,223,211,197,182,166,150,133,115,99,82,67,52,39,28,18,10,5,1,0.1,1,4,9,16,24,34,45,57,70,82,95,108,120,132,142,151,159,164,169,171,171,170,167,162,155,147,138,127,116,105,92,80,68,57,46,36,26,18,12,7,3,1,0.1,1,3,6,11,16,23,30,37,45,53,61,68,75,81,87,92,95,98,100,100,99,98,95,91,87,82,76,69,63,56,49,42,35,29,23,18,13,9,6,3,1,0.1,0.1,0.1,1,3,5,8,11,14,18,21,24,28,31,34,37,39,41,43,44,45,45,45,45,44,42,41,39,37,35,33,30,28,25,23,20,18,16,14,12,10,8,7,6,5,4,3,2,2,1,1,1,0.1,0.1,0.1,0.1,0.1,0.1,0.1,0.1,0.1,0.1,0.1,0.1,0.1,0.1,0.1,0.1,0.1,0.1,0.1,1,1,1,1,1,1,1,2,2,2,2,2,2,2,3,3,3,3,3,3,3,2,2,2,2,2,2,2,1,1,1,1,1,1,1,0.1,0.1,0.1,0.1,0.1,0.1,0.1,0.1,0.1,0.1,0.1,0.1,0.1,0.1,0.1,0.1,0.1,0.1,0.1,0.1,0.1,0.1,0.1,0.1
0.1,0.1,0.1,0.1,0.1,0.1,0.1,0.1,0.1,0.1,0.1,0.1,0.1,0.1,0.1,0.1,0.1,0.1,0.1,0.1,0.1,0.1,0.1,0.1,0.1,0.1,0.1,1,1,1,1,1,1,1,2,2,2,2,2,3,3,3,3,3,3,3,3,3,3,3,3,3,3,2,2,2,2,2,1,1,1,1,1,1,1,1,1,0.1,0.1,0.1,0.1,0.1,0.1,0.1,0.1,0.1,1,1,1,1,1,2,2,2,3,4,5,6,7,8,9,11,13,15,17,19,21,24,26,29,31,34,36,39,41,43,45,46,47,48,48,48,47,46,45,43,41,38,35,32,28,25,21,17,14,11,8,5,3,1,0.1,0.1,0.1,2,4,7,10,15,20,25,32,38,45,52,60,67,74,80,86,92,96,100,103,104,105,104,103,100,96,91,85,78,71,63,55,47,39,31,24,17,11,6,3,1,0.1,1,3,7,12,19,27,37,48,59,71,84,96,109,121,133,144,154,163,170,175,179,180,180,178,174,168,160,151,140,129,116,103,89,76,62,50,38,27,18,11,5,1,0.1,1,4,9,17,26,38,51,66,82,99,117,135,153,171,189,205,220,234,247,257,265,272,276,278,278,275,271,265,257,247,236,224,211,197,182,168,153,139,124,111,98,86,75,64,55,46,39,33,27,23,19,15,13,11,9,8,7,7,7,7,7,8,9,11,13,15,19,23,27,33,39,46,55,64,75,86,98,111,124,139,153,168,182,197,211,224,236,247,257,265,271,275,278,278,276,272,265,257,247,234,220,205,189,171,153,135,117,99,82,66,51,38,26,17,9,4,1,0.1,1,5,11,18,27,38,50,62,76,89,103,116,129,140,151,160,168,174,178,180,180,179,175,170,163,154,144,133,121,109,96,84,71,59,48,37,27,19,12,7,3,1,0.1,1,3,6,11,17,24,31,39,47,55,63,71,78,85,91,96,100,103,104,105,104,103,100,96,92,86,80,74,67,60,52,45,38,32,25,20,15,10,7,4,2,0.1,0.1,0.1,1,3,5,8,11,14,17,21,25,28,32,35,38,41,43,45,46,47,48,48,48,47,46,45,43,41,39,36,34,31,29,26,24,21,19,17,15,13,11,9,8,7,6,5,4,3,2,2,2,1,1,1,1,1,0.1,0.1,0.1,0.1,0.1,0.1,0.1,0.1,0.1,1,1,1,1,1,1,1,1,1,2,2,2,2,2,3,3,3,3,3,3,3,3,3,3,3,3,3,3,2,2,2,2,2,1,1,1,1,1,1,1,0.1,0.1,0.1,0.1,0.1,0.1,0.1,0.1,0.1,0.1,0.1,0.1,0.1,0.1,0.1,0.1,0.1,0.1,0.1,0.1,0.1,0.1,0.1,0.1
0.1,0.1,0.1,0.1,0.1,0.1,0.1,0.1,0.1,0.1,0.1,0.1,0.1,0.1,0.1,0.1,0.1,0.1,0.1,0.1,0.1,0.1,0.1,0.1,0.1,0.1,0.1,1,1,1,1,1,1,2,2,2,2,2,3,3,3,3,3,3,3,3,3,3,3,3,3,3,3,3,3,3,2,2,2,2,2,2,1,1,1,1,1,1,1,1,1,1,1,1,1,1,1,1,2,2,2,3,3,4,5,6,7,8,9,10,12,14,16,18,20,22,25,27,30,33,35,38,40,42,44,46,48,49,50,50,50,50,49,48,46,44,42,39,36,32,28,25,21,17,14,10,7,5,2,1,0.1,0.1,1,2,4,8,11,16,21,27,34,41,48,55,63,70,77,84,90,96,100,104,107,109,109,108,106,103,99,94,88,81,73,65,57,48,40,32,24,17,12,7,3,1,0.1,1,3,7,13,20,28,38,49,61,73,86,100,113,126,138,149,159,168,176,182,185,187,187,185,181,176,168,159,148,136,123,109,95,81,67,54,42,30,21,12,6,2,0.1,0.1,3,8,16,25,37,50,65,82,99,118,137,156,175,193,211,228,243,257,269,279,287,293,296,298,297,294,289,282,273,263,252,239,226,212,197,182,168,153,139,125,112,100,89,78,69,60,52,46,40,35,31,27,24,22,20,19,19,18,19,19,20,22,24,27,31,35,40,46,52,60,69,78,89,100,112,125,139,153,168,182,197,212,226,239,252,263,273,282,289,294,297,298,296,293,287,279,269,257,243,228,211,193,175,156,137,118,99,82,65,50,37,25,16,8,3,0.1,0.1,2,6,12,21,30,42,54,67,81,95,109,123,136,148,159,168,176,181,185,187,187,185,182,176,168,159,149,138,126,113,100,86,73,61,49,38,28,20,13,7,3,1,0.1,1,3,7,12,17,24,32,40,48,57,65,73,81,88,94,99,103,106,108,109,109,107,104,100,96,90,84,77,70,63,55,48,41,34,27,21,16,11,8,4,2,1,0.1,0.1,1,2,5,7,10,14,17,21,25,28,32,36,39,42,44,46,48,49,50,50,50,50,49,48,46,44,42,40,38,35,33,30,27,25,22,20,18,16,14,12,10,9,8,7,6,5,4,3,3,2,2,2,1,1,1,1,1,1,1,1,1,1,1,1,1,1,1,1,2,2,2,2,2,2,3,3,3,3,3,3,3,3,3,3,3,3,3,3,3,3,3,3,2,2,2,2,2,1,1,1,1,1,1,0.1,0.1,0.1,0.1,0.1,0.1,0.1,0.1,0.1,0.1,0.1,0.1,0.1,0.1,0.1,0.1,0.1,0.1,0.1,0.1,0.1,0.1,0.1,0.1
0.1,0.1,0.1,0.1,0.1,0.1,0.1,0.1,0.1,0.1,0.1,0.1,0.1,0.1,0.1,0.1,0.1,0.1,0.1,0.1,0.1,0.1,0.1,0.1,0.1,0.1,0.1,1,1,1,1,1,1,2,2,2,2,2,3,3,3,3,3,4,4,4,4,4,4,4,4,4,4,4,3,3,3,3,3,3,2,2,2,2,2,2,2,2,2,2,2,2,2,2,2,2,2,3,3,3,4,4,5,6,7,8,9,10,11,13,15,17,19,21,23,26,28,31,33,36,38,41,43,45,47,49,50,52,52,53,52,52,51,49,47,45,42,39,36,32,28,24,21,17,13,10,7,4,2,1,0.1,0.1,1,3,5,8,12,17,23,29,36,43,50,58,66,73,80,87,93,99,104,107,110,111,112,111,109,106,102,96,90,83,75,67,58,49,41,33,25,18,12,7,3,1,0.1,1,3,7,13,20,29,39,50,62,75,88,102,115,128,141,153,163,173,180,186,191,193,193,191,187,181,174,164,154,141,128,114,100,86,71,58,45,33,23,14,7,3,0.1,0.1,3,7,14,24,35,49,64,80,98,117,137,157,177,196,215,233,249,264,278,289,299,306,312,314,315,314,310,304,297,288,278,266,253,239,225,211,196,181,167,153,139,126,114,103,93,83,75,67,60,54,49,45,42,39,37,35,34,34,34,35,37,39,42,45,49,54,60,67,75,83,93,103,114,126,139,153,167,181,196,211,225,239,253,266,278,288,297,304,310,314,315,314,312,306,299,289,278,264,249,233,215,196,177,157,137,117,98,80,64,49,35,24,14,7,3,0.1,0.1,3,7,14,23,33,45,58,71,86,100,114,128,141,154,164,174,181,187,191,193,193,191,186,180,173,163,153,141,128,115,102,88,75,62,50,39,29,20,13,7,3,1,0.1,1,3,7,12,18,25,33,41,49,58,67,75,83,90,96,102,106,109,111,112,111,110,107,104,99,93,87,80,73,66,58,50,43,36,29,23,17,12,8,5,3,1,0.1,0.1,1,2,4,7,10,13,17,21,24,28,32,36,39,42,45,47,49,51,52,52,53,52,52,50,49,47,45,43,41,38,36,33,31,28,26,23,21,19,17,15,13,11,10,9,8,7,6,5,4,4,3,3,3,2,2,2,2,2,2,2,2,2,2,2,2,2,2,2,2,2,3,3,3,3,3,3,4,4,4,4,4,4,4,4,4,4,4,3,3,3,3,3,2,2,2,2,2,1,1,1,1,1,1,0.1,0.1,0.1,0.1,0.1,0.1,0.1,0.1,0.1,0.1,0.1,0.1,0.1,0.1,0.1,0.1,0.1,0.1,0.1,0.1,0.1,0.1,0.1,0.1
0.1,0.1,0.1,0.1,0.1,0.1,0.1,0.1,0.1,0.1,0.1,0.1,0.1,0.1,0.1,0.1,0.1,0.1,0.1,0.1,0.1,0.1,0.1,0.1,0.1,0.1,0.1,1,1,1,1,1,1,2,2,2,2,3,3,3,3,3,4,4,4,4,4,4,4,4,4,4,4,4,4,4,4,4,3,3,3,3,3,3,3,3,3,2,2,2,2,3,3,3,3,3,3,4,4,5,5,6,7,7,8,10,11,12,14,15,17,19,21,24,26,29,31,34,36,39,41,44,46,48,50,51,53,53,54,54,54,53,52,50,48,45,42,39,36,32,28,24,20,16,13,9,6,4,2,1,0.1,0.1,1,3,6,9,13,18,24,30,37,44,52,60,67,75,82,89,95,101,106,109,112,113,114,113,111,107,103,97,91,84,76,67,59,50,41,33,25,18,12,7,3,1,0.1,1,3,7,13,20,29,39,50,63,76,89,103,116,130,143,155,165,175,183,189,194,196,197,195,191,185,178,169,158,146,132,118,104,89,75,61,48,35,25,16,9,3,1,0.1,2,6,13,22,33,47,62,79,97,116,136,156,177,197,217,235,253,269,284,297,308,317,323,328,330,330,327,323,317,309,300,289,277,264,251,237,222,208,193,179,166,152,140,128,117,107,98,90,82,76,70,65,61,58,55,54,53,52,53,54,55,58,61,65,70,76,82,90,98,107,117,128,140,152,166,179,193,208,222,237,251,264,277,289,300,309,317,323,327,330,330,328,323,317,308,297,284,269,253,235,217,197,177,156,136,116,97,79,62,47,33,22,13,6,2,0.1,1,3,9,16,25,35,48,61,75,89,104,118,132,146,158,169,178,185,191,195,197,196,194,189,183,175,165,155,143,130,116,103,89,76,63,50,39,29,20,13,7,3,1,0.1,1,3,7,12,18,25,33,41,50,59,67,76,84,91,97,103,107,111,113,114,113,112,109,106,101,95,89,82,75,67,60,52,44,37,30,24,18,13,9,6,3,1,0.1,0.1,1,2,4,6,9,13,16,20,24,28,32,36,39,42,45,48,50,52,53,54,54,54,53,53,51,50,48,46,44,41,39,36,34,31,29,26,24,21,19,17,15,14,12,11,10,8,7,7,6,5,5,4,4,3,3,3,3,3,3,2,2,2,2,3,3,3,3,3,3,3,3,3,4,4,4,4,4,4,4,4,4,4,4,4,4,4,4,4,3,3,3,3,3,2,2,2,2,1,1,1,1,1,1,0.1,0.1,0.1,0.1,0.1,0.1,0.1,0.1,0.1,0.1,0.1,0.1,0.1,0.1,0.1,0.1,0.1,0.1,0.1,0.1,0.1,0.1,0.1,0.1
0.1,0.1,0.1,0.1,0.1,0.1,0.1,0.1,0.1,0.1,0.1,0.1,0.1,0.1,0.1,0.1,0.1,0.1,0.1,0.1,0.1,0.1,0.1,0.1,0.1,0.1,0.1,1,1,1,1,1,1,2,2,2,2,3,3,3,3,4,4,4,4,4,4,5,5,5,5,5,5,5,5,4,4,4,4,4,4,4,4,4,3,3,3,3,3,3,3,3,4,4,4,4,5,5,5,6,7,7,8,9,10,11,13,14,16,18,20,22,24,26,29,31,34,36,39,41,44,46,48,50,52,53,54,55,55,55,54,54,52,50,48,45,42,39,35,31,27,23,20,16,12,9,6,3,2,0.1,0.1,0.1,1,3,6,10,14,19,25,31,38,46,53,61,69,76,83,90,96,102,106,110,113,114,114,113,111,108,103,98,91,84,76,67,59,50,41,33,25,18,12,7,3,1,0.1,1,3,7,13,20,29,39,50,63,76,89,103,117,130,143,155,166,176,184,190,195,197,198,197,193,187,180,171,160,148,135,121,107,92,77,63,50,37,26,17,10,4,1,0.1,2,6,12,21,32,45,60,76,95,114,134,154,175,196,216,236,254,272,287,301,313,323,331,337,340,342,341,338,333,327,318,309,298,286,273,260,246,232,218,204,190,177,164,152,141,131,121,112,104,97,91,86,82,78,76,74,72,72,72,74,76,78,82,86,91,97,104,112,121,131,141,152,164,177,190,204,218,232,246,260,273,286,298,309,318,327,333,338,341,342,340,337,331,323,313,301,287,272,254,236,216,196,175,154,134,114,95,76,60,45,32,21,12,6,2,0.1,1,4,10,17,26,37,50,63,77,92,107,121,135,148,160,171,180,187,193,197,198,197,195,190,184,176,166,155,143,130,117,103,89,76,63,50,39,29,20,13,7,3,1,0.1,1,3,7,12,18,25,33,41,50,59,67,76,84,91,98,103,108,111,113,114,114,113,110,106,102,96,90,83,76,69,61,53,46,38,31,25,19,14,10,6,3,1,0.1,0.1,0.1,2,3,6,9,12,16,20,23,27,31,35,39,42,45,48,50,52,54,54,55,55,55,54,53,52,50,48,46,44,41,39,36,34,31,29,26,24,22,20,18,16,14,13,11,10,9,8,7,7,6,5,5,5,4,4,4,4,3,3,3,3,3,3,3,3,4,4,4,4,4,4,4,4,4,5,5,5,5,5,5,5,5,4,4,4,4,4,4,3,3,3,3,2,2,2,2,1,1,1,1,1,1,0.1,0.1,0.1,0.1,0.1,0.1,0.1,0.1,0.1,0.1,0.1,0.1,0.1,0.1,0.1,0.1,0.1,0.1,0.1,0.1,0.1,0.1,0.1,0.1
0.1,0.1,0.1,0.1,0.1,0.1,0.1,0.1,0.1,0.1,0.1,0.1,0.1,0.1,0.1,0.1,0.1,0.1,0.1,0.1,0.1,0.1,0.1,0.1,0.1,0.1,0.1,1,1,1,1,1,1,2,2,2,2,3,3,3,3,4,4,4,4,4,5,5,5,5,5,5,5,5,5,5,5,5,5,5,5,4,4,4,4,4,4,4,4,4,4,4,5,5,5,5,6,6,7,7,8,9,10,11,12,13,15,16,18,20,22,24,26,28,31,33,36,38,41,43,45,47,49,51,53,54,55,55,56,55,55,54,52,50,48,45,42,38,35,31,27,23,19,15,11,8,5,3,1,0.1,0.1,0.1,2,4,6,10,15,20,26,32,39,46,54,61,69,76,84,90,96,102,106,110,112,113,114,113,110,107,102,97,90,83,75,67,58,49,41,33,25,18,12,7,3,1,0.1,1,3,7,13,20,29,39,50,62,75,88,102,116,129,142,154,165,175,183,189,194,197,197,196,193,187,180,171,161,149,136,122,108,93,79,65,51,39,28,18,10,5,1,0.1,1,5,11,19,30,42,57,74,91,111,131,151,172,193,214,234,253,271,287,302,315,326,335,342,347,350,350,348,345,340,333,324,314,303,291,279,266,252,239,225,212,199,187,175,163,153,143,134,126,119,112,107,102,99,96,94,92,92,92,94,96,99,102,107,112,119,126,134,143,153,163,175,187,199,212,225,239,252,266,279,291,303,314,324,333,340,345,348,350,350,347,342,335,326,315,302,287,271,253,234,214,193,172,151,131,111,91,74,57,42,30,19,11,5,1,0.1,1,5,10,18,28,39,51,65,79,93,108,122,136,149,161,171,180,187,193,196,197,197,194,189,183,175,165,154,142,129,116,102,88,75,62,50,39,29,20,13,7,3,1,0.1,1,3,7,12,18,25,33,41,49,58,67,75,83,90,97,102,107,110,113,114,113,112,110,106,102,96,90,84,76,69,61,54,46,39,32,26,20,15,10,6,4,2,0.1,0.1,0.1,1,3,5,8,11,15,19,23,27,31,35,38,42,45,48,50,52,54,55,55,56,55,55,54,53,51,49,47,45,43,41,38,36,33,31,28,26,24,22,20,18,16,15,13,12,11,10,9,8,7,7,6,6,5,5,5,5,4,4,4,4,4,4,4,4,4,4,4,5,5,5,5,5,5,5,5,5,5,5,5,5,5,5,4,4,4,4,4,3,3,3,3,2,2,2,2,1,1,1,1,1,1,0.1,0.1,0.1,0.1,0.1,0.1,0.1,0.1,0.1,0.1,0.1,0.1,0.1,0.1,0.1,0.1,0.1,0.1,0.1,0.1,0.1,0.1,0.1,0.1
0.1,0.1,0.1,0.1,0.1,0.1,0.1,0.1,0.1,0.1,0.1,0.1,0.1,0.1,0.1,0.1,0.1,0.1,0.1,0.1,0.1,0.1,0.1,0.1,0.1,0.1,0.1,1,1,1,1,1,1,2,2,2,2,3,3,3,3,4,4,4,4,5,5,5,5,5,5,5,5,5,5,5,5,5,5,5,5,5,5,5,5,5,5,5,5,5,5,5,6,6,6,6,7,7,8,9,9,10,11,12,14,15,16,18,20,21,23,26,28,30,32,35,37,40,42,44,46,48,50,52,53,54,55,55,55,55,54,53,51,49,47,44,41,37,34,30,26,22,18,14,11,8,5,3,1,0.1,0.1,1,2,4,7,10,15,20,26,32,39,46,54,61,69,76,83,89,95,101,105,108,111,112,112,111,109,105,101,95,89,82,74,66,57,48,40,32,24,17,11,7,3,1,0.1,1,3,7,13,20,28,38,49,61,74,87,100,114,127,139,151,162,172,180,186,191,194,195,194,191,185,179,170,160,148,136,122,108,94,79,65,52,40,29,19,11,5,2,0.1,1,4,10,18,28,40,54,70,88,107,126,147,168,189,209,230,249,267,284,300,314,326,336,343,349,353,355,354,352,348,342,335,326,316,305,294,282,269,256,243,230,218,206,194,183,173,163,154,146,139,132,127,122,118,115,113,112,111,112,113,115,118,122,127,132,139,146,154,163,173,183,194,206,218,230,243,256,269,282,294,305,316,326,335,342,348,352,354,355,353,349,343,336,326,314,300,284,267,249,230,209,189,168,147,126,107,88,70,54,40,28,18,10,4,1,0.1,2,5,11,19,29,40,52,65,79,94,108,122,136,148,160,170,179,185,191,194,195,194,191,186,180,172,162,151,139,127,114,100,87,74,61,49,38,28,20,13,7,3,1,0.1,1,3,7,11,17,24,32,40,48,57,66,74,82,89,95,101,105,109,111,112,112,111,108,105,101,95,89,83,76,69,61,54,46,39,32,26,20,15,10,7,4,2,1,0.1,0.1,1,3,5,8,11,14,18,22,26,30,34,37,41,44,47,49,51,53,54,55,55,55,55,54,53,52,50,48,46,44,42,40,37,35,32,30,28,26,23,21,20,18,16,15,14,12,11,10,9,9,8,7,7,6,6,6,6,5,5,5,5,5,5,5,5,5,5,5,5,5,5,5,5,5,5,5,5,5,5,5,5,5,5,5,4,4,4,4,3,3,3,3,2,2,2,2,1,1,1,1,1,1,0.1,0.1,0.1,0.1,0.1,0.1,0.1,0.1,0.1,0.1,0.1,0.1,0.1,0.1,0.1,0.1,0.1,0.1,0.1,0.1,0.1,0.1,0.1,0.1
0.1,0.1,0.1,0.1,0.1,0.1,0.1,0.1,0.1,0.1,0.1,0.1,0.1,0.1,0.1,0.1,0.1,0.1,0.1,0.1,0.1,0.1,0.1,0.1,0.1,0.1,0.1,1,1,1,1,1,1,2,2,2,2,3,3,3,3,4,4,4,4,5,5,5,5,5,5,6,6,6,6,6,6,6,6,6,6,6,6,6,6,6,6,6,6,6,6,6,6,7,7,7,8,8,9,10,11,11,12,14,15,16,18,19,21,23,25,27,29,31,33,36,38,40,43,45,47,49,50,52,53,54,55,55,55,54,53,52,50,48,45,43,39,36,32,28,25,21,17,13,10,7,5,3,1,0.1,0.1,1,2,4,7,11,15,20,26,32,39,46,53,60,67,75,81,88,93,98,102,106,108,109,109,108,106,102,98,92,86,79,72,64,55,47,39,31,24,17,11,6,3,1,0.1,1,3,7,12,19,27,37,48,59,71,84,97,110,123,136,147,158,167,175,182,186,189,190,189,186,182,175,167,157,146,133,120,107,93,79,65,52,40,29,20,12,6,2,0.1,1,3,9,16,26,37,51,67,84,102,121,141,162,183,203,223,243,261,278,294,309,321,332,340,347,352,355,355,354,351,347,341,333,324,315,304,293,281,269,257,245,233,221,210,199,189,180,171,163,156,149,144,139,135,132,130,129,128,129,130,132,135,139,144,149,156,163,171,180,189,199,210,221,233,245,257,269,281,293,304,315,324,333,341,347,351,354,355,355,352,347,340,332,321,309,294,278,261,243,223,203,183,162,141,121,102,84,67,51,37,26,16,9,3,1,0.1,2,6,12,20,29,40,52,65,79,93,107,120,133,146,157,167,175,182,186,189,190,189,186,182,175,167,158,147,136,123,110,97,84,71,59,48,37,27,19,12,7,3,1,0.1,1,3,6,11,17,24,31,39,47,55,64,72,79,86,92,98,102,106,108,109,109,108,106,102,98,93,88,81,75,67,60,53,46,39,32,26,20,15,11,7,4,2,1,0.1,0.1,1,3,5,7,10,13,17,21,25,28,32,36,39,43,45,48,50,52,53,54,55,55,55,54,53,52,50,49,47,45,43,40,38,36,33,31,29,27,25,23,21,19,18,16,15,14,12,11,11,10,9,8,8,7,7,7,6,6,6,6,6,6,6,6,6,6,6,6,6,6,6,6,6,6,6,6,6,6,5,5,5,5,5,5,4,4,4,4,3,3,3,3,2,2,2,2,1,1,1,1,1,1,0.1,0.1,0.1,0.1,0.1,0.1,0.1,0.1,0.1,0.1,0.1,0.1,0.1,0.1,0.1,0.1,0.1,0.1,0.1,0.1,0.1,0.1,0.1,0.1
0.1,0.1,0.1,0.1,0.1,0.1,0.1,0.1,0.1,0.1,0.1,0.1,0.1,0.1,0.1,0.1,0.1,0.1,0.1,0.1,0.1,0.1,0.1,0.1,0.1,0.1,0.1,1,1,1,1,1,1,2,2,2,2,3,3,3,3,4,4,4,4,5,5,5,5,5,6,6,6,6,6,6,6,6,6,6,6,6,6,6,6,6,6,6,6,7,7,7,7,7,8,8,9,9,10,11,12,12,13,15,16,17,19,20,22,24,26,28,30,32,34,36,38,41,43,45,47,48,50,51,52,53,54,54,53,53,52,50,48,46,44,41,38,34,31,27,23,20,16,13,9,7,4,2,1,0.1,0.1,1,2,4,7,11,15,20,25,31,38,45,52,59,66,72,79,85,90,95,99,102,104,105,105,104,102,99,94,89,83,76,69,61,53,45,37,30,23,16,11,6,3,1,0.1,1,3,7,12,18,26,36,46,57,69,81,94,106,119,130,142,152,161,169,175,180,183,184,183,180,176,170,162,152,142,130,117,104,91,77,64,52,40,29,20,12,6,2,0.1,0.1,3,8,15,24,35,48,63,79,97,115,135,155,175,195,215,234,252,270,286,300,313,324,334,341,346,350,352,352,350,346,341,335,327,319,309,299,289,277,266,255,244,233,222,212,202,193,185,177,170,164,158,154,150,147,145,144,143,144,145,147,150,154,158,164,170,177,185,193,202,212,222,233,244,255,266,277,289,299,309,319,327,335,341,346,350,352,352,350,346,341,334,324,313,300,286,270,252,234,215,195,175,155,135,115,97,79,63,48,35,24,15,8,3,0.1,0.1,2,6,12,20,29,40,52,64,77,91,104,117,130,142,152,162,170,176,180,183,184,183,180,175,169,161,152,142,130,119,106,94,81,69,57,46,36,26,18,12,7,3,1,0.1,1,3,6,11,16,23,30,37,45,53,61,69,76,83,89,94,99,102,104,105,105,104,102,99,95,90,85,79,72,66,59,52,45,38,31,25,20,15,11,7,4,2,1,0.1,0.1,1,2,4,7,9,13,16,20,23,27,31,34,38,41,44,46,48,50,52,53,53,54,54,53,52,51,50,48,47,45,43,41,38,36,34,32,30,28,26,24,22,20,19,17,16,15,13,12,12,11,10,9,9,8,8,7,7,7,7,7,6,6,6,6,6,6,6,6,6,6,6,6,6,6,6,6,6,6,6,5,5,5,5,5,4,4,4,4,3,3,3,3,2,2,2,2,1,1,1,1,1,1,0.1,0.1,0.1,0.1,0.1,0.1,0.1,0.1,0.1,0.1,0.1,0.1,0.1,0.1,0.1,0.1,0.1,0.1,0.1,0.1,0.1,0.1,0.1,0.1
0.1,0.1,0.1,0.1,0.1,0.1,0.1,0.1,0.1,0.1,0.1,0.1,0.1,0.1,0.1,0.1,0.1,0.1,0.1,0.1,0.1,0.1,0.1,0.1,0.1,0.1,0.1,0.1,1,1,1,1,1,1,2,2,2,2,3,3,3,4,4,4,4,5,5,5,5,5,6,6,6,6,6,6,6,6,6,6,6,6,6,6,6,7,7,7,7,7,7,7,8,8,8,9,9,10,11,11,12,13,14,15,17,18,19,21,22,24,26,28,30,32,34,36,38,40,42,44,46,47,49,50,51,51,52,52,51,51,50,48,46,44,42,39,36,32,29,25,22,18,15,12,9,6,4,2,1,0.1,0.1,1,2,4,7,10,15,19,25,30,37,43,50,56,63,70,76,81,87,91,95,98,100,100,100,99,97,94,90,85,79,73,66,58,51,43,35,28,22,15,10,6,3,1,0.1,1,3,6,11,18,25,34,43,54,65,77,89,101,113,124,135,145,154,161,167,172,175,176,175,173,168,163,155,146,136,125,113,101,88,75,62,50,39,29,20,12,6,2,0.1,0.1,2,7,13,22,32,44,58,74,91,108,127,146,166,185,204,223,241,258,274,289,302,313,323,331,337,341,344,344,344,341,337,332,325,318,310,301,291,281,271,260,250,240,230,220,211,202,194,187,180,174,169,165,161,158,156,155,155,155,156,158,161,165,169,174,180,187,194,202,211,220,230,240,250,260,271,281,291,301,310,318,325,332,337,341,344,344,344,341,337,331,323,313,302,289,274,258,241,223,204,185,166,146,127,108,91,74,58,44,32,22,13,7,2,0.1,0.1,2,6,12,20,29,39,50,62,75,88,101,113,125,136,146,155,163,168,173,175,176,175,172,167,161,154,145,135,124,113,101,89,77,65,54,43,34,25,18,11,6,3,1,0.1,1,3,6,10,15,22,28,35,43,51,58,66,73,79,85,90,94,97,99,100,100,100,98,95,91,87,81,76,70,63,56,50,43,37,30,25,19,15,10,7,4,2,1,0.1,0.1,1,2,4,6,9,12,15,18,22,25,29,32,36,39,42,44,46,48,50,51,51,52,52,51,51,50,49,47,46,44,42,40,38,36,34,32,30,28,26,24,22,21,19,18,17,15,14,13,12,11,11,10,9,9,8,8,8,7,7,7,7,7,7,7,6,6,6,6,6,6,6,6,6,6,6,6,6,6,6,5,5,5,5,5,4,4,4,4,3,3,3,2,2,2,2,1,1,1,1,1,1,0.1,0.1,0.1,0.1,0.1,0.1,0.1,0.1,0.1,0.1,0.1,0.1,0.1,0.1,0.1,0.1,0.1,0.1,0.1,0.1,0.1,0.1,0.1,0.1,0.1
0.1,0.1,0.1,0.1,0.1,0.1,0.1,0.1,0.1,0.1,0.1,0.1,0.1,0.1,0.1,0.1,0.1,0.1,0.1,0.1,0.1,0.1,0.1,0.1,0.1,0.1,0.1,0.1,1,1,1,1,1,1,2,2,2,2,3,3,3,3,4,4,4,4,5,5,5,5,6,6,6,6,6,6,6,6,6,6,6,6,7,7,7,7,7,7,7,7,8,8,8,8,9,9,10,10,11,12,13,14,15,16,17,18,20,21,23,24,26,28,30,32,34,36,37,39,41,43,44,46,47,48,49,49,50,49,49,48,47,46,44,42,39,36,34,30,27,24,20,17,14,11,8,5,3,2,1,0.1,0.1,1,2,4,7,10,14,19,24,29,35,41,47,54,60,66,72,77,82,86,90,92,94,95,95,94,92,89,85,80,74,68,62,55,48,40,33,27,20,15,10,6,3,1,0.1,1,3,6,11,16,24,32,41,51,61,73,84,95,106,117,127,136,145,152,158,162,165,166,165,163,159,154,147,139,129,119,108,96,84,72,60,49,38,28,19,12,6,2,0.1,0.1,2,6,12,20,29,41,54,68,84,101,119,137,155,174,193,211,228,245,260,274,287,299,309,317,323,328,331,333,333,331,328,324,319,312,305,297,288,279,270,261,251,242,233,224,215,207,200,193,187,181,176,172,168,166,164,163,162,163,164,166,168,172,176,181,187,193,200,207,215,224,233,242,251,261,270,279,288,297,305,312,319,324,328,331,333,333,331,328,323,317,309,299,287,274,260,245,228,211,193,174,155,137,119,101,84,68,54,41,29,20,12,6,2,0.1,0.1,2,6,12,19,28,38,49,60,72,84,96,108,119,129,139,147,154,159,163,165,166,165,162,158,152,145,136,127,117,106,95,84,73,61,51,41,32,24,16,11,6,3,1,0.1,1,3,6,10,15,20,27,33,40,48,55,62,68,74,80,85,89,92,94,95,95,94,92,90,86,82,77,72,66,60,54,47,41,35,29,24,19,14,10,7,4,2,1,0.1,0.1,1,2,3,5,8,11,14,17,20,24,27,30,34,36,39,42,44,46,47,48,49,49,50,49,49,48,47,46,44,43,41,39,37,36,34,32,30,28,26,24,23,21,20,18,17,16,15,14,13,12,11,10,10,9,9,8,8,8,8,7,7,7,7,7,7,7,7,6,6,6,6,6,6,6,6,6,6,6,6,5,5,5,5,4,4,4,4,3,3,3,3,2,2,2,2,1,1,1,1,1,1,0.1,0.1,0.1,0.1,0.1,0.1,0.1,0.1,0.1,0.1,0.1,0.1,0.1,0.1,0.1,0.1,0.1,0.1,0.1,0.1,0.1,0.1,0.1,0.1,0.1
0.1,0.1,0.1,0.1,0.1,0.1,0.1,0.1,0.1,0.1,0.1,0.1,0.1,0.1,0.1,0.1,0.1,0.1,0.1,0.1,0.1,0.1,0.1,0.1,0.1,0.1,0.1,0.1,1,1,1,1,1,1,2,2,2,2,2,3,3,3,4,4,4,4,5,5,5,5,5,5,6,6,6,6,6,6,6,6,6,6,7,7,7,7,7,7,7,7,8,8,8,9,9,10,10,11,11,12,13,14,15,16,17,18,19,21,22,24,26,27,29,31,33,34,36,38,39,41,42,44,45,46,46,47,47,47,46,45,44,43,41,39,36,34,31,28,25,22,19,16,13,10,7,5,3,1,0.1,0.1,0.1,1,2,4,7,10,14,18,22,28,33,39,45,50,56,62,67,72,77,81,84,86,88,88,88,87,85,82,79,74,69,64,57,51,44,38,31,25,19,13,9,5,2,1,0.1,1,2,6,10,15,22,30,38,47,57,67,78,89,99,109,118,127,135,142,147,151,154,155,155,153,149,144,138,130,122,112,101,91,79,68,57,46,36,27,19,12,6,3,0.1,0.1,2,5,10,18,26,37,49,63,77,93,110,127,144,162,179,196,213,229,244,257,270,281,291,299,306,311,315,317,318,317,315,312,307,302,295,289,281,273,265,256,248,239,231,223,215,208,201,194,189,183,179,175,172,169,168,166,166,166,168,169,172,175,179,183,189,194,201,208,215,223,231,239,248,256,265,273,281,289,295,302,307,312,315,317,318,317,315,311,306,299,291,281,270,257,244,229,213,196,179,162,144,127,110,93,77,63,49,37,26,18,10,5,2,0.1,0.1,3,6,12,19,27,36,46,57,68,79,91,101,112,122,130,138,144,149,153,155,155,154,151,147,142,135,127,118,109,99,89,78,67,57,47,38,30,22,15,10,6,2,1,0.1,1,2,5,9,13,19,25,31,38,44,51,57,64,69,74,79,82,85,87,88,88,88,86,84,81,77,72,67,62,56,50,45,39,33,28,22,18,14,10,7,4,2,1,0.1,0.1,0.1,1,3,5,7,10,13,16,19,22,25,28,31,34,36,39,41,43,44,45,46,47,47,47,46,46,45,44,42,41,39,38,36,34,33,31,29,27,26,24,22,21,19,18,17,16,15,14,13,12,11,11,10,10,9,9,8,8,8,7,7,7,7,7,7,7,7,6,6,6,6,6,6,6,6,6,6,5,5,5,5,5,5,4,4,4,4,3,3,3,2,2,2,2,2,1,1,1,1,1,1,0.1,0.1,0.1,0.1,0.1,0.1,0.1,0.1,0.1,0.1,0.1,0.1,0.1,0.1,0.1,0.1,0.1,0.1,0.1,0.1,0.1,0.1,0.1,0.1,0.1
0.1,0.1,0.1,0.1,0.1,0.1,0.1,0.1,0.1,0.1,0.1,0.1,0.1,0.1,0.1,0.1,0.1,0.1,0.1,0.1,0.1,0.1,0.1,0.1,0.1,0.1,0.1,0.1,0.1,1,1,1,1,1,1,2,2,2,2,3,3,3,3,4,4,4,4,4,5,5,5,5,5,6,6,6,6,6,6,6,6,6,6,7,7,7,7,7,7,7,8,8,8,9,9,9,10,11,11,12,13,14,14,15,17,18,19,20,22,23,25,26,28,29,31,33,34,36,37,39,40,41,42,43,43,43,43,43,43,42,41,39,38,36,34,31,28,26,23,20,17,14,11,9,6,4,3,1,0.1,0.1,0.1,1,2,4,6,9,13,17,21,26,31,36,41,47,52,57,62,67,71,74,77,79,81,82,81,80,79,76,73,68,64,58,53,47,41,35,29,23,17,12,8,5,2,1,0.1,1,2,5,9,14,20,27,35,43,53,62,72,81,91,100,109,117,124,130,136,139,142,143,143,141,138,133,127,121,113,104,94,84,74,63,53,43,34,25,18,11,6,3,0.1,0.1,1,4,9,16,24,33,44,57,70,85,100,116,132,149,165,181,196,211,225,239,251,261,271,279,286,291,295,298,299,299,297,295,291,287,282,276,269,262,255,248,240,232,225,218,211,204,198,192,187,182,178,174,171,169,167,166,166,166,167,169,171,174,178,182,187,192,198,204,211,218,225,232,240,248,255,262,269,276,282,287,291,295,297,299,299,298,295,291,286,279,271,261,251,239,225,211,196,181,165,149,132,116,100,85,70,57,44,33,24,16,9,4,1,0.1,0.1,3,6,11,18,25,34,43,53,63,74,84,94,104,113,121,127,133,138,141,143,143,142,139,136,130,124,117,109,100,91,81,72,62,53,43,35,27,20,14,9,5,2,1,0.1,1,2,5,8,12,17,23,29,35,41,47,53,58,64,68,73,76,79,80,81,82,81,79,77,74,71,67,62,57,52,47,41,36,31,26,21,17,13,9,6,4,2,1,0.1,0.1,0.1,1,3,4,6,9,11,14,17,20,23,26,28,31,34,36,38,39,41,42,43,43,43,43,43,43,42,41,40,39,37,36,34,33,31,29,28,26,25,23,22,20,19,18,17,15,14,14,13,12,11,11,10,9,9,9,8,8,8,7,7,7,7,7,7,7,6,6,6,6,6,6,6,6,6,6,5,5,5,5,5,4,4,4,4,4,3,3,3,3,2,2,2,2,1,1,1,1,1,1,0.1,0.1,0.1,0.1,0.1,0.1,0.1,0.1,0.1,0.1,0.1,0.1,0.1,0.1,0.1,0.1,0.1,0.1,0.1,0.1,0.1,0.1,0.1,0.1,0.1,0.1
0.1,0.1,0.1,0.1,0.1,0.1,0.1,0.1,0.1,0.1,0.1,0.1,0.1,0.1,0.1,0.1,0.1,0.1,0.1,0.1,0.1,0.1,0.1,0.1,0.1,0.1,0.1,0.1,0.1,1,1,1,1,1,1,1,2,2,2,2,3,3,3,3,4,4,4,4,4,5,5,5,5,5,5,6,6,6,6,6,6,6,6,6,6,7,7,7,7,7,8,8,8,8,9,9,10,10,11,12,12,13,14,15,16,17,18,19,21,22,23,25,26,28,29,31,32,33,35,36,37,38,39,39,40,40,40,40,39,38,37,36,34,32,30,28,26,23,21,18,15,13,10,8,6,4,2,1,0.1,0.1,0.1,1,2,4,6,9,12,15,19,24,28,33,38,43,48,52,57,61,65,68,70,72,74,74,74,73,71,69,66,62,58,53,48,43,37,31,26,21,16,11,7,4,2,0.1,0.1,1,2,5,8,13,18,25,32,39,48,56,65,74,83,91,99,106,113,119,123,127,129,130,130,128,126,121,116,110,103,95,86,77,68,58,49,40,31,24,17,11,6,3,1,0.1,1,4,8,14,21,30,40,51,63,76,90,105,120,135,150,164,179,193,206,218,229,240,249,257,263,269,273,275,277,277,277,275,272,268,264,259,254,248,241,235,228,221,215,208,202,196,191,185,181,176,173,169,167,165,163,162,162,162,163,165,167,169,173,176,181,185,191,196,202,208,215,221,228,235,241,248,254,259,264,268,272,275,277,277,277,275,273,269,263,257,249,240,229,218,206,193,179,164,150,135,120,105,90,76,63,51,40,30,21,14,8,4,1,0.1,1,3,6,11,17,24,31,40,49,58,68,77,86,95,103,110,116,121,126,128,130,130,129,127,123,119,113,106,99,91,83,74,65,56,48,39,32,25,18,13,8,5,2,1,0.1,0.1,2,4,7,11,16,21,26,31,37,43,48,53,58,62,66,69,71,73,74,74,74,72,70,68,65,61,57,52,48,43,38,33,28,24,19,15,12,9,6,4,2,1,0.1,0.1,0.1,1,2,4,6,8,10,13,15,18,21,23,26,28,30,32,34,36,37,38,39,40,40,40,40,39,39,38,37,36,35,33,32,31,29,28,26,25,23,22,21,19,18,17,16,15,14,13,12,12,11,10,10,9,9,8,8,8,8,7,7,7,7,7,6,6,6,6,6,6,6,6,6,6,5,5,5,5,5,5,4,4,4,4,4,3,3,3,3,2,2,2,2,1,1,1,1,1,1,1,0.1,0.1,0.1,0.1,0.1,0.1,0.1,0.1,0.1,0.1,0.1,0.1,0.1,0.1,0.1,0.1,0.1,0.1,0.1,0.1,0.1,0.1,0.1,0.1,0.1,0.1
0.1,0.1,0.1,0.1,0.1,0.1,0.1,0.1,0.1,0.1,0.1,0.1,0.1,0.1,0.1,0.1,0.1,0.1,0.1,0.1,0.1,0.1,0.1,0.1,0.1,0.1,0.1,0.1,0.1,0.1,1,1,1,1,1,1,2,2,2,2,2,3,3,3,3,3,4,4,4,4,4,5,5,5,5,5,5,5,5,6,6,6,6,6,6,6,6,7,7,7,7,7,8,8,8,9,9,10,10,11,12,12,13,14,15,16,17,18,19,20,22,23,24,25,27,28,29,31,32,33,34,35,35,36,36,36,36,36,35,34,33,32,31,29,27,25,23,21,18,16,14,11,9,7,5,3,2,1,0.1,0.1,0.1,1,2,3,5,8,11,14,18,21,26,30,34,39,43,47,51,55,58,61,63,65,66,66,66,65,64,62,59,56,52,47,43,38,33,28,23,18,14,10,7,4,2,0.1,0.1,0.1,2,4,7,11,16,22,28,35,43,50,58,66,74,81,89,95,101,106,110,114,116,117,116,115,113,109,105,99,93,85,78,70,61,53,44,36,29,22,15,10,6,2,1,0.1,1,3,7,12,18,26,35,45,56,68,80,93,107,120,134,147,160,173,185,196,207,216,225,232,239,244,248,251,252,253,253,252,250,247,243,239,234,229,224,218,213,207,201,195,190,185,180,175,171,167,164,161,159,157,156,155,155,155,156,157,159,161,164,167,171,175,180,185,190,195,201,207,213,218,224,229,234,239,243,247,250,252,253,253,252,251,248,244,239,232,225,216,207,196,185,173,160,147,134,120,107,93,80,68,56,45,35,26,18,12,7,3,1,0.1,1,2,6,10,15,22,29,36,44,53,61,70,78,85,93,99,105,109,113,115,116,117,116,114,110,106,101,95,89,81,74,66,58,50,43,35,28,22,16,11,7,4,2,0.1,0.1,0.1,2,4,7,10,14,18,23,28,33,38,43,47,52,56,59,62,64,65,66,66,66,65,63,61,58,55,51,47,43,39,34,30,26,21,18,14,11,8,5,3,2,1,0.1,0.1,0.1,1,2,3,5,7,9,11,14,16,18,21,23,25,27,29,31,32,33,34,35,36,36,36,36,36,35,35,34,33,32,31,29,28,27,25,24,23,22,20,19,18,17,16,15,14,13,12,12,11,10,10,9,9,8,8,8,7,7,7,7,7,6,6,6,6,6,6,6,6,5,5,5,5,5,5,5,5,4,4,4,4,4,3,3,3,3,3,2,2,2,2,2,1,1,1,1,1,1,0.1,0.1,0.1,0.1,0.1,0.1,0.1,0.1,0.1,0.1,0.1,0.1,0.1,0.1,0.1,0.1,0.1,0.1,0.1,0.1,0.1,0.1,0.1,0.1,0.1,0.1,0.1
0.1,0.1,0.1,0.1,0.1,0.1,0.1,0.1,0.1,0.1,0.1,0.1,0.1,0.1,0.1,0.1,0.1,0.1,0.1,0.1,0.1,0.1,0.1,0.1,0.1,0.1,0.1,0.1,0.1,0.1,1,1,1,1,1,1,1,2,2,2,2,2,2,3,3,3,3,3,4,4,4,4,4,4,5,5,5,5,5,5,5,5,5,6,6,6,6,6,6,6,7,7,7,8,8,8,9,9,10,10,11,11,12,13,14,15,15,16,17,19,20,21,22,23,24,25,26,27,28,29,30,31,31,32,32,32,32,32,31,31,30,28,27,26,24,22,20,18,16,14,12,10,8,6,4,3,2,1,0.1,0.1,0.1,1,2,3,5,7,10,12,16,19,23,26,30,34,38,42,45,48,51,54,56,57,58,59,58,58,56,54,52,49,46,42,38,33,29,25,20,16,12,9,6,3,2,0.1,0.1,0.1,2,4,6,10,14,19,25,31,37,44,51,58,65,72,78,84,89,94,97,100,102,103,103,102,100,96,92,88,82,76,69,62,54,47,40,32,26,19,14,9,5,2,1,0.1,1,3,6,10,16,23,30,39,49,59,70,82,94,106,118,130,141,153,164,174,183,192,200,207,212,217,221,224,226,227,227,226,225,223,220,216,213,208,204,199,194,189,184,180,175,170,166,162,158,155,152,150,148,146,145,144,144,144,145,146,148,150,152,155,158,162,166,170,175,180,184,189,194,199,204,208,213,216,220,223,225,226,227,227,226,224,221,217,212,207,200,192,183,174,164,153,141,130,118,106,94,82,70,59,49,39,30,23,16,10,6,3,1,0.1,1,2,5,9,14,19,26,32,40,47,54,62,69,76,82,88,92,96,100,102,103,103,102,100,97,94,89,84,78,72,65,58,51,44,37,31,25,19,14,10,6,4,2,0.1,0.1,0.1,2,3,6,9,12,16,20,25,29,33,38,42,46,49,52,54,56,58,58,59,58,57,56,54,51,48,45,42,38,34,30,26,23,19,16,12,10,7,5,3,2,1,0.1,0.1,0.1,1,2,3,4,6,8,10,12,14,16,18,20,22,24,26,27,28,30,31,31,32,32,32,32,32,31,31,30,29,28,27,26,25,24,23,22,21,20,19,17,16,15,15,14,13,12,11,11,10,10,9,9,8,8,8,7,7,7,6,6,6,6,6,6,6,5,5,5,5,5,5,5,5,5,4,4,4,4,4,4,3,3,3,3,3,2,2,2,2,2,2,1,1,1,1,1,1,1,0.1,0.1,0.1,0.1,0.1,0.1,0.1,0.1,0.1,0.1,0.1,0.1,0.1,0.1,0.1,0.1,0.1,0.1,0.1,0.1,0.1,0.1,0.1,0.1,0.1,0.1,0.1
0.1,0.1,0.1,0.1,0.1,0.1,0.1,0.1,0.1,0.1,0.1,0.1,0.1,0.1,0.1,0.1,0.1,0.1,0.1,0.1,0.1,0.1,0.1,0.1,0.1,0.1,0.1,0.1,0.1,0.1,0.1,1,1,1,1,1,1,1,1,2,2,2,2,2,3,3,3,3,3,3,4,4,4,4,4,4,4,4,4,5,5,5,5,5,5,5,5,6,6,6,6,6,7,7,7,7,8,8,9,9,10,10,11,12,12,13,14,15,16,17,17,18,19,20,21,22,23,24,25,26,26,27,28,28,28,28,28,28,27,27,26,25,24,22,21,19,17,16,14,12,10,8,7,5,4,2,1,1,0.1,0.1,0.1,1,2,3,4,6,8,11,14,17,20,23,26,30,33,36,39,42,44,47,48,50,50,51,51,50,49,47,45,42,39,36,33,29,25,21,18,14,11,8,5,3,1,0.1,0.1,0.1,1,3,6,9,12,17,22,27,32,38,44,50,56,62,67,73,77,81,84,87,88,89,89,88,86,84,80,76,71,66,60,54,47,41,35,28,22,17,12,8,5,2,1,0.1,1,2,5,9,13,19,26,34,42,51,61,71,81,91,102,112,123,133,142,151,159,167,174,180,186,190,194,197,198,200,200,200,198,197,195,192,189,185,181,178,173,169,165,161,157,153,150,146,143,141,138,136,134,133,132,131,131,131,132,133,134,136,138,141,143,146,150,153,157,161,165,169,173,178,181,185,189,192,195,197,198,200,200,200,198,197,194,190,186,180,174,167,159,151,142,133,123,112,102,91,81,71,61,51,42,34,26,19,13,9,5,2,1,0.1,1,2,5,8,12,17,22,28,35,41,47,54,60,66,71,76,80,84,86,88,89,89,88,87,84,81,77,73,67,62,56,50,44,38,32,27,22,17,12,9,6,3,1,0.1,0.1,0.1,1,3,5,8,11,14,18,21,25,29,33,36,39,42,45,47,49,50,51,51,50,50,48,47,44,42,39,36,33,30,26,23,20,17,14,11,8,6,4,3,2,1,0.1,0.1,0.1,1,1,2,4,5,7,8,10,12,14,16,17,19,21,22,24,25,26,27,27,28,28,28,28,28,28,27,26,26,25,24,23,22,21,20,19,18,17,17,16,15,14,13,12,12,11,10,10,9,9,8,8,7,7,7,7,6,6,6,6,6,5,5,5,5,5,5,5,5,4,4,4,4,4,4,4,4,4,3,3,3,3,3,3,2,2,2,2,2,1,1,1,1,1,1,1,1,0.1,0.1,0.1,0.1,0.1,0.1,0.1,0.1,0.1,0.1,0.1,0.1,0.1,0.1,0.1,0.1,0.1,0.1,0.1,0.1,0.1,0.1,0.1,0.1,0.1,0.1,0.1,0.1
0.1,0.1,0.1,0.1,0.1,0.1,0.1,0.1,0.1,0.1,0.1,0.1,0.1,0.1,0.1,0.1,0.1,0.1,0.1,0.1,0.1,0.1,0.1,0.1,0.1,0.1,0.1,0.1,0.1,0.1,0.1,0.1,1,1,1,1,1,1,1,1,2,2,2,2,2,2,2,3,3,3,3,3,3,3,4,4,4,4,4,4,4,4,4,4,5,5,5,5,5,5,5,6,6,6,6,7,7,7,8,8,9,9,10,10,11,11,12,13,14,14,15,16,17,18,19,19,20,21,22,22,23,23,24,24,24,24,24,24,23,23,22,21,20,19,18,16,15,13,12,10,9,7,6,4,3,2,1,1,0.1,0.1,0.1,1,1,2,4,5,7,9,12,14,17,20,22,25,28,31,33,36,38,40,41,42,43,43,43,42,41,40,38,36,33,31,28,25,21,18,15,12,9,6,4,2,1,0.1,0.1,0.1,1,3,5,7,11,14,18,23,27,32,37,43,48,53,57,61,65,69,71,74,75,76,76,75,73,71,68,65,61,56,51,46,40,35,30,24,19,15,10,7,4,2,0.1,0.1,0.1,2,4,7,11,16,22,28,35,43,51,60,68,77,86,95,104,113,121,129,136,143,149,154,159,163,166,169,170,172,172,172,171,170,168,166,164,161,158,155,151,148,144,141,138,135,132,129,126,124,122,120,119,117,117,116,116,116,117,117,119,120,122,124,126,129,132,135,138,141,144,148,151,155,158,161,164,166,168,170,171,172,172,172,170,169,166,163,159,154,149,143,136,129,121,113,104,95,86,77,68,60,51,43,35,28,22,16,11,7,4,2,0.1,0.1,0.1,2,4,7,10,15,19,24,30,35,40,46,51,56,61,65,68,71,73,75,76,76,75,74,71,69,65,61,57,53,48,43,37,32,27,23,18,14,11,7,5,3,1,0.1,0.1,0.1,1,2,4,6,9,12,15,18,21,25,28,31,33,36,38,40,41,42,43,43,43,42,41,40,38,36,33,31,28,25,22,20,17,14,12,9,7,5,4,2,1,1,0.1,0.1,0.1,1,1,2,3,4,6,7,9,10,12,13,15,16,18,19,20,21,22,23,23,24,24,24,24,24,24,23,23,22,22,21,20,19,19,18,17,16,15,14,14,13,12,11,11,10,10,9,9,8,8,7,7,7,6,6,6,6,5,5,5,5,5,5,5,4,4,4,4,4,4,4,4,4,4,3,3,3,3,3,3,3,2,2,2,2,2,2,2,1,1,1,1,1,1,1,1,0.1,0.1,0.1,0.1,0.1,0.1,0.1,0.1,0.1,0.1,0.1,0.1,0.1,0.1,0.1,0.1,0.1,0.1,0.1,0.1,0.1,0.1,0.1,0.1,0.1,0.1,0.1,0.1,0.1
0.1,0.1,0.1,0.1,0.1,0.1,0.1,0.1,0.1,0.1,0.1,0.1,0.1,0.1,0.1,0.1,0.1,0.1,0.1,0.1,0.1,0.1,0.1,0.1,0.1,0.1,0.1,0.1,0.1,0.1,0.1,0.1,0.1,1,1,1,1,1,1,1,1,1,2,2,2,2,2,2,2,2,3,3,3,3,3,3,3,3,3,3,4,4,4,4,4,4,4,4,4,4,5,5,5,5,5,6,6,6,7,7,7,8,8,9,9,10,10,11,12,12,13,14,14,15,16,16,17,18,18,19,19,19,20,20,20,20,20,20,19,19,18,17,17,16,15,13,12,11,10,8,7,6,5,3,2,2,1,0.1,0.1,0.1,0.1,1,1,2,3,4,6,8,10,12,14,16,19,21,23,26,28,30,31,33,34,35,35,36,36,35,34,33,31,30,28,25,23,20,18,15,12,10,7,5,4,2,1,0.1,0.1,0.1,1,2,4,6,9,12,15,19,23,27,31,35,39,43,47,51,54,57,59,61,62,63,63,62,61,59,57,54,50,47,43,38,34,29,25,20,16,12,9,6,3,2,0.1,0.1,0.1,1,3,6,9,13,18,23,29,35,42,49,56,64,71,79,86,93,100,107,113,119,124,128,132,136,139,141,143,144,144,144,144,143,142,140,138,136,134,131,128,126,123,120,118,115,113,110,108,106,105,103,102,101,100,100,100,100,100,101,102,103,105,106,108,110,113,115,118,120,123,126,128,131,134,136,138,140,142,143,144,144,144,144,143,141,139,136,132,128,124,119,113,107,100,93,86,79,71,64,56,49,42,35,29,23,18,13,9,6,3,1,0.1,0.1,0.1,2,3,6,9,12,16,20,25,29,34,38,43,47,50,54,57,59,61,62,63,63,62,61,59,57,54,51,47,43,39,35,31,27,23,19,15,12,9,6,4,2,1,0.1,0.1,0.1,1,2,4,5,7,10,12,15,18,20,23,25,28,30,31,33,34,35,36,36,35,35,34,33,31,30,28,26,23,21,19,16,14,12,10,8,6,4,3,2,1,1,0.1,0.1,0.1,0.1,1,2,2,3,5,6,7,8,10,11,12,13,15,16,17,17,18,19,19,20,20,20,20,20,20,19,19,19,18,18,17,16,16,15,14,14,13,12,12,11,10,10,9,9,8,8,7,7,7,6,6,6,5,5,5,5,5,4,4,4,4,4,4,4,4,4,4,3,3,3,3,3,3,3,3,3,3,2,2,2,2,2,2,2,2,1,1,1,1,1,1,1,1,1,0.1,0.1,0.1,0.1,0.1,0.1,0.1,0.1,0.1,0.1,0.1,0.1,0.1,0.1,0.1,0.1,0.1,0.1,0.1,0.1,0.1,0.1,0.1,0.1,0.1,0.1,0.1,0.1,0.1,0.1
0.1,0.1,0.1,0.1,0.1,0.1,0.1,0.1,0.1,0.1,0.1,0.1,0.1,0.1,0.1,0.1,0.1,0.1,0.1,0.1,0.1,0.1,0.1,0.1,0.1,0.1,0.1,0.1,0.1,0.1,0.1,0.1,0.1,0.1,1,1,1,1,1,1,1,1,1,1,1,2,2,2,2,2,2,2,2,2,2,3,3,3,3,3,3,3,3,3,3,3,3,3,4,4,4,4,4,4,5,5,5,5,5,6,6,6,7,7,8,8,9,9,10,10,11,11,12,12,13,13,14,14,15,15,15,16,16,16,16,16,16,16,16,15,15,14,13,13,12,11,10,9,8,7,6,5,4,3,2,1,1,0.1,0.1,0.1,0.1,0.1,1,2,3,4,5,6,8,10,11,13,15,17,19,21,22,24,25,26,27,28,29,29,29,28,27,27,25,24,22,20,18,16,14,12,10,8,6,4,3,2,1,0.1,0.1,0.1,1,2,3,5,7,9,12,15,18,22,25,28,32,35,38,41,43,46,48,49,50,50,50,50,49,48,46,43,41,38,34,31,27,24,20,16,13,10,7,5,3,1,0.1,0.1,0.1,1,3,5,7,10,14,18,23,28,34,39,45,51,57,63,69,75,81,86,91,96,100,104,107,110,113,114,116,117,118,118,117,117,116,115,113,111,110,108,106,103,101,99,97,95,93,91,90,88,87,86,85,84,83,83,83,83,83,84,85,86,87,88,90,91,93,95,97,99,101,103,106,108,110,111,113,115,116,117,117,118,118,117,116,114,113,110,107,104,100,96,91,86,81,75,69,63,57,51,45,39,34,28,23,18,14,10,7,5,3,1,0.1,0.1,0.1,1,3,5,7,10,13,16,20,24,27,31,34,38,41,43,46,48,49,50,50,50,50,49,48,46,43,41,38,35,32,28,25,22,18,15,12,9,7,5,3,2,1,0.1,0.1,0.1,1,2,3,4,6,8,10,12,14,16,18,20,22,24,25,27,27,28,29,29,29,28,27,26,25,24,22,21,19,17,15,13,11,10,8,6,5,4,3,2,1,0.1,0.1,0.1,0.1,0.1,1,1,2,3,4,5,6,7,8,9,10,11,12,13,13,14,15,15,16,16,16,16,16,16,16,16,15,15,15,14,14,13,13,12,12,11,11,10,10,9,9,8,8,7,7,6,6,6,5,5,5,5,5,4,4,4,4,4,4,3,3,3,3,3,3,3,3,3,3,3,3,3,2,2,2,2,2,2,2,2,2,2,1,1,1,1,1,1,1,1,1,1,1,0.1,0.1,0.1,0.1,0.1,0.1,0.1,0.1,0.1,0.1,0.1,0.1,0.1,0.1,0.1,0.1,0.1,0.1,0.1,0.1,0.1,0.1,0.1,0.1,0.1,0.1,0.1,0.1,0.1,0.1,0.1
0.1,0.1,0.1,0.1,0.1,0.1,0.1,0.1,0.1,0.1,0.1,0.1,0.1,0.1,0.1,0.1,0.1,0.1,0.1,0.1,0.1,0.1,0.1,0.1,0.1,0.1,0.1,0.1,0.1,0.1,0.1,0.1,0.1,0.1,0.1,0.1,1,1,1,1,1,1,1,1,1,1,1,1,1,2,2,2,2,2,2,2,2,2,2,2,2,2,2,2,3,3,3,3,3,3,3,3,3,3,4,4,4,4,4,5,5,5,5,6,6,6,7,7,8,8,8,9,9,10,10,10,11,11,12,12,12,12,13,13,13,13,13,12,12,12,11,11,10,10,9,8,8,7,6,5,4,4,3,2,1,1,1,0.1,0.1,0.1,0.1,0.1,1,1,2,3,4,5,6,7,9,10,12,13,15,16,17,19,20,21,21,22,22,22,22,22,21,21,20,19,17,16,14,13,11,9,8,6,5,3,2,1,1,0.1,0.1,0.1,1,1,2,4,5,7,9,12,14,17,19,22,25,27,30,32,34,36,37,38,39,39,39,39,38,37,36,34,32,29,27,24,21,18,16,13,10,8,6,4,2,1,0.1,0.1,0.1,1,2,3,6,8,11,14,18,22,26,31,35,40,45,49,54,59,63,67,71,75,78,81,84,86,88,90,91,92,92,92,92,92,91,90,89,88,87,85,83,82,80,79,77,75,74,73,71,70,69,68,68,67,67,66,66,66,67,67,68,68,69,70,71,73,74,75,77,79,80,82,83,85,87,88,89,90,91,92,92,92,92,92,91,90,88,86,84,81,78,75,71,67,63,59,54,49,45,40,35,31,26,22,18,14,11,8,6,3,2,1,0.1,0.1,0.1,1,2,4,6,8,10,13,16,18,21,24,27,29,32,34,36,37,38,39,39,39,39,38,37,36,34,32,30,27,25,22,19,17,14,12,9,7,5,4,2,1,1,0.1,0.1,0.1,1,1,2,3,5,6,8,9,11,13,14,16,17,19,20,21,21,22,22,22,22,22,21,21,20,19,17,16,15,13,12,10,9,7,6,5,4,3,2,1,1,0.1,0.1,0.1,0.1,0.1,1,1,1,2,3,4,4,5,6,7,8,8,9,10,10,11,11,12,12,12,13,13,13,13,13,12,12,12,12,11,11,10,10,10,9,9,8,8,8,7,7,6,6,6,5,5,5,5,4,4,4,4,4,3,3,3,3,3,3,3,3,3,3,2,2,2,2,2,2,2,2,2,2,2,2,2,2,2,1,1,1,1,1,1,1,1,1,1,1,1,1,0.1,0.1,0.1,0.1,0.1,0.1,0.1,0.1,0.1,0.1,0.1,0.1,0.1,0.1,0.1,0.1,0.1,0.1,0.1,0.1,0.1,0.1,0.1,0.1,0.1,0.1,0.1,0.1,0.1,0.1,0.1,0.1,0.1
0.1,0.1,0.1,0.1,0.1,0.1,0.1,0.1,0.1,0.1,0.1,0.1,0.1,0.1,0.1,0.1,0.1,0.1,0.1,0.1,0.1,0.1,0.1,0.1,0.1,0.1,0.1,0.1,0.1,0.1,0.1,0.1,0.1,0.1,0.1,0.1,0.1,0.1,0.1,1,1,1,1,1,1,1,1,1,1,1,1,1,1,1,1,2,2,2,2,2,2,2,2,2,2,2,2,2,2,2,2,2,3,3,3,3,3,3,3,3,4,4,4,4,5,5,5,5,6,6,6,7,7,7,8,8,8,8,9,9,9,9,9,9,9,9,9,9,9,9,8,8,8,7,7,6,6,5,4,4,3,3,2,2,1,1,0.1,0.1,0.1,0.1,0.1,0.1,1,1,2,2,3,4,5,6,7,8,9,10,11,12,13,14,15,15,16,16,16,17,16,16,16,15,15,14,13,12,11,9,8,7,6,5,3,2,2,1,0.1,0.1,0.1,0.1,0.1,1,2,3,4,5,7,9,11,12,14,16,18,20,22,24,25,26,27,28,29,29,29,29,28,27,26,25,24,22,20,18,16,14,12,10,8,6,4,3,2,1,0.1,0.1,0.1,1,1,3,4,6,8,11,13,16,19,23,26,30,33,37,40,43,47,50,53,56,58,60,63,64,66,67,68,69,69,69,69,69,68,68,67,66,65,64,63,62,61,59,58,57,56,55,54,53,52,52,51,51,51,50,50,50,51,51,51,52,52,53,54,55,56,57,58,59,61,62,63,64,65,66,67,68,68,69,69,69,69,69,68,67,66,64,63,60,58,56,53,50,47,43,40,37,33,30,26,23,19,16,13,11,8,6,4,3,1,1,0.1,0.1,0.1,1,2,3,4,6,8,10,12,14,16,18,20,22,24,25,26,27,28,29,29,29,29,28,27,26,25,24,22,20,18,16,14,12,11,9,7,5,4,3,2,1,0.1,0.1,0.1,0.1,0.1,1,2,2,3,5,6,7,8,9,11,12,13,14,15,15,16,16,16,17,16,16,16,15,15,14,13,12,11,10,9,8,7,6,5,4,3,2,2,1,1,0.1,0.1,0.1,0.1,0.1,0.1,1,1,2,2,3,3,4,4,5,6,6,7,7,8,8,8,9,9,9,9,9,9,9,9,9,9,9,9,8,8,8,8,7,7,7,6,6,6,5,5,5,5,4,4,4,4,3,3,3,3,3,3,3,3,2,2,2,2,2,2,2,2,2,2,2,2,2,2,2,2,2,1,1,1,1,1,1,1,1,1,1,1,1,1,1,1,1,0.1,0.1,0.1,0.1,0.1,0.1,0.1,0.1,0.1,0.1,0.1,0.1,0.1,0.1,0.1,0.1,0.1,0.1,0.1,0.1,0.1,0.1,0.1,0.1,0.1,0.1,0.1,0.1,0.1,0.1,0.1,0.1,0.1,0.1,0.1,0.1
0.1,0.1,0.1,0.1,0.1,0.1,0.1,0.1,0.1,0.1,0.1,0.1,0.1,0.1,0.1,0.1,0.1,0.1,0.1,0.1,0.1,0.1,0.1,0.1,0.1,0.1,0.1,0.1,0.1,0.1,0.1,0.1,0.1,0.1,0.1,0.1,0.1,0.1,0.1,0.1,0.1,0.1,1,1,1,1,1,1,1,1,1,1,1,1,1,1,1,1,1,1,1,1,1,1,1,1,1,2,2,2,2,2,2,2,2,2,2,2,2,2,3,3,3,3,3,3,4,4,4,4,4,5,5,5,5,6,6,6,6,6,6,6,7,7,7,7,7,6,6,6,6,6,5,5,5,4,4,4,3,3,2,2,1,1,1,0.1,0.1,0.1,0.1,0.1,0.1,0.1,0.1,1,1,2,2,3,3,4,5,5,6,7,8,8,9,10,10,11,11,11,12,12,12,11,11,11,10,10,9,8,7,7,6,5,4,3,2,2,1,1,0.1,0.1,0.1,0.1,0.1,1,1,2,3,4,5,6,7,9,10,11,13,14,15,16,18,18,19,20,20,20,20,20,20,19,18,18,16,15,14,13,11,10,8,7,5,4,3,2,1,1,0.1,0.1,0.1,0.1,1,2,3,4,6,7,9,11,13,16,18,21,23,26,28,30,33,35,37,39,41,42,44,45,46,47,48,48,49,49,49,49,48,48,47,47,46,45,45,44,43,42,41,41,40,39,39,38,37,37,37,36,36,36,36,36,36,36,37,37,37,38,39,39,40,41,41,42,43,44,45,45,46,47,47,48,48,49,49,49,49,48,48,47,46,45,44,42,41,39,37,35,33,30,28,26,23,21,18,16,13,11,9,7,6,4,3,2,1,0.1,0.1,0.1,0.1,1,1,2,3,4,5,7,8,10,11,13,14,15,16,18,18,19,20,20,20,20,20,20,19,18,18,16,15,14,13,11,10,9,7,6,5,4,3,2,1,1,0.1,0.1,0.1,0.1,0.1,1,1,2,2,3,4,5,6,7,7,8,9,10,10,11,11,11,12,12,12,11,11,11,10,10,9,8,8,7,6,5,5,4,3,3,2,2,1,1,0.1,0.1,0.1,0.1,0.1,0.1,0.1,0.1,1,1,1,2,2,3,3,4,4,4,5,5,5,6,6,6,6,6,7,7,7,7,7,6,6,6,6,6,6,6,5,5,5,5,4,4,4,4,4,3,3,3,3,3,3,2,2,2,2,2,2,2,2,2,2,2,2,2,1,1,1,1,1,1,1,1,1,1,1,1,1,1,1,1,1,1,1,1,1,1,1,1,1,0.1,0.1,0.1,0.1,0.1,0.1,0.1,0.1,0.1,0.1,0.1,0.1,0.1,0.1,0.1,0.1,0.1,0.1,0.1,0.1,0.1,0.1,0.1,0.1,0.1,0.1,0.1,0.1,0.1,0.1,0.1,0.1,0.1,0.1,0.1,0.1,0.1,0.1,0.1
0.1,0.1,0.1,0.1,0.1,0.1,0.1,0.1,0.1,0.1,0.1,0.1,0.1,0.1,0.1,0.1,0.1,0.1,0.1,0.1,0.1,0.1,0.1,0.1,0.1,0.1,0.1,0.1,0.1,0.1,0.1,0.1,0.1,0.1,0.1,0.1,0.1,0.1,0.1,0.1,0.1,0.1,0.1,0.1,0.1,0.1,0.1,0.1,1,1,1,1,1,1,1,1,1,1,1,1,1,1,1,1,1,1,1,1,1,1,1,1,1,1,1,1,1,1,2,2,2,2,2,2,2,2,2,2,3,3,3,3,3,3,3,4,4,4,4,4,4,4,4,4,4,4,4,4,4,4,4,4,3,3,3,3,3,2,2,2,1,1,1,1,0.1,0.1,0.1,0.1,0.1,0.1,0.1,0.1,0.1,0.1,1,1,1,2,2,3,3,3,4,4,5,5,6,6,7,7,7,7,7,7,7,7,7,7,7,6,6,5,5,4,4,3,3,2,2,1,1,0.1,0.1,0.1,0.1,0.1,0.1,0.1,1,1,2,2,3,4,5,6,6,7,8,9,10,11,11,12,12,13,13,13,13,13,13,12,12,11,11,10,9,8,7,6,5,4,3,3,2,1,1,0.1,0.1,0.1,0.1,0.1,1,1,2,3,4,5,6,7,9,10,12,13,15,16,18,20,21,22,24,25,26,27,28,29,30,30,31,31,31,32,32,31,31,31,31,30,30,29,29,28,28,27,27,26,26,25,25,25,24,24,24,24,24,23,23,23,24,24,24,24,24,25,25,25,26,26,27,27,28,28,29,29,30,30,31,31,31,31,32,32,31,31,31,30,30,29,28,27,26,25,24,22,21,20,18,16,15,13,12,10,9,7,6,5,4,3,2,1,1,0.1,0.1,0.1,0.1,0.1,1,1,2,3,3,4,5,6,7,8,9,10,11,11,12,12,13,13,13,13,13,13,12,12,11,11,10,9,8,7,6,6,5,4,3,2,2,1,1,0.1,0.1,0.1,0.1,0.1,0.1,0.1,1,1,2,2,3,3,4,4,5,5,6,6,7,7,7,7,7,7,7,7,7,7,7,6,6,5,5,4,4,3,3,3,2,2,1,1,1,0.1,0.1,0.1,0.1,0.1,0.1,0.1,0.1,0.1,0.1,1,1,1,1,2,2,2,3,3,3,3,3,4,4,4,4,4,4,4,4,4,4,4,4,4,4,4,4,4,3,3,3,3,3,3,3,2,2,2,2,2,2,2,2,2,2,1,1,1,1,1,1,1,1,1,1,1,1,1,1,1,1,1,1,1,1,1,1,1,1,1,1,1,1,1,1,0.1,0.1,0.1,0.1,0.1,0.1,0.1,0.1,0.1,0.1,0.1,0.1,0.1,0.1,0.1,0.1,0.1,0.1,0.1,0.1,0.1,0.1,0.1,0.1,0.1,0.1,0.1,0.1,0.1,0.1,0.1,0.1,0.1,0.1,0.1,0.1,0.1,0.1,0.1,0.1,0.1,0.1,0.1,0.1,0.1
0.1,0.1,0.1,0.1,0.1,0.1,0.1,0.1,0.1,0.1,0.1,0.1,0.1,0.1,0.1,0.1,0.1,0.1,0.1,0.1,0.1,0.1,0.1,0.1,0.1,0.1,0.1,0.1,0.1,0.1,0.1,0.1,0.1,0.1,0.1,0.1,0.1,0.1,0.1,0.1,0.1,0.1,0.1,0.1,0.1,0.1,0.1,0.1,0.1,0.1,0.1,0.1,0.1,0.1,0.1,0.1,0.1,0.1,0.1,0.1,0.1,0.1,0.1,0.1,1,1,1,1,1,1,1,1,1,1,1,1,1,1,1,1,1,1,1,1,1,1,1,1,1,2,2,2,2,2,2,2,2,2,2,2,2,2,2,2,2,2,2,2,2,2,2,2,2,2,2,2,1,1,1,1,1,1,1,0.1,0.1,0.1,0.1,0.1,0.1,0.1,0.1,0.1,0.1,0.1,0.1,1,1,1,1,1,2,2,2,2,3,3,3,3,4,4,4,4,4,4,4,4,4,4,4,3,3,3,3,2,2,2,1,1,1,1,0.1,0.1,0.1,0.1,0.1,0.1,0.1,0.1,0.1,1,1,1,2,2,3,3,4,4,5,5,6,6,6,7,7,7,7,7,7,7,7,7,7,6,6,6,5,5,4,4,3,2,2,2,1,1,0.1,0.1,0.1,0.1,0.1,0.1,0.1,1,1,1,2,3,3,4,5,6,7,7,8,9,10,11,12,13,13,14,15,15,16,16,17,17,17,18,18,18,18,18,18,18,17,17,17,17,16,16,16,16,15,15,15,14,14,14,14,14,14,13,13,13,13,13,13,13,14,14,14,14,14,14,15,15,15,16,16,16,16,17,17,17,17,18,18,18,18,18,18,18,17,17,17,16,16,15,15,14,13,13,12,11,10,9,8,7,7,6,5,4,3,3,2,1,1,1,0.1,0.1,0.1,0.1,0.1,0.1,0.1,1,1,2,2,2,3,4,4,5,5,6,6,6,7,7,7,7,7,7,7,7,7,7,6,6,6,5,5,4,4,3,3,2,2,1,1,1,0.1,0.1,0.1,0.1,0.1,0.1,0.1,0.1,0.1,1,1,1,1,2,2,2,3,3,3,3,4,4,4,4,4,4,4,4,4,4,4,3,3,3,3,2,2,2,2,1,1,1,1,1,0.1,0.1,0.1,0.1,0.1,0.1,0.1,0.1,0.1,0.1,0.1,0.1,1,1,1,1,1,1,1,2,2,2,2,2,2,2,2,2,2,2,2,2,2,2,2,2,2,2,2,2,2,2,2,2,2,2,1,1,1,1,1,1,1,1,1,1,1,1,1,1,1,1,1,1,1,1,1,1,1,1,1,0.1,0.1,0.1,0.1,0.1,0.1,0.1,0.1,0.1,0.1,0.1,0.1,0.1,0.1,0.1,0.1,0.1,0.1,0.1,0.1,0.1,0.1,0.1,0.1,0.1,0.1,0.1,0.1,0.1,0.1,0.1,0.1,0.1,0.1,0.1,0.1,0.1,0.1,0.1,0.1,0.1,0.1,0.1,0.1,0.1,0.1,0.1,0.1,0.1,0.1,0.1,0.1,0.1,0.1,0.1,0.1,0.1,0.1,0.1,0.1,0.1
0.1,0.1,0.1,0.1,0.1,0.1,0.1,0.1,0.1,0.1,0.1,0.1,0.1,0.1,0.1,0.1,0.1,0.1,0.1,0.1,0.1,0.1,0.1,0.1,0.1,0.1,0.1,0.1,0.1,0.1,0.1,0.1,0.1,0.1,0.1,0.1,0.1,0.1,0.1,0.1,0.1,0.1,0.1,0.1,0.1,0.1,0.1,0.1,0.1,0.1,0.1,0.1,0.1,0.1,0.1,0.1,0.1,0.1,0.1,0.1,0.1,0.1,0.1,0.1,0.1,0.1,0.1,0.1,0.1,0.1,0.1,0.1,0.1,0.1,0.1,0.1,0.1,0.1,0.1,0.1,0.1,0.1,0.1,1,1,1,1,1,1,1,1,1,1,1,1,1,1,1,1,1,1,1,1,1,1,1,1,1,1,1,1,1,1,1,1,1,1,1,0.1,0.1,0.1,0.1,0.1,0.1,0.1,0.1,0.1,0.1,0.1,0.1,0.1,0.1,0.1,0.1,0.1,0.1,0.1,0.1,1,1,1,1,1,1,1,1,1,2,2,2,2,2,2,2,2,2,2,2,2,2,1,1,1,1,1,1,1,1,0.1,0.1,0.1,0.1,0.1,0.1,0.1,0.1,0.1,0.1,0.1,0.1,0.1,1,1,1,1,1,2,2,2,2,2,3,3,3,3,3,3,3,3,3,3,3,3,3,3,2,2,2,2,2,1,1,1,1,0.1,0.1,0.1,0.1,0.1,0.1,0.1,0.1,0.1,0.1,0.1,1,1,1,1,2,2,3,3,3,4,4,4,5,5,6,6,6,7,7,7,7,7,8,8,8,8,8,8,8,8,8,8,8,8,7,7,7,7,7,7,7,7,6,6,6,6,6,6,6,6,6,6,6,6,6,6,6,6,6,6,6,7,7,7,7,7,7,7,7,8,8,8,8,8,8,8,8,8,8,8,8,7,7,7,7,7,6,6,6,5,5,4,4,4,3,3,3,2,2,1,1,1,1,0.1,0.1,0.1,0.1,0.1,0.1,0.1,0.1,0.1,0.1,0.1,1,1,1,1,2,2,2,2,2,3,3,3,3,3,3,3,3,3,3,3,3,3,3,2,2,2,2,2,1,1,1,1,1,0.1,0.1,0.1,0.1,0.1,0.1,0.1,0.1,0.1,0.1,0.1,0.1,0.1,1,1,1,1,1,1,1,1,2,2,2,2,2,2,2,2,2,2,2,2,2,1,1,1,1,1,1,1,1,1,0.1,0.1,0.1,0.1,0.1,0.1,0.1,0.1,0.1,0.1,0.1,0.1,0.1,0.1,0.1,0.1,0.1,0.1,0.1,0.1,1,1,1,1,1,1,1,1,1,1,1,1,1,1,1,1,1,1,1,1,1,1,1,1,1,1,1,1,1,1,1,1,1,1,1,0.1,0.1,0.1,0.1,0.1,0.1,0.1,0.1,0.1,0.1,0.1,0.1,0.1,0.1,0.1,0.1,0.1,0.1,0.1,0.1,0.1,0.1,0.1,0.1,0.1,0.1,0.1,0.1,0.1,0.1,0.1,0.1,0.1,0.1,0.1,0.1,0.1,0.1,0.1,0.1,0.1,0.1,0.1,0.1,0.1,0.1,0.1,0.1,0.1,0.1,0.1,0.1,0.1,0.1,0.1,0.1,0.1,0.1,0.1,0.1,0.1,0.1,0.1,0.1,0.1,0.1,0.1,0.1,0.1,0.1,0.1,0.1,0.1,0.1,0.1,0.1,0.1,0.1,0.1,0.1
0.1,0.1,0.1,0.1,0.1,0.1,0.1,0.1,0.1,0.1,0.1,0.1,0.1,0.1,0.1,0.1,0.1,0.1,0.1,0.1,0.1,0.1,0.1,0.1,0.1,0.1,0.1,0.1,0.1,0.1,0.1,0.1,0.1,0.1,0.1,0.1,0.1,0.1,0.1,0.1,0.1,0.1,0.1,0.1,0.1,0.1,0.1,0.1,0.1,0.1,0.1,0.1,0.1,0.1,0.1,0.1,0.1,0.1,0.1,0.1,0.1,0.1,0.1,0.1,0.1,0.1,0.1,0.1,0.1,0.1,0.1,0.1,0.1,0.1,0.1,0.1,0.1,0.1,0.1,0.1,0.1,0.1,0.1,0.1,0.1,0.1,0.1,0.1,0.1,0.1,0.1,0.1,0.1,0.1,0.1,0.1,0.1,0.1,0.1,0.1,0.1,0.1,0.1,0.1,0.1,0.1,0.1,0.1,0.1,0.1,0.1,0.1,0.1,0.1,0.1,0.1,0.1,0.1,0.1,0.1,0.1,0.1,0.1,0.1,0.1,0.1,0.1,0.1,0.1,0.1,0.1,0.1,0.1,0.1,0.1,0.1,0.1,0.1,0.1,0.1,0.1,0.1,0.1,0.1,0.1,0.1,0.1,0.1,0.1,0.1,0.1,0.1,0.1,0.1,0.1,0.1,0.1,0.1,0.1,0.1,0.1,0.1,0.1,0.1,0.1,0.1,0.1,0.1,0.1,0.1,0.1,0.1,0.1,0.1,0.1,0.1,0.1,0.1,0.1,0.1,0.1,0.1,0.1,0.1,0.1,0.1,0.1,0.1,1,1,1,1,1,1,1,1,1,1,1,1,1,1,1,1,1,1,1,1,0.1,0.1,0.1,0.1,0.1,0.1,0.1,0.1,0.1,0.1,0.1,0.1,0.1,0.1,0.1,0.1,0.1,0.1,0.1,0.1,0.1,0.1,1,1,1,1,1,1,1,1,1,1,1,2,2,2,2,2,2,2,2,2,2,2,2,2,2,2,2,2,2,2,2,2,2,2,2,2,2,2,2,2,2,2,2,1,1,1,1,1,1,1,2,2,2,2,2,2,2,2,2,2,2,2,2,2,2,2,2,2,2,2,2,2,2,2,2,2,2,2,2,2,2,2,1,1,1,1,1,1,1,1,1,1,1,0.1,0.1,0.1,0.1,0.1,0.1,0.1,0.1,0.1,0.1,0.1,0.1,0.1,0.1,0.1,0.1,0.1,0.1,0.1,0.1,0.1,0.1,1,1,1,1,1,1,1,1,1,1,1,1,1,1,1,1,1,1,1,1,0.1,0.1,0.1,0.1,0.1,0.1,0.1,0.1,0.1,0.1,0.1,0.1,0.1,0.1,0.1,0.1,0.1,0.1,0.1,0.1,0.1,0.1,0.1,0.1,0.1,0.1,0.1,0.1,0.1,0.1,0.1,0.1,0.1,0.1,0.1,0.1,0.1,0.1,0.1,0.1,0.1,0.1,0.1,0.1,0.1,0.1,0.1,0.1,0.1,0.1,0.1,0.1,0.1,0.1,0.1,0.1,0.1,0.1,0.1,0.1,0.1,0.1,0.1,0.1,0.1,0.1,0.1,0.1,0.1,0.1,0.1,0.1,0.1,0.1,0.1,0.1,0.1,0.1,0.1,0.1,0.1,0.1,0.1,0.1,0.1,0.1,0.1,0.1,0.1,0.1,0.1,0.1,0.1,0.1,0.1,0.1,0.1,0.1,0.1,0.1,0.1,0.1,0.1,0.1,0.1,0.1,0.1,0.1,0.1,0.1,0.1,0.1,0.1,0.1,0.1,0.1,0.1,0.1,0.1,0.1,0.1,0.1,0.1,0.1,0.1,0.1,0.1,0.1,0.1,0.1,0.1,0.1,0.1,0.1,0.1,0.1,0.1,0.1,0.1,0.1,0.1,0.1,0.1,0.1,0.1,0.1,0.1,0.1,0.1,0.1,0.1,0.1,0.1,0.1,0.1,0.1,0.1,0.1,0.1,0.1,0.1,0.1,0.1,0.1,0.1,0.1,0.1,0.1,0.1,0.1,0.1,0.1,0.1,0.1,0.1,0.1,0.1,0.1,0.1,0.1,0.1,0.1,0.1,0.1,0.1
0.1,0.1,0.1,0.1,0.1,0.1,0.1,0.1,0.1,0.1,0.1,0.1,0.1,0.1,0.1,0.1,0.1,0.1,0.1,0.1,0.1,0.1,0.1,0.1,0.1,0.1,0.1,0.1,0.1,0.1,0.1,0.1,0.1,0.1,0.1,0.1,0.1,0.1,0.1,0.1,0.1,0.1,0.1,0.1,0.1,0.1,0.1,0.1,0.1,0.1,0.1,0.1,0.1,0.1,0.1,0.1,0.1,0.1,0.1,0.1,0.1,0.1,0.1,0.1,0.1,0.1,0.1,0.1,0.1,0.1,0.1,0.1,0.1,0.1,0.1,0.1,0.1,0.1,0.1,0.1,0.1,0.1,0.1,0.1,0.1,0.1,0.1,0.1,0.1,0.1,0.1,0.1,0.1,0.1,0.1,0.1,0.1,0.1,0.1,0.1,0.1,0.1,0.1,0.1,0.1,0.1,0.1,0.1,0.1,0.1,0.1,0.1,0.1,0.1,0.1,0.1,0.1,0.1,0.1,0.1,0.1,0.1,0.1,0.1,0.1,0.1,0.1,0.1,0.1,0.1,0.1,0.1,0.1,0.1,0.1,0.1,0.1,0.1,0.1,0.1,0.1,0.1,0.1,0.1,0.1,0.1,0.1,0.1,0.1,0.1,0.1,0.1,0.1,0.1,0.1,0.1,0.1,0.1,0.1,0.1,0.1,0.1,0.1,0.1,0.1,0.1,0.1,0.1,0.1,0.1,0.1,0.1,0.1,0.1,0.1,0.1,0.1,0.1,0.1,0.1,0.1,0.1,0.1,0.1,0.1,0.1,0.1,0.1,0.1,0.1,0.1,0.1,0.1,0.1,0.1,0.1,0.1,0.1,0.1,0.1,0.1,0.1,0.1,0.1,0.1,0.1,0.1,0.1,0.1,0.1,0.1,0.1,0.1,0.1,0.1,0.1,0.1,0.1,0.1,0.1,0.1,0.1,0.1,0.1,0.1,0.1,0.1,0.1,0.1,0.1,0.1,0.1,0.1,0.1,0.1,0.1,0.1,0.1,0.1,0.1,0.1,0.1,0.1,0.1,0.1,0.1,0.1,0.1,0.1,0.1,0.1,0.1,0.1,0.1,0.1,0.1,0.1,0.1,0.1,0.1,0.1,0.1,0.1,0.1,0.1,0.1,0.1,0.1,0.1,0.1,0.1,0.1,0.1,0.1,0.1,0.1,0.1,0.1,0.1,0.1,0.1,0.1,0.1,0.1,0.1,0.1,0.1,0.1,0.1,0.1,0.1,0.1,0.1,0.1,0.1,0.1,0.1,0.1,0.1,0.1,0.1,0.1,0.1,0.1,0.1,0.1,0.1,0.1,0.1,0.1,0.1,0.1,0.1,0.1,0.1,0.1,0.1,0.1,0.1,0.1,0.1,0.1,0.1,0.1,0.1,0.1,0.1,0.1,0.1,0.1,0.1,0.1,0.1,0.1,0.1,0.1,0.1,0.1,0.1,0.1,0.1,0.1,0.1,0.1,0.1,0.1,0.1,0.1,0.1,0.1,0.1,0.1,0.1,0.1,0.1,0.1,0.1,0.1,0.1,0.1,0.1,0.1,0.1,0.1,0.1,0.1,0.1,0.1,0.1,0.1,0.1,0.1,0.1,0.1,0.1,0.1,0.1,0.1,0.1,0.1,0.1,0.1,0.1,0.1,0.1,0.1,0.1,0.1,0.1,0.1,0.1,0.1,0.1,0.1,0.1,0.1,0.1,0.1,0.1,0.1,0.1,0.1,0.1,0.1,0.1,0.1,0.1,0.1,0.1,0.1,0.1,0.1,0.1,0.1,0.1,0.1,0.1,0.1,0.1,0.1,0.1,0.1,0.1,0.1,0.1,0.1,0.1,0.1,0.1,0.1,0.1,0.1,0.1,0.1,0.1,0.1,0.1,0.1,0.1,0.1,0.1,0.1,0.1,0.1,0.1,0.1,0.1,0.1,0.1,0.1,0.1,0.1,0.1,0.1,0.1,0.1,0.1,0.1,0.1,0.1,0.1,0.1,0.1,0.1,0.1,0.1,0.1,0.1,0.1,0.1,0.1,0.1,0.1,0.1,0.1,0.1,0.1,0.1,0.1,0.1,0.1,0.1,0.1,0.1,0.1,0.1,0.1,0.1,0.1,0.1,0.1,0.1,0.1,0.1,0.1,0.1,0.1,0.1,0.1,0.1,0.1,0.1,0.1,0.1,0.1,0.1,0.1,0.1,0.1,0.1,0.1,0.1,0.1,0.1,0.1,0.1,0.1,0.1,0.1,0.1,0.1,0.1,0.1,0.1,0.1,0.1,0.1,0.1,0.1,0.1,0.1,0.1,0.1,0.1,0.1,0.1,0.1,0.1,0.1,0.1,0.1,0.1,0.1,0.1,0.1,0.1,0.1,0.1,0.1,0.1
0.1,0.1,0.1,0.1,0.1,0.1,0.1,0.1,0.1,0.1,0.1,0.1,0.1,0.1,0.1,0.1,0.1,0.1,0.1,0.1,0.1,0.1,0.1,0.1,0.1,0.1,0.1,0.1,0.1,0.1,0.1,0.1,0.1,0.1,0.1,0.1,0.1,0.1,0.1,0.1,0.1,0.1,0.1,0.1,0.1,0.1,0.1,0.1,0.1,0.1,0.1,0.1,0.1,0.1,0.1,0.1,0.1,0.1,0.1,0.1,0.1,0.1,0.1,0.1,0.1,0.1,0.1,0.1,0.1,0.1,0.1,0.1,0.1,0.1,0.1,0.1,0.1,0.1,0.1,0.1,0.1,0.1,0.1,0.1,0.1,0.1,0.1,0.1,0.1,0.1,0.1,0.1,0.1,0.1,0.1,0.1,0.1,0.1,0.1,0.1,0.1,0.1,0.1,0.1,0.1,0.1,0.1,0.1,0.1,0.1,0.1,0.1,0.1,0.1,0.1,0.1,0.1,0.1,0.1,0.1,0.1,0.1,0.1,0.1,0.1,0.1,0.1,0.1,0.1,0.1,0.1,0.1,0.1,0.1,0.1,0.1,0.1,0.1,0.1,0.1,0.1,0.1,0.1,0.1,0.1,0.1,0.1,0.1,0.1,0.1,0.1,0.1,0.1,0.1,0.1,0.1,0.1,0.1,0.1,0.1,0.1,0.1,0.1,0.1,0.1,0.1,0.1,0.1,0.1,0.1,0.1,0.1,0.1,0.1,0.1,0.1,0.1,0.1,0.1,0.1,0.1,0.1,0.1,0.1,0.1,0.1,0.1,0.1,0.1,1,1,1,1,1,1,1,1,1,1,1,1,1,1,1,1,1,1,0.1,0.1,0.1,0.1,0.1,0.1,0.1,0.1,0.1,0.1,0.1,0.1,0.1,0.1,0.1,0.1,0.1,0.1,0.1,0.1,0.1,0.1,0.1,1,1,1,1,1,1,1,1,1,1,1,2,2,2,2,2,2,2,2,2,2,2,2,2,2,2,2,2,2,2,2,2,2,2,2,2,2,2,2,2,2,1,1,1,1,1,1,1,1,1,1,1,2,2,2,2,2,2,2,2,2,2,2,2,2,2,2,2,2,2,2,2,2,2,2,2,2,2,2,2,2,2,1,1,1,1,1,1,1,1,1,1,1,0.1,0.1,0.1,0.1,0.1,0.1,0.1,0.1,0.1,0.1,0.1,0.1,0.1,0.1,0.1,0.1,0.1,0.1,0.1,0.1,0.1,0.1,0.1,1,1,1,1,1,1,1,1,1,1,1,1,1,1,1,1,1,1,0.1,0.1,0.1,0.1,0.1,0.1,0.1,0.1,0.1,0.1,0.1,0.1,0.1,0.1,0.1,0.1,0.1,0.1,0.1,0.1,0.1,0.1,0.1,0.1,0.1,0.1,0.1,0.1,0.1,0.1,0.1,0.1,0.1,0.1,0.1,0.1,0.1,0.1,0.1,0.1,0.1,0.1,0.1,0.1,0.1,0.1,0.1,0.1,0.1,0.1,0.1,0.1,0.1,0.1,0.1,0.1,0.1,0.1,0.1,0.1,0.1,0.1,0.1,0.1,0.1,0.1,0.1,0.1,0.1,0.1,0.1,0.1,0.1,0.1,0.1,0.1,0.1,0.1,0.1,0.1,0.1,0.1,0.1,0.1,0.1,0.1,0.1,0.1,0.1,0.1,0.1,0.1,0.1,0.1,0.1,0.1,0.1,0.1,0.1,0.1,0.1,0.1,0.1,0.1,0.1,0.1,0.1,0.1,0.1,0.1,0.1,0.1,0.1,0.1,0.1,0.1,0.1,0.1,0.1,0.1,0.1,0.1,0.1,0.1,0.1,0.1,0.1,0.1,0.1,0.1,0.1,0.1,0.1,0.1,0.1,0.1,0.1,0.1,0.1,0.1,0.1,0.1,0.1,0.1,0.1,0.1,0.1,0.1,0.1,0.1,0.1,0.1,0.1,0.1,0.1,0.1,0.1,0.1,0.1,0.1,0.1,0.1,0.1,0.1,0.1,0.1,0.1,0.1,0.1,0.1,0.1,0.1,0.1,0.1,0.1,0.1,0.1,0.1,0.1,0.1,0.1,0.1,0.1,0.1,0.1,0.1
0.1,0.1,0.1,0.1,0.1,0.1,0.1,0.1,0.1,0.1,0.1,0.1,0.1,0.1,0.1,0.1,0.1,0.1,0.1,0.1,0.1,0.1,0.1,0.1,0.1,0.1,0.1,0.1,0.1,0.1,0.1,0.1,0.1,0.1,0.1,0.1,0.1,0.1,0.1,0.1,0.1,0.1,0.1,0.1,0.1,0.1,0.1,0.1,0.1,0.1,0.1,0.1,0.1,0.1,0.1,0.1,0.1,0.1,0.1,0.1,0.1,0.1,0.1,0.1,0.1,0.1,0.1,0.1,0.1,0.1,0.1,0.1,0.1,0.1,0.1,0.1,0.1,0.1,0.1,0.1,0.1,0.1,0.1,0.1,1,1,1,1,1,1,1,1,1,1,1,1,1,1,1,1,1,1,1,1,1,1,1,1,1,1,1,1,1,1,1,1,1,1,0.1,0.1,0.1,0.1,0.1,0.1,0.1,0.1,0.1,0.1,0.1,0.1,0.1,0.1,0.1,0.1,0.1,0.1,0.1,0.1,0.1,1,1,1,1,1,1,1,1,1,2,2,2,2,2,2,2,2,2,2,2,1,1,1,1,1,1,1,1,0.1,0.1,0.1,0.1,0.1,0.1,0.1,0.1,0.1,0.1,0.1,0.1,0.1,0.1,1,1,1,1,1,2,2,2,2,2,3,3,3,3,3,3,3,3,3,3,3,3,3,3,2,2,2,2,1,1,1,1,1,0.1,0.1,0.1,0.1,0.1,0.1,0.1,0.1,0.1,0.1,0.1,1,1,1,1,2,2,2,3,3,4,4,4,5,5,5,6,6,6,6,7,7,7,7,7,7,7,8,8,8,7,7,7,7,7,7,7,7,7,7,6,6,6,6,6,6,6,6,6,6,6,6,6,6,6,6,6,6,6,6,6,6,6,6,6,7,7,7,7,7,7,7,7,7,7,8,8,8,7,7,7,7,7,7,7,6,6,6,6,5,5,5,4,4,4,3,3,2,2,2,1,1,1,1,0.1,0.1,0.1,0.1,0.1,0.1,0.1,0.1,0.1,0.1,0.1,1,1,1,1,1,2,2,2,2,3,3,3,3,3,3,3,3,3,3,3,3,3,3,2,2,2,2,2,1,1,1,1,1,0.1,0.1,0.1,0.1,0.1,0.1,0.1,0.1,0.1,0.1,0.1,0.1,0.1,0.1,1,1,1,1,1,1,1,1,2,2,2,2,2,2,2,2,2,2,2,1,1,1,1,1,1,1,1,1,0.1,0.1,0.1,0.1,0.1,0.1,0.1,0.1,0.1,0.1,0.1,0.1,0.1,0.1,0.1,0.1,0.1,0.1,0.1,0.1,0.1,1,1,1,1,1,1,1,1,1,1,1,1,1,1,1,1,1,1,1,1,1,1,1,1,1,1,1,1,1,1,1,1,1,1,0.1,0.1,0.1,0.1,0.1,0.1,0.1,0.1,0.1,0.1,0.1,0.1,0.1,0.1,0.1,0.1,0.1,0.1,0.1,0.1,0.1,0.1,0.1,0.1,0.1,0.1,0.1,0.1,0.1,0.1,0.1,0.1,0.1,0.1,0.1,0.1,0.1,0.1,0.1,0.1,0.1,0.1,0.1,0.1,0.1,0.1,0.1,0.1,0.1,0.1,0.1,0.1,0.1,0.1,0.1,0.1,0.1,0.1,0.1,0.1,0.1,0.1,0.1,0.1,0.1,0.1,0.1,0.1,0.1,0.1,0.1,0.1,0.1,0.1,0.1,0.1,0.1,0.1,0.1,0.1,0.1
0.1,0.1,0.1,0.1,0.1,0.1,0.1,0.1,0.1,0.1,0.1,0.1,0.1,0.1,0.1,0.1,0.1,0.1,0.1,0.1,0.1,0.1,0.1,0.1,0.1,0.1,0.1,0.1,0.1,0.1,0.1,0.1,0.1,0.1,0.1,0.1,0.1,0.1,0.1,0.1,0.1,0.1,0.1,0.1,0.1,0.1,0.1,0.1,0.1,0.1,0.1,0.1,0.1,0.1,0.1,0.1,0.1,0.1,0.1,0.1,0.1,0.1,0.1,0.1,0.1,0.1,1,1,1,1,1,1,1,1,1,1,1,1,1,1,1,1,1,1,1,1,1,1,1,1,2,2,2,2,2,2,2,2,2,2,2,2,2,2,2,2,2,2,2,2,2,2,2,2,2,1,1,1,1,1,1,1,0.1,0.1,0.1,0.1,0.1,0.1,0.1,0.1,0.1,0.1,0.1,0.1,0.1,1,1,1,1,1,2,2,2,2,3,3,3,3,3,4,4,4,4,4,4,4,4,4,3,3,3,3,2,2,2,2,1,1,1,1,0.1,0.1,0.1,0.1,0.1,0.1,0.1,0.1,0.1,1,1,1,2,2,2,3,3,4,4,5,5,6,6,6,6,7,7,7,7,7,7,6,6,6,6,5,5,4,4,3,3,2,2,1,1,1,0.1,0.1,0.1,0.1,0.1,0.1,0.1,1,1,1,2,2,3,4,4,5,6,7,8,9,9,10,11,12,12,13,14,14,15,15,16,16,16,16,16,17,17,16,16,16,16,16,16,15,15,15,15,14,14,14,14,13,13,13,13,13,13,12,12,12,12,12,12,12,13,13,13,13,13,13,14,14,14,14,15,15,15,15,16,16,16,16,16,16,17,17,16,16,16,16,16,15,15,14,14,13,12,12,11,10,9,9,8,7,6,5,4,4,3,2,2,1,1,1,0.1,0.1,0.1,0.1,0.1,0.1,0.1,1,1,1,2,2,3,3,4,4,5,5,6,6,6,6,7,7,7,7,7,7,6,6,6,6,5,5,4,4,3,3,2,2,2,1,1,1,0.1,0.1,0.1,0.1,0.1,0.1,0.1,0.1,0.1,1,1,1,1,2,2,2,2,3,3,3,3,4,4,4,4,4,4,4,4,4,3,3,3,3,3,2,2,2,2,1,1,1,1,1,0.1,0.1,0.1,0.1,0.1,0.1,0.1,0.1,0.1,0.1,0.1,0.1,0.1,1,1,1,1,1,1,1,2,2,2,2,2,2,2,2,2,2,2,2,2,2,2,2,2,2,2,2,2,2,2,2,2,1,1,1,1,1,1,1,1,1,1,1,1,1,1,1,1,1,1,1,1,1,1,1,1,0.1,0.1,0.1,0.1,0.1,0.1,0.1,0.1,0.1,0.1,0.1,0.1,0.1,0.1,0.1,0.1,0.1,0.1,0.1,0.1,0.1,0.1,0.1,0.1,0.1,0.1,0.1,0.1,0.1,0.1,0.1,0.1,0.1,0.1,0.1,0.1,0.1,0.1,0.1,0.1,0.1,0.1,0.1,0.1,0.1,0.1,0.1,0.1,0.1,0.1,0.1,0.1,0.1,0.1,0.1,0.1,0.1,0.1,0.1,0.1,0.1,0.1,0.1
0.1,0.1,0.1,0.1,0.1,0.1,0.1,0.1,0.1,0.1,0.1,0.1,0.1,0.1,0.1,0.1,0.1,0.1,0.1,0.1,0.1,0.1,0.1,0.1,0.1,0.1,0.1,0.1,0.1,0.1,0.1,0.1,0.1,0.1,0.1,0.1,0.1,0.1,0.1,0.1,0.1,0.1,0.1,0.1,0.1,0.1,0.1,0.1,0.1,0.1,1,1,1,1,1,1,1,1,1,1,1,1,1,1,1,1,1,1,1,1,1,1,1,1,1,1,1,1,1,1,2,2,2,2,2,2,2,2,2,2,3,3,3,3,3,3,3,3,4,4,4,4,4,4,4,4,4,4,4,4,3,3,3,3,3,3,2,2,2,2,1,1,1,1,0.1,0.1,0.1,0.1,0.1,0.1,0.1,0.1,0.1,0.1,1,1,1,2,2,2,3,3,4,4,4,5,5,6,6,6,6,7,7,7,7,7,6,6,6,6,5,5,4,4,3,3,2,2,1,1,1,0.1,0.1,0.1,0.1,0.1,0.1,0.1,1,1,2,2,3,4,4,5,6,7,7,8,9,10,10,11,11,11,12,12,12,12,12,11,11,10,10,9,8,7,6,6,5,4,3,2,2,1,1,0.1,0.1,0.1,0.1,0.1,1,1,2,2,3,4,5,7,8,9,11,12,13,15,16,18,19,20,22,23,24,25,26,26,27,27,28,28,28,28,28,28,28,28,28,27,27,27,26,26,25,25,24,24,23,23,23,22,22,22,22,21,21,21,21,21,21,21,22,22,22,22,23,23,23,24,24,25,25,26,26,27,27,27,28,28,28,28,28,28,28,28,28,27,27,26,26,25,24,23,22,20,19,18,16,15,13,12,11,9,8,7,5,4,3,2,2,1,1,0.1,0.1,0.1,0.1,0.1,1,1,2,2,3,4,5,6,6,7,8,9,10,10,11,11,12,12,12,12,12,11,11,11,10,10,9,8,7,7,6,5,4,4,3,2,2,1,1,0.1,0.1,0.1,0.1,0.1,0.1,0.1,1,1,1,2,2,3,3,4,4,5,5,6,6,6,6,7,7,7,7,7,6,6,6,6,5,5,4,4,4,3,3,2,2,2,1,1,1,0.1,0.1,0.1,0.1,0.1,0.1,0.1,0.1,0.1,0.1,1,1,1,1,2,2,2,2,3,3,3,3,3,3,4,4,4,4,4,4,4,4,4,4,4,4,3,3,3,3,3,3,3,3,2,2,2,2,2,2,2,2,2,2,1,1,1,1,1,1,1,1,1,1,1,1,1,1,1,1,1,1,1,1,1,1,1,1,1,1,1,1,1,1,0.1,0.1,0.1,0.1,0.1,0.1,0.1,0.1,0.1,0.1,0.1,0.1,0.1,0.1,0.1,0.1,0.1,0.1,0.1,0.1,0.1,0.1,0.1,0.1,0.1,0.1,0.1,0.1,0.1,0.1,0.1,0.1,0.1,0.1,0.1,0.1,0.1,0.1,0.1,0.1,0.1,0.1,0.1,0.1,0.1,0.1,0.1
0.1,0.1,0.1,0.1,0.1,0.1,0.1,0.1,0.1,0.1,0.1,0.1,0.1,0.1,0.1,0.1,0.1,0.1,0.1,0.1,0.1,0.1,0.1,0.1,0.1,0.1,0.1,0.1,0.1,0.1,0.1,0.1,0.1,0.1,0.1,0.1,0.1,0.1,0.1,0.1,0.1,0.1,0.1,0.1,1,1,1,1,1,1,1,1,1,1,1,1,1,1,1,1,1,1,1,1,1,1,1,1,1,1,1,2,2,2,2,2,2,2,2,2,2,2,3,3,3,3,3,3,4,4,4,4,4,4,5,5,5,5,5,5,6,6,6,6,6,6,6,6,6,5,5,5,5,4,4,4,3,3,3,2,2,2,1,1,1,0.1,0.1,0.1,0.1,0.1,0.1,0.1,0.1,1,1,1,2,2,3,3,4,5,5,6,7,7,8,8,9,9,10,10,10,10,10,10,10,9,9,8,8,7,7,6,5,4,4,3,2,2,1,1,0.1,0.1,0.1,0.1,0.1,1,1,2,2,3,4,5,6,8,9,10,11,12,13,15,15,16,17,17,18,18,18,18,17,17,16,15,15,13,12,11,10,9,7,6,5,4,3,2,1,1,0.1,0.1,0.1,0.1,1,2,2,4,5,6,8,10,12,14,16,18,20,23,25,27,29,31,33,34,36,37,39,40,41,41,42,43,43,43,43,43,43,42,42,41,41,40,39,39,38,37,36,36,35,34,34,33,33,33,32,32,32,32,32,32,32,32,32,33,33,33,34,34,35,36,36,37,38,39,39,40,41,41,42,42,43,43,43,43,43,43,42,41,41,40,39,37,36,34,33,31,29,27,25,23,20,18,16,14,12,10,8,6,5,4,2,2,1,0.1,0.1,0.1,0.1,1,1,2,3,4,5,6,7,9,10,11,12,13,15,15,16,17,17,18,18,18,18,17,17,16,15,15,13,12,11,10,9,8,6,5,4,3,2,2,1,1,0.1,0.1,0.1,0.1,0.1,1,1,2,2,3,4,4,5,6,7,7,8,8,9,9,10,10,10,10,10,10,10,9,9,8,8,7,7,6,5,5,4,3,3,2,2,1,1,1,0.1,0.1,0.1,0.1,0.1,0.1,0.1,0.1,1,1,1,2,2,2,3,3,3,4,4,4,5,5,5,5,6,6,6,6,6,6,6,6,6,5,5,5,5,5,5,4,4,4,4,4,4,3,3,3,3,3,3,2,2,2,2,2,2,2,2,2,2,2,1,1,1,1,1,1,1,1,1,1,1,1,1,1,1,1,1,1,1,1,1,1,1,1,1,1,1,0.1,0.1,0.1,0.1,0.1,0.1,0.1,0.1,0.1,0.1,0.1,0.1,0.1,0.1,0.1,0.1,0.1,0.1,0.1,0.1,0.1,0.1,0.1,0.1,0.1,0.1,0.1,0.1,0.1,0.1,0.1,0.1,0.1,0.1,0.1,0.1,0.1,0.1,0.1,0.1,0.1
0.1,0.1,0.1,0.1,0.1,0.1,0.1,0.1,0.1,0.1,0.1,0.1,0.1,0.1,0.1,0.1,0.1,0.1,0.1,0.1,0.1,0.1,0.1,0.1,0.1,0.1,0.1,0.1,0.1,0.1,0.1,0.1,0.1,0.1,0.1,0.1,0.1,0.1,0.1,0.1,1,1,1,1,1,1,1,1,1,1,1,1,1,1,1,1,1,1,1,1,1,2,2,2,2,2,2,2,2,2,2,2,2,2,2,2,3,3,3,3,3,3,4,4,4,4,4,5,5,5,5,6,6,6,6,7,7,7,7,8,8,8,8,8,8,8,8,8,8,8,7,7,7,6,6,5,5,4,4,3,3,2,2,1,1,1,0.1,0.1,0.1,0.1,0.1,0.1,0.1,1,1,2,2,3,4,5,6,7,8,8,9,10,11,12,13,13,14,14,14,14,14,14,14,13,13,12,11,10,9,8,7,6,5,4,3,2,1,1,0.1,0.1,0.1,0.1,0.1,1,2,2,3,5,6,7,9,11,12,14,16,17,19,20,22,23,24,24,25,25,25,25,24,24,23,22,20,19,17,15,14,12,10,8,7,5,4,2,1,1,0.1,0.1,0.1,0.1,1,2,3,5,7,9,11,14,17,19,22,25,28,31,34,37,40,43,45,48,50,52,54,55,56,58,58,59,59,59,59,59,59,58,58,57,56,55,54,53,52,51,50,49,48,47,46,46,45,45,44,44,43,43,43,43,43,44,44,45,45,46,46,47,48,49,50,51,52,53,54,55,56,57,58,58,59,59,59,59,59,59,58,58,56,55,54,52,50,48,45,43,40,37,34,31,28,25,22,19,17,14,11,9,7,5,3,2,1,0.1,0.1,0.1,0.1,1,1,2,4,5,7,8,10,12,14,15,17,19,20,22,23,24,24,25,25,25,25,24,24,23,22,20,19,17,16,14,12,11,9,7,6,5,3,2,2,1,0.1,0.1,0.1,0.1,0.1,1,1,2,3,4,5,6,7,8,9,10,11,12,13,13,14,14,14,14,14,14,14,13,13,12,11,10,9,8,8,7,6,5,4,3,2,2,1,1,0.1,0.1,0.1,0.1,0.1,0.1,0.1,1,1,1,2,2,3,3,4,4,5,5,6,6,7,7,7,8,8,8,8,8,8,8,8,8,8,8,7,7,7,7,6,6,6,6,5,5,5,5,4,4,4,4,4,3,3,3,3,3,3,2,2,2,2,2,2,2,2,2,2,2,2,2,2,2,1,1,1,1,1,1,1,1,1,1,1,1,1,1,1,1,1,1,1,1,1,0.1,0.1,0.1,0.1,0.1,0.1,0.1,0.1,0.1,0.1,0.1,0.1,0.1,0.1,0.1,0.1,0.1,0.1,0.1,0.1,0.1,0.1,0.1,0.1,0.1,0.1,0.1,0.1,0.1,0.1,0.1,0.1,0.1,0.1,0.1,0.1,0.1
0.1,0.1,0.1,0.1,0.1,0.1,0.1,0.1,0.1,0.1,0.1,0.1,0.1,0.1,0.1,0.1,0.1,0.1,0.1,0.1,0.1,0.1,0.1,0.1,0.1,0.1,0.1,0.1,0.1,0.1,0.1,0.1,0.1,0.1,0.1,0.1,0.1,0.1,1,1,1,1,1,1,1,1,1,1,1,1,1,1,2,2,2,2,2,2,2,2,2,2,2,2,2,2,2,2,2,2,3,3,3,3,3,3,3,3,4,4,4,4,5,5,5,5,6,6,6,7,7,7,8,8,8,9,9,9,10,10,10,10,10,11,11,11,10,10,10,10,10,9,9,8,8,7,6,6,5,4,4,3,2,2,1,1,0.1,0.1,0.1,0.1,0.1,0.1,1,1,2,2,3,4,5,6,7,9,10,11,12,13,15,16,16,17,18,18,19,19,19,18,18,17,16,16,14,13,12,11,9,8,6,5,4,3,2,1,0.1,0.1,0.1,0.1,1,1,2,3,5,6,8,10,12,14,16,18,21,23,25,27,28,30,31,32,33,33,33,33,32,31,30,28,26,25,22,20,18,15,13,11,9,7,5,3,2,1,0.1,0.1,0.1,1,2,3,5,7,9,12,15,18,22,26,29,33,37,41,45,49,53,56,59,63,65,68,70,72,74,75,76,77,77,77,77,77,76,76,75,74,72,71,70,69,67,66,64,63,62,61,60,59,58,57,57,56,56,55,55,55,56,56,57,57,58,59,60,61,62,63,64,66,67,69,70,71,72,74,75,76,76,77,77,77,77,77,76,75,74,72,70,68,65,63,59,56,53,49,45,41,37,33,29,26,22,18,15,12,9,7,5,3,2,1,0.1,0.1,0.1,1,2,3,5,7,9,11,13,15,18,20,22,25,26,28,30,31,32,33,33,33,33,32,31,30,28,27,25,23,21,18,16,14,12,10,8,6,5,3,2,1,1,0.1,0.1,0.1,0.1,1,2,3,4,5,6,8,9,11,12,13,14,16,16,17,18,18,19,19,19,18,18,17,16,16,15,13,12,11,10,9,7,6,5,4,3,2,2,1,1,0.1,0.1,0.1,0.1,0.1,0.1,1,1,2,2,3,4,4,5,6,6,7,8,8,9,9,10,10,10,10,10,11,11,11,10,10,10,10,10,9,9,9,8,8,8,7,7,7,6,6,6,5,5,5,5,4,4,4,4,3,3,3,3,3,3,3,3,2,2,2,2,2,2,2,2,2,2,2,2,2,2,2,2,2,2,1,1,1,1,1,1,1,1,1,1,1,1,1,1,0.1,0.1,0.1,0.1,0.1,0.1,0.1,0.1,0.1,0.1,0.1,0.1,0.1,0.1,0.1,0.1,0.1,0.1,0.1,0.1,0.1,0.1,0.1,0.1,0.1,0.1,0.1,0.1,0.1,0.1,0.1,0.1,0.1,0.1,0.1
0.1,0.1,0.1,0.1,0.1,0.1,0.1,0.1,0.1,0.1,0.1,0.1,0.1,0.1,0.1,0.1,0.1,0.1,0.1,0.1,0.1,0.1,0.1,0.1,0.1,0.1,0.1,0.1,0.1,0.1,0.1,0.1,0.1,0.1,0.1,0.1,1,1,1,1,1,1,1,1,1,1,1,1,2,2,2,2,2,2,2,2,2,2,2,2,2,2,2,3,3,3,3,3,3,3,3,3,3,4,4,4,4,4,4,5,5,5,6,6,6,7,7,7,8,8,9,9,10,10,10,11,11,12,12,12,13,13,13,13,13,13,13,13,13,12,12,11,11,10,10,9,8,7,6,5,5,4,3,2,2,1,1,0.1,0.1,0.1,0.1,0.1,1,1,2,3,4,5,6,8,9,11,12,14,15,17,18,19,21,22,22,23,23,23,23,23,22,22,21,19,18,17,15,13,12,10,8,6,5,4,2,1,1,0.1,0.1,0.1,1,1,3,4,6,8,10,12,15,18,20,23,26,29,31,33,35,37,39,40,41,41,41,41,40,39,37,35,33,31,28,25,22,19,16,13,11,8,6,4,2,1,0.1,0.1,0.1,1,2,4,6,9,12,15,19,23,28,32,37,42,47,52,57,61,66,70,74,78,82,85,88,90,92,93,95,95,96,96,96,95,95,94,92,91,89,88,86,84,83,81,79,78,76,74,73,72,71,70,69,68,68,68,68,68,68,68,69,70,71,72,73,74,76,78,79,81,83,84,86,88,89,91,92,94,95,95,96,96,96,95,95,93,92,90,88,85,82,78,74,70,66,61,57,52,47,42,37,32,28,23,19,15,12,9,6,4,2,1,0.1,0.1,0.1,1,2,4,6,8,11,13,16,19,22,25,28,31,33,35,37,39,40,41,41,41,41,40,39,37,35,33,31,29,26,23,20,18,15,12,10,8,6,4,3,1,1,0.1,0.1,0.1,1,1,2,4,5,6,8,10,12,13,15,17,18,19,21,22,22,23,23,23,23,23,22,22,21,19,18,17,15,14,12,11,9,8,6,5,4,3,2,1,1,0.1,0.1,0.1,0.1,0.1,1,1,2,2,3,4,5,5,6,7,8,9,10,10,11,11,12,12,13,13,13,13,13,13,13,13,13,12,12,12,11,11,10,10,10,9,9,8,8,7,7,7,6,6,6,5,5,5,4,4,4,4,4,4,3,3,3,3,3,3,3,3,3,3,2,2,2,2,2,2,2,2,2,2,2,2,2,2,2,1,1,1,1,1,1,1,1,1,1,1,1,0.1,0.1,0.1,0.1,0.1,0.1,0.1,0.1,0.1,0.1,0.1,0.1,0.1,0.1,0.1,0.1,0.1,0.1,0.1,0.1,0.1,0.1,0.1,0.1,0.1,0.1,0.1,0.1,0.1,0.1,0.1,0.1,0.1
0.1,0.1,0.1,0.1,0.1,0.1,0.1,0.1,0.1,0.1,0.1,0.1,0.1,0.1,0.1,0.1,0.1,0.1,0.1,0.1,0.1,0.1,0.1,0.1,0.1,0.1,0.1,0.1,0.1,0.1,0.1,0.1,0.1,0.1,1,1,1,1,1,1,1,1,1,1,1,2,2,2,2,2,2,2,2,2,2,2,3,3,3,3,3,3,3,3,3,3,3,3,3,4,4,4,4,4,4,5,5,5,5,6,6,6,7,7,7,8,8,9,9,10,10,11,11,12,12,13,13,14,14,15,15,15,16,16,16,16,16,16,15,15,14,14,13,12,12,11,10,9,8,7,6,5,4,3,2,1,1,0.1,0.1,0.1,0.1,0.1,1,2,2,4,5,6,8,9,11,13,15,17,19,20,22,24,25,26,27,28,28,28,28,28,27,26,25,24,22,20,18,16,14,12,10,8,6,4,3,2,1,0.1,0.1,0.1,1,2,3,5,7,9,12,15,18,21,25,28,31,35,38,40,43,45,47,48,49,50,50,49,48,47,45,43,40,37,34,30,27,23,20,16,13,10,7,5,3,1,0.1,0.1,0.1,1,3,5,7,10,14,18,23,28,33,39,45,51,57,63,69,74,80,85,90,94,98,102,105,108,110,112,114,114,115,115,115,114,113,112,110,108,106,104,102,100,98,96,93,91,90,88,86,84,83,82,81,80,80,79,79,79,80,80,81,82,83,84,86,88,90,91,93,96,98,100,102,104,106,108,110,112,113,114,115,115,115,114,114,112,110,108,105,102,98,94,90,85,80,74,69,63,57,51,45,39,33,28,23,18,14,10,7,5,3,1,0.1,0.1,0.1,1,3,5,7,10,13,16,20,23,27,30,34,37,40,43,45,47,48,49,50,50,49,48,47,45,43,40,38,35,31,28,25,21,18,15,12,9,7,5,3,2,1,0.1,0.1,0.1,1,2,3,4,6,8,10,12,14,16,18,20,22,24,25,26,27,28,28,28,28,28,27,26,25,24,22,20,19,17,15,13,11,9,8,6,5,4,2,2,1,0.1,0.1,0.1,0.1,0.1,1,1,2,3,4,5,6,7,8,9,10,11,12,12,13,14,14,15,15,16,16,16,16,16,16,15,15,15,14,14,13,13,12,12,11,11,10,10,9,9,8,8,7,7,7,6,6,6,5,5,5,5,4,4,4,4,4,4,3,3,3,3,3,3,3,3,3,3,3,3,3,2,2,2,2,2,2,2,2,2,2,2,1,1,1,1,1,1,1,1,1,1,1,0.1,0.1,0.1,0.1,0.1,0.1,0.1,0.1,0.1,0.1,0.1,0.1,0.1,0.1,0.1,0.1,0.1,0.1,0.1,0.1,0.1,0.1,0.1,0.1,0.1,0.1,0.1,0.1,0.1,0.1,0.1
0.1,0.1,0.1,0.1,0.1,0.1,0.1,0.1,0.1,0.1,0.1,0.1,0.1,0.1,0.1,0.1,0.1,0.1,0.1,0.1,0.1,0.1,0.1,0.1,0.1,0.1,0.1,0.1,0.1,0.1,0.1,0.1,0.1,1,1,1,1,1,1,1,1,1,1,2,2,2,2,2,2,2,2,2,3,3,3,3,3,3,3,3,3,3,3,3,4,4,4,4,4,4,4,4,4,5,5,5,5,6,6,6,7,7,7,8,8,9,9,10,11,11,12,12,13,14,14,15,16,16,17,17,18,18,18,18,19,19,19,18,18,18,17,16,15,15,14,13,11,10,9,8,7,5,4,3,2,2,1,0.1,0.1,0.1,0.1,0.1,1,2,3,4,6,7,9,11,13,15,17,20,22,24,26,28,29,31,32,33,33,33,33,33,32,31,30,28,26,24,21,19,17,14,12,9,7,5,3,2,1,0.1,0.1,0.1,1,2,4,6,8,11,14,18,21,25,29,33,37,41,44,48,51,53,55,57,58,59,59,58,57,55,53,50,47,43,40,36,31,27,23,19,15,11,8,5,3,1,0.1,0.1,0.1,1,3,6,9,12,17,22,27,33,40,46,53,60,67,74,81,87,94,100,105,111,115,119,123,126,129,131,132,133,133,133,133,132,131,129,127,125,122,120,117,115,112,109,107,104,102,100,98,96,95,93,92,91,90,90,90,90,90,91,92,93,95,96,98,100,102,104,107,109,112,115,117,120,122,125,127,129,131,132,133,133,133,133,132,131,129,126,123,119,115,111,105,100,94,87,81,74,67,60,53,46,40,33,27,22,17,12,9,6,3,1,0.1,0.1,0.1,1,3,5,8,11,15,19,23,27,31,36,40,43,47,50,53,55,57,58,59,59,58,57,55,53,51,48,44,41,37,33,29,25,21,18,14,11,8,6,4,2,1,0.1,0.1,0.1,1,2,3,5,7,9,12,14,17,19,21,24,26,28,30,31,32,33,33,33,33,33,32,31,29,28,26,24,22,20,17,15,13,11,9,7,6,4,3,2,1,0.1,0.1,0.1,0.1,0.1,1,2,2,3,4,5,7,8,9,10,11,13,14,15,15,16,17,18,18,18,19,19,19,18,18,18,18,17,17,16,16,15,14,14,13,12,12,11,11,10,9,9,8,8,7,7,7,6,6,6,5,5,5,5,4,4,4,4,4,4,4,4,4,3,3,3,3,3,3,3,3,3,3,3,3,2,2,2,2,2,2,2,2,2,1,1,1,1,1,1,1,1,1,1,0.1,0.1,0.1,0.1,0.1,0.1,0.1,0.1,0.1,0.1,0.1,0.1,0.1,0.1,0.1,0.1,0.1,0.1,0.1,0.1,0.1,0.1,0.1,0.1,0.1,0.1,0.1,0.1,0.1,0.1
0.1,0.1,0.1,0.1,0.1,0.1,0.1,0.1,0.1,0.1,0.1,0.1,0.1,0.1,0.1,0.1,0.1,0.1,0.1,0.1,0.1,0.1,0.1,0.1,0.1,0.1,0.1,0.1,0.1,0.1,0.1,0.1,0.1,1,1,1,1,1,1,1,1,2,2,2,2,2,2,2,2,3,3,3,3,3,3,3,3,3,3,3,4,4,4,4,4,4,4,4,4,4,5,5,5,5,5,6,6,6,7,7,7,8,8,9,9,10,11,11,12,13,13,14,15,15,16,17,18,18,19,20,20,20,21,21,21,21,21,21,21,20,19,19,18,17,16,14,13,12,10,9,8,6,5,4,3,2,1,0.1,0.1,0.1,0.1,1,1,2,3,5,6,8,10,13,15,17,20,22,25,27,30,32,34,35,36,37,38,38,38,38,37,36,34,32,30,27,25,22,19,16,13,11,8,6,4,2,1,0.1,0.1,0.1,1,2,4,7,9,13,16,20,25,29,33,38,43,47,51,55,58,61,64,66,67,67,67,67,65,63,61,58,54,50,45,41,36,31,26,21,17,13,9,6,3,2,0.1,0.1,0.1,2,4,7,10,15,20,25,32,39,46,53,61,69,77,85,93,100,107,114,121,126,132,136,140,144,147,149,150,151,151,151,150,149,147,145,143,140,137,134,131,128,125,122,119,116,113,111,108,106,104,103,101,100,100,99,99,99,100,100,101,103,104,106,108,111,113,116,119,122,125,128,131,134,137,140,143,145,147,149,150,151,151,151,150,149,147,144,140,136,132,126,121,114,107,100,93,85,77,69,61,53,46,39,32,25,20,15,10,7,4,2,0.1,0.1,0.1,2,3,6,9,13,17,21,26,31,36,41,45,50,54,58,61,63,65,67,67,67,67,66,64,61,58,55,51,47,43,38,33,29,25,20,16,13,9,7,4,2,1,0.1,0.1,0.1,1,2,4,6,8,11,13,16,19,22,25,27,30,32,34,36,37,38,38,38,38,37,36,35,34,32,30,27,25,22,20,17,15,13,10,8,6,5,3,2,1,1,0.1,0.1,0.1,0.1,1,2,3,4,5,6,8,9,10,12,13,14,16,17,18,19,19,20,21,21,21,21,21,21,21,20,20,20,19,18,18,17,16,15,15,14,13,13,12,11,11,10,9,9,8,8,7,7,7,6,6,6,5,5,5,5,5,4,4,4,4,4,4,4,4,4,4,3,3,3,3,3,3,3,3,3,3,3,2,2,2,2,2,2,2,2,1,1,1,1,1,1,1,1,0.1,0.1,0.1,0.1,0.1,0.1,0.1,0.1,0.1,0.1,0.1,0.1,0.1,0.1,0.1,0.1,0.1,0.1,0.1,0.1,0.1,0.1,0.1,0.1,0.1,0.1,0.1,0.1,0.1,0.1
0.1,0.1,0.1,0.1,0.1,0.1,0.1,0.1,0.1,0.1,0.1,0.1,0.1,0.1,0.1,0.1,0.1,0.1,0.1,0.1,0.1,0.1,0.1,0.1,0.1,0.1,0.1,0.1,0.1,0.1,0.1,0.1,1,1,1,1,1,1,1,1,2,2,2,2,2,2,2,3,3,3,3,3,3,3,3,3,4,4,4,4,4,4,4,4,4,4,4,4,5,5,5,5,5,6,6,6,6,7,7,7,8,8,9,9,10,11,11,12,13,14,14,15,16,17,18,19,19,20,21,22,22,23,23,23,24,24,24,23,23,22,22,21,20,19,18,16,15,13,12,10,9,7,6,4,3,2,1,1,0.1,0.1,0.1,1,1,2,4,5,7,9,12,14,17,19,22,25,28,31,33,36,38,40,41,42,43,43,43,42,41,40,38,36,34,31,28,25,21,18,15,12,9,7,4,2,1,0.1,0.1,0.1,1,3,5,7,11,14,18,23,28,33,38,43,48,53,57,62,66,69,72,74,75,76,76,75,73,71,68,65,60,56,51,46,40,35,29,24,19,14,10,7,4,2,0.1,0.1,1,2,4,8,12,17,22,29,36,44,52,60,69,78,87,96,104,113,121,128,135,141,147,152,157,160,163,165,167,167,167,167,166,164,162,159,157,154,150,147,143,139,136,132,129,126,122,119,117,114,112,110,109,108,107,106,106,106,107,108,109,110,112,114,117,119,122,126,129,132,136,139,143,147,150,154,157,159,162,164,166,167,167,167,167,165,163,160,157,152,147,141,135,128,121,113,104,96,87,78,69,60,52,44,36,29,22,17,12,8,4,2,1,0.1,0.1,2,4,7,10,14,19,24,29,35,40,46,51,56,60,65,68,71,73,75,76,76,75,74,72,69,66,62,57,53,48,43,38,33,28,23,18,14,11,7,5,3,1,0.1,0.1,0.1,1,2,4,7,9,12,15,18,21,25,28,31,34,36,38,40,41,42,43,43,43,42,41,40,38,36,33,31,28,25,22,19,17,14,12,9,7,5,4,2,1,1,0.1,0.1,0.1,1,1,2,3,4,6,7,9,10,12,13,15,16,18,19,20,21,22,22,23,23,24,24,24,23,23,23,22,22,21,20,19,19,18,17,16,15,14,14,13,12,11,11,10,9,9,8,8,7,7,7,6,6,6,6,5,5,5,5,5,4,4,4,4,4,4,4,4,4,4,4,4,3,3,3,3,3,3,3,3,3,2,2,2,2,2,2,2,1,1,1,1,1,1,1,1,0.1,0.1,0.1,0.1,0.1,0.1,0.1,0.1,0.1,0.1,0.1,0.1,0.1,0.1,0.1,0.1,0.1,0.1,0.1,0.1,0.1,0.1,0.1,0.1,0.1,0.1,0.1,0.1,0.1
0.1,0.1,0.1,0.1,0.1,0.1,0.1,0.1,0.1,0.1,0.1,0.1,0.1,0.1,0.1,0.1,0.1,0.1,0.1,0.1,0.1,0.1,0.1,0.1,0.1,0.1,0.1,0.1,0.1,0.1,0.1,1,1,1,1,1,1,1,1,2,2,2,2,2,2,2,3,3,3,3,3,3,3,3,4,4,4,4,4,4,4,4,4,4,4,4,5,5,5,5,5,5,6,6,6,6,7,7,7,8,8,9,9,10,11,11,12,13,14,15,16,16,17,18,19,20,21,22,23,24,24,25,25,26,26,26,26,26,25,25,24,23,22,21,20,18,17,15,13,11,10,8,6,5,4,2,1,1,0.1,0.1,0.1,1,1,2,4,6,8,10,13,15,18,21,25,28,31,34,37,39,42,44,45,47,47,48,48,47,46,44,42,40,37,34,31,27,24,20,17,13,10,7,5,3,1,0.1,0.1,0.1,1,3,5,8,12,16,20,25,31,36,42,47,53,58,64,68,73,76,79,82,83,84,84,83,81,78,75,71,67,61,56,50,44,38,32,26,21,15,11,7,4,2,0.1,0.1,1,2,5,9,13,19,25,32,40,49,58,67,77,86,96,106,115,124,133,141,149,155,161,167,171,175,178,180,181,182,182,181,179,177,175,172,168,165,161,157,153,149,144,140,137,133,129,126,123,120,118,116,114,113,112,111,111,111,112,113,114,116,118,120,123,126,129,133,137,140,144,149,153,157,161,165,168,172,175,177,179,181,182,182,181,180,178,175,171,167,161,155,149,141,133,124,115,106,96,86,77,67,58,49,40,32,25,19,13,9,5,2,1,0.1,0.1,2,4,7,11,15,21,26,32,38,44,50,56,61,67,71,75,78,81,83,84,84,83,82,79,76,73,68,64,58,53,47,42,36,31,25,20,16,12,8,5,3,1,0.1,0.1,0.1,1,3,5,7,10,13,17,20,24,27,31,34,37,40,42,44,46,47,48,48,47,47,45,44,42,39,37,34,31,28,25,21,18,15,13,10,8,6,4,2,1,1,0.1,0.1,0.1,1,1,2,4,5,6,8,10,11,13,15,17,18,20,21,22,23,24,25,25,26,26,26,26,26,25,25,24,24,23,22,21,20,19,18,17,16,16,15,14,13,12,11,11,10,9,9,8,8,7,7,7,6,6,6,6,5,5,5,5,5,5,4,4,4,4,4,4,4,4,4,4,4,4,3,3,3,3,3,3,3,3,2,2,2,2,2,2,2,1,1,1,1,1,1,1,1,0.1,0.1,0.1,0.1,0.1,0.1,0.1,0.1,0.1,0.1,0.1,0.1,0.1,0.1,0.1,0.1,0.1,0.1,0.1,0.1,0.1,0.1,0.1,0.1,0.1,0.1,0.1,0.1
0.1,0.1,0.1,0.1,0.1,0.1,0.1,0.1,0.1,0.1,0.1,0.1,0.1,0.1,0.1,0.1,0.1,0.1,0.1,0.1,0.1,0.1,0.1,0.1,0.1,0.1,0.1,0.1,0.1,0.1,0.1,1,1,1,1,1,1,1,1,2,2,2,2,2,2,3,3,3,3,3,3,3,4,4,4,4,4,4,4,4,4,4,4,4,5,5,5,5,5,5,5,5,6,6,6,6,7,7,8,8,9,9,10,10,11,12,13,13,14,15,16,17,18,19,20,21,22,23,24,25,26,27,27,28,28,28,28,28,27,27,26,25,24,23,21,20,18,16,14,13,11,9,7,5,4,3,2,1,0.1,0.1,0.1,1,1,3,4,6,8,11,14,17,20,23,27,30,33,37,40,43,45,47,49,51,52,52,52,51,50,48,46,43,40,37,34,30,26,22,18,14,11,8,5,3,1,0.1,0.1,0.1,1,3,6,9,13,17,22,28,33,39,46,52,58,64,69,74,79,83,86,89,90,91,91,90,88,85,81,77,72,66,60,54,47,41,34,28,22,16,12,7,4,2,0.1,0.1,1,3,6,10,15,21,28,36,44,54,63,73,84,94,105,115,125,135,144,153,161,168,174,180,184,188,191,193,194,194,194,192,191,188,185,181,178,173,169,164,160,155,150,146,142,137,133,130,127,124,121,119,117,115,114,114,113,114,114,115,117,119,121,124,127,130,133,137,142,146,150,155,160,164,169,173,178,181,185,188,191,192,194,194,194,193,191,188,184,180,174,168,161,153,144,135,125,115,105,94,84,73,63,54,44,36,28,21,15,10,6,3,1,0.1,0.1,2,4,7,12,16,22,28,34,41,47,54,60,66,72,77,81,85,88,90,91,91,90,89,86,83,79,74,69,64,58,52,46,39,33,28,22,17,13,9,6,3,1,0.1,0.1,0.1,1,3,5,8,11,14,18,22,26,30,34,37,40,43,46,48,50,51,52,52,52,51,49,47,45,43,40,37,33,30,27,23,20,17,14,11,8,6,4,3,1,1,0.1,0.1,0.1,1,2,3,4,5,7,9,11,13,14,16,18,20,21,23,24,25,26,27,27,28,28,28,28,28,27,27,26,25,24,23,22,21,20,19,18,17,16,15,14,13,13,12,11,10,10,9,9,8,8,7,7,6,6,6,6,5,5,5,5,5,5,5,5,4,4,4,4,4,4,4,4,4,4,4,4,3,3,3,3,3,3,3,2,2,2,2,2,2,1,1,1,1,1,1,1,1,0.1,0.1,0.1,0.1,0.1,0.1,0.1,0.1,0.1,0.1,0.1,0.1,0.1,0.1,0.1,0.1,0.1,0.1,0.1,0.1,0.1,0.1,0.1,0.1,0.1,0.1,0.1,0.1
0.1,0.1,0.1,0.1,0.1,0.1,0.1,0.1,0.1,0.1,0.1,0.1,0.1,0.1,0.1,0.1,0.1,0.1,0.1,0.1,0.1,0.1,0.1,0.1,0.1,0.1,0.1,0.1,0.1,0.1,1,1,1,1,1,1,1,1,2,2,2,2,2,2,3,3,3,3,3,3,3,4,4,4,4,4,4,4,4,4,4,4,4,4,5,5,5,5,5,5,5,5,6,6,6,6,7,7,8,8,9,9,10,11,11,12,13,14,15,16,17,18,19,20,21,22,23,24,25,26,27,28,29,29,29,30,30,30,29,29,28,27,26,24,23,21,19,18,16,14,12,10,8,6,4,3,2,1,0.1,0.1,0.1,1,1,3,4,6,9,11,14,18,21,25,28,32,36,39,42,46,48,51,53,54,55,56,56,55,54,52,49,47,43,40,36,32,28,24,19,16,12,8,6,3,1,0.1,0.1,0.1,2,3,6,10,14,19,24,30,36,42,49,56,62,68,74,80,85,89,92,95,97,98,97,96,94,91,87,82,77,71,64,57,50,43,36,30,23,17,12,8,4,2,0.1,0.1,1,3,6,11,16,23,30,39,48,58,68,79,90,101,113,123,134,144,154,163,171,178,185,191,195,199,202,203,204,204,203,201,199,196,192,188,184,179,174,169,164,159,154,149,144,139,135,131,127,124,121,119,117,115,114,114,113,114,114,115,117,119,121,124,127,131,135,139,144,149,154,159,164,169,174,179,184,188,192,196,199,201,203,204,204,203,202,199,195,191,185,178,171,163,154,144,134,123,113,101,90,79,68,58,48,39,30,23,16,11,6,3,1,0.1,0.1,2,4,8,12,17,23,30,36,43,50,57,64,71,77,82,87,91,94,96,97,98,97,95,92,89,85,80,74,68,62,56,49,42,36,30,24,19,14,10,6,3,2,0.1,0.1,0.1,1,3,6,8,12,16,19,24,28,32,36,40,43,47,49,52,54,55,56,56,55,54,53,51,48,46,42,39,36,32,28,25,21,18,14,11,9,6,4,3,1,1,0.1,0.1,0.1,1,2,3,4,6,8,10,12,14,16,18,19,21,23,24,26,27,28,29,29,30,30,30,29,29,29,28,27,26,25,24,23,22,21,20,19,18,17,16,15,14,13,12,11,11,10,9,9,8,8,7,7,6,6,6,6,5,5,5,5,5,5,5,5,4,4,4,4,4,4,4,4,4,4,4,4,4,3,3,3,3,3,3,3,2,2,2,2,2,2,1,1,1,1,1,1,1,1,0.1,0.1,0.1,0.1,0.1,0.1,0.1,0.1,0.1,0.1,0.1,0.1,0.1,0.1,0.1,0.1,0.1,0.1,0.1,0.1,0.1,0.1,0.1,0.1,0.1,0.1,0.1
0.1,0.1,0.1,0.1,0.1,0.1,0.1,0.1,0.1,0.1,0.1,0.1,0.1,0.1,0.1,0.1,0.1,0.1,0.1,0.1,0.1,0.1,0.1,0.1,0.1,0.1,0.1,0.1,0.1,0.1,1,1,1,1,1,1,1,1,2,2,2,2,2,3,3,3,3,3,3,3,4,4,4,4,4,4,4,4,4,4,4,4,4,4,4,5,5,5,5,5,5,5,6,6,6,6,7,7,8,8,9,9,10,10,11,12,13,14,15,16,17,18,19,20,22,23,24,25,26,27,28,29,30,30,31,31,31,31,31,30,29,28,27,26,24,23,21,19,17,15,12,10,8,6,5,3,2,1,0.1,0.1,0.1,1,1,3,4,7,9,12,15,18,22,26,30,34,37,41,45,48,51,54,56,57,58,59,59,58,57,55,52,49,46,42,38,34,30,25,21,16,13,9,6,3,2,0.1,0.1,0.1,2,4,7,10,15,20,25,31,38,45,52,59,66,73,79,85,90,94,98,101,102,103,103,102,99,96,92,87,81,74,68,60,53,45,38,31,24,18,12,8,4,2,0.1,0.1,1,3,7,12,18,25,33,42,52,62,73,84,96,108,119,131,142,152,162,171,180,187,194,199,204,207,210,211,211,211,209,207,204,201,197,192,187,182,176,171,165,159,154,148,143,138,134,129,126,122,119,116,114,113,111,111,111,111,111,113,114,116,119,122,126,129,134,138,143,148,154,159,165,171,176,182,187,192,197,201,204,207,209,211,211,211,210,207,204,199,194,187,180,171,162,152,142,131,119,108,96,84,73,62,52,42,33,25,18,12,7,3,1,0.1,0.1,2,4,8,12,18,24,31,38,45,53,60,68,74,81,87,92,96,99,102,103,103,102,101,98,94,90,85,79,73,66,59,52,45,38,31,25,20,15,10,7,4,2,0.1,0.1,0.1,2,3,6,9,13,16,21,25,30,34,38,42,46,49,52,55,57,58,59,59,58,57,56,54,51,48,45,41,37,34,30,26,22,18,15,12,9,7,4,3,1,1,0.1,0.1,0.1,1,2,3,5,6,8,10,12,15,17,19,21,23,24,26,27,28,29,30,31,31,31,31,31,30,30,29,28,27,26,25,24,23,22,20,19,18,17,16,15,14,13,12,11,10,10,9,9,8,8,7,7,6,6,6,6,5,5,5,5,5,5,5,4,4,4,4,4,4,4,4,4,4,4,4,4,4,4,3,3,3,3,3,3,3,2,2,2,2,2,1,1,1,1,1,1,1,1,0.1,0.1,0.1,0.1,0.1,0.1,0.1,0.1,0.1,0.1,0.1,0.1,0.1,0.1,0.1,0.1,0.1,0.1,0.1,0.1,0.1,0.1,0.1,0.1,0.1,0.1,0.1
0.1,0.1,0.1,0.1,0.1,0.1,0.1,0.1,0.1,0.1,0.1,0.1,0.1,0.1,0.1,0.1,0.1,0.1,0.1,0.1,0.1,0.1,0.1,0.1,0.1,0.1,0.1,0.1,0.1,0.1,1,1,1,1,1,1,1,2,2,2,2,2,2,3,3,3,3,3,3,3,4,4,4,4,4,4,4,4,4,4,4,4,4,4,4,4,4,5,5,5,5,5,5,5,6,6,6,7,7,8,8,9,9,10,11,12,13,14,15,16,17,18,19,21,22,23,24,25,27,28,29,30,31,31,32,32,32,32,32,31,31,30,28,27,25,24,22,20,18,15,13,11,9,7,5,4,2,1,0.1,0.1,0.1,1,1,3,4,7,9,12,15,19,23,27,31,35,39,43,47,50,53,56,58,60,61,61,61,61,59,57,55,52,48,44,40,36,31,26,22,17,13,9,6,4,2,0.1,0.1,0.1,2,4,7,11,15,21,27,33,40,47,54,62,69,76,82,89,94,99,102,105,107,108,107,106,103,100,95,90,84,77,70,62,55,47,39,31,25,18,13,8,4,2,0.1,0.1,1,4,8,13,19,26,35,44,55,66,77,89,101,113,125,137,148,159,169,178,186,194,200,205,210,213,215,216,216,215,213,210,207,202,198,193,187,181,175,169,163,157,151,145,140,134,130,125,121,117,114,111,109,107,106,105,105,105,106,107,109,111,114,117,121,125,130,134,140,145,151,157,163,169,175,181,187,193,198,202,207,210,213,215,216,216,215,213,210,205,200,194,186,178,169,159,148,137,125,113,101,89,77,66,55,44,35,26,19,13,8,4,1,0.1,0.1,2,4,8,13,18,25,31,39,47,55,62,70,77,84,90,95,100,103,106,107,108,107,105,102,99,94,89,82,76,69,62,54,47,40,33,27,21,15,11,7,4,2,0.1,0.1,0.1,2,4,6,9,13,17,22,26,31,36,40,44,48,52,55,57,59,61,61,61,61,60,58,56,53,50,47,43,39,35,31,27,23,19,15,12,9,7,4,3,1,1,0.1,0.1,0.1,1,2,4,5,7,9,11,13,15,18,20,22,24,25,27,28,30,31,31,32,32,32,32,32,31,31,30,29,28,27,25,24,23,22,21,19,18,17,16,15,14,13,12,11,10,9,9,8,8,7,7,6,6,6,5,5,5,5,5,5,5,4,4,4,4,4,4,4,4,4,4,4,4,4,4,4,4,4,3,3,3,3,3,3,3,2,2,2,2,2,2,1,1,1,1,1,1,1,0.1,0.1,0.1,0.1,0.1,0.1,0.1,0.1,0.1,0.1,0.1,0.1,0.1,0.1,0.1,0.1,0.1,0.1,0.1,0.1,0.1,0.1,0.1,0.1,0.1,0.1,0.1
0.1,0.1,0.1,0.1,0.1,0.1,0.1,0.1,0.1,0.1,0.1,0.1,0.1,0.1,0.1,0.1,0.1,0.1,0.1,0.1,0.1,0.1,0.1,0.1,0.1,0.1,0.1,0.1,0.1,0.1,1,1,1,1,1,1,1,2,2,2,2,2,2,3,3,3,3,3,3,3,4,4,4,4,4,4,4,4,4,4,4,4,4,4,4,4,4,4,4,4,5,5,5,5,5,6,6,6,7,7,8,8,9,10,10,11,12,13,14,15,16,18,19,20,22,23,24,25,27,28,29,30,31,32,32,33,33,33,33,32,31,30,29,28,26,25,23,21,18,16,14,12,9,7,5,4,2,1,0.1,0.1,0.1,0.1,1,3,4,7,9,12,16,19,23,27,31,36,40,44,48,51,55,58,60,62,63,63,63,63,61,59,57,54,50,46,41,37,32,27,22,18,14,10,6,4,2,0.1,0.1,0.1,2,4,7,11,16,21,27,34,41,49,56,64,71,79,85,92,97,102,106,109,110,111,111,109,106,103,98,92,86,79,72,64,56,47,39,32,25,18,12,8,4,1,0.1,0.1,2,4,8,14,20,28,37,47,57,69,80,92,105,117,129,141,152,163,173,182,191,198,204,209,213,216,217,218,217,216,213,210,206,201,196,190,184,178,171,164,158,151,145,139,133,128,123,118,114,110,107,104,102,100,99,98,98,98,99,100,102,104,107,110,114,118,123,128,133,139,145,151,158,164,171,178,184,190,196,201,206,210,213,216,217,218,217,216,213,209,204,198,191,182,173,163,152,141,129,117,105,92,80,69,57,47,37,28,20,14,8,4,2,0.1,0.1,1,4,8,12,18,25,32,39,47,56,64,72,79,86,92,98,103,106,109,111,111,110,109,106,102,97,92,85,79,71,64,56,49,41,34,27,21,16,11,7,4,2,0.1,0.1,0.1,2,4,6,10,14,18,22,27,32,37,41,46,50,54,57,59,61,63,63,63,63,62,60,58,55,51,48,44,40,36,31,27,23,19,16,12,9,7,4,3,1,0.1,0.1,0.1,0.1,1,2,4,5,7,9,12,14,16,18,21,23,25,26,28,29,30,31,32,33,33,33,33,32,32,31,30,29,28,27,25,24,23,22,20,19,18,16,15,14,13,12,11,10,10,9,8,8,7,7,6,6,6,5,5,5,5,5,4,4,4,4,4,4,4,4,4,4,4,4,4,4,4,4,4,4,4,4,3,3,3,3,3,3,3,2,2,2,2,2,2,1,1,1,1,1,1,1,0.1,0.1,0.1,0.1,0.1,0.1,0.1,0.1,0.1,0.1,0.1,0.1,0.1,0.1,0.1,0.1,0.1,0.1,0.1,0.1,0.1,0.1,0.1,0.1,0.1,0.1,0.1
0.1,0.1,0.1,0.1,0.1,0.1,0.1,0.1,0.1,0.1,0.1,0.1,0.1,0.1,0.1,0.1,0.1,0.1,0.1,0.1,0.1,0.1,0.1,0.1,0.1,0.1,0.1,0.1,0.1,0.1,1,1,1,1,1,1,1,2,2,2,2,2,2,3,3,3,3,3,3,3,3,4,4,4,4,4,4,4,4,4,4,4,4,4,4,4,4,4,4,4,4,4,4,5,5,5,5,6,6,7,7,8,8,9,10,11,12,12,14,15,16,17,18,20,21,22,24,25,26,28,29,30,31,32,32,33,33,33,33,32,32,31,30,28,27,25,23,21,19,17,14,12,10,8,6,4,3,1,1,0.1,0.1,0.1,1,3,4,7,9,12,16,19,23,28,32,36,40,45,49,52,56,59,61,63,64,65,65,64,63,61,58,55,51,47,42,38,33,28,23,18,14,10,7,4,2,0.1,0.1,0.1,2,4,7,11,16,22,28,35,42,50,58,65,73,80,87,94,99,104,108,111,113,113,113,111,108,104,100,94,87,80,72,64,56,48,40,32,25,18,12,7,4,1,0.1,0.1,2,5,9,15,21,29,39,49,59,71,83,95,108,120,132,144,155,166,176,185,193,200,205,210,213,216,217,217,216,213,210,206,202,196,191,184,178,171,164,157,150,143,137,130,125,119,114,109,105,101,97,95,92,91,89,88,88,88,89,91,92,95,97,101,105,109,114,119,125,130,137,143,150,157,164,171,178,184,191,196,202,206,210,213,216,217,217,216,213,210,205,200,193,185,176,166,155,144,132,120,108,95,83,71,59,49,39,29,21,15,9,5,2,0.1,0.1,1,4,7,12,18,25,32,40,48,56,64,72,80,87,94,100,104,108,111,113,113,113,111,108,104,99,94,87,80,73,65,58,50,42,35,28,22,16,11,7,4,2,0.1,0.1,0.1,2,4,7,10,14,18,23,28,33,38,42,47,51,55,58,61,63,64,65,65,64,63,61,59,56,52,49,45,40,36,32,28,23,19,16,12,9,7,4,3,1,0.1,0.1,0.1,1,1,3,4,6,8,10,12,14,17,19,21,23,25,27,28,30,31,32,32,33,33,33,33,32,32,31,30,29,28,26,25,24,22,21,20,18,17,16,15,14,12,12,11,10,9,8,8,7,7,6,6,5,5,5,5,4,4,4,4,4,4,4,4,4,4,4,4,4,4,4,4,4,4,4,4,4,4,3,3,3,3,3,3,3,3,2,2,2,2,2,2,1,1,1,1,1,1,1,0.1,0.1,0.1,0.1,0.1,0.1,0.1,0.1,0.1,0.1,0.1,0.1,0.1,0.1,0.1,0.1,0.1,0.1,0.1,0.1,0.1,0.1,0.1,0.1,0.1,0.1,0.1
0.1,0.1,0.1,0.1,0.1,0.1,0.1,0.1,0.1,0.1,0.1,0.1,0.1,0.1,0.1,0.1,0.1,0.1,0.1,0.1,0.1,0.1,0.1,0.1,0.1,0.1,0.1,0.1,0.1,0.1,1,1,1,1,1,1,1,2,2,2,2,2,2,3,3,3,3,3,3,3,3,3,3,3,3,3,3,3,3,3,3,3,3,3,3,3,3,3,3,4,4,4,4,4,4,4,5,5,5,6,6,7,7,8,9,10,11,12,13,14,15,16,17,19,20,21,23,24,26,27,28,29,30,31,32,32,33,33,33,33,32,31,30,29,27,26,24,22,19,17,15,12,10,8,6,4,3,2,1,0.1,0.1,0.1,1,2,4,6,9,12,15,19,23,27,32,36,41,45,49,53,56,59,62,63,65,65,65,65,63,61,59,56,52,48,43,38,33,28,23,19,14,10,7,4,2,0.1,0.1,0.1,2,4,7,12,16,22,29,36,43,51,58,66,74,81,88,95,100,105,109,112,114,114,114,112,109,105,100,94,87,80,72,64,56,47,39,31,24,17,12,7,3,1,0.1,0.1,2,5,10,15,23,31,40,50,61,73,85,97,110,122,134,146,157,167,177,185,193,199,204,208,211,213,213,213,211,208,204,200,195,189,183,176,169,162,154,147,140,133,126,120,114,108,103,98,94,90,86,84,81,79,78,77,77,77,78,79,81,84,86,90,94,98,103,108,114,120,126,133,140,147,154,162,169,176,183,189,195,200,204,208,211,213,213,213,211,208,204,199,193,185,177,167,157,146,134,122,110,97,85,73,61,50,40,31,23,15,10,5,2,0.1,0.1,1,3,7,12,17,24,31,39,47,56,64,72,80,87,94,100,105,109,112,114,114,114,112,109,105,100,95,88,81,74,66,58,51,43,36,29,22,16,12,7,4,2,0.1,0.1,0.1,2,4,7,10,14,19,23,28,33,38,43,48,52,56,59,61,63,65,65,65,65,63,62,59,56,53,49,45,41,36,32,27,23,19,15,12,9,6,4,2,1,0.1,0.1,0.1,1,2,3,4,6,8,10,12,15,17,19,22,24,26,27,29,30,31,32,33,33,33,33,32,32,31,30,29,28,27,26,24,23,21,20,19,17,16,15,14,13,12,11,10,9,8,7,7,6,6,5,5,5,4,4,4,4,4,4,4,3,3,3,3,3,3,3,3,3,3,3,3,3,3,3,3,3,3,3,3,3,3,3,3,3,3,2,2,2,2,2,2,1,1,1,1,1,1,1,0.1,0.1,0.1,0.1,0.1,0.1,0.1,0.1,0.1,0.1,0.1,0.1,0.1,0.1,0.1,0.1,0.1,0.1,0.1,0.1,0.1,0.1,0.1,0.1,0.1,0.1,0.1
0.1,0.1,0.1,0.1,0.1,0.1,0.1,0.1,0.1,0.1,0.1,0.1,0.1,0.1,0.1,0.1,0.1,0.1,0.1,0.1,0.1,0.1,0.1,0.1,0.1,0.1,0.1,0.1,0.1,0.1,1,1,1,1,1,1,1,2,2,2,2,2,2,2,3,3,3,3,3,3,3,3,3,3,3,3,3,3,3,3,3,3,3,3,3,3,3,3,3,3,3,3,3,3,4,4,4,4,5,5,5,6,7,7,8,9,10,10,11,13,14,15,16,18,19,20,22,23,25,26,27,28,29,30,31,32,32,32,32,32,32,31,30,29,27,26,24,22,20,17,15,13,11,8,6,5,3,2,1,0.1,0.1,0.1,1,2,4,6,9,12,15,19,23,27,31,36,40,44,49,52,56,59,61,63,65,65,65,65,63,61,59,56,52,48,43,38,33,28,23,19,14,10,7,4,2,0.1,0.1,0.1,2,4,7,12,17,22,29,36,43,51,59,66,74,82,88,95,100,105,109,112,113,114,113,111,109,104,99,93,87,79,71,63,55,46,38,30,23,17,11,7,3,1,0.1,0.1,2,6,10,16,23,32,41,51,62,74,86,98,110,123,134,146,156,166,175,184,190,196,201,204,207,208,207,206,204,200,196,191,185,179,172,165,157,150,142,135,128,120,114,107,101,95,90,85,81,77,74,71,69,67,66,65,65,65,66,67,69,71,74,77,81,85,90,95,101,107,114,120,128,135,142,150,157,165,172,179,185,191,196,200,204,206,207,208,207,204,201,196,190,184,175,166,156,146,134,123,110,98,86,74,62,51,41,32,23,16,10,6,2,0.1,0.1,1,3,7,11,17,23,30,38,46,55,63,71,79,87,93,99,104,109,111,113,114,113,112,109,105,100,95,88,82,74,66,59,51,43,36,29,22,17,12,7,4,2,0.1,0.1,0.1,2,4,7,10,14,19,23,28,33,38,43,48,52,56,59,61,63,65,65,65,65,63,61,59,56,52,49,44,40,36,31,27,23,19,15,12,9,6,4,2,1,0.1,0.1,0.1,1,2,3,5,6,8,11,13,15,17,20,22,24,26,27,29,30,31,32,32,32,32,32,32,31,30,29,28,27,26,25,23,22,20,19,18,16,15,14,13,11,10,10,9,8,7,7,6,5,5,5,4,4,4,4,3,3,3,3,3,3,3,3,3,3,3,3,3,3,3,3,3,3,3,3,3,3,3,3,3,3,3,3,3,3,2,2,2,2,2,2,2,1,1,1,1,1,1,1,0.1,0.1,0.1,0.1,0.1,0.1,0.1,0.1,0.1,0.1,0.1,0.1,0.1,0.1,0.1,0.1,0.1,0.1,0.1,0.1,0.1,0.1,0.1,0.1,0.1,0.1,0.1
0.1,0.1,0.1,0.1,0.1,0.1,0.1,0.1,0.1,0.1,0.1,0.1,0.1,0.1,0.1,0.1,0.1,0.1,0.1,0.1,0.1,0.1,0.1,0.1,0.1,0.1,0.1,0.1,0.1,0.1,1,1,1,1,1,1,1,2,2,2,2,2,2,2,2,3,3,3,3,3,3,3,3,3,3,3,3,3,3,3,3,3,3,2,2,2,2,2,2,2,2,3,3,3,3,3,3,4,4,4,5,5,6,6,7,8,8,9,10,11,12,14,15,16,18,19,20,22,23,25,26,27,28,29,30,31,31,32,32,32,31,31,30,28,27,26,24,22,20,17,15,13,11,9,7,5,3,2,1,0.1,0.1,0.1,1,2,4,6,8,11,15,18,22,26,31,35,39,44,48,51,55,58,61,63,64,65,65,64,63,61,58,55,52,47,43,38,33,28,23,19,14,10,7,4,2,0.1,0.1,0.1,2,4,7,12,16,22,29,35,43,50,58,66,74,81,88,94,100,104,108,111,112,113,112,110,107,103,98,92,85,78,70,61,53,45,37,29,22,16,10,6,3,1,0.1,1,3,6,11,17,24,33,42,52,63,75,86,98,110,122,133,144,154,164,172,180,186,191,195,198,199,200,199,197,194,190,185,179,173,166,159,152,144,136,128,121,114,106,100,93,87,82,76,72,68,64,61,58,56,55,53,53,52,53,53,55,56,58,61,64,68,72,76,82,87,93,100,106,114,121,128,136,144,152,159,166,173,179,185,190,194,197,199,200,199,198,195,191,186,180,172,164,154,144,133,122,110,98,86,75,63,52,42,33,24,17,11,6,3,1,0.1,1,3,6,10,16,22,29,37,45,53,61,70,78,85,92,98,103,107,110,112,113,112,111,108,104,100,94,88,81,74,66,58,50,43,35,29,22,16,12,7,4,2,0.1,0.1,0.1,2,4,7,10,14,19,23,28,33,38,43,47,52,55,58,61,63,64,65,65,64,63,61,58,55,51,48,44,39,35,31,26,22,18,15,11,8,6,4,2,1,0.1,0.1,0.1,1,2,3,5,7,9,11,13,15,17,20,22,24,26,27,28,30,31,31,32,32,32,31,31,30,29,28,27,26,25,23,22,20,19,18,16,15,14,12,11,10,9,8,8,7,6,6,5,5,4,4,4,3,3,3,3,3,3,2,2,2,2,2,2,2,2,3,3,3,3,3,3,3,3,3,3,3,3,3,3,3,3,3,3,2,2,2,2,2,2,2,2,1,1,1,1,1,1,1,0.1,0.1,0.1,0.1,0.1,0.1,0.1,0.1,0.1,0.1,0.1,0.1,0.1,0.1,0.1,0.1,0.1,0.1,0.1,0.1,0.1,0.1,0.1,0.1,0.1,0.1,0.1
0.1,0.1,0.1,0.1,0.1,0.1,0.1,0.1,0.1,0.1,0.1,0.1,0.1,0.1,0.1,0.1,0.1,0.1,0.1,0.1,0.1,0.1,0.1,0.1,0.1,0.1,0.1,0.1,0.1,0.1,1,1,1,1,1,1,1,1,2,2,2,2,2,2,2,2,2,3,3,3,3,3,3,3,3,2,2,2,2,2,2,2,2,2,2,2,2,2,2,2,2,2,2,2,2,2,3,3,3,3,4,4,5,5,6,6,7,8,9,10,11,12,13,15,16,17,19,20,21,23,24,25,27,28,29,29,30,30,31,31,30,30,29,28,27,25,23,22,20,17,15,13,11,9,7,5,3,2,1,0.1,0.1,0.1,1,2,3,5,8,11,14,17,21,25,30,34,38,42,46,50,54,57,59,61,63,63,63,63,62,60,57,54,51,47,42,37,33,28,23,18,14,10,7,4,2,0.1,0.1,0.1,2,4,7,11,16,22,28,35,42,50,57,65,72,79,86,92,98,102,106,108,110,110,109,107,104,100,95,89,82,75,67,59,51,43,35,28,21,15,9,5,2,1,0.1,1,3,7,11,18,25,33,42,53,63,74,86,97,109,120,131,141,151,160,167,174,180,184,187,189,190,189,188,185,181,177,172,165,159,152,144,137,129,121,113,106,98,91,85,78,73,67,62,58,54,51,48,45,43,42,41,40,40,40,41,42,43,45,48,51,54,58,62,67,73,78,85,91,98,106,113,121,129,137,144,152,159,165,172,177,181,185,188,189,190,189,187,184,180,174,167,160,151,141,131,120,109,97,86,74,63,53,42,33,25,18,11,7,3,1,0.1,1,2,5,9,15,21,28,35,43,51,59,67,75,82,89,95,100,104,107,109,110,110,108,106,102,98,92,86,79,72,65,57,50,42,35,28,22,16,11,7,4,2,0.1,0.1,0.1,2,4,7,10,14,18,23,28,33,37,42,47,51,54,57,60,62,63,63,63,63,61,59,57,54,50,46,42,38,34,30,25,21,17,14,11,8,5,3,2,1,0.1,0.1,0.1,1,2,3,5,7,9,11,13,15,17,20,22,23,25,27,28,29,30,30,31,31,30,30,29,29,28,27,25,24,23,21,20,19,17,16,15,13,12,11,10,9,8,7,6,6,5,5,4,4,3,3,3,3,2,2,2,2,2,2,2,2,2,2,2,2,2,2,2,2,2,2,2,2,2,3,3,3,3,3,3,3,3,2,2,2,2,2,2,2,2,2,1,1,1,1,1,1,1,1,0.1,0.1,0.1,0.1,0.1,0.1,0.1,0.1,0.1,0.1,0.1,0.1,0.1,0.1,0.1,0.1,0.1,0.1,0.1,0.1,0.1,0.1,0.1,0.1,0.1,0.1,0.1
0.1,0.1,0.1,0.1,0.1,0.1,0.1,0.1,0.1,0.1,0.1,0.1,0.1,0.1,0.1,0.1,0.1,0.1,0.1,0.1,0.1,0.1,0.1,0.1,0.1,0.1,0.1,0.1,0.1,0.1,1,1,1,1,1,1,1,1,2,2,2,2,2,2,2,2,2,2,2,2,2,2,2,2,2,2,2,2,2,2,2,2,2,2,1,1,1,1,1,1,1,1,1,1,2,2,2,2,2,2,3,3,4,4,5,5,6,7,7,8,9,10,12,13,14,15,17,18,20,21,22,24,25,26,27,28,28,29,29,29,29,29,28,27,26,25,23,21,19,17,15,13,11,9,7,5,3,2,1,0.1,0.1,0.1,1,2,3,5,7,10,13,16,20,24,28,32,37,41,45,48,52,55,57,59,61,61,62,61,60,58,56,53,49,45,41,36,32,27,22,18,14,10,6,4,2,0.1,0.1,0.1,2,4,7,11,16,21,27,34,41,48,56,63,70,77,84,90,95,99,102,105,106,106,106,104,100,96,91,85,79,72,64,56,48,40,33,26,19,13,9,5,2,0.1,0.1,1,3,7,12,18,25,34,43,52,63,74,85,96,107,117,127,137,146,154,161,167,171,175,177,179,179,177,175,172,167,162,157,150,143,136,128,120,113,105,97,90,83,76,69,63,58,53,48,44,41,38,35,33,31,30,29,28,28,28,29,30,31,33,35,38,41,44,48,53,58,63,69,76,83,90,97,105,113,120,128,136,143,150,157,162,167,172,175,177,179,179,177,175,171,167,161,154,146,137,127,117,107,96,85,74,63,52,43,34,25,18,12,7,3,1,0.1,0.1,2,5,9,13,19,26,33,40,48,56,64,72,79,85,91,96,100,104,106,106,106,105,102,99,95,90,84,77,70,63,56,48,41,34,27,21,16,11,7,4,2,0.1,0.1,0.1,2,4,6,10,14,18,22,27,32,36,41,45,49,53,56,58,60,61,62,61,61,59,57,55,52,48,45,41,37,32,28,24,20,16,13,10,7,5,3,2,1,0.1,0.1,0.1,1,2,3,5,7,9,11,13,15,17,19,21,23,25,26,27,28,29,29,29,29,29,28,28,27,26,25,24,22,21,20,18,17,15,14,13,12,10,9,8,7,7,6,5,5,4,4,3,3,2,2,2,2,2,2,1,1,1,1,1,1,1,1,1,1,2,2,2,2,2,2,2,2,2,2,2,2,2,2,2,2,2,2,2,2,2,2,2,2,2,2,1,1,1,1,1,1,1,1,0.1,0.1,0.1,0.1,0.1,0.1,0.1,0.1,0.1,0.1,0.1,0.1,0.1,0.1,0.1,0.1,0.1,0.1,0.1,0.1,0.1,0.1,0.1,0.1,0.1,0.1,0.1
0.1,0.1,0.1,0.1,0.1,0.1,0.1,0.1,0.1,0.1,0.1,0.1,0.1,0.1,0.1,0.1,0.1,0.1,0.1,0.1,0.1,0.1,0.1,0.1,0.1,0.1,0.1,0.1,0.1,0.1,1,1,1,1,1,1,1,1,1,2,2,2,2,2,2,2,2,2,2,2,2,2,2,2,2,2,2,2,1,1,1,1,1,1,1,1,1,1,1,1,1,1,1,1,1,1,1,1,1,2,2,2,3,3,3,4,5,5,6,7,8,9,10,11,12,14,15,16,18,19,20,22,23,24,25,26,27,27,28,28,28,27,27,26,25,24,22,21,19,17,15,13,11,9,7,5,4,2,1,0.1,0.1,0.1,0.1,1,3,4,7,9,12,15,19,23,27,31,35,39,42,46,49,52,55,57,58,59,59,59,58,56,54,51,47,44,40,35,31,26,22,17,13,9,6,4,2,0.1,0.1,0.1,2,4,7,11,15,21,26,33,40,47,54,61,68,74,81,86,91,95,98,101,102,102,101,99,96,92,87,81,75,68,60,53,45,38,30,24,17,12,7,4,1,0.1,0.1,1,4,8,12,19,26,34,42,52,62,72,83,93,103,113,123,132,140,147,153,158,162,164,166,166,165,164,161,157,152,146,140,133,126,119,111,103,96,88,81,74,67,60,54,49,44,39,35,32,29,26,24,22,20,19,19,18,18,18,19,19,20,22,24,26,29,32,35,39,44,49,54,60,67,74,81,88,96,103,111,119,126,133,140,146,152,157,161,164,165,166,166,164,162,158,153,147,140,132,123,113,103,93,83,72,62,52,42,34,26,19,12,8,4,1,0.1,0.1,1,4,7,12,17,24,30,38,45,53,60,68,75,81,87,92,96,99,101,102,102,101,98,95,91,86,81,74,68,61,54,47,40,33,26,21,15,11,7,4,2,0.1,0.1,0.1,2,4,6,9,13,17,22,26,31,35,40,44,47,51,54,56,58,59,59,59,58,57,55,52,49,46,42,39,35,31,27,23,19,15,12,9,7,4,3,1,0.1,0.1,0.1,0.1,1,2,4,5,7,9,11,13,15,17,19,21,22,24,25,26,27,27,28,28,28,27,27,26,25,24,23,22,20,19,18,16,15,14,12,11,10,9,8,7,6,5,5,4,3,3,3,2,2,2,1,1,1,1,1,1,1,1,1,1,1,1,1,1,1,1,1,1,1,1,1,2,2,2,2,2,2,2,2,2,2,2,2,2,2,2,2,2,2,2,1,1,1,1,1,1,1,1,1,0.1,0.1,0.1,0.1,0.1,0.1,0.1,0.1,0.1,0.1,0.1,0.1,0.1,0.1,0.1,0.1,0.1,0.1,0.1,0.1,0.1,0.1,0.1,0.1,0.1,0.1,0.1
0.1,0.1,0.1,0.1,0.1,0.1,0.1,0.1,0.1,0.1,0.1,0.1,0.1,0.1,0.1,0.1,0.1,0.1,0.1,0.1,0.1,0.1,0.1,0.1,0.1,0.1,0.1,0.1,0.1,0.1,1,1,1,1,1,1,1,1,1,1,1,2,2,2,2,2,2,2,2,2,2,2,2,2,1,1,1,1,1,1,1,1,1,1,1,1,1,1,0.1,0.1,0.1,0.1,0.1,0.1,1,1,1,1,1,1,1,1,2,2,2,3,3,4,5,5,6,7,8,9,10,12,13,14,15,17,18,19,21,22,23,24,25,25,26,26,26,26,25,25,24,23,21,20,18,16,15,13,11,9,7,5,4,2,1,1,0.1,0.1,0.1,1,2,4,6,8,11,14,17,21,25,28,32,36,40,43,46,49,52,54,55,56,56,56,55,53,51,48,45,42,38,34,29,25,21,16,13,9,6,3,2,0.1,0.1,0.1,2,4,7,10,15,20,25,31,38,44,51,58,65,71,77,82,87,90,93,95,96,96,95,93,90,86,82,76,70,63,56,49,42,35,28,21,16,11,6,3,1,0.1,0.1,2,4,8,13,19,26,33,42,51,61,70,80,90,99,108,117,125,132,138,143,147,150,152,153,153,151,149,145,141,135,129,123,116,109,101,94,86,79,71,64,58,51,46,40,35,31,27,24,21,18,16,14,13,11,10,10,10,9,10,10,10,11,13,14,16,18,21,24,27,31,35,40,46,51,58,64,71,79,86,94,101,109,116,123,129,135,141,145,149,151,153,153,152,150,147,143,138,132,125,117,108,99,90,80,70,61,51,42,33,26,19,13,8,4,2,0.1,0.1,1,3,6,11,16,21,28,35,42,49,56,63,70,76,82,86,90,93,95,96,96,95,93,90,87,82,77,71,65,58,51,44,38,31,25,20,15,10,7,4,2,0.1,0.1,0.1,2,3,6,9,13,16,21,25,29,34,38,42,45,48,51,53,55,56,56,56,55,54,52,49,46,43,40,36,32,28,25,21,17,14,11,8,6,4,2,1,0.1,0.1,0.1,1,1,2,4,5,7,9,11,13,15,16,18,20,21,23,24,25,25,26,26,26,26,25,25,24,23,22,21,19,18,17,15,14,13,12,10,9,8,7,6,5,5,4,3,3,2,2,2,1,1,1,1,1,1,1,1,0.1,0.1,0.1,0.1,0.1,0.1,1,1,1,1,1,1,1,1,1,1,1,1,1,1,2,2,2,2,2,2,2,2,2,2,2,2,2,1,1,1,1,1,1,1,1,1,1,1,0.1,0.1,0.1,0.1,0.1,0.1,0.1,0.1,0.1,0.1,0.1,0.1,0.1,0.1,0.1,0.1,0.1,0.1,0.1,0.1,0.1,0.1,0.1,0.1,0.1,0.1,0.1
0.1,0.1,0.1,0.1,0.1,0.1,0.1,0.1,0.1,0.1,0.1,0.1,0.1,0.1,0.1,0.1,0.1,0.1,0.1,0.1,0.1,0.1,0.1,0.1,0.1,0.1,0.1,0.1,0.1,0.1,0.1,1,1,1,1,1,1,1,1,1,1,1,1,1,2,2,2,2,1,1,1,1,1,1,1,1,1,1,1,1,1,1,0.1,0.1,0.1,0.1,0.1,0.1,0.1,0.1,0.1,0.1,0.1,0.1,0.1,0.1,0.1,0.1,0.1,1,1,1,1,1,2,2,2,3,3,4,5,6,6,7,8,10,11,12,13,14,16,17,18,19,21,21,22,23,24,24,24,24,24,23,22,22,20,19,18,16,14,12,11,9,7,5,4,2,1,1,0.1,0.1,0.1,1,2,3,5,7,10,13,16,19,23,26,30,33,37,40,43,46,48,50,51,52,53,52,51,50,48,46,43,39,36,32,28,24,19,16,12,8,6,3,1,0.1,0.1,0.1,2,3,6,10,14,19,24,30,36,42,48,55,61,67,72,77,81,85,88,89,90,90,89,87,84,80,76,70,64,58,52,45,38,31,25,19,14,9,5,3,1,0.1,0.1,2,5,8,13,19,26,33,41,50,59,68,77,86,94,103,110,117,123,129,133,136,138,139,139,138,136,133,129,124,118,112,105,99,91,84,77,69,62,56,49,43,37,32,27,23,20,16,14,11,9,8,6,5,5,4,4,3,3,3,4,4,5,5,6,8,9,11,14,16,20,23,27,32,37,43,49,56,62,69,77,84,91,99,105,112,118,124,129,133,136,138,139,139,138,136,133,129,123,117,110,103,94,86,77,68,59,50,41,33,26,19,13,8,5,2,0.1,0.1,1,3,5,9,14,19,25,31,38,45,52,58,64,70,76,80,84,87,89,90,90,89,88,85,81,77,72,67,61,55,48,42,36,30,24,19,14,10,6,3,2,0.1,0.1,0.1,1,3,6,8,12,16,19,24,28,32,36,39,43,46,48,50,51,52,53,52,51,50,48,46,43,40,37,33,30,26,23,19,16,13,10,7,5,3,2,1,0.1,0.1,0.1,1,1,2,4,5,7,9,11,12,14,16,18,19,20,22,22,23,24,24,24,24,24,23,22,21,21,19,18,17,16,14,13,12,11,10,8,7,6,6,5,4,3,3,2,2,2,1,1,1,1,1,0.1,0.1,0.1,0.1,0.1,0.1,0.1,0.1,0.1,0.1,0.1,0.1,0.1,0.1,0.1,0.1,0.1,1,1,1,1,1,1,1,1,1,1,1,1,1,1,2,2,2,2,1,1,1,1,1,1,1,1,1,1,1,1,1,0.1,0.1,0.1,0.1,0.1,0.1,0.1,0.1,0.1,0.1,0.1,0.1,0.1,0.1,0.1,0.1,0.1,0.1,0.1,0.1,0.1,0.1,0.1,0.1,0.1,0.1,0.1,0.1
0.1,0.1,0.1,0.1,0.1,0.1,0.1,0.1,0.1,0.1,0.1,0.1,0.1,0.1,0.1,0.1,0.1,0.1,0.1,0.1,0.1,0.1,0.1,0.1,0.1,0.1,0.1,0.1,0.1,0.1,0.1,1,1,1,1,1,1,1,1,1,1,1,1,1,1,1,1,1,1,1,1,1,1,1,1,1,1,1,0.1,0.1,0.1,0.1,0.1,0.1,0.1,0.1,0.1,0.1,0.1,0.1,0.1,0.1,0.1,0.1,0.1,0.1,0.1,0.1,0.1,0.1,0.1,0.1,0.1,1,1,1,1,2,2,3,3,4,5,6,7,8,9,10,11,12,13,15,16,17,18,19,20,21,21,22,22,22,22,22,21,20,19,18,17,15,14,12,10,9,7,5,4,3,2,1,0.1,0.1,0.1,1,2,3,4,6,9,11,14,17,20,24,27,31,34,37,40,42,45,46,48,49,49,49,48,47,45,42,40,37,33,30,26,22,18,15,11,8,5,3,1,0.1,0.1,0.1,1,3,6,9,13,17,22,28,33,39,45,51,57,62,67,72,76,79,81,83,84,83,82,80,77,74,69,64,59,53,47,40,34,28,22,17,12,8,4,2,0.1,0.1,1,2,5,9,14,19,25,33,40,48,56,65,73,81,89,96,103,109,114,118,122,124,125,125,125,123,120,116,112,107,101,95,88,81,74,67,60,53,47,41,35,30,25,21,17,13,10,8,6,5,3,2,2,1,1,1,0.1,0.1,0.1,0.1,0.1,1,1,1,2,2,3,5,6,8,10,13,17,21,25,30,35,41,47,53,60,67,74,81,88,95,101,107,112,116,120,123,125,125,125,124,122,118,114,109,103,96,89,81,73,65,56,48,40,33,25,19,14,9,5,2,1,0.1,0.1,2,4,8,12,17,22,28,34,40,47,53,59,64,69,74,77,80,82,83,84,83,81,79,76,72,67,62,57,51,45,39,33,28,22,17,13,9,6,3,1,0.1,0.1,0.1,1,3,5,8,11,15,18,22,26,30,33,37,40,42,45,47,48,49,49,49,48,46,45,42,40,37,34,31,27,24,20,17,14,11,9,6,4,3,2,1,0.1,0.1,0.1,1,2,3,4,5,7,9,10,12,14,15,17,18,19,20,21,22,22,22,22,22,21,21,20,19,18,17,16,15,13,12,11,10,9,8,7,6,5,4,3,3,2,2,1,1,1,1,0.1,0.1,0.1,0.1,0.1,0.1,0.1,0.1,0.1,0.1,0.1,0.1,0.1,0.1,0.1,0.1,0.1,0.1,0.1,0.1,0.1,0.1,0.1,0.1,0.1,1,1,1,1,1,1,1,1,1,1,1,1,1,1,1,1,1,1,1,1,1,1,1,1,1,1,1,0.1,0.1,0.1,0.1,0.1,0.1,0.1,0.1,0.1,0.1,0.1,0.1,0.1,0.1,0.1,0.1,0.1,0.1,0.1,0.1,0.1,0.1,0.1,0.1,0.1,0.1,0.1,0.1
0.1,0.1,0.1,0.1,0.1,0.1,0.1,0.1,0.1,0.1,0.1,0.1,0.1,0.1,0.1,0.1,0.1,0.1,0.1,0.1,0.1,0.1,0.1,0.1,0.1,0.1,0.1,0.1,0.1,0.1,0.1,0.1,1,1,1,1,1,1,1,1,1,1,1,1,1,1,1,1,1,1,1,1,1,1,1,0.1,0.1,0.1,0.1,0.1,0.1,0.1,0.1,0.1,0.1,0.1,0.1,0.1,0.1,0.1,0.1,0.1,0.1,0.1,0.1,0.1,0.1,0.1,0.1,0.1,0.1,0.1,0.1,0.1,0.1,0.1,1,1,1,2,2,3,3,4,5,6,7,8,9,10,11,12,13,15,16,17,18,18,19,20,20,20,20,20,19,19,18,17,16,14,13,11,10,8,7,5,4,3,2,1,0.1,0.1,0.1,0.1,1,2,4,5,7,10,12,15,18,21,24,28,31,33,36,39,41,42,44,44,45,45,44,43,41,39,37,34,31,27,24,20,17,13,10,7,5,3,1,0.1,0.1,0.1,1,3,5,8,12,16,21,26,31,36,42,47,52,57,62,66,70,72,75,76,76,76,75,73,70,67,63,58,53,47,41,36,30,24,19,14,10,6,3,1,0.1,0.1,1,3,5,9,14,19,25,32,39,46,54,61,69,76,83,89,95,100,104,107,110,111,112,111,110,107,104,100,95,90,84,78,71,65,58,51,45,39,33,28,23,18,15,11,8,6,4,3,1,1,0.1,0.1,0.1,0.1,0.1,0.1,0.1,1,1,1,0.1,0.1,0.1,0.1,0.1,0.1,0.1,1,1,3,4,6,8,11,15,18,23,28,33,39,45,51,58,65,71,78,84,90,95,100,104,107,110,111,112,111,110,107,104,100,95,89,83,76,69,61,54,46,39,32,25,19,14,9,5,3,1,0.1,0.1,1,3,6,10,14,19,24,30,36,41,47,53,58,63,67,70,73,75,76,76,76,75,72,70,66,62,57,52,47,42,36,31,26,21,16,12,8,5,3,1,0.1,0.1,0.1,1,3,5,7,10,13,17,20,24,27,31,34,37,39,41,43,44,45,45,44,44,42,41,39,36,33,31,28,24,21,18,15,12,10,7,5,4,2,1,0.1,0.1,0.1,0.1,1,2,3,4,5,7,8,10,11,13,14,16,17,18,19,19,20,20,20,20,20,19,18,18,17,16,15,13,12,11,10,9,8,7,6,5,4,3,3,2,2,1,1,1,0.1,0.1,0.1,0.1,0.1,0.1,0.1,0.1,0.1,0.1,0.1,0.1,0.1,0.1,0.1,0.1,0.1,0.1,0.1,0.1,0.1,0.1,0.1,0.1,0.1,0.1,0.1,0.1,0.1,0.1,0.1,1,1,1,1,1,1,1,1,1,1,1,1,1,1,1,1,1,1,1,1,1,1,1,0.1,0.1,0.1,0.1,0.1,0.1,0.1,0.1,0.1,0.1,0.1,0.1,0.1,0.1,0.1,0.1,0.1,0.1,0.1,0.1,0.1,0.1,0.1,0.1,0.1,0.1,0.1,0.1,0.1
0.1,0.1,0.1,0.1,0.1,0.1,0.1,0.1,0.1,0.1,0.1,0.1,0.1,0.1,0.1,0.1,0.1,0.1,0.1,0.1,0.1,0.1,0.1,0.1,0.1,0.1,0.1,0.1,0.1,0.1,0.1,0.1,1,1,1,1,1,1,1,1,1,1,1,1,1,1,1,1,1,1,1,0.1,0.1,0.1,0.1,0.1,0.1,0.1,0.1,0.1,0.1,0.1,0.1,0.1,0.1,0.1,0.1,0.1,0.1,0.1,0.1,0.1,0.1,0.1,0.1,0.1,0.1,0.1,0.1,0.1,0.1,0.1,0.1,0.1,0.1,0.1,0.1,0.1,1,1,1,2,2,3,3,4,5,6,7,8,9,10,11,12,13,14,15,16,17,17,18,18,18,18,18,17,16,16,15,13,12,11,9,8,7,5,4,3,2,1,0.1,0.1,0.1,0.1,1,2,3,4,6,8,11,13,16,19,22,24,27,30,32,35,37,38,39,40,41,40,40,39,37,36,33,31,28,25,22,19,15,12,9,7,4,3,1,0.1,0.1,0.1,1,3,5,8,11,15,19,23,28,33,38,43,48,52,56,60,63,66,67,69,69,69,67,66,63,60,56,51,47,42,36,31,26,21,16,12,8,5,2,1,0.1,0.1,1,3,6,9,14,19,25,31,37,44,51,57,64,70,76,82,86,91,94,96,98,98,98,97,95,92,88,84,79,73,68,62,55,49,43,37,32,26,21,17,13,10,7,4,3,1,1,0.1,0.1,0.1,1,1,2,2,3,4,4,4,4,4,4,4,3,2,2,1,1,0.1,0.1,0.1,1,1,3,4,7,10,13,17,21,26,32,37,43,49,55,62,68,73,79,84,88,92,95,97,98,98,98,96,94,91,86,82,76,70,64,57,51,44,37,31,25,19,14,9,6,3,1,0.1,0.1,1,2,5,8,12,16,21,26,31,36,42,47,51,56,60,63,66,67,69,69,69,67,66,63,60,56,52,48,43,38,33,28,23,19,15,11,8,5,3,1,0.1,0.1,0.1,1,3,4,7,9,12,15,19,22,25,28,31,33,36,37,39,40,40,41,40,39,38,37,35,32,30,27,24,22,19,16,13,11,8,6,4,3,2,1,0.1,0.1,0.1,0.1,1,2,3,4,5,7,8,9,11,12,13,15,16,16,17,18,18,18,18,18,17,17,16,15,14,13,12,11,10,9,8,7,6,5,4,3,3,2,2,1,1,1,0.1,0.1,0.1,0.1,0.1,0.1,0.1,0.1,0.1,0.1,0.1,0.1,0.1,0.1,0.1,0.1,0.1,0.1,0.1,0.1,0.1,0.1,0.1,0.1,0.1,0.1,0.1,0.1,0.1,0.1,0.1,0.1,0.1,0.1,0.1,0.1,0.1,1,1,1,1,1,1,1,1,1,1,1,1,1,1,1,1,1,1,1,0.1,0.1,0.1,0.1,0.1,0.1,0.1,0.1,0.1,0.1,0.1,0.1,0.1,0.1,0.1,0.1,0.1,0.1,0.1,0.1,0.1,0.1,0.1,0.1,0.1,0.1,0.1,0.1,0.1
0.1,0.1,0.1,0.1,0.1,0.1,0.1,0.1,0.1,0.1,0.1,0.1,0.1,0.1,0.1,0.1,0.1,0.1,0.1,0.1,0.1,0.1,0.1,0.1,0.1,0.1,0.1,0.1,0.1,0.1,0.1,0.1,0.1,0.1,1,1,1,1,1,1,1,1,1,1,1,1,1,1,0.1,0.1,0.1,0.1,0.1,0.1,0.1,0.1,0.1,0.1,0.1,0.1,0.1,0.1,0.1,0.1,0.1,0.1,0.1,0.1,0.1,0.1,1,1,1,1,1,1,1,1,0.1,0.1,0.1,0.1,0.1,0.1,0.1,0.1,0.1,0.1,0.1,0.1,1,1,1,2,2,3,4,4,5,6,7,8,9,10,11,12,13,14,14,15,15,16,16,16,16,15,15,14,13,13,11,10,9,8,6,5,4,3,2,1,0.1,0.1,0.1,0.1,1,1,2,4,5,7,9,11,14,16,19,21,24,26,28,31,32,34,35,36,36,36,36,35,34,32,30,28,25,22,20,17,14,11,8,6,4,2,1,0.1,0.1,0.1,1,2,4,7,10,13,17,21,25,30,34,39,43,47,50,54,56,59,60,61,61,61,60,58,55,52,49,45,40,36,31,26,22,17,13,9,6,4,2,0.1,0.1,0.1,2,4,6,10,14,19,24,29,35,41,47,53,59,65,69,74,78,81,83,85,85,85,84,82,80,76,73,68,63,58,52,47,41,35,30,25,20,16,12,8,6,3,2,1,0.1,0.1,0.1,1,2,3,5,6,7,9,10,11,11,12,12,12,11,11,10,9,7,6,5,3,2,1,0.1,0.1,0.1,1,2,3,6,8,12,16,20,25,30,35,41,47,52,58,63,68,73,76,80,82,84,85,85,85,83,81,78,74,69,65,59,53,47,41,35,29,24,19,14,10,6,4,2,0.1,0.1,0.1,2,4,6,9,13,17,22,26,31,36,40,45,49,52,55,58,60,61,61,61,60,59,56,54,50,47,43,39,34,30,25,21,17,13,10,7,4,2,1,0.1,0.1,0.1,1,2,4,6,8,11,14,17,20,22,25,28,30,32,34,35,36,36,36,36,35,34,32,31,28,26,24,21,19,16,14,11,9,7,5,4,2,1,1,0.1,0.1,0.1,0.1,1,2,3,4,5,6,8,9,10,11,13,13,14,15,15,16,16,16,16,15,15,14,14,13,12,11,10,9,8,7,6,5,4,4,3,2,2,1,1,1,0.1,0.1,0.1,0.1,0.1,0.1,0.1,0.1,0.1,0.1,0.1,0.1,1,1,1,1,1,1,1,1,0.1,0.1,0.1,0.1,0.1,0.1,0.1,0.1,0.1,0.1,0.1,0.1,0.1,0.1,0.1,0.1,0.1,0.1,0.1,0.1,0.1,0.1,1,1,1,1,1,1,1,1,1,1,1,1,1,1,0.1,0.1,0.1,0.1,0.1,0.1,0.1,0.1,0.1,0.1,0.1,0.1,0.1,0.1,0.1,0.1,0.1,0.1,0.1,0.1,0.1,0.1,0.1,0.1,0.1,0.1,0.1,0.1,0.1,0.1,0.1
0.1,0.1,0.1,0.1,0.1,0.1,0.1,0.1,0.1,0.1,0.1,0.1,0.1,0.1,0.1,0.1,0.1,0.1,0.1,0.1,0.1,0.1,0.1,0.1,0.1,0.1,0.1,0.1,0.1,0.1,0.1,0.1,0.1,0.1,0.1,0.1,1,1,1,1,1,1,1,1,0.1,0.1,0.1,0.1,0.1,0.1,0.1,0.1,0.1,0.1,0.1,0.1,0.1,0.1,0.1,0.1,0.1,0.1,0.1,0.1,0.1,1,1,1,1,1,1,1,1,1,1,1,1,1,1,1,1,1,1,0.1,0.1,0.1,0.1,0.1,0.1,0.1,0.1,0.1,1,1,1,2,2,3,4,4,5,6,7,8,9,10,11,11,12,13,13,14,14,14,14,14,13,13,12,11,11,10,8,7,6,5,4,3,2,1,1,0.1,0.1,0.1,0.1,1,2,3,4,6,7,9,11,14,16,18,20,23,25,27,28,30,31,31,32,32,31,31,30,28,27,25,22,20,17,15,12,10,8,5,4,2,1,0.1,0.1,0.1,1,2,4,6,9,12,15,19,22,26,30,34,38,41,45,47,50,52,53,54,54,53,52,50,48,45,42,38,34,30,26,22,18,14,10,7,5,2,1,0.1,0.1,1,2,4,7,10,14,18,23,28,33,39,44,49,54,58,62,66,69,71,73,73,73,72,71,69,66,62,58,54,49,44,39,33,28,24,19,15,11,8,5,3,1,0.1,0.1,0.1,1,2,4,5,8,10,12,14,17,18,20,22,23,23,23,23,23,22,20,18,17,14,12,10,8,5,4,2,1,0.1,0.1,0.1,1,3,5,8,11,15,19,24,28,33,39,44,49,54,58,62,66,69,71,72,73,73,73,71,69,66,62,58,54,49,44,39,33,28,23,18,14,10,7,4,2,1,0.1,0.1,1,2,5,7,10,14,18,22,26,30,34,38,42,45,48,50,52,53,54,54,53,52,50,47,45,41,38,34,30,26,22,19,15,12,9,6,4,2,1,0.1,0.1,0.1,1,2,4,5,8,10,12,15,17,20,22,25,27,28,30,31,31,32,32,31,31,30,28,27,25,23,20,18,16,14,11,9,7,6,4,3,2,1,0.1,0.1,0.1,0.1,1,1,2,3,4,5,6,7,8,10,11,11,12,13,13,14,14,14,14,14,13,13,12,11,11,10,9,8,7,6,5,4,4,3,2,2,1,1,1,0.1,0.1,0.1,0.1,0.1,0.1,0.1,0.1,0.1,1,1,1,1,1,1,1,1,1,1,1,1,1,1,1,1,1,1,0.1,0.1,0.1,0.1,0.1,0.1,0.1,0.1,0.1,0.1,0.1,0.1,0.1,0.1,0.1,0.1,0.1,0.1,0.1,0.1,0.1,1,1,1,1,1,1,1,1,0.1,0.1,0.1,0.1,0.1,0.1,0.1,0.1,0.1,0.1,0.1,0.1,0.1,0.1,0.1,0.1,0.1,0.1,0.1,0.1,0.1,0.1,0.1,0.1,0.1,0.1,0.1,0.1,0.1,0.1,0.1,0.1,0.1
0.1,0.1,0.1,0.1,0.1,0.1,0.1,0.1,0.1,0.1,0.1,0.1,0.1,0.1,0.1,0.1,0.1,0.1,0.1,0.1,0.1,0.1,0.1,0.1,0.1,0.1,0.1,0.1,0.1,0.1,0.1,0.1,0.1,0.1,0.1,0.1,0.1,0.1,0.1,0.1,0.1,0.1,0.1,0.1,0.1,0.1,0.1,0.1,0.1,0.1,0.1,0.1,0.1,0.1,0.1,0.1,0.1,0.1,0.1,0.1,0.1,0.1,1,1,1,1,1,1,1,2,2,2,2,2,2,2,2,2,2,2,2,1,1,1,1,1,0.1,0.1,0.1,0.1,0.1,0.1,0.1,0.1,0.1,1,1,2,2,3,4,4,5,6,7,8,8,9,10,11,11,12,12,12,12,12,12,12,11,10,10,9,8,7,6,5,4,3,2,1,1,0.1,0.1,0.1,0.1,1,1,2,3,4,6,8,9,11,13,15,17,19,21,23,24,25,26,27,27,28,27,27,26,25,23,21,19,17,15,13,11,9,7,5,3,2,1,0.1,0.1,0.1,1,2,3,5,8,10,13,16,20,23,26,30,33,36,39,41,43,45,46,46,46,46,44,43,41,38,35,32,29,25,21,18,14,11,8,5,3,2,1,0.1,0.1,1,2,4,7,10,14,18,22,26,31,36,40,44,48,52,55,58,60,61,62,62,61,60,58,56,52,49,45,40,36,31,27,22,18,14,10,7,4,2,1,0.1,0.1,0.1,1,3,5,8,10,13,17,20,23,26,29,32,34,36,38,38,39,38,38,36,34,32,29,26,23,20,17,13,10,8,5,3,1,0.1,0.1,0.1,1,2,4,7,10,14,18,22,27,31,36,40,45,49,52,56,58,60,61,62,62,61,60,58,55,52,48,44,40,36,31,26,22,18,14,10,7,4,2,1,0.1,0.1,1,2,3,5,8,11,14,18,21,25,29,32,35,38,41,43,44,46,46,46,46,45,43,41,39,36,33,30,26,23,20,16,13,10,8,5,3,2,1,0.1,0.1,0.1,1,2,3,5,7,9,11,13,15,17,19,21,23,25,26,27,27,28,27,27,26,25,24,23,21,19,17,15,13,11,9,8,6,4,3,2,1,1,0.1,0.1,0.1,0.1,1,1,2,3,4,5,6,7,8,9,10,10,11,12,12,12,12,12,12,12,11,11,10,9,8,8,7,6,5,4,4,3,2,2,1,1,0.1,0.1,0.1,0.1,0.1,0.1,0.1,0.1,0.1,1,1,1,1,1,2,2,2,2,2,2,2,2,2,2,2,2,1,1,1,1,1,1,1,0.1,0.1,0.1,0.1,0.1,0.1,0.1,0.1,0.1,0.1,0.1,0.1,0.1,0.1,0.1,0.1,0.1,0.1,0.1,0.1,0.1,0.1,0.1,0.1,0.1,0.1,0.1,0.1,0.1,0.1,0.1,0.1,0.1,0.1,0.1,0.1,0.1,0.1,0.1,0.1,0.1,0.1,0.1,0.1,0.1,0.1,0.1,0.1,0.1,0.1,0.1,0.1,0.1,0.1,0.1,0.1,0.1,0.1,0.1
0.1,0.1,0.1,0.1,0.1,0.1,0.1,0.1,0.1,0.1,0.1,0.1,0.1,0.1,0.1,0.1,0.1,0.1,0.1,0.1,0.1,0.1,0.1,0.1,0.1,0.1,0.1,0.1,0.1,0.1,0.1,0.1,0.1,0.1,0.1,0.1,0.1,0.1,0.1,0.1,0.1,0.1,0.1,0.1,0.1,0.1,0.1,0.1,0.1,0.1,0.1,0.1,0.1,0.1,0.1,0.1,0.1,0.1,0.1,0.1,1,1,1,1,1,2,2,2,2,2,3,3,3,3,3,3,3,3,3,3,3,2,2,2,2,1,1,1,1,0.1,0.1,0.1,0.1,0.1,0.1,0.1,0.1,1,1,2,2,3,4,4,5,6,6,7,8,9,9,10,10,10,10,10,10,10,10,9,9,8,7,6,6,5,4,3,2,1,1,0.1,0.1,0.1,0.1,0.1,1,1,2,3,5,6,7,9,11,12,14,16,17,19,20,21,22,23,23,23,23,23,22,21,20,18,17,15,13,11,9,7,6,4,3,2,1,0.1,0.1,0.1,1,2,3,5,7,9,11,14,17,20,23,26,28,31,33,35,37,38,39,39,39,38,37,36,34,32,29,26,23,20,17,14,11,8,6,4,2,1,0.1,0.1,0.1,1,3,5,7,10,13,17,21,25,29,33,36,40,43,46,48,50,51,52,52,52,50,49,46,43,40,37,33,29,25,21,17,13,10,7,4,2,1,0.1,0.1,1,2,4,6,9,13,17,21,25,29,34,38,42,46,49,52,54,56,57,57,57,56,54,52,49,46,42,38,34,29,25,21,17,13,9,6,4,2,1,0.1,0.1,1,2,4,7,10,13,17,21,25,29,33,37,40,43,46,49,50,52,52,52,51,50,48,46,43,40,36,33,29,25,21,17,13,10,7,5,3,1,0.1,0.1,0.1,1,2,4,6,8,11,14,17,20,23,26,29,32,34,36,37,38,39,39,39,38,37,35,33,31,28,26,23,20,17,14,11,9,7,5,3,2,1,0.1,0.1,0.1,1,2,3,4,6,7,9,11,13,15,17,18,20,21,22,23,23,23,23,23,22,21,20,19,17,16,14,12,11,9,7,6,5,3,2,1,1,0.1,0.1,0.1,0.1,0.1,1,1,2,3,4,5,6,6,7,8,9,9,10,10,10,10,10,10,10,10,9,9,8,7,6,6,5,4,4,3,2,2,1,1,0.1,0.1,0.1,0.1,0.1,0.1,0.1,0.1,1,1,1,1,2,2,2,2,3,3,3,3,3,3,3,3,3,3,3,2,2,2,2,2,1,1,1,1,1,0.1,0.1,0.1,0.1,0.1,0.1,0.1,0.1,0.1,0.1,0.1,0.1,0.1,0.1,0.1,0.1,0.1,0.1,0.1,0.1,0.1,0.1,0.1,0.1,0.1,0.1,0.1,0.1,0.1,0.1,0.1,0.1,0.1,0.1,0.1,0.1,0.1,0.1,0.1,0.1,0.1,0.1,0.1,0.1,0.1,0.1,0.1,0.1,0.1,0.1,0.1,0.1,0.1,0.1,0.1,0.1,0.1
0.1,0.1,0.1,0.1,0.1,0.1,0.1,0.1,0.1,0.1,0.1,0.1,0.1,0.1,0.1,0.1,0.1,0.1,0.1,0.1,0.1,0.1,0.1,0.1,0.1,0.1,0.1,0.1,0.1,0.1,0.1,0.1,0.1,0.1,0.1,0.1,0.1,0.1,0.1,0.1,0.1,0.1,0.1,0.1,0.1,0.1,0.1,0.1,0.1,0.1,0.1,0.1,0.1,0.1,0.1,0.1,0.1,0.1,1,1,1,1,1,2,2,2,3,3,3,3,4,4,4,4,4,4,4,4,4,4,4,4,3,3,3,2,2,2,1,1,1,0.1,0.1,0.1,0.1,0.1,0.1,0.1,0.1,1,1,2,2,3,3,4,5,5,6,7,7,8,8,9,9,9,9,9,9,8,8,7,7,6,5,5,4,3,2,2,1,1,0.1,0.1,0.1,0.1,0.1,1,2,2,3,4,6,7,8,10,11,13,14,15,16,17,18,19,19,19,19,19,18,18,17,15,14,13,11,9,8,6,5,3,2,1,1,0.1,0.1,0.1,1,1,3,4,6,7,10,12,14,17,19,21,24,26,28,29,30,31,32,32,32,31,30,29,27,25,23,21,18,16,13,10,8,6,4,2,1,0.1,0.1,0.1,1,2,3,5,8,10,13,16,20,23,26,29,32,35,38,40,41,42,43,43,43,42,40,38,35,33,29,26,23,19,15,12,9,6,4,2,1,0.1,0.1,1,2,4,7,10,14,19,24,29,34,40,45,51,56,61,65,69,73,76,78,79,79,79,78,76,73,69,65,61,56,51,45,40,34,29,24,19,14,10,7,4,2,1,0.1,0.1,1,2,4,6,9,12,15,19,23,26,29,33,35,38,40,42,43,43,43,42,41,40,38,35,32,29,26,23,20,16,13,10,8,5,3,2,1,0.1,0.1,0.1,1,2,4,6,8,10,13,16,18,21,23,25,27,29,30,31,32,32,32,31,30,29,28,26,24,21,19,17,14,12,10,7,6,4,3,1,1,0.1,0.1,0.1,1,1,2,3,5,6,8,9,11,13,14,15,17,18,18,19,19,19,19,19,18,17,16,15,14,13,11,10,8,7,6,4,3,2,2,1,0.1,0.1,0.1,0.1,0.1,1,1,2,2,3,4,5,5,6,7,7,8,8,9,9,9,9,9,9,8,8,7,7,6,5,5,4,3,3,2,2,1,1,0.1,0.1,0.1,0.1,0.1,0.1,0.1,0.1,1,1,1,2,2,2,3,3,3,4,4,4,4,4,4,4,4,4,4,4,4,3,3,3,3,2,2,2,1,1,1,1,1,0.1,0.1,0.1,0.1,0.1,0.1,0.1,0.1,0.1,0.1,0.1,0.1,0.1,0.1,0.1,0.1,0.1,0.1,0.1,0.1,0.1,0.1,0.1,0.1,0.1,0.1,0.1,0.1,0.1,0.1,0.1,0.1,0.1,0.1,0.1,0.1,0.1,0.1,0.1,0.1,0.1,0.1,0.1,0.1,0.1,0.1,0.1,0.1,0.1,0.1,0.1,0.1,0.1,0.1,0.1
0.1,0.1,0.1,0.1,0.1,0.1,0.1,0.1,0.1,0.1,0.1,0.1,0.1,0.1,0.1,0.1,0.1,0.1,0.1,0.1,0.1,0.1,0.1,0.1,0.1,0.1,0.1,0.1,0.1,0.1,0.1,0.1,0.1,0.1,0.1,0.1,0.1,0.1,0.1,0.1,0.1,0.1,0.1,0.1,0.1,0.1,0.1,0.1,0.1,0.1,0.1,0.1,0.1,0.1,0.1,0.1,1,1,1,1,2,2,2,2,3,3,3,4,4,4,5,5,5,5,6,6,6,6,6,5,5,5,5,4,4,4,3,3,2,2,1,1,1,0.1,0.1,0.1,0.1,0.1,0.1,0.1,0.1,1,1,2,2,3,3,4,4,5,6,6,6,7,7,7,7,7,7,7,7,7,6,6,5,4,4,3,2,2,1,1,0.1,0.1,0.1,0.1,0.1,0.1,1,2,2,3,4,5,6,7,9,10,11,12,13,14,15,15,15,16,16,15,15,14,14,13,12,10,9,8,6,5,4,3,2,1,0.1,0.1,0.1,0.1,1,1,2,3,5,6,8,10,12,14,16,18,19,21,22,24,25,25,26,26,26,25,24,23,21,20,18,16,14,12,9,7,6,4,2,1,1,0.1,0.1,0.1,1,2,4,6,8,10,13,15,18,21,24,26,29,31,32,34,35,35,35,35,34,32,31,28,26,23,20,17,14,11,8,6,4,2,1,0.1,0.1,1,2,4,7,11,15,20,25,31,37,44,51,57,64,71,77,83,88,93,97,100,102,103,104,103,102,100,97,93,88,83,77,71,64,57,51,44,37,31,25,20,15,11,7,4,2,1,0.1,0.1,1,2,4,6,8,11,14,17,20,23,26,28,31,32,34,35,35,35,35,34,32,31,29,26,24,21,18,15,13,10,8,6,4,2,1,0.1,0.1,0.1,1,1,2,4,6,7,9,12,14,16,18,20,21,23,24,25,26,26,26,25,25,24,22,21,19,18,16,14,12,10,8,6,5,3,2,1,1,0.1,0.1,0.1,0.1,1,2,3,4,5,6,8,9,10,12,13,14,14,15,15,16,16,15,15,15,14,13,12,11,10,9,7,6,5,4,3,2,2,1,0.1,0.1,0.1,0.1,0.1,0.1,1,1,2,2,3,4,4,5,6,6,7,7,7,7,7,7,7,7,7,6,6,6,5,4,4,3,3,2,2,1,1,0.1,0.1,0.1,0.1,0.1,0.1,0.1,0.1,1,1,1,2,2,3,3,4,4,4,5,5,5,5,6,6,6,6,6,5,5,5,5,4,4,4,3,3,3,2,2,2,2,1,1,1,1,0.1,0.1,0.1,0.1,0.1,0.1,0.1,0.1,0.1,0.1,0.1,0.1,0.1,0.1,0.1,0.1,0.1,0.1,0.1,0.1,0.1,0.1,0.1,0.1,0.1,0.1,0.1,0.1,0.1,0.1,0.1,0.1,0.1,0.1,0.1,0.1,0.1,0.1,0.1,0.1,0.1,0.1,0.1,0.1,0.1,0.1,0.1,0.1,0.1,0.1,0.1,0.1,0.1
0.1,0.1,0.1,0.1,0.1,0.1,0.1,0.1,0.1,0.1,0.1,0.1,0.1,0.1,0.1,0.1,0.1,0.1,0.1,0.1,0.1,0.1,0.1,0.1,0.1,0.1,0.1,0.1,0.1,0.1,0.1,0.1,0.1,0.1,0.1,0.1,0.1,0.1,0.1,0.1,0.1,0.1,0.1,0.1,0.1,0.1,0.1,0.1,0.1,0.1,0.1,0.1,0.1,0.1,1,1,1,1,1,2,2,2,3,3,4,4,4,5,5,6,6,6,7,7,7,7,7,7,7,7,7,7,6,6,5,5,5,4,4,3,2,2,2,1,1,0.1,0.1,0.1,0.1,0.1,0.1,0.1,0.1,1,1,2,2,3,3,4,4,5,5,5,6,6,6,6,6,6,6,6,5,5,5,4,3,3,2,2,1,1,1,0.1,0.1,0.1,0.1,0.1,0.1,1,1,2,3,4,4,5,6,7,8,9,10,11,11,12,12,12,12,12,12,11,11,10,9,8,7,6,5,4,3,2,2,1,0.1,0.1,0.1,0.1,0.1,1,2,3,4,5,6,8,9,11,12,14,15,17,18,19,19,20,20,20,20,19,18,17,16,15,13,11,10,8,6,5,3,2,1,1,0.1,0.1,0.1,1,2,3,4,6,8,10,12,14,17,19,21,23,25,26,27,28,28,28,28,27,26,24,22,20,18,15,13,10,8,5,3,2,1,0.1,0.1,1,2,4,7,11,15,20,26,32,39,46,54,62,70,78,85,93,100,107,113,118,122,126,128,130,131,130,128,126,122,118,113,107,100,93,85,78,70,62,54,46,39,32,26,20,15,11,7,4,2,1,0.1,0.1,1,2,3,5,8,10,13,15,18,20,22,24,26,27,28,28,28,28,27,26,25,23,21,19,17,14,12,10,8,6,4,3,2,1,0.1,0.1,0.1,1,1,2,3,5,6,8,10,11,13,15,16,17,18,19,20,20,20,20,19,19,18,17,15,14,12,11,9,8,6,5,4,3,2,1,0.1,0.1,0.1,0.1,0.1,1,2,2,3,4,5,6,7,8,9,10,11,11,12,12,12,12,12,12,11,11,10,9,8,7,6,5,4,4,3,2,1,1,0.1,0.1,0.1,0.1,0.1,0.1,1,1,1,2,2,3,3,4,5,5,5,6,6,6,6,6,6,6,6,5,5,5,4,4,3,3,2,2,1,1,0.1,0.1,0.1,0.1,0.1,0.1,0.1,0.1,1,1,2,2,2,3,4,4,5,5,5,6,6,7,7,7,7,7,7,7,7,7,7,6,6,6,5,5,4,4,4,3,3,2,2,2,1,1,1,1,1,0.1,0.1,0.1,0.1,0.1,0.1,0.1,0.1,0.1,0.1,0.1,0.1,0.1,0.1,0.1,0.1,0.1,0.1,0.1,0.1,0.1,0.1,0.1,0.1,0.1,0.1,0.1,0.1,0.1,0.1,0.1,0.1,0.1,0.1,0.1,0.1,0.1,0.1,0.1,0.1,0.1,0.1,0.1,0.1,0.1,0.1,0.1,0.1,0.1,0.1,0.1
0.1,0.1,0.1,0.1,0.1,0.1,0.1,0.1,0.1,0.1,0.1,0.1,0.1,0.1,0.1,0.1,0.1,0.1,0.1,0.1,0.1,0.1,0.1,0.1,0.1,0.1,0.1,0.1,0.1,0.1,0.1,0.1,0.1,0.1,0.1,0.1,0.1,0.1,0.1,0.1,0.1,0.1,0.1,0.1,0.1,0.1,0.1,0.1,0.1,0.1,0.1,0.1,1,1,1,1,1,2,2,2,3,3,4,4,4,5,5,6,6,7,7,8,8,8,8,9,9,9,9,9,8,8,8,8,7,7,6,6,5,4,4,3,3,2,2,1,1,0.1,0.1,0.1,0.1,0.1,0.1,0.1,0.1,1,1,1,2,2,3,3,4,4,4,5,5,5,5,5,5,5,5,4,4,4,3,3,2,2,1,1,1,0.1,0.1,0.1,0.1,0.1,0.1,0.1,1,1,2,2,3,4,4,5,6,7,7,8,8,9,9,9,9,9,9,9,8,8,7,6,6,5,4,3,2,2,1,1,0.1,0.1,0.1,0.1,0.1,1,1,2,3,4,5,6,7,8,10,11,12,13,14,14,15,15,15,15,15,14,13,12,11,10,9,8,6,5,4,3,2,1,0.1,0.1,0.1,0.1,1,1,2,3,5,6,8,10,12,13,15,17,19,20,21,22,23,23,23,22,21,20,19,17,15,13,11,9,7,5,3,2,1,0.1,0.1,1,2,4,7,10,15,20,26,32,39,47,55,64,73,82,91,100,109,117,125,132,139,145,150,154,156,158,159,158,156,154,150,145,139,132,125,117,109,100,91,82,73,64,55,47,39,32,26,20,15,10,7,4,2,1,0.1,0.1,1,2,3,5,7,9,11,13,15,17,19,20,21,22,23,23,23,22,21,20,19,17,15,13,12,10,8,6,5,3,2,1,1,0.1,0.1,0.1,0.1,1,2,3,4,5,6,8,9,10,11,12,13,14,15,15,15,15,15,14,14,13,12,11,10,8,7,6,5,4,3,2,1,1,0.1,0.1,0.1,0.1,0.1,1,1,2,2,3,4,5,6,6,7,8,8,9,9,9,9,9,9,9,8,8,7,7,6,5,4,4,3,2,2,1,1,0.1,0.1,0.1,0.1,0.1,0.1,0.1,1,1,1,2,2,3,3,4,4,4,5,5,5,5,5,5,5,5,4,4,4,3,3,2,2,1,1,1,0.1,0.1,0.1,0.1,0.1,0.1,0.1,0.1,1,1,2,2,3,3,4,4,5,6,6,7,7,8,8,8,8,9,9,9,9,9,8,8,8,8,7,7,6,6,5,5,4,4,4,3,3,2,2,2,1,1,1,1,1,0.1,0.1,0.1,0.1,0.1,0.1,0.1,0.1,0.1,0.1,0.1,0.1,0.1,0.1,0.1,0.1,0.1,0.1,0.1,0.1,0.1,0.1,0.1,0.1,0.1,0.1,0.1,0.1,0.1,0.1,0.1,0.1,0.1,0.1,0.1,0.1,0.1,0.1,0.1,0.1,0.1,0.1,0.1,0.1,0.1,0.1,0.1,0.1,0.1
0.1,0.1,0.1,0.1,0.1,0.1,0.1,0.1,0.1,0.1,0.1,0.1,0.1,0.1,0.1,0.1,0.1,0.1,0.1,0.1,0.1,0.1,0.1,0.1,0.1,0.1,0.1,0.1,0.1,0.1,0.1,0.1,0.1,0.1,0.1,0.1,0.1,0.1,0.1,0.1,0.1,0.1,0.1,0.1,0.1,0.1,0.1,0.1,0.1,0.1,0.1,1,1,1,1,1,2,2,3,3,3,4,4,5,5,6,6,7,8,8,9,9,9,10,10,10,10,10,10,10,10,10,10,9,9,8,8,7,7,6,5,5,4,3,3,2,2,1,1,0.1,0.1,0.1,0.1,0.1,0.1,0.1,0.1,1,1,1,2,2,2,3,3,4,4,4,4,4,4,4,4,4,4,3,3,3,2,2,2,1,1,1,0.1,0.1,0.1,0.1,0.1,0.1,0.1,1,1,1,2,2,3,3,4,4,5,5,6,6,6,7,7,7,7,6,6,6,5,5,4,4,3,2,2,1,1,1,0.1,0.1,0.1,0.1,0.1,1,1,2,2,3,4,4,5,6,7,8,9,9,10,10,10,11,11,10,10,10,9,8,8,7,6,5,4,3,2,1,1,0.1,0.1,0.1,0.1,0.1,1,2,3,4,5,6,8,9,11,12,14,15,16,17,18,18,18,18,17,17,16,14,13,11,10,8,6,4,3,2,1,0.1,0.1,1,2,4,6,10,14,19,24,31,38,46,55,64,73,83,93,104,114,124,133,143,151,159,166,173,178,182,185,187,188,187,185,182,178,173,166,159,151,143,133,124,114,104,93,83,73,64,55,46,38,31,24,19,14,10,6,4,2,1,0.1,0.1,1,2,3,4,6,8,10,11,13,14,16,17,17,18,18,18,18,17,16,15,14,12,11,9,8,6,5,4,3,2,1,0.1,0.1,0.1,0.1,0.1,1,1,2,3,4,5,6,7,8,8,9,10,10,10,11,11,10,10,10,9,9,8,7,6,5,4,4,3,2,2,1,1,0.1,0.1,0.1,0.1,0.1,1,1,1,2,2,3,4,4,5,5,6,6,6,7,7,7,7,6,6,6,5,5,4,4,3,3,2,2,1,1,1,0.1,0.1,0.1,0.1,0.1,0.1,0.1,1,1,1,2,2,2,3,3,3,4,4,4,4,4,4,4,4,4,4,3,3,2,2,2,1,1,1,0.1,0.1,0.1,0.1,0.1,0.1,0.1,0.1,1,1,2,2,3,3,4,5,5,6,7,7,8,8,9,9,10,10,10,10,10,10,10,10,10,10,9,9,9,8,8,7,6,6,5,5,4,4,3,3,3,2,2,1,1,1,1,1,0.1,0.1,0.1,0.1,0.1,0.1,0.1,0.1,0.1,0.1,0.1,0.1,0.1,0.1,0.1,0.1,0.1,0.1,0.1,0.1,0.1,0.1,0.1,0.1,0.1,0.1,0.1,0.1,0.1,0.1,0.1,0.1,0.1,0.1,0.1,0.1,0.1,0.1,0.1,0.1,0.1,0.1,0.1,0.1,0.1,0.1,0.1,0.1
0.1,0.1,0.1,0.1,0.1,0.1,0.1,0.1,0.1,0.1,0.1,0.1,0.1,0.1,0.1,0.1,0.1,0.1,0.1,0.1,0.1,0.1,0.1,0.1,0.1,0.1,0.1,0.1,0.1,0.1,0.1,0.1,0.1,0.1,0.1,0.1,0.1,0.1,0.1,0.1,0.1,0.1,0.1,0.1,0.1,0.1,0.1,0.1,0.1,0.1,1,1,1,1,2,2,2,3,3,4,4,5,5,6,6,7,8,8,9,9,10,10,11,11,12,12,12,12,12,12,12,12,12,11,11,10,10,9,8,8,7,6,5,5,4,3,3,2,2,1,1,0.1,0.1,0.1,0.1,0.1,0.1,0.1,0.1,1,1,1,2,2,2,2,3,3,3,3,3,3,3,3,3,3,3,3,2,2,2,1,1,1,1,0.1,0.1,0.1,0.1,0.1,0.1,0.1,0.1,1,1,1,2,2,2,3,3,3,4,4,4,4,4,4,4,4,4,4,4,3,3,2,2,2,1,1,1,0.1,0.1,0.1,0.1,0.1,0.1,0.1,1,1,2,2,3,3,4,4,5,5,6,6,7,7,7,7,7,7,6,6,6,5,4,4,3,2,2,1,1,0.1,0.1,0.1,0.1,0.1,1,1,2,2,3,4,5,7,8,9,10,11,12,13,14,14,14,14,14,14,13,12,11,10,8,7,5,4,2,1,1,0.1,0.1,1,2,3,6,9,13,17,23,29,36,44,53,62,72,82,93,104,115,126,137,148,159,169,178,186,194,201,206,211,214,216,217,216,214,211,206,201,194,186,178,169,159,148,137,126,115,104,93,82,72,62,53,44,36,29,23,17,13,9,6,3,2,1,0.1,0.1,1,1,2,4,5,7,8,10,11,12,13,14,14,14,14,14,14,13,12,11,10,9,8,7,5,4,3,2,2,1,1,0.1,0.1,0.1,0.1,0.1,1,1,2,2,3,4,4,5,6,6,6,7,7,7,7,7,7,6,6,5,5,4,4,3,3,2,2,1,1,0.1,0.1,0.1,0.1,0.1,0.1,0.1,1,1,1,2,2,2,3,3,4,4,4,4,4,4,4,4,4,4,4,3,3,3,2,2,2,1,1,1,0.1,0.1,0.1,0.1,0.1,0.1,0.1,0.1,1,1,1,1,2,2,2,3,3,3,3,3,3,3,3,3,3,3,3,2,2,2,2,1,1,1,0.1,0.1,0.1,0.1,0.1,0.1,0.1,0.1,1,1,2,2,3,3,4,5,5,6,7,8,8,9,10,10,11,11,12,12,12,12,12,12,12,12,12,11,11,10,10,9,9,8,8,7,6,6,5,5,4,4,3,3,2,2,2,1,1,1,1,0.1,0.1,0.1,0.1,0.1,0.1,0.1,0.1,0.1,0.1,0.1,0.1,0.1,0.1,0.1,0.1,0.1,0.1,0.1,0.1,0.1,0.1,0.1,0.1,0.1,0.1,0.1,0.1,0.1,0.1,0.1,0.1,0.1,0.1,0.1,0.1,0.1,0.1,0.1,0.1,0.1,0.1,0.1,0.1,0.1,0.1,0.1
0.1,0.1,0.1,0.1,0.1,0.1,0.1,0.1,0.1,0.1,0.1,0.1,0.1,0.1,0.1,0.1,0.1,0.1,0.1,0.1,0.1,0.1,0.1,0.1,0.1,0.1,0.1,0.1,0.1,0.1,0.1,0.1,0.1,0.1,0.1,0.1,0.1,0.1,0.1,0.1,0.1,0.1,0.1,0.1,0.1,0.1,0.1,0.1,1,1,1,1,1,2,2,2,3,3,4,4,5,5,6,7,7,8,9,9,10,11,11,12,12,13,13,13,14,14,14,14,14,14,13,13,13,12,12,11,10,9,9,8,7,6,5,5,4,3,3,2,2,1,1,0.1,0.1,0.1,0.1,0.1,0.1,0.1,0.1,1,1,1,1,2,2,2,2,3,3,3,3,3,3,3,3,3,2,2,2,2,1,1,1,1,0.1,0.1,0.1,0.1,0.1,0.1,0.1,0.1,0.1,0.1,1,1,1,1,2,2,2,2,2,3,3,3,3,3,3,2,2,2,2,2,1,1,1,1,0.1,0.1,0.1,0.1,0.1,0.1,0.1,0.1,0.1,1,1,1,2,2,2,3,3,3,4,4,4,4,4,4,4,4,4,3,3,3,2,2,1,1,1,0.1,0.1,0.1,0.1,0.1,0.1,1,1,2,2,3,4,5,6,7,8,9,9,10,11,11,11,11,11,11,10,10,9,8,7,6,4,3,2,1,0.1,0.1,0.1,0.1,1,3,5,8,11,16,21,27,34,41,50,59,69,79,90,101,113,125,137,149,161,173,184,194,204,213,221,228,234,239,242,244,245,244,242,239,234,228,221,213,204,194,184,173,161,149,137,125,113,101,90,79,69,59,50,41,34,27,21,16,11,8,5,3,1,0.1,0.1,0.1,0.1,1,2,3,4,6,7,8,9,10,10,11,11,11,11,11,11,10,9,9,8,7,6,5,4,3,2,2,1,1,0.1,0.1,0.1,0.1,0.1,0.1,1,1,1,2,2,3,3,3,4,4,4,4,4,4,4,4,4,3,3,3,2,2,2,1,1,1,0.1,0.1,0.1,0.1,0.1,0.1,0.1,0.1,0.1,1,1,1,1,2,2,2,2,2,3,3,3,3,3,3,2,2,2,2,2,1,1,1,1,0.1,0.1,0.1,0.1,0.1,0.1,0.1,0.1,0.1,0.1,1,1,1,1,2,2,2,2,3,3,3,3,3,3,3,3,3,2,2,2,2,1,1,1,1,0.1,0.1,0.1,0.1,0.1,0.1,0.1,0.1,1,1,2,2,3,3,4,5,5,6,7,8,9,9,10,11,12,12,13,13,13,14,14,14,14,14,14,13,13,13,12,12,11,11,10,9,9,8,7,7,6,5,5,4,4,3,3,2,2,2,1,1,1,1,1,0.1,0.1,0.1,0.1,0.1,0.1,0.1,0.1,0.1,0.1,0.1,0.1,0.1,0.1,0.1,0.1,0.1,0.1,0.1,0.1,0.1,0.1,0.1,0.1,0.1,0.1,0.1,0.1,0.1,0.1,0.1,0.1,0.1,0.1,0.1,0.1,0.1,0.1,0.1,0.1,0.1,0.1,0.1,0.1,0.1
0.1,0.1,0.1,0.1,0.1,0.1,0.1,0.1,0.1,0.1,0.1,0.1,0.1,0.1,0.1,0.1,0.1,0.1,0.1,0.1,0.1,0.1,0.1,0.1,0.1,0.1,0.1,0.1,0.1,0.1,0.1,0.1,0.1,0.1,0.1,0.1,0.1,0.1,0.1,0.1,0.1,0.1,0.1,0.1,0.1,0.1,0.1,1,1,1,1,1,2,2,2,3,3,4,4,5,6,6,7,7,8,9,10,10,11,12,12,13,14,14,15,15,15,15,16,16,16,15,15,15,14,14,13,13,12,11,10,10,9,8,7,6,5,5,4,3,3,2,1,1,1,0.1,0.1,0.1,0.1,0.1,0.1,0.1,0.1,1,1,1,1,1,2,2,2,2,2,2,2,2,2,2,2,2,2,2,2,1,1,1,1,1,0.1,0.1,0.1,0.1,0.1,0.1,0.1,0.1,0.1,0.1,0.1,0.1,1,1,1,1,1,1,1,1,1,1,1,1,1,1,1,1,1,1,0.1,0.1,0.1,0.1,0.1,0.1,0.1,0.1,0.1,0.1,0.1,0.1,1,1,1,1,1,2,2,2,2,2,2,2,2,2,2,2,2,1,1,1,1,0.1,0.1,0.1,0.1,0.1,0.1,0.1,0.1,1,1,1,2,3,3,4,5,5,6,7,7,8,9,9,9,9,9,9,9,8,7,7,6,5,4,3,2,1,0.1,0.1,0.1,0.1,1,2,4,7,10,14,19,24,31,38,46,55,64,75,85,97,109,121,134,147,159,172,184,197,208,219,229,238,247,254,260,265,268,270,271,270,268,265,260,254,247,238,229,219,208,197,184,172,159,147,134,121,109,97,85,75,64,55,46,38,31,24,19,14,10,7,4,2,1,0.1,0.1,0.1,0.1,1,2,3,4,5,6,7,7,8,9,9,9,9,9,9,9,8,7,7,6,5,5,4,3,3,2,1,1,1,0.1,0.1,0.1,0.1,0.1,0.1,0.1,0.1,1,1,1,1,2,2,2,2,2,2,2,2,2,2,2,2,1,1,1,1,1,0.1,0.1,0.1,0.1,0.1,0.1,0.1,0.1,0.1,0.1,0.1,0.1,1,1,1,1,1,1,1,1,1,1,1,1,1,1,1,1,1,1,0.1,0.1,0.1,0.1,0.1,0.1,0.1,0.1,0.1,0.1,0.1,0.1,1,1,1,1,1,2,2,2,2,2,2,2,2,2,2,2,2,2,2,2,1,1,1,1,1,0.1,0.1,0.1,0.1,0.1,0.1,0.1,0.1,1,1,1,2,3,3,4,5,5,6,7,8,9,10,10,11,12,13,13,14,14,15,15,15,16,16,16,15,15,15,15,14,14,13,12,12,11,10,10,9,8,7,7,6,6,5,4,4,3,3,2,2,2,1,1,1,1,1,0.1,0.1,0.1,0.1,0.1,0.1,0.1,0.1,0.1,0.1,0.1,0.1,0.1,0.1,0.1,0.1,0.1,0.1,0.1,0.1,0.1,0.1,0.1,0.1,0.1,0.1,0.1,0.1,0.1,0.1,0.1,0.1,0.1,0.1,0.1,0.1,0.1,0.1,0.1,0.1,0.1,0.1,0.1,0.1
0.1,0.1,0.1,0.1,0.1,0.1,0.1,0.1,0.1,0.1,0.1,0.1,0.1,0.1,0.1,0.1,0.1,0.1,0.1,0.1,0.1,0.1,0.1,0.1,0.1,0.1,0.1,0.1,0.1,0.1,0.1,0.1,0.1,0.1,0.1,0.1,0.1,0.1,0.1,0.1,0.1,0.1,0.1,0.1,0.1,0.1,1,1,1,1,1,2,2,2,3,3,4,4,5,6,6,7,8,8,9,10,11,11,12,13,13,14,15,15,16,16,17,17,17,17,17,17,17,17,16,16,15,15,14,13,12,11,11,10,9,8,7,6,5,4,4,3,2,2,1,1,1,0.1,0.1,0.1,0.1,0.1,0.1,0.1,0.1,0.1,1,1,1,1,1,2,2,2,2,2,2,2,2,2,2,2,2,2,1,1,1,1,1,1,0.1,0.1,0.1,0.1,0.1,0.1,0.1,0.1,0.1,0.1,0.1,0.1,0.1,0.1,0.1,0.1,0.1,1,1,1,1,1,1,1,0.1,0.1,0.1,0.1,0.1,0.1,0.1,0.1,0.1,0.1,0.1,0.1,0.1,0.1,0.1,0.1,0.1,0.1,0.1,1,1,1,1,1,1,1,1,1,1,1,1,1,0.1,0.1,0.1,0.1,0.1,0.1,0.1,0.1,0.1,0.1,0.1,1,1,1,2,2,3,3,4,5,5,6,6,7,7,7,8,8,8,7,7,7,6,6,5,4,3,2,2,1,0.1,0.1,0.1,0.1,1,2,4,6,9,13,17,22,28,34,42,50,59,69,80,91,103,115,128,141,154,167,181,194,207,219,231,242,252,262,270,278,284,289,292,294,295,294,292,289,284,278,270,262,252,242,231,219,207,194,181,167,154,141,128,115,103,91,80,69,59,50,42,34,28,22,17,13,9,6,4,2,1,0.1,0.1,0.1,0.1,1,2,2,3,4,5,6,6,7,7,7,8,8,8,7,7,7,6,6,5,5,4,3,3,2,2,1,1,1,0.1,0.1,0.1,0.1,0.1,0.1,0.1,0.1,0.1,0.1,0.1,1,1,1,1,1,1,1,1,1,1,1,1,1,0.1,0.1,0.1,0.1,0.1,0.1,0.1,0.1,0.1,0.1,0.1,0.1,0.1,0.1,0.1,0.1,0.1,0.1,0.1,1,1,1,1,1,1,1,0.1,0.1,0.1,0.1,0.1,0.1,0.1,0.1,0.1,0.1,0.1,0.1,0.1,0.1,0.1,0.1,0.1,1,1,1,1,1,1,2,2,2,2,2,2,2,2,2,2,2,2,2,1,1,1,1,1,0.1,0.1,0.1,0.1,0.1,0.1,0.1,0.1,0.1,1,1,1,2,2,3,4,4,5,6,7,8,9,10,11,11,12,13,14,15,15,16,16,17,17,17,17,17,17,17,17,16,16,15,15,14,13,13,12,11,11,10,9,8,8,7,6,6,5,4,4,3,3,2,2,2,1,1,1,1,1,0.1,0.1,0.1,0.1,0.1,0.1,0.1,0.1,0.1,0.1,0.1,0.1,0.1,0.1,0.1,0.1,0.1,0.1,0.1,0.1,0.1,0.1,0.1,0.1,0.1,0.1,0.1,0.1,0.1,0.1,0.1,0.1,0.1,0.1,0.1,0.1,0.1,0.1,0.1,0.1,0.1,0.1,0.1
0.1,0.1,0.1,0.1,0.1,0.1,0.1,0.1,0.1,0.1,0.1,0.1,0.1,0.1,0.1,0.1,0.1,0.1,0.1,0.1,0.1,0.1,0.1,0.1,0.1,0.1,0.1,0.1,0.1,0.1,0.1,0.1,0.1,0.1,0.1,0.1,0.1,0.1,0.1,0.1,0.1,0.1,0.1,0.1,0.1,1,1,1,1,1,2,2,2,3,3,4,4,5,5,6,7,7,8,9,10,11,11,12,13,14,14,15,16,16,17,17,18,18,18,18,19,18,18,18,18,17,17,16,16,15,14,13,12,11,10,10,9,8,7,6,5,4,4,3,2,2,1,1,1,0.1,0.1,0.1,0.1,0.1,0.1,0.1,0.1,0.1,1,1,1,1,1,2,2,2,2,2,2,2,2,2,2,2,2,2,1,1,1,1,1,1,1,0.1,0.1,0.1,0.1,0.1,0.1,0.1,0.1,0.1,0.1,0.1,0.1,0.1,0.1,0.1,0.1,0.1,0.1,0.1,0.1,0.1,0.1,0.1,0.1,0.1,0.1,0.1,0.1,0.1,0.1,0.1,0.1,0.1,0.1,0.1,0.1,0.1,0.1,0.1,0.1,0.1,0.1,0.1,0.1,0.1,0.1,0.1,0.1,0.1,0.1,0.1,0.1,0.1,0.1,0.1,0.1,0.1,0.1,0.1,0.1,1,1,1,1,2,2,3,3,3,4,4,5,5,6,6,6,7,7,7,7,7,6,6,5,5,4,3,3,2,1,1,0.1,0.1,0.1,0.1,1,2,3,5,8,11,15,19,25,31,38,45,54,63,73,84,95,107,120,133,146,159,173,187,200,214,227,239,251,263,273,283,291,298,304,309,313,315,315,315,313,309,304,298,291,283,273,263,251,239,227,214,200,187,173,159,146,133,120,107,95,84,73,63,54,45,38,31,25,19,15,11,8,5,3,2,1,0.1,0.1,0.1,0.1,1,1,2,3,3,4,5,5,6,6,7,7,7,7,7,6,6,6,5,5,4,4,3,3,3,2,2,1,1,1,1,0.1,0.1,0.1,0.1,0.1,0.1,0.1,0.1,0.1,0.1,0.1,0.1,0.1,0.1,0.1,0.1,0.1,0.1,0.1,0.1,0.1,0.1,0.1,0.1,0.1,0.1,0.1,0.1,0.1,0.1,0.1,0.1,0.1,0.1,0.1,0.1,0.1,0.1,0.1,0.1,0.1,0.1,0.1,0.1,0.1,0.1,0.1,0.1,0.1,0.1,0.1,0.1,0.1,0.1,0.1,0.1,0.1,0.1,0.1,0.1,1,1,1,1,1,1,1,2,2,2,2,2,2,2,2,2,2,2,2,2,1,1,1,1,1,0.1,0.1,0.1,0.1,0.1,0.1,0.1,0.1,0.1,1,1,1,2,2,3,4,4,5,6,7,8,9,10,10,11,12,13,14,15,16,16,17,17,18,18,18,18,19,18,18,18,18,17,17,16,16,15,14,14,13,12,11,11,10,9,8,7,7,6,5,5,4,4,3,3,2,2,2,1,1,1,1,1,0.1,0.1,0.1,0.1,0.1,0.1,0.1,0.1,0.1,0.1,0.1,0.1,0.1,0.1,0.1,0.1,0.1,0.1,0.1,0.1,0.1,0.1,0.1,0.1,0.1,0.1,0.1,0.1,0.1,0.1,0.1,0.1,0.1,0.1,0.1,0.1,0.1,0.1,0.1,0.1,0.1,0.1
0.1,0.1,0.1,0.1,0.1,0.1,0.1,0.1,0.1,0.1,0.1,0.1,0.1,0.1,0.1,0.1,0.1,0.1,0.1,0.1,0.1,0.1,0.1,0.1,0.1,0.1,0.1,0.1,0.1,0.1,0.1,0.1,0.1,0.1,0.1,0.1,0.1,0.1,0.1,0.1,0.1,0.1,0.1,0.1,1,1,1,1,1,2,2,2,3,3,4,4,5,5,6,7,7,8,9,10,10,11,12,13,14,14,15,16,17,17,18,18,19,19,19,20,20,20,20,19,19,19,18,18,17,16,16,15,14,13,12,11,10,9,8,7,6,6,5,4,3,3,2,2,1,1,1,0.1,0.1,0.1,0.1,0.1,0.1,0.1,0.1,0.1,1,1,1,1,1,1,2,2,2,2,2,2,2,2,2,2,2,2,2,2,1,1,1,1,1,1,1,1,1,0.1,0.1,0.1,0.1,0.1,0.1,0.1,0.1,0.1,0.1,0.1,0.1,0.1,0.1,0.1,0.1,0.1,0.1,0.1,0.1,0.1,0.1,0.1,0.1,0.1,0.1,0.1,0.1,0.1,0.1,0.1,0.1,0.1,0.1,0.1,0.1,0.1,0.1,0.1,0.1,0.1,0.1,0.1,0.1,0.1,0.1,0.1,0.1,0.1,1,1,1,1,1,2,2,2,3,3,4,4,4,5,5,5,6,6,6,6,6,6,6,6,6,5,5,4,4,3,3,2,1,1,0.1,0.1,0.1,0.1,1,2,3,5,7,10,13,17,22,27,34,41,48,57,66,76,87,98,110,123,136,149,163,177,190,204,218,231,244,257,269,280,290,300,308,315,321,326,329,331,332,331,329,326,321,315,308,300,290,280,269,257,244,231,218,204,190,177,163,149,136,123,110,98,87,76,66,57,48,41,34,27,22,17,13,10,7,5,3,2,1,0.1,0.1,0.1,0.1,1,1,2,3,3,4,4,5,5,6,6,6,6,6,6,6,6,6,5,5,5,4,4,4,3,3,2,2,2,1,1,1,1,1,0.1,0.1,0.1,0.1,0.1,0.1,0.1,0.1,0.1,0.1,0.1,0.1,0.1,0.1,0.1,0.1,0.1,0.1,0.1,0.1,0.1,0.1,0.1,0.1,0.1,0.1,0.1,0.1,0.1,0.1,0.1,0.1,0.1,0.1,0.1,0.1,0.1,0.1,0.1,0.1,0.1,0.1,0.1,0.1,0.1,0.1,0.1,0.1,0.1,1,1,1,1,1,1,1,1,1,2,2,2,2,2,2,2,2,2,2,2,2,2,2,1,1,1,1,1,1,0.1,0.1,0.1,0.1,0.1,0.1,0.1,0.1,0.1,1,1,1,2,2,3,3,4,5,6,6,7,8,9,10,11,12,13,14,15,16,16,17,18,18,19,19,19,20,20,20,20,19,19,19,18,18,17,17,16,15,14,14,13,12,11,10,10,9,8,7,7,6,5,5,4,4,3,3,2,2,2,1,1,1,1,1,0.1,0.1,0.1,0.1,0.1,0.1,0.1,0.1,0.1,0.1,0.1,0.1,0.1,0.1,0.1,0.1,0.1,0.1,0.1,0.1,0.1,0.1,0.1,0.1,0.1,0.1,0.1,0.1,0.1,0.1,0.1,0.1,0.1,0.1,0.1,0.1,0.1,0.1,0.1,0.1,0.1
0.1,0.1,0.1,0.1,0.1,0.1,0.1,0.1,0.1,0.1,0.1,0.1,0.1,0.1,0.1,0.1,0.1,0.1,0.1,0.1,0.1,0.1,0.1,0.1,0.1,0.1,0.1,0.1,0.1,0.1,0.1,0.1,0.1,0.1,0.1,0.1,0.1,0.1,0.1,0.1,0.1,0.1,0.1,1,1,1,1,1,2,2,2,3,3,3,4,4,5,6,6,7,8,8,9,10,11,12,13,13,14,15,16,16,17,18,18,19,19,20,20,20,21,21,21,21,20,20,20,19,19,18,17,16,16,15,14,13,12,11,10,9,8,7,6,5,5,4,3,2,2,1,1,1,0.1,0.1,0.1,0.1,0.1,0.1,0.1,0.1,0.1,0.1,1,1,1,1,1,2,2,2,2,2,2,2,2,2,2,2,2,2,2,2,2,2,2,2,2,1,1,1,1,1,1,1,1,1,0.1,0.1,0.1,0.1,0.1,0.1,0.1,0.1,0.1,0.1,0.1,0.1,0.1,0.1,0.1,0.1,0.1,0.1,0.1,0.1,0.1,0.1,0.1,0.1,0.1,0.1,0.1,0.1,0.1,0.1,0.1,0.1,0.1,0.1,0.1,1,1,1,1,1,1,2,2,2,2,3,3,3,4,4,5,5,5,6,6,6,6,7,7,7,7,7,6,6,6,5,5,4,4,3,2,2,1,1,0.1,0.1,0.1,0.1,1,1,2,4,6,8,11,15,19,24,30,36,43,51,60,69,79,89,101,112,125,138,151,164,178,192,206,219,233,246,259,271,283,294,304,313,321,328,334,338,341,343,344,343,341,338,334,328,321,313,304,294,283,271,259,246,233,219,206,192,178,164,151,138,125,112,101,89,79,69,60,51,43,36,30,24,19,15,11,8,6,4,2,1,1,0.1,0.1,0.1,0.1,1,1,2,2,3,4,4,5,5,6,6,6,7,7,7,7,7,6,6,6,6,5,5,5,4,4,3,3,3,2,2,2,2,1,1,1,1,1,1,0.1,0.1,0.1,0.1,0.1,0.1,0.1,0.1,0.1,0.1,0.1,0.1,0.1,0.1,0.1,0.1,0.1,0.1,0.1,0.1,0.1,0.1,0.1,0.1,0.1,0.1,0.1,0.1,0.1,0.1,0.1,0.1,0.1,0.1,0.1,1,1,1,1,1,1,1,1,1,2,2,2,2,2,2,2,2,2,2,2,2,2,2,2,2,2,2,2,2,1,1,1,1,1,0.1,0.1,0.1,0.1,0.1,0.1,0.1,0.1,0.1,0.1,1,1,1,2,2,3,4,5,5,6,7,8,9,10,11,12,13,14,15,16,16,17,18,19,19,20,20,20,21,21,21,21,20,20,20,19,19,18,18,17,16,16,15,14,13,13,12,11,10,9,8,8,7,6,6,5,4,4,3,3,3,2,2,2,1,1,1,1,1,0.1,0.1,0.1,0.1,0.1,0.1,0.1,0.1,0.1,0.1,0.1,0.1,0.1,0.1,0.1,0.1,0.1,0.1,0.1,0.1,0.1,0.1,0.1,0.1,0.1,0.1,0.1,0.1,0.1,0.1,0.1,0.1,0.1,0.1,0.1,0.1,0.1,0.1,0.1,0.1
0.1,0.1,0.1,0.1,0.1,0.1,0.1,0.1,0.1,0.1,0.1,0.1,0.1,0.1,0.1,0.1,0.1,0.1,0.1,0.1,0.1,0.1,0.1,0.1,0.1,0.1,0.1,0.1,0.1,0.1,0.1,0.1,0.1,0.1,0.1,0.1,0.1,0.1,0.1,0.1,0.1,0.1,1,1,1,1,1,2,2,2,2,3,3,4,4,5,5,6,7,7,8,9,10,10,11,12,13,14,14,15,16,17,18,18,19,19,20,20,21,21,21,21,21,21,21,21,21,20,20,19,18,18,17,16,15,14,13,12,11,10,9,8,8,7,6,5,4,4,3,2,2,1,1,1,0.1,0.1,0.1,0.1,0.1,0.1,0.1,0.1,0.1,1,1,1,1,1,2,2,2,2,2,3,3,3,3,3,3,3,3,3,3,3,3,3,3,2,2,2,2,2,2,2,2,1,1,1,1,1,1,1,1,0.1,0.1,0.1,0.1,0.1,0.1,0.1,0.1,0.1,0.1,0.1,0.1,0.1,0.1,0.1,0.1,0.1,0.1,0.1,0.1,0.1,1,1,1,1,1,1,1,2,2,2,3,3,3,3,4,4,5,5,5,6,6,6,7,7,7,7,8,8,8,8,7,7,7,7,6,6,5,5,4,3,3,2,1,1,0.1,0.1,0.1,0.1,0.1,1,2,3,5,7,10,13,17,21,26,32,38,45,53,62,71,80,91,102,113,126,138,151,164,178,191,205,218,232,245,258,270,282,293,303,313,322,329,336,341,346,349,351,351,351,349,346,341,336,329,322,313,303,293,282,270,258,245,232,218,205,191,178,164,151,138,126,113,102,91,80,71,62,53,45,38,32,26,21,17,13,10,7,5,3,2,1,0.1,0.1,0.1,0.1,0.1,1,1,2,3,3,4,5,5,6,6,7,7,7,7,8,8,8,8,7,7,7,7,6,6,6,5,5,5,4,4,3,3,3,3,2,2,2,1,1,1,1,1,1,1,0.1,0.1,0.1,0.1,0.1,0.1,0.1,0.1,0.1,0.1,0.1,0.1,0.1,0.1,0.1,0.1,0.1,0.1,0.1,0.1,0.1,1,1,1,1,1,1,1,1,2,2,2,2,2,2,2,2,3,3,3,3,3,3,3,3,3,3,3,3,3,3,2,2,2,2,2,1,1,1,1,1,0.1,0.1,0.1,0.1,0.1,0.1,0.1,0.1,0.1,1,1,1,2,2,3,4,4,5,6,7,8,8,9,10,11,12,13,14,15,16,17,18,18,19,20,20,21,21,21,21,21,21,21,21,21,20,20,19,19,18,18,17,16,15,14,14,13,12,11,10,10,9,8,7,7,6,5,5,4,4,3,3,2,2,2,2,1,1,1,1,1,0.1,0.1,0.1,0.1,0.1,0.1,0.1,0.1,0.1,0.1,0.1,0.1,0.1,0.1,0.1,0.1,0.1,0.1,0.1,0.1,0.1,0.1,0.1,0.1,0.1,0.1,0.1,0.1,0.1,0.1,0.1,0.1,0.1,0.1,0.1,0.1,0.1,0.1,0.1
0.1,0.1,0.1,0.1,0.1,0.1,0.1,0.1,0.1,0.1,0.1,0.1,0.1,0.1,0.1,0.1,0.1,0.1,0.1,0.1,0.1,0.1,0.1,0.1,0.1,0.1,0.1,0.1,0.1,0.1,0.1,0.1,0.1,0.1,0.1,0.1,0.1,0.1,0.1,0.1,0.1,1,1,1,1,1,1,2,2,2,3,3,4,4,4,5,6,6,7,8,8,9,10,11,11,12,13,14,15,15,16,17,18,18,19,20,20,21,21,21,22,22,22,22,22,22,21,21,21,20,19,19,18,17,16,16,15,14,13,12,11,10,9,8,7,6,5,5,4,3,3,2,2,1,1,1,0.1,0.1,0.1,0.1,0.1,0.1,0.1,0.1,0.1,1,1,1,1,2,2,2,2,3,3,3,3,3,4,4,4,4,4,4,4,4,4,4,4,4,3,3,3,3,3,3,2,2,2,2,2,1,1,1,1,1,1,0.1,0.1,0.1,0.1,0.1,0.1,0.1,0.1,0.1,0.1,0.1,0.1,0.1,0.1,1,1,1,1,1,2,2,2,3,3,3,4,4,5,5,5,6,6,7,7,8,8,8,9,9,9,9,9,9,9,9,9,9,8,8,7,7,6,5,5,4,3,2,2,1,1,0.1,0.1,0.1,0.1,1,1,3,4,6,8,11,15,18,23,28,34,40,47,55,63,72,82,92,102,113,125,137,150,162,175,188,201,215,228,240,253,265,277,288,299,308,317,325,333,339,344,348,351,352,353,352,351,348,344,339,333,325,317,308,299,288,277,265,253,240,228,215,201,188,175,162,150,137,125,113,102,92,82,72,63,55,47,40,34,28,23,18,15,11,8,6,4,3,1,1,0.1,0.1,0.1,0.1,1,1,2,2,3,4,5,5,6,7,7,8,8,9,9,9,9,9,9,9,9,9,9,8,8,8,7,7,6,6,5,5,5,4,4,3,3,3,2,2,2,1,1,1,1,1,0.1,0.1,0.1,0.1,0.1,0.1,0.1,0.1,0.1,0.1,0.1,0.1,0.1,0.1,1,1,1,1,1,1,2,2,2,2,2,3,3,3,3,3,3,4,4,4,4,4,4,4,4,4,4,4,4,3,3,3,3,3,2,2,2,2,1,1,1,1,0.1,0.1,0.1,0.1,0.1,0.1,0.1,0.1,0.1,1,1,1,2,2,3,3,4,5,5,6,7,8,9,10,11,12,13,14,15,16,16,17,18,19,19,20,21,21,21,22,22,22,22,22,22,21,21,21,20,20,19,18,18,17,16,15,15,14,13,12,11,11,10,9,8,8,7,6,6,5,4,4,4,3,3,2,2,2,1,1,1,1,1,1,0.1,0.1,0.1,0.1,0.1,0.1,0.1,0.1,0.1,0.1,0.1,0.1,0.1,0.1,0.1,0.1,0.1,0.1,0.1,0.1,0.1,0.1,0.1,0.1,0.1,0.1,0.1,0.1,0.1,0.1,0.1,0.1,0.1,0.1,0.1,0.1,0.1,0.1
0.1,0.1,0.1,0.1,0.1,0.1,0.1,0.1,0.1,0.1,0.1,0.1,0.1,0.1,0.1,0.1,0.1,0.1,0.1,0.1,0.1,0.1,0.1,0.1,0.1,0.1,0.1,0.1,0.1,0.1,0.1,0.1,0.1,0.1,0.1,0.1,0.1,0.1,0.1,0.1,1,1,1,1,1,1,2,2,2,3,3,3,4,4,5,5,6,6,7,8,8,9,10,11,11,12,13,14,14,15,16,17,17,18,19,19,20,20,21,21,21,22,22,22,22,22,22,21,21,21,20,20,19,18,18,17,16,15,14,13,12,11,10,9,8,8,7,6,5,4,4,3,2,2,1,1,1,0.1,0.1,0.1,0.1,0.1,0.1,0.1,0.1,0.1,1,1,1,1,2,2,2,3,3,3,4,4,4,5,5,5,5,5,5,5,5,5,5,5,5,5,5,5,4,4,4,4,3,3,3,2,2,2,2,1,1,1,1,0.1,0.1,0.1,0.1,0.1,0.1,0.1,0.1,0.1,0.1,0.1,1,1,1,2,2,2,3,3,4,4,5,5,6,7,7,8,8,9,9,10,10,11,11,11,11,11,11,11,11,11,11,10,10,9,9,8,7,7,6,5,4,3,2,2,1,1,0.1,0.1,0.1,0.1,1,2,3,5,7,9,12,16,20,24,30,35,42,48,56,64,73,82,92,102,113,124,135,147,159,171,184,196,209,221,234,246,257,269,279,290,299,308,317,324,331,336,341,345,347,349,349,349,347,345,341,336,331,324,317,308,299,290,279,269,257,246,234,221,209,196,184,171,159,147,135,124,113,102,92,82,73,64,56,48,42,35,30,24,20,16,12,9,7,5,3,2,1,0.1,0.1,0.1,0.1,1,1,2,2,3,4,5,6,7,7,8,9,9,10,10,11,11,11,11,11,11,11,11,11,11,10,10,9,9,8,8,7,7,6,5,5,4,4,3,3,2,2,2,1,1,1,0.1,0.1,0.1,0.1,0.1,0.1,0.1,0.1,0.1,0.1,0.1,1,1,1,1,2,2,2,2,3,3,3,4,4,4,4,5,5,5,5,5,5,5,5,5,5,5,5,5,5,5,4,4,4,3,3,3,2,2,2,1,1,1,1,0.1,0.1,0.1,0.1,0.1,0.1,0.1,0.1,0.1,1,1,1,2,2,3,4,4,5,6,7,8,8,9,10,11,12,13,14,15,16,17,18,18,19,20,20,21,21,21,22,22,22,22,22,22,21,21,21,20,20,19,19,18,17,17,16,15,14,14,13,12,11,11,10,9,8,8,7,6,6,5,5,4,4,3,3,3,2,2,2,1,1,1,1,1,1,0.1,0.1,0.1,0.1,0.1,0.1,0.1,0.1,0.1,0.1,0.1,0.1,0.1,0.1,0.1,0.1,0.1,0.1,0.1,0.1,0.1,0.1,0.1,0.1,0.1,0.1,0.1,0.1,0.1,0.1,0.1,0.1,0.1,0.1,0.1,0.1,0.1
0.1,0.1,0.1,0.1,0.1,0.1,0.1,0.1,0.1,0.1,0.1,0.1,0.1,0.1,0.1,0.1,0.1,0.1,0.1,0.1,0.1,0.1,0.1,0.1,0.1,0.1,0.1,0.1,0.1,0.1,0.1,0.1,0.1,0.1,0.1,0.1,0.1,0.1,0.1,1,1,1,1,1,1,2,2,2,2,3,3,3,4,4,5,5,6,6,7,8,8,9,10,10,11,12,13,13,14,15,16,16,17,18,18,19,19,20,20,21,21,21,22,22,22,22,22,21,21,21,21,20,20,19,18,18,17,16,15,14,13,13,12,11,10,9,8,7,6,5,5,4,3,3,2,2,1,1,1,0.1,0.1,0.1,0.1,0.1,0.1,0.1,0.1,1,1,1,2,2,2,3,3,4,4,5,5,5,6,6,6,6,7,7,7,7,7,7,7,7,7,6,6,6,5,5,5,4,4,4,3,3,2,2,2,1,1,1,0.1,0.1,0.1,0.1,0.1,0.1,0.1,0.1,0.1,1,1,1,2,2,3,4,4,5,6,6,7,8,9,9,10,11,11,12,13,13,14,14,14,14,14,14,14,14,13,13,12,12,11,10,9,8,7,6,5,4,3,2,2,1,0.1,0.1,0.1,0.1,0.1,1,2,4,5,8,10,13,17,21,26,31,36,43,49,57,65,73,82,91,101,111,121,132,143,155,166,178,190,201,213,224,236,247,257,268,278,287,296,304,311,318,323,328,333,336,338,340,340,340,338,336,333,328,323,318,311,304,296,287,278,268,257,247,236,224,213,201,190,178,166,155,143,132,121,111,101,91,82,73,65,57,49,43,36,31,26,21,17,13,10,8,5,4,2,1,0.1,0.1,0.1,0.1,0.1,1,2,2,3,4,5,6,7,8,9,10,11,12,12,13,13,14,14,14,14,14,14,14,14,13,13,12,11,11,10,9,9,8,7,6,6,5,4,4,3,2,2,1,1,1,0.1,0.1,0.1,0.1,0.1,0.1,0.1,0.1,0.1,1,1,1,2,2,2,3,3,4,4,4,5,5,5,6,6,6,7,7,7,7,7,7,7,7,7,6,6,6,6,5,5,5,4,4,3,3,2,2,2,1,1,1,0.1,0.1,0.1,0.1,0.1,0.1,0.1,0.1,1,1,1,2,2,3,3,4,5,5,6,7,8,9,10,11,12,13,13,14,15,16,17,18,18,19,20,20,21,21,21,21,22,22,22,22,22,21,21,21,20,20,19,19,18,18,17,16,16,15,14,13,13,12,11,10,10,9,8,8,7,6,6,5,5,4,4,3,3,3,2,2,2,2,1,1,1,1,1,1,0.1,0.1,0.1,0.1,0.1,0.1,0.1,0.1,0.1,0.1,0.1,0.1,0.1,0.1,0.1,0.1,0.1,0.1,0.1,0.1,0.1,0.1,0.1,0.1,0.1,0.1,0.1,0.1,0.1,0.1,0.1,0.1,0.1,0.1,0.1,0.1
0.1,0.1,0.1,0.1,0.1,0.1,0.1,0.1,0.1,0.1,0.1,0.1,0.1,0.1,0.1,0.1,0.1,0.1,0.1,0.1,0.1,0.1,0.1,0.1,0.1,0.1,0.1,0.1,0.1,0.1,0.1,0.1,0.1,0.1,0.1,0.1,0.1,0.1,0.1,1,1,1,1,1,1,2,2,2,2,3,3,3,4,4,5,5,6,6,7,7,8,9,9,10,11,11,12,13,14,14,15,16,16,17,18,18,19,19,20,20,20,21,21,21,21,21,21,21,21,21,21,20,20,19,19,18,18,17,16,15,15,14,13,12,11,10,9,8,7,7,6,5,4,3,3,2,2,1,1,1,0.1,0.1,0.1,0.1,0.1,0.1,0.1,1,1,1,2,2,2,3,3,4,4,5,6,6,6,7,7,8,8,8,9,9,9,9,9,9,9,8,8,8,7,7,6,6,5,5,4,4,3,3,2,2,1,1,1,0.1,0.1,0.1,0.1,0.1,0.1,0.1,1,1,2,2,3,3,4,5,6,7,8,9,10,11,12,13,13,14,15,16,16,17,17,17,18,18,17,17,17,16,16,15,14,13,12,11,10,8,7,6,5,4,3,2,1,0.1,0.1,0.1,0.1,1,1,2,4,6,8,11,14,18,22,27,32,37,43,50,57,65,73,81,90,99,109,119,129,139,150,160,171,182,192,203,214,224,234,244,253,263,271,279,287,294,300,306,311,315,319,322,324,325,325,325,324,322,319,315,311,306,300,294,287,279,271,263,253,244,234,224,214,203,192,182,171,160,150,139,129,119,109,99,90,81,73,65,57,50,43,37,32,27,22,18,14,11,8,6,4,2,1,1,0.1,0.1,0.1,0.1,1,2,3,4,5,6,7,8,10,11,12,13,14,15,16,16,17,17,17,18,18,17,17,17,16,16,15,14,13,13,12,11,10,9,8,7,6,5,4,3,3,2,2,1,1,0.1,0.1,0.1,0.1,0.1,0.1,0.1,1,1,1,2,2,3,3,4,4,5,5,6,6,7,7,8,8,8,9,9,9,9,9,9,9,8,8,8,7,7,6,6,6,5,4,4,3,3,2,2,2,1,1,1,0.1,0.1,0.1,0.1,0.1,0.1,0.1,1,1,1,2,2,3,3,4,5,6,7,7,8,9,10,11,12,13,14,15,15,16,17,18,18,19,19,20,20,21,21,21,21,21,21,21,21,21,21,20,20,20,19,19,18,18,17,16,16,15,14,14,13,12,11,11,10,9,9,8,7,7,6,6,5,5,4,4,3,3,3,2,2,2,2,1,1,1,1,1,1,0.1,0.1,0.1,0.1,0.1,0.1,0.1,0.1,0.1,0.1,0.1,0.1,0.1,0.1,0.1,0.1,0.1,0.1,0.1,0.1,0.1,0.1,0.1,0.1,0.1,0.1,0.1,0.1,0.1,0.1,0.1,0.1,0.1,0.1,0.1,0.1
0.1,0.1,0.1,0.1,0.1,0.1,0.1,0.1,0.1,0.1,0.1,0.1,0.1,0.1,0.1,0.1,0.1,0.1,0.1,0.1,0.1,0.1,0.1,0.1,0.1,0.1,0.1,0.1,0.1,0.1,0.1,0.1,0.1,0.1,0.1,0.1,0.1,0.1,1,1,1,1,1,1,1,2,2,2,2,3,3,3,4,4,5,5,6,6,7,7,8,8,9,10,10,11,11,12,13,13,14,15,15,16,16,17,18,18,19,19,19,20,20,20,20,21,21,21,21,20,20,20,20,19,19,19,18,17,17,16,15,15,14,13,12,11,10,9,9,8,7,6,5,4,4,3,2,2,1,1,1,0.1,0.1,0.1,0.1,0.1,0.1,0.1,1,1,1,2,2,3,3,4,5,5,6,7,7,8,8,9,9,10,10,11,11,11,11,11,11,11,10,10,9,9,8,8,7,6,6,5,4,4,3,2,2,1,1,0.1,0.1,0.1,0.1,0.1,0.1,1,1,1,2,3,4,5,6,7,8,9,10,11,13,14,15,16,17,18,19,20,20,21,21,21,21,21,20,20,19,19,18,16,15,14,13,11,10,8,7,6,4,3,2,1,1,0.1,0.1,0.1,1,1,3,4,6,8,11,15,18,22,27,32,38,44,50,57,64,72,80,88,97,106,115,125,134,144,153,163,173,183,192,202,211,220,229,237,245,253,260,267,274,280,285,290,294,298,301,303,304,305,306,305,304,303,301,298,294,290,285,280,274,267,260,253,245,237,229,220,211,202,192,183,173,163,153,144,134,125,115,106,97,88,80,72,64,57,50,44,38,32,27,22,18,15,11,8,6,4,3,1,1,0.1,0.1,0.1,1,1,2,3,4,6,7,8,10,11,13,14,15,16,18,19,19,20,20,21,21,21,21,21,20,20,19,18,17,16,15,14,13,11,10,9,8,7,6,5,4,3,2,1,1,1,0.1,0.1,0.1,0.1,0.1,0.1,1,1,2,2,3,4,4,5,6,6,7,8,8,9,9,10,10,11,11,11,11,11,11,11,10,10,9,9,8,8,7,7,6,5,5,4,3,3,2,2,1,1,1,0.1,0.1,0.1,0.1,0.1,0.1,0.1,1,1,1,2,2,3,4,4,5,6,7,8,9,9,10,11,12,13,14,15,15,16,17,17,18,19,19,19,20,20,20,20,21,21,21,21,20,20,20,20,19,19,19,18,18,17,16,16,15,15,14,13,13,12,11,11,10,10,9,8,8,7,7,6,6,5,5,4,4,3,3,3,2,2,2,2,1,1,1,1,1,1,1,0.1,0.1,0.1,0.1,0.1,0.1,0.1,0.1,0.1,0.1,0.1,0.1,0.1,0.1,0.1,0.1,0.1,0.1,0.1,0.1,0.1,0.1,0.1,0.1,0.1,0.1,0.1,0.1,0.1,0.1,0.1,0.1,0.1,0.1,0.1
0.1,0.1,0.1,0.1,0.1,0.1,0.1,0.1,0.1,0.1,0.1,0.1,0.1,0.1,0.1,0.1,0.1,0.1,0.1,0.1,0.1,0.1,0.1,0.1,0.1,0.1,0.1,0.1,0.1,0.1,0.1,0.1,0.1,0.1,0.1,0.1,0.1,1,1,1,1,1,1,1,2,2,2,2,2,3,3,3,4,4,5,5,5,6,6,7,7,8,8,9,9,10,11,11,12,12,13,14,14,15,15,16,16,17,17,18,18,18,19,19,19,19,20,20,20,20,20,20,19,19,19,19,18,18,17,17,16,15,15,14,13,12,11,11,10,9,8,7,6,5,5,4,3,3,2,1,1,1,0.1,0.1,0.1,0.1,0.1,0.1,0.1,1,1,2,2,3,3,4,5,6,7,7,8,9,10,10,11,11,12,12,13,13,13,13,13,13,12,12,12,11,10,10,9,8,7,6,5,5,4,3,2,2,1,1,0.1,0.1,0.1,0.1,0.1,1,1,2,3,4,5,6,7,8,10,11,13,14,16,17,18,20,21,22,23,23,24,24,25,25,24,24,24,23,22,21,19,18,16,15,13,12,10,8,7,5,4,3,2,1,0.1,0.1,0.1,1,1,3,4,6,9,11,15,19,23,27,33,38,44,50,57,64,71,79,87,95,103,111,120,129,137,146,155,163,172,180,189,197,205,212,220,227,233,240,246,251,256,261,265,269,272,275,278,279,281,281,282,281,281,279,278,275,272,269,265,261,256,251,246,240,233,227,220,212,205,197,189,180,172,163,155,146,137,129,120,111,103,95,87,79,71,64,57,50,44,38,33,27,23,19,15,11,9,6,4,3,1,1,0.1,0.1,0.1,1,2,3,4,5,7,8,10,12,13,15,16,18,19,21,22,23,24,24,24,25,25,24,24,23,23,22,21,20,18,17,16,14,13,11,10,8,7,6,5,4,3,2,1,1,0.1,0.1,0.1,0.1,0.1,1,1,2,2,3,4,5,5,6,7,8,9,10,10,11,12,12,12,13,13,13,13,13,13,12,12,11,11,10,10,9,8,7,7,6,5,4,3,3,2,2,1,1,0.1,0.1,0.1,0.1,0.1,0.1,0.1,1,1,1,2,3,3,4,5,5,6,7,8,9,10,11,11,12,13,14,15,15,16,17,17,18,18,19,19,19,19,20,20,20,20,20,20,19,19,19,19,18,18,18,17,17,16,16,15,15,14,14,13,12,12,11,11,10,9,9,8,8,7,7,6,6,5,5,5,4,4,3,3,3,2,2,2,2,2,1,1,1,1,1,1,1,0.1,0.1,0.1,0.1,0.1,0.1,0.1,0.1,0.1,0.1,0.1,0.1,0.1,0.1,0.1,0.1,0.1,0.1,0.1,0.1,0.1,0.1,0.1,0.1,0.1,0.1,0.1,0.1,0.1,0.1,0.1,0.1,0.1,0.1
0.1,0.1,0.1,0.1,0.1,0.1,0.1,0.1,0.1,0.1,0.1,0.1,0.1,0.1,0.1,0.1,0.1,0.1,0.1,0.1,0.1,0.1,0.1,0.1,0.1,0.1,0.1,0.1,0.1,0.1,0.1,0.1,0.1,0.1,0.1,0.1,0.1,1,1,1,1,1,1,1,2,2,2,2,2,3,3,3,4,4,4,5,5,5,6,6,7,7,8,8,9,9,10,10,11,11,12,12,13,13,14,14,15,15,16,16,16,17,17,17,18,18,18,18,19,19,19,19,19,19,19,18,18,18,17,17,16,16,15,15,14,13,12,12,11,10,9,8,7,6,6,5,4,3,3,2,1,1,1,0.1,0.1,0.1,0.1,0.1,0.1,1,1,1,2,3,3,4,5,6,7,8,9,10,11,11,12,13,14,14,15,15,15,15,15,15,15,14,14,13,12,12,11,10,9,8,7,6,5,4,3,2,1,1,0.1,0.1,0.1,0.1,0.1,1,1,2,3,4,6,7,9,10,12,14,15,17,19,20,22,23,25,26,27,27,28,28,28,28,28,27,26,25,24,23,21,19,17,16,14,12,10,8,6,5,3,2,1,0.1,0.1,0.1,0.1,1,2,4,6,9,11,15,19,23,28,33,38,44,50,56,63,70,77,85,92,100,107,115,123,131,138,146,154,161,168,175,182,189,195,201,207,212,218,222,227,231,235,239,242,245,247,249,251,252,253,254,254,254,253,252,251,249,247,245,242,239,235,231,227,222,218,212,207,201,195,189,182,175,168,161,154,146,138,131,123,115,107,100,92,85,77,70,63,56,50,44,38,33,28,23,19,15,11,9,6,4,2,1,0.1,0.1,0.1,0.1,1,2,3,5,6,8,10,12,14,16,17,19,21,23,24,25,26,27,28,28,28,28,28,27,27,26,25,23,22,20,19,17,15,14,12,10,9,7,6,4,3,2,1,1,0.1,0.1,0.1,0.1,0.1,1,1,2,3,4,5,6,7,8,9,10,11,12,12,13,14,14,15,15,15,15,15,15,15,14,14,13,12,11,11,10,9,8,7,6,5,4,3,3,2,1,1,1,0.1,0.1,0.1,0.1,0.1,0.1,1,1,1,2,3,3,4,5,6,6,7,8,9,10,11,12,12,13,14,15,15,16,16,17,17,18,18,18,19,19,19,19,19,19,19,18,18,18,18,17,17,17,16,16,16,15,15,14,14,13,13,12,12,11,11,10,10,9,9,8,8,7,7,6,6,5,5,5,4,4,4,3,3,3,2,2,2,2,2,1,1,1,1,1,1,1,0.1,0.1,0.1,0.1,0.1,0.1,0.1,0.1,0.1,0.1,0.1,0.1,0.1,0.1,0.1,0.1,0.1,0.1,0.1,0.1,0.1,0.1,0.1,0.1,0.1,0.1,0.1,0.1,0.1,0.1,0.1,0.1,0.1,0.1
0.1,0.1,0.1,0.1,0.1,0.1,0.1,0.1,0.1,0.1,0.1,0.1,0.1,0.1,0.1,0.1,0.1,0.1,0.1,0.1,0.1,0.1,0.1,0.1,0.1,0.1,0.1,0.1,0.1,0.1,0.1,0.1,0.1,0.1,0.1,0.1,1,1,1,1,1,1,1,1,2,2,2,2,2,3,3,3,3,4,4,4,5,5,5,6,6,7,7,7,8,8,9,9,9,10,10,11,11,12,12,12,13,13,14,14,15,15,15,16,16,16,17,17,17,17,18,18,18,18,18,18,18,17,17,17,17,16,16,15,15,14,13,12,12,11,10,9,8,7,7,6,5,4,3,3,2,1,1,1,0.1,0.1,0.1,0.1,0.1,0.1,1,1,2,3,3,4,5,6,7,8,9,10,11,13,13,14,15,16,16,17,17,17,17,17,17,17,16,15,15,14,13,11,10,9,8,7,5,4,3,2,2,1,0.1,0.1,0.1,0.1,0.1,1,2,3,4,5,7,8,10,12,14,16,18,20,22,24,25,27,28,30,31,31,32,32,32,32,31,30,29,28,26,24,22,20,18,16,14,12,9,7,6,4,3,1,1,0.1,0.1,0.1,1,2,4,6,8,11,15,18,23,27,32,38,43,49,56,62,69,75,82,89,96,103,110,117,124,131,137,144,150,156,162,167,173,178,182,187,191,195,199,202,205,208,211,213,215,217,219,220,221,222,222,223,223,223,222,222,221,220,219,217,215,213,211,208,205,202,199,195,191,187,182,178,173,167,162,156,150,144,137,131,124,117,110,103,96,89,82,75,69,62,56,49,43,38,32,27,23,18,15,11,8,6,4,2,1,0.1,0.1,0.1,1,1,3,4,6,7,9,12,14,16,18,20,22,24,26,28,29,30,31,32,32,32,32,31,31,30,28,27,25,24,22,20,18,16,14,12,10,8,7,5,4,3,2,1,0.1,0.1,0.1,0.1,0.1,1,2,2,3,4,5,7,8,9,10,11,13,14,15,15,16,17,17,17,17,17,17,17,16,16,15,14,13,13,11,10,9,8,7,6,5,4,3,3,2,1,1,0.1,0.1,0.1,0.1,0.1,0.1,1,1,1,2,3,3,4,5,6,7,7,8,9,10,11,12,12,13,14,15,15,16,16,17,17,17,17,18,18,18,18,18,18,18,17,17,17,17,16,16,16,15,15,15,14,14,13,13,12,12,12,11,11,10,10,9,9,9,8,8,7,7,7,6,6,5,5,5,4,4,4,3,3,3,3,2,2,2,2,2,1,1,1,1,1,1,1,1,0.1,0.1,0.1,0.1,0.1,0.1,0.1,0.1,0.1,0.1,0.1,0.1,0.1,0.1,0.1,0.1,0.1,0.1,0.1,0.1,0.1,0.1,0.1,0.1,0.1,0.1,0.1,0.1,0.1,0.1,0.1,0.1,0.1
0.1,0.1,0.1,0.1,0.1,0.1,0.1,0.1,0.1,0.1,0.1,0.1,0.1,0.1,0.1,0.1,0.1,0.1,0.1,0.1,0.1,0.1,0.1,0.1,0.1,0.1,0.1,0.1,0.1,0.1,0.1,0.1,0.1,0.1,0.1,0.1,1,1,1,1,1,1,1,1,2,2,2,2,2,3,3,3,3,3,4,4,4,5,5,5,5,6,6,6,7,7,7,8,8,8,9,9,9,10,10,11,11,11,12,12,13,13,13,14,14,15,15,15,16,16,16,16,17,17,17,17,17,17,17,17,16,16,16,15,15,14,14,13,13,12,11,10,9,8,8,7,6,5,4,3,3,2,1,1,1,0.1,0.1,0.1,0.1,0.1,1,1,2,2,3,4,5,6,7,9,10,11,12,13,15,16,17,18,18,19,19,20,20,20,19,19,18,18,17,16,14,13,12,10,9,8,6,5,4,3,2,1,0.1,0.1,0.1,0.1,0.1,1,2,3,4,6,8,10,12,14,16,18,21,23,25,27,29,31,32,34,35,35,36,36,36,35,34,33,32,30,28,26,24,21,19,16,14,11,9,7,5,3,2,1,0.1,0.1,0.1,1,2,3,5,8,11,14,18,22,27,32,37,43,49,55,61,67,74,80,87,93,99,106,112,118,123,129,134,139,144,149,153,157,161,164,167,170,173,175,177,179,181,183,184,185,186,187,188,188,189,189,190,190,190,190,190,189,189,188,188,187,186,185,184,183,181,179,177,175,173,170,167,164,161,157,153,149,144,139,134,129,123,118,112,106,99,93,87,80,74,67,61,55,49,43,37,32,27,22,18,14,11,8,5,3,2,1,0.1,0.1,0.1,1,2,3,5,7,9,11,14,16,19,21,24,26,28,30,32,33,34,35,36,36,36,35,35,34,32,31,29,27,25,23,21,18,16,14,12,10,8,6,4,3,2,1,0.1,0.1,0.1,0.1,0.1,1,2,3,4,5,6,8,9,10,12,13,14,16,17,18,18,19,19,20,20,20,19,19,18,18,17,16,15,13,12,11,10,9,7,6,5,4,3,2,2,1,1,0.1,0.1,0.1,0.1,0.1,1,1,1,2,3,3,4,5,6,7,8,8,9,10,11,12,13,13,14,14,15,15,16,16,16,17,17,17,17,17,17,17,17,16,16,16,16,15,15,15,14,14,13,13,13,12,12,11,11,11,10,10,9,9,9,8,8,8,7,7,7,6,6,6,5,5,5,5,4,4,4,3,3,3,3,3,2,2,2,2,2,1,1,1,1,1,1,1,1,0.1,0.1,0.1,0.1,0.1,0.1,0.1,0.1,0.1,0.1,0.1,0.1,0.1,0.1,0.1,0.1,0.1,0.1,0.1,0.1,0.1,0.1,0.1,0.1,0.1,0.1,0.1,0.1,0.1,0.1,0.1,0.1,0.1
0.1,0.1,0.1,0.1,0.1,0.1,0.1,0.1,0.1,0.1,0.1,0.1,0.1,0.1,0.1,0.1,0.1,0.1,0.1,0.1,0.1,0.1,0.1,0.1,0.1,0.1,0.1,0.1,0.1,0.1,0.1,0.1,0.1,0.1,0.1,0.1,1,1,1,1,1,1,1,1,2,2,2,2,2,2,3,3,3,3,3,4,4,4,4,4,5,5,5,5,6,6,6,6,7,7,7,7,8,8,8,9,9,9,10,10,11,11,11,12,12,13,13,13,14,14,14,15,15,15,16,16,16,16,16,16,16,16,16,16,15,15,14,14,13,13,12,11,10,9,9,8,7,6,5,4,3,3,2,1,1,0.1,0.1,0.1,0.1,0.1,0.1,1,1,2,3,4,5,6,7,9,10,12,13,14,16,17,18,19,20,21,21,22,22,22,22,21,21,20,19,18,16,15,13,12,10,9,7,6,4,3,2,1,1,0.1,0.1,0.1,1,1,2,4,5,7,9,11,13,16,18,21,23,26,28,30,32,34,36,37,38,39,39,39,39,38,37,35,34,32,29,27,24,22,19,16,13,11,8,6,4,3,1,1,0.1,0.1,1,1,3,5,7,10,14,17,22,26,31,37,42,48,54,60,66,72,78,84,90,95,101,106,111,116,121,125,129,133,136,139,142,144,146,148,150,151,152,153,154,155,155,155,156,156,156,156,156,156,156,156,156,156,156,156,156,156,156,156,156,156,156,156,156,155,155,155,154,153,152,151,150,148,146,144,142,139,136,133,129,125,121,116,111,106,101,95,90,84,78,72,66,60,54,48,42,37,31,26,22,17,14,10,7,5,3,1,1,0.1,0.1,1,1,3,4,6,8,11,13,16,19,22,24,27,29,32,34,35,37,38,39,39,39,39,38,37,36,34,32,30,28,26,23,21,18,16,13,11,9,7,5,4,2,1,1,0.1,0.1,0.1,1,1,2,3,4,6,7,9,10,12,13,15,16,18,19,20,21,21,22,22,22,22,21,21,20,19,18,17,16,14,13,12,10,9,7,6,5,4,3,2,1,1,0.1,0.1,0.1,0.1,0.1,0.1,1,1,2,3,3,4,5,6,7,8,9,9,10,11,12,13,13,14,14,15,15,16,16,16,16,16,16,16,16,16,16,15,15,15,14,14,14,13,13,13,12,12,11,11,11,10,10,9,9,9,8,8,8,7,7,7,7,6,6,6,6,5,5,5,5,4,4,4,4,4,3,3,3,3,3,2,2,2,2,2,2,1,1,1,1,1,1,1,1,0.1,0.1,0.1,0.1,0.1,0.1,0.1,0.1,0.1,0.1,0.1,0.1,0.1,0.1,0.1,0.1,0.1,0.1,0.1,0.1,0.1,0.1,0.1,0.1,0.1,0.1,0.1,0.1,0.1,0.1,0.1,0.1,0.1
0.1,0.1,0.1,0.1,0.1,0.1,0.1,0.1,0.1,0.1,0.1,0.1,0.1,0.1,0.1,0.1,0.1,0.1,0.1,0.1,0.1,0.1,0.1,0.1,0.1,0.1,0.1,0.1,0.1,0.1,0.1,0.1,0.1,0.1,0.1,1,1,1,1,1,1,1,1,1,1,2,2,2,2,2,2,2,3,3,3,3,3,3,4,4,4,4,4,4,4,5,5,5,5,5,6,6,6,6,7,7,7,8,8,8,9,9,9,10,10,10,11,11,12,12,13,13,13,14,14,14,15,15,15,15,16,16,16,15,15,15,15,14,14,13,13,12,11,10,9,9,8,7,6,5,4,3,2,2,1,1,0.1,0.1,0.1,0.1,0.1,1,1,2,3,4,5,6,7,9,10,12,13,15,16,18,19,20,21,22,23,23,24,24,24,23,23,22,21,19,18,17,15,13,11,10,8,6,5,3,2,1,1,0.1,0.1,0.1,1,1,3,4,6,8,10,12,15,17,20,23,26,28,31,34,36,38,39,41,42,42,42,42,42,41,39,38,36,33,31,28,25,22,19,16,13,10,8,6,4,2,1,0.1,0.1,0.1,1,2,4,7,10,13,17,21,25,30,36,41,47,52,58,64,70,75,81,86,92,96,101,105,109,113,116,119,122,124,126,127,129,130,130,131,131,131,130,130,130,129,128,128,127,126,126,125,124,124,123,123,123,122,122,122,123,123,123,124,124,125,126,126,127,128,128,129,130,130,130,131,131,131,130,130,129,127,126,124,122,119,116,113,109,105,101,96,92,86,81,75,70,64,58,52,47,41,36,30,25,21,17,13,10,7,4,2,1,0.1,0.1,0.1,1,2,4,6,8,10,13,16,19,22,25,28,31,33,36,38,39,41,42,42,42,42,42,41,39,38,36,34,31,28,26,23,20,17,15,12,10,8,6,4,3,1,1,0.1,0.1,0.1,1,1,2,3,5,6,8,10,11,13,15,17,18,19,21,22,23,23,24,24,24,23,23,22,21,20,19,18,16,15,13,12,10,9,7,6,5,4,3,2,1,1,0.1,0.1,0.1,0.1,0.1,1,1,2,2,3,4,5,6,7,8,9,9,10,11,12,13,13,14,14,15,15,15,15,16,16,16,15,15,15,15,14,14,14,13,13,13,12,12,11,11,10,10,10,9,9,9,8,8,8,7,7,7,6,6,6,6,5,5,5,5,5,4,4,4,4,4,4,4,3,3,3,3,3,3,2,2,2,2,2,2,2,1,1,1,1,1,1,1,1,1,1,0.1,0.1,0.1,0.1,0.1,0.1,0.1,0.1,0.1,0.1,0.1,0.1,0.1,0.1,0.1,0.1,0.1,0.1,0.1,0.1,0.1,0.1,0.1,0.1,0.1,0.1,0.1,0.1,0.1,0.1,0.1,0.1
0.1,0.1,0.1,0.1,0.1,0.1,0.1,0.1,0.1,0.1,0.1,0.1,0.1,0.1,0.1,0.1,0.1,0.1,0.1,0.1,0.1,0.1,0.1,0.1,0.1,0.1,0.1,0.1,0.1,0.1,0.1,0.1,0.1,0.1,0.1,1,1,1,1,1,1,1,1,1,1,2,2,2,2,2,2,2,2,2,2,3,3,3,3,3,3,3,3,3,3,4,4,4,4,4,4,4,5,5,5,5,5,6,6,6,7,7,7,8,8,8,9,9,10,10,11,11,12,12,13,13,13,14,14,14,15,15,15,15,15,15,15,15,14,14,13,13,12,11,10,10,9,8,7,6,5,4,3,2,2,1,1,0.1,0.1,0.1,0.1,0.1,1,2,2,4,5,6,7,9,10,12,14,15,17,19,20,22,23,24,25,25,26,26,26,25,25,24,23,21,20,18,16,14,13,11,9,7,5,4,3,1,1,0.1,0.1,0.1,1,2,3,4,6,8,11,13,16,19,22,25,28,31,34,36,39,41,43,44,45,45,45,45,44,43,41,39,37,34,31,28,25,22,19,15,12,10,7,5,3,1,1,0.1,0.1,1,2,4,6,9,12,16,20,24,29,34,40,45,51,57,62,68,73,78,83,88,92,96,100,103,106,108,110,112,113,114,114,114,114,114,113,112,111,109,108,106,105,103,102,100,99,97,96,95,94,93,92,91,91,91,90,91,91,91,92,93,94,95,96,97,99,100,102,103,105,106,108,109,111,112,113,114,114,114,114,114,113,112,110,108,106,103,100,96,92,88,83,78,73,68,62,57,51,45,40,34,29,24,20,16,12,9,6,4,2,1,0.1,0.1,1,1,3,5,7,10,12,15,19,22,25,28,31,34,37,39,41,43,44,45,45,45,45,44,43,41,39,36,34,31,28,25,22,19,16,13,11,8,6,4,3,2,1,0.1,0.1,0.1,1,1,3,4,5,7,9,11,13,14,16,18,20,21,23,24,25,25,26,26,26,25,25,24,23,22,20,19,17,15,14,12,10,9,7,6,5,4,2,2,1,0.1,0.1,0.1,0.1,0.1,1,1,2,2,3,4,5,6,7,8,9,10,10,11,12,13,13,14,14,15,15,15,15,15,15,15,15,14,14,14,13,13,13,12,12,11,11,10,10,9,9,8,8,8,7,7,7,6,6,6,5,5,5,5,5,4,4,4,4,4,4,4,3,3,3,3,3,3,3,3,3,3,2,2,2,2,2,2,2,2,2,2,1,1,1,1,1,1,1,1,1,1,0.1,0.1,0.1,0.1,0.1,0.1,0.1,0.1,0.1,0.1,0.1,0.1,0.1,0.1,0.1,0.1,0.1,0.1,0.1,0.1,0.1,0.1,0.1,0.1,0.1,0.1,0.1,0.1,0.1,0.1,0.1,0.1
0.1,0.1,0.1,0.1,0.1,0.1,0.1,0.1,0.1,0.1,0.1,0.1,0.1,0.1,0.1,0.1,0.1,0.1,0.1,0.1,0.1,0.1,0.1,0.1,0.1,0.1,0.1,0.1,0.1,0.1,0.1,0.1,0.1,0.1,0.1,1,1,1,1,1,1,1,1,1,1,1,1,2,2,2,2,2,2,2,2,2,2,2,2,2,2,2,2,2,2,2,3,3,3,3,3,3,3,3,3,4,4,4,4,4,5,5,5,6,6,6,7,7,8,8,9,9,10,10,11,11,12,12,13,13,14,14,14,15,15,15,15,15,14,14,14,13,13,12,11,10,9,9,8,7,6,5,4,3,2,1,1,0.1,0.1,0.1,0.1,0.1,1,1,2,3,4,6,7,9,10,12,14,16,18,19,21,22,24,25,26,27,27,27,27,27,26,25,24,23,21,20,18,16,14,12,10,8,6,4,3,2,1,0.1,0.1,0.1,1,2,3,5,7,9,12,15,18,21,24,27,30,34,36,39,42,44,45,47,48,48,48,47,46,45,43,41,38,35,32,29,25,22,18,15,12,9,6,4,2,1,0.1,0.1,0.1,1,3,5,8,11,15,19,23,28,33,39,44,50,55,61,66,71,76,81,85,89,92,95,98,100,101,102,103,103,103,102,101,100,98,97,95,93,90,88,85,83,81,78,76,74,72,70,68,67,65,64,63,62,62,61,61,61,62,62,63,64,65,67,68,70,72,74,76,78,81,83,85,88,90,93,95,97,98,100,101,102,103,103,103,102,101,100,98,95,92,89,85,81,76,71,66,61,55,50,44,39,33,28,23,19,15,11,8,5,3,1,0.1,0.1,0.1,1,2,4,6,9,12,15,18,22,25,29,32,35,38,41,43,45,46,47,48,48,48,47,45,44,42,39,36,34,30,27,24,21,18,15,12,9,7,5,3,2,1,0.1,0.1,0.1,1,2,3,4,6,8,10,12,14,16,18,20,21,23,24,25,26,27,27,27,27,27,26,25,24,22,21,19,18,16,14,12,10,9,7,6,4,3,2,1,1,0.1,0.1,0.1,0.1,0.1,1,1,2,3,4,5,6,7,8,9,9,10,11,12,13,13,14,14,14,15,15,15,15,15,14,14,14,13,13,12,12,11,11,10,10,9,9,8,8,7,7,6,6,6,5,5,5,4,4,4,4,4,3,3,3,3,3,3,3,3,3,2,2,2,2,2,2,2,2,2,2,2,2,2,2,2,2,2,2,2,1,1,1,1,1,1,1,1,1,1,1,1,0.1,0.1,0.1,0.1,0.1,0.1,0.1,0.1,0.1,0.1,0.1,0.1,0.1,0.1,0.1,0.1,0.1,0.1,0.1,0.1,0.1,0.1,0.1,0.1,0.1,0.1,0.1,0.1,0.1,0.1,0.1,0.1
0.1,0.1,0.1,0.1,0.1,0.1,0.1,0.1,0.1,0.1,0.1,0.1,0.1,0.1,0.1,0.1,0.1,0.1,0.1,0.1,0.1,0.1,0.1,0.1,0.1,0.1,0.1,0.1,0.1,0.1,0.1,0.1,0.1,0.1,0.1,1,1,1,1,1,1,1,1,1,1,1,1,1,1,1,1,2,2,2,2,2,2,2,2,2,2,2,2,2,2,2,2,2,2,2,2,2,2,2,2,2,2,2,3,3,3,3,3,4,4,4,5,5,6,6,7,7,8,8,9,10,10,11,11,12,13,13,13,14,14,14,15,15,15,14,14,14,13,13,12,11,10,9,8,7,6,5,4,3,3,2,1,1,0.1,0.1,0.1,0.1,1,1,2,3,4,5,7,9,10,12,14,16,18,20,22,23,25,26,27,28,28,29,29,28,28,27,26,24,23,21,19,17,15,12,10,8,6,4,3,2,1,0.1,0.1,0.1,1,2,3,5,7,10,13,16,19,22,26,29,32,36,39,42,44,46,48,49,50,50,50,49,48,46,44,42,39,35,32,28,25,21,17,14,11,8,5,3,2,1,0.1,0.1,1,2,4,7,10,13,17,22,27,32,37,43,48,53,59,64,69,74,78,82,85,88,91,92,94,95,95,95,94,93,92,90,88,85,82,80,77,73,70,67,64,61,58,55,53,50,48,46,44,42,41,39,38,37,37,37,36,37,37,37,38,39,41,42,44,46,48,50,53,55,58,61,64,67,70,73,77,80,82,85,88,90,92,93,94,95,95,95,94,92,91,88,85,82,78,74,69,64,59,53,48,43,37,32,27,22,17,13,10,7,4,2,1,0.1,0.1,1,2,3,5,8,11,14,17,21,25,28,32,35,39,42,44,46,48,49,50,50,50,49,48,46,44,42,39,36,32,29,26,22,19,16,13,10,7,5,3,2,1,0.1,0.1,0.1,1,2,3,4,6,8,10,12,15,17,19,21,23,24,26,27,28,28,29,29,28,28,27,26,25,23,22,20,18,16,14,12,10,9,7,5,4,3,2,1,1,0.1,0.1,0.1,0.1,1,1,2,3,3,4,5,6,7,8,9,10,11,12,13,13,14,14,14,15,15,15,14,14,14,13,13,13,12,11,11,10,10,9,8,8,7,7,6,6,5,5,4,4,4,3,3,3,3,3,2,2,2,2,2,2,2,2,2,2,2,2,2,2,2,2,2,2,2,2,2,2,2,2,2,2,2,1,1,1,1,1,1,1,1,1,1,1,1,1,1,1,1,0.1,0.1,0.1,0.1,0.1,0.1,0.1,0.1,0.1,0.1,0.1,0.1,0.1,0.1,0.1,0.1,0.1,0.1,0.1,0.1,0.1,0.1,0.1,0.1,0.1,0.1,0.1,0.1,0.1,0.1,0.1,0.1
0.1,0.1,0.1,0.1,0.1,0.1,0.1,0.1,0.1,0.1,0.1,0.1,0.1,0.1,0.1,0.1,0.1,0.1,0.1,0.1,0.1,0.1,0.1,0.1,0.1,0.1,0.1,0.1,0.1,0.1,0.1,0.1,0.1,0.1,0.1,1,1,1,1,1,1,1,1,1,1,1,1,1,1,1,1,1,1,1,1,1,1,1,1,1,1,1,1,1,1,1,1,1,1,1,1,1,1,1,1,1,1,1,1,1,2,2,2,2,3,3,3,4,4,4,5,6,6,7,7,8,9,9,10,11,11,12,12,13,13,14,14,14,14,14,14,14,14,13,13,12,11,10,9,8,7,6,5,4,3,2,2,1,0.1,0.1,0.1,0.1,0.1,1,2,2,4,5,6,8,10,12,14,16,18,20,22,24,25,27,28,29,30,30,30,30,29,28,27,26,24,22,20,18,15,13,11,9,7,5,3,2,1,0.1,0.1,0.1,1,2,3,5,8,10,13,17,20,24,27,31,34,38,41,44,46,48,50,51,52,52,52,51,49,47,45,42,39,35,32,28,24,20,16,13,10,7,4,2,1,0.1,0.1,0.1,2,3,6,9,12,16,20,25,30,36,41,46,52,57,62,67,71,76,79,82,85,87,88,89,89,89,88,86,85,82,80,77,73,70,66,63,59,55,51,48,44,41,38,35,32,30,27,25,24,22,21,20,19,18,17,17,17,17,17,18,19,20,21,22,24,25,27,30,32,35,38,41,44,48,51,55,59,63,66,70,73,77,80,82,85,86,88,89,89,89,88,87,85,82,79,76,71,67,62,57,52,46,41,36,30,25,20,16,12,9,6,3,2,0.1,0.1,0.1,1,2,4,7,10,13,16,20,24,28,32,35,39,42,45,47,49,51,52,52,52,51,50,48,46,44,41,38,34,31,27,24,20,17,13,10,8,5,3,2,1,0.1,0.1,0.1,1,2,3,5,7,9,11,13,15,18,20,22,24,26,27,28,29,30,30,30,30,29,28,27,25,24,22,20,18,16,14,12,10,8,6,5,4,2,2,1,0.1,0.1,0.1,0.1,0.1,1,2,2,3,4,5,6,7,8,9,10,11,12,13,13,14,14,14,14,14,14,14,14,13,13,12,12,11,11,10,9,9,8,7,7,6,6,5,4,4,4,3,3,3,2,2,2,2,1,1,1,1,1,1,1,1,1,1,1,1,1,1,1,1,1,1,1,1,1,1,1,1,1,1,1,1,1,1,1,1,1,1,1,1,1,1,1,1,1,1,1,1,1,0.1,0.1,0.1,0.1,0.1,0.1,0.1,0.1,0.1,0.1,0.1,0.1,0.1,0.1,0.1,0.1,0.1,0.1,0.1,0.1,0.1,0.1,0.1,0.1,0.1,0.1,0.1,0.1,0.1,0.1,0.1,0.1
0.1,0.1,0.1,0.1,0.1,0.1,0.1,0.1,0.1,0.1,0.1,0.1,0.1,0.1,0.1,0.1,0.1,0.1,0.1,0.1,0.1,0.1,0.1,0.1,0.1,0.1,0.1,0.1,0.1,0.1,0.1,0.1,0.1,0.1,1,1,1,1,1,1,1,1,1,1,1,1,1,1,1,1,1,1,1,1,1,1,1,1,1,1,0.1,0.1,0.1,0.1,0.1,0.1,0.1,0.1,0.1,0.1,0.1,0.1,0.1,0.1,0.1,0.1,0.1,0.1,0.1,1,1,1,1,1,1,2,2,2,2,3,3,4,4,5,6,6,7,8,8,9,10,11,11,12,13,13,14,14,14,14,14,14,14,14,13,13,12,11,10,9,8,7,6,5,4,3,2,1,1,0.1,0.1,0.1,0.1,1,1,2,3,5,6,8,10,12,14,16,18,20,22,24,26,27,29,30,31,31,31,31,30,30,28,27,25,23,21,19,16,14,11,9,7,5,3,2,1,0.1,0.1,0.1,1,2,4,6,8,11,14,17,21,25,28,32,36,39,43,46,48,50,52,53,54,54,53,52,50,48,45,42,39,35,31,27,23,19,15,12,9,6,3,2,1,0.1,0.1,1,2,5,7,11,14,19,24,29,34,39,45,50,55,60,65,69,73,77,80,82,83,84,85,84,83,82,80,77,74,71,67,63,59,55,51,47,43,38,35,31,27,24,21,19,16,14,12,10,9,8,7,6,6,5,5,5,5,5,5,5,6,6,7,8,9,10,12,14,16,19,21,24,27,31,35,38,43,47,51,55,59,63,67,71,74,77,80,82,83,84,85,84,83,82,80,77,73,69,65,60,55,50,45,39,34,29,24,19,14,11,7,5,2,1,0.1,0.1,1,2,3,6,9,12,15,19,23,27,31,35,39,42,45,48,50,52,53,54,54,53,52,50,48,46,43,39,36,32,28,25,21,17,14,11,8,6,4,2,1,0.1,0.1,0.1,1,2,3,5,7,9,11,14,16,19,21,23,25,27,28,30,30,31,31,31,31,30,29,27,26,24,22,20,18,16,14,12,10,8,6,5,3,2,1,1,0.1,0.1,0.1,0.1,1,1,2,3,4,5,6,7,8,9,10,11,12,13,13,14,14,14,14,14,14,14,14,13,13,12,11,11,10,9,8,8,7,6,6,5,4,4,3,3,2,2,2,2,1,1,1,1,1,1,0.1,0.1,0.1,0.1,0.1,0.1,0.1,0.1,0.1,0.1,0.1,0.1,0.1,0.1,0.1,0.1,0.1,0.1,0.1,1,1,1,1,1,1,1,1,1,1,1,1,1,1,1,1,1,1,1,1,1,1,1,1,1,1,0.1,0.1,0.1,0.1,0.1,0.1,0.1,0.1,0.1,0.1,0.1,0.1,0.1,0.1,0.1,0.1,0.1,0.1,0.1,0.1,0.1,0.1,0.1,0.1,0.1,0.1,0.1,0.1,0.1,0.1,0.1
0.1,0.1,0.1,0.1,0.1,0.1,0.1,0.1,0.1,0.1,0.1,0.1,0.1,0.1,0.1,0.1,0.1,0.1,0.1,0.1,0.1,0.1,0.1,0.1,0.1,0.1,0.1,0.1,0.1,0.1,0.1,0.1,0.1,0.1,0.1,1,1,1,1,1,1,1,1,1,1,1,1,1,1,1,1,1,1,1,0.1,0.1,0.1,0.1,0.1,0.1,0.1,0.1,0.1,0.1,0.1,0.1,0.1,0.1,0.1,0.1,0.1,0.1,0.1,0.1,0.1,0.1,0.1,0.1,0.1,0.1,0.1,0.1,0.1,0.1,0.1,1,1,1,1,2,2,2,3,3,4,5,5,6,7,8,8,9,10,11,12,12,13,13,14,14,14,14,14,14,14,13,13,12,11,10,9,8,7,6,5,4,3,2,1,1,0.1,0.1,0.1,0.1,1,2,3,4,6,7,9,11,13,15,18,20,22,24,26,28,29,30,31,32,32,32,31,31,29,28,26,24,22,19,17,14,12,10,7,5,3,2,1,0.1,0.1,0.1,1,2,4,6,8,11,15,18,22,26,30,33,37,41,44,47,50,52,53,54,55,54,54,52,50,48,45,42,38,34,30,26,22,18,14,11,7,5,3,1,0.1,0.1,0.1,2,4,6,9,13,17,22,27,32,37,43,48,54,59,63,68,71,75,77,79,80,81,81,80,79,77,74,71,68,64,59,55,50,46,41,37,32,28,24,20,17,14,11,9,7,5,4,3,2,1,1,0.1,0.1,0.1,0.1,0.1,0.1,0.1,0.1,0.1,0.1,0.1,0.1,0.1,1,1,2,3,4,5,7,9,11,14,17,20,24,28,32,37,41,46,50,55,59,64,68,71,74,77,79,80,81,81,80,79,77,75,71,68,63,59,54,48,43,37,32,27,22,17,13,9,6,4,2,0.1,0.1,0.1,1,3,5,7,11,14,18,22,26,30,34,38,42,45,48,50,52,54,54,55,54,53,52,50,47,44,41,37,33,30,26,22,18,15,11,8,6,4,2,1,0.1,0.1,0.1,1,2,3,5,7,10,12,14,17,19,22,24,26,28,29,31,31,32,32,32,31,30,29,28,26,24,22,20,18,15,13,11,9,7,6,4,3,2,1,0.1,0.1,0.1,0.1,1,1,2,3,4,5,6,7,8,9,10,11,12,13,13,14,14,14,14,14,14,14,13,13,12,12,11,10,9,8,8,7,6,5,5,4,3,3,2,2,2,1,1,1,1,0.1,0.1,0.1,0.1,0.1,0.1,0.1,0.1,0.1,0.1,0.1,0.1,0.1,0.1,0.1,0.1,0.1,0.1,0.1,0.1,0.1,0.1,0.1,0.1,0.1,0.1,0.1,0.1,0.1,0.1,0.1,1,1,1,1,1,1,1,1,1,1,1,1,1,1,1,1,1,1,1,0.1,0.1,0.1,0.1,0.1,0.1,0.1,0.1,0.1,0.1,0.1,0.1,0.1,0.1,0.1,0.1,0.1,0.1,0.1,0.1,0.1,0.1,0.1,0.1,0.1,0.1,0.1,0.1,0.1,0.1,0.1,0.1
0.1,0.1,0.1,0.1,0.1,0.1,0.1,0.1,0.1,0.1,0.1,0.1,0.1,0.1,0.1,0.1,0.1,0.1,0.1,0.1,0.1,0.1,0.1,0.1,0.1,0.1,0.1,0.1,0.1,0.1,0.1,0.1,0.1,0.1,0.1,1,1,1,1,1,1,1,1,1,1,1,1,1,1,0.1,0.1,0.1,0.1,0.1,0.1,0.1,0.1,0.1,0.1,0.1,0.1,0.1,0.1,0.1,0.1,0.1,0.1,0.1,0.1,0.1,0.1,0.1,0.1,0.1,0.1,0.1,0.1,0.1,0.1,0.1,0.1,0.1,0.1,0.1,0.1,0.1,0.1,0.1,0.1,1,1,1,2,2,3,3,4,5,5,6,7,8,9,10,11,11,12,13,13,14,14,14,14,14,14,14,13,13,12,11,10,9,8,7,5,4,3,2,1,1,0.1,0.1,0.1,0.1,1,1,2,4,5,7,9,11,13,15,17,20,22,24,26,28,29,31,32,32,33,32,32,31,30,29,27,25,22,20,18,15,12,10,8,5,4,2,1,0.1,0.1,0.1,1,2,4,6,9,12,15,19,23,27,31,34,38,42,45,48,51,53,54,55,55,55,54,53,50,48,45,41,37,33,29,25,20,16,13,9,6,4,2,1,0.1,0.1,1,3,5,8,11,15,20,25,30,36,41,46,52,57,62,66,70,73,75,77,78,78,78,77,75,73,70,66,62,58,53,48,43,38,33,28,24,20,16,12,9,7,5,3,2,1,0.1,0.1,0.1,0.1,1,1,2,3,3,4,4,4,5,4,4,4,3,3,2,1,1,0.1,0.1,0.1,0.1,1,2,3,5,7,9,12,16,20,24,28,33,38,43,48,53,58,62,66,70,73,75,77,78,78,78,77,75,73,70,66,62,57,52,46,41,36,30,25,20,15,11,8,5,3,1,0.1,0.1,1,2,4,6,9,13,16,20,25,29,33,37,41,45,48,50,53,54,55,55,55,54,53,51,48,45,42,38,34,31,27,23,19,15,12,9,6,4,2,1,0.1,0.1,0.1,1,2,4,5,8,10,12,15,18,20,22,25,27,29,30,31,32,32,33,32,32,31,29,28,26,24,22,20,17,15,13,11,9,7,5,4,2,1,1,0.1,0.1,0.1,0.1,1,1,2,3,4,5,7,8,9,10,11,12,13,13,14,14,14,14,14,14,14,13,13,12,11,11,10,9,8,7,6,5,5,4,3,3,2,2,1,1,1,0.1,0.1,0.1,0.1,0.1,0.1,0.1,0.1,0.1,0.1,0.1,0.1,0.1,0.1,0.1,0.1,0.1,0.1,0.1,0.1,0.1,0.1,0.1,0.1,0.1,0.1,0.1,0.1,0.1,0.1,0.1,0.1,0.1,0.1,0.1,0.1,0.1,0.1,0.1,0.1,1,1,1,1,1,1,1,1,1,1,1,1,1,1,0.1,0.1,0.1,0.1,0.1,0.1,0.1,0.1,0.1,0.1,0.1,0.1,0.1,0.1,0.1,0.1,0.1,0.1,0.1,0.1,0.1,0.1,0.1,0.1,0.1,0.1,0.1,0.1,0.1,0.1,0.1,0.1
0.1,0.1,0.1,0.1,0.1,0.1,0.1,0.1,0.1,0.1,0.1,0.1,0.1,0.1,0.1,0.1,0.1,0.1,0.1,0.1,0.1,0.1,0.1,0.1,0.1,0.1,0.1,0.1,0.1,0.1,0.1,0.1,0.1,0.1,0.1,1,1,1,1,1,1,1,1,1,1,1,0.1,0.1,0.1,0.1,0.1,0.1,0.1,0.1,0.1,0.1,0.1,0.1,0.1,0.1,0.1,0.1,0.1,0.1,0.1,0.1,1,1,1,1,1,1,1,1,1,1,1,1,1,1,1,1,0.1,0.1,0.1,0.1,0.1,0.1,0.1,0.1,0.1,0.1,1,1,1,2,3,3,4,5,6,7,7,8,9,10,11,12,13,13,14,14,14,15,14,14,14,13,13,12,11,10,9,7,6,5,4,3,2,1,1,0.1,0.1,0.1,0.1,1,2,3,4,6,8,10,12,14,17,19,21,24,26,28,29,31,32,32,33,33,33,32,31,29,27,25,23,21,18,15,13,10,8,6,4,2,1,0.1,0.1,0.1,1,2,4,6,9,12,16,19,23,27,31,35,39,43,46,49,51,53,55,55,56,55,54,52,50,47,44,40,36,32,27,23,19,15,11,8,5,3,1,0.1,0.1,1,2,4,6,10,14,18,23,28,34,39,45,50,55,60,64,68,71,74,75,76,76,76,74,72,69,66,62,58,53,48,43,37,32,27,22,18,14,10,7,4,2,1,0.1,0.1,0.1,1,2,4,5,7,9,11,13,15,16,17,18,19,19,19,18,17,16,15,13,11,9,7,5,4,2,1,0.1,0.1,0.1,1,2,4,7,10,14,18,22,27,32,37,43,48,53,58,62,66,69,72,74,76,76,76,75,74,71,68,64,60,55,50,45,39,34,28,23,18,14,10,6,4,2,1,0.1,0.1,1,3,5,8,11,15,19,23,27,32,36,40,44,47,50,52,54,55,56,55,55,53,51,49,46,43,39,35,31,27,23,19,16,12,9,6,4,2,1,0.1,0.1,0.1,1,2,4,6,8,10,13,15,18,21,23,25,27,29,31,32,33,33,33,32,32,31,29,28,26,24,21,19,17,14,12,10,8,6,4,3,2,1,0.1,0.1,0.1,0.1,1,1,2,3,4,5,6,7,9,10,11,12,13,13,14,14,14,15,14,14,14,13,13,12,11,10,9,8,7,7,6,5,4,3,3,2,1,1,1,0.1,0.1,0.1,0.1,0.1,0.1,0.1,0.1,0.1,0.1,1,1,1,1,1,1,1,1,1,1,1,1,1,1,1,1,0.1,0.1,0.1,0.1,0.1,0.1,0.1,0.1,0.1,0.1,0.1,0.1,0.1,0.1,0.1,0.1,0.1,0.1,0.1,0.1,1,1,1,1,1,1,1,1,1,1,1,0.1,0.1,0.1,0.1,0.1,0.1,0.1,0.1,0.1,0.1,0.1,0.1,0.1,0.1,0.1,0.1,0.1,0.1,0.1,0.1,0.1,0.1,0.1,0.1,0.1,0.1,0.1,0.1,0.1,0.1,0.1,0.1
0.1,0.1,0.1,0.1,0.1,0.1,0.1,0.1,0.1,0.1,0.1,0.1,0.1,0.1,0.1,0.1,0.1,0.1,0.1,0.1,0.1,0.1,0.1,0.1,0.1,0.1,0.1,0.1,0.1,0.1,0.1,0.1,0.1,0.1,0.1,0.1,1,1,1,1,1,1,0.1,0.1,0.1,0.1,0.1,0.1,0.1,0.1,0.1,0.1,0.1,0.1,0.1,0.1,0.1,0.1,0.1,0.1,0.1,0.1,1,1,1,1,1,1,2,2,2,2,2,2,2,2,2,2,2,2,2,2,1,1,1,1,0.1,0.1,0.1,0.1,0.1,0.1,0.1,0.1,1,1,2,2,3,4,4,5,6,7,8,9,10,11,12,13,13,14,14,15,15,15,14,14,13,12,12,11,9,8,7,6,5,4,2,2,1,0.1,0.1,0.1,0.1,1,1,3,4,5,7,9,11,14,16,18,21,23,25,27,29,30,32,32,33,33,33,32,31,30,28,26,23,21,18,16,13,10,8,6,4,2,1,0.1,0.1,0.1,1,2,4,6,9,12,16,20,24,28,32,36,40,43,47,49,52,54,55,55,55,55,53,52,49,46,42,39,35,30,26,21,17,13,10,7,4,2,1,0.1,0.1,1,3,5,8,12,16,21,26,31,37,43,48,53,58,62,66,70,72,74,75,75,74,72,70,67,63,59,54,49,44,38,33,27,22,17,13,9,6,3,1,0.1,0.1,0.1,1,3,6,8,12,15,19,23,26,30,34,37,39,41,43,44,44,44,43,41,39,37,34,30,26,23,19,15,12,8,6,3,1,0.1,0.1,0.1,1,3,6,9,13,17,22,27,33,38,44,49,54,59,63,67,70,72,74,75,75,74,72,70,66,62,58,53,48,43,37,31,26,21,16,12,8,5,3,1,0.1,0.1,1,2,4,7,10,13,17,21,26,30,35,39,42,46,49,52,53,55,55,55,55,54,52,49,47,43,40,36,32,28,24,20,16,12,9,6,4,2,1,0.1,0.1,0.1,1,2,4,6,8,10,13,16,18,21,23,26,28,30,31,32,33,33,33,32,32,30,29,27,25,23,21,18,16,14,11,9,7,5,4,3,1,1,0.1,0.1,0.1,0.1,1,2,2,4,5,6,7,8,9,11,12,12,13,14,14,15,15,15,14,14,13,13,12,11,10,9,8,7,6,5,4,4,3,2,2,1,1,0.1,0.1,0.1,0.1,0.1,0.1,0.1,0.1,1,1,1,1,2,2,2,2,2,2,2,2,2,2,2,2,2,2,1,1,1,1,1,1,0.1,0.1,0.1,0.1,0.1,0.1,0.1,0.1,0.1,0.1,0.1,0.1,0.1,0.1,0.1,0.1,0.1,0.1,0.1,0.1,1,1,1,1,1,1,0.1,0.1,0.1,0.1,0.1,0.1,0.1,0.1,0.1,0.1,0.1,0.1,0.1,0.1,0.1,0.1,0.1,0.1,0.1,0.1,0.1,0.1,0.1,0.1,0.1,0.1,0.1,0.1,0.1,0.1,0.1,0.1,0.1
0.1,0.1,0.1,0.1,0.1,0.1,0.1,0.1,0.1,0.1,0.1,0.1,0.1,0.1,0.1,0.1,0.1,0.1,0.1,0.1,0.1,0.1,0.1,0.1,0.1,0.1,0.1,0.1,0.1,0.1,0.1,0.1,0.1,0.1,0.1,0.1,0.1,0.1,0.1,0.1,0.1,0.1,0.1,0.1,0.1,0.1,0.1,0.1,0.1,0.1,0.1,0.1,0.1,0.1,0.1,0.1,0.1,0.1,0.1,1,1,1,1,2,2,2,3,3,3,3,4,4,4,4,4,4,4,4,4,4,4,3,3,3,2,2,2,1,1,0.1,0.1,0.1,0.1,0.1,0.1,0.1,1,1,2,2,3,4,5,6,7,8,9,10,11,12,13,14,14,15,15,15,15,14,14,13,12,11,10,9,8,7,5,4,3,2,1,1,0.1,0.1,0.1,0.1,1,2,3,5,6,8,11,13,15,18,20,22,25,27,28,30,31,32,33,33,33,32,31,30,28,26,24,21,19,16,13,10,8,6,4,2,1,0.1,0.1,0.1,1,2,4,7,9,13,16,20,24,28,32,36,40,43,47,50,52,54,55,55,55,54,53,50,48,45,41,37,33,28,24,20,15,12,8,5,3,1,0.1,0.1,1,2,4,7,10,14,19,24,29,35,40,46,51,56,61,65,68,71,73,74,74,73,71,69,65,61,57,52,46,41,35,29,24,18,14,9,6,3,1,0.1,0.1,1,3,5,9,13,18,23,29,35,42,48,54,59,65,69,73,77,79,81,81,81,79,77,73,69,65,59,54,48,42,35,29,23,18,13,9,5,3,1,0.1,0.1,1,3,6,9,14,18,24,29,35,41,46,52,57,61,65,69,71,73,74,74,73,71,68,65,61,56,51,46,40,35,29,24,19,14,10,7,4,2,1,0.1,0.1,1,3,5,8,12,15,20,24,28,33,37,41,45,48,50,53,54,55,55,55,54,52,50,47,43,40,36,32,28,24,20,16,13,9,7,4,2,1,0.1,0.1,0.1,1,2,4,6,8,10,13,16,19,21,24,26,28,30,31,32,33,33,33,32,31,30,28,27,25,22,20,18,15,13,11,8,6,5,3,2,1,0.1,0.1,0.1,0.1,1,1,2,3,4,5,7,8,9,10,11,12,13,14,14,15,15,15,15,14,14,13,12,11,10,9,8,7,6,5,4,3,2,2,1,1,0.1,0.1,0.1,0.1,0.1,0.1,0.1,1,1,2,2,2,3,3,3,4,4,4,4,4,4,4,4,4,4,4,3,3,3,3,2,2,2,1,1,1,1,0.1,0.1,0.1,0.1,0.1,0.1,0.1,0.1,0.1,0.1,0.1,0.1,0.1,0.1,0.1,0.1,0.1,0.1,0.1,0.1,0.1,0.1,0.1,0.1,0.1,0.1,0.1,0.1,0.1,0.1,0.1,0.1,0.1,0.1,0.1,0.1,0.1,0.1,0.1,0.1,0.1,0.1,0.1,0.1,0.1,0.1,0.1,0.1,0.1,0.1,0.1,0.1,0.1,0.1,0.1,0.1
0.1,0.1,0.1,0.1,0.1,0.1,0.1,0.1,0.1,0.1,0.1,0.1,0.1,0.1,0.1,0.1,0.1,0.1,0.1,0.1,0.1,0.1,0.1,0.1,0.1,0.1,0.1,0.1,0.1,0.1,0.1,0.1,0.1,0.1,0.1,0.1,0.1,0.1,0.1,0.1,0.1,0.1,0.1,0.1,0.1,0.1,0.1,0.1,0.1,0.1,0.1,0.1,0.1,0.1,0.1,0.1,1,1,1,1,2,2,2,3,3,4,4,5,5,5,6,6,6,7,7,7,7,7,7,7,6,6,5,5,4,4,3,3,2,2,1,1,0.1,0.1,0.1,0.1,0.1,0.1,1,1,2,3,4,5,6,7,8,9,10,11,12,13,14,14,15,15,15,15,14,14,13,12,11,10,9,8,6,5,4,3,2,1,0.1,0.1,0.1,0.1,1,2,3,4,6,8,10,12,14,17,19,21,24,26,28,29,31,32,32,33,33,32,31,30,28,26,24,21,19,16,13,11,8,6,4,2,1,0.1,0.1,0.1,1,2,4,7,9,13,16,20,24,28,32,36,40,43,47,49,51,53,54,54,54,53,51,49,46,43,39,35,31,26,22,18,14,10,7,4,2,1,0.1,0.1,1,3,5,9,13,17,22,27,33,38,44,49,55,59,63,67,70,72,73,73,72,70,68,64,60,56,50,45,39,33,27,21,16,11,7,4,1,0.1,0.1,1,3,6,11,16,23,30,38,46,55,64,74,83,91,99,107,113,119,124,127,129,129,129,127,124,119,113,107,99,91,83,74,64,55,46,38,30,23,16,11,6,3,1,0.1,0.1,1,4,7,11,16,21,27,33,39,45,50,56,60,64,68,70,72,73,73,72,70,67,63,59,55,49,44,38,33,27,22,17,13,9,5,3,1,0.1,0.1,1,2,4,7,10,14,18,22,26,31,35,39,43,46,49,51,53,54,54,54,53,51,49,47,43,40,36,32,28,24,20,16,13,9,7,4,2,1,0.1,0.1,0.1,1,2,4,6,8,11,13,16,19,21,24,26,28,30,31,32,33,33,32,32,31,29,28,26,24,21,19,17,14,12,10,8,6,4,3,2,1,0.1,0.1,0.1,0.1,1,2,3,4,5,6,8,9,10,11,12,13,14,14,15,15,15,15,14,14,13,12,11,10,9,8,7,6,5,4,3,2,1,1,0.1,0.1,0.1,0.1,0.1,0.1,1,1,2,2,3,3,4,4,5,5,6,6,7,7,7,7,7,7,7,6,6,6,5,5,5,4,4,3,3,2,2,2,1,1,1,1,0.1,0.1,0.1,0.1,0.1,0.1,0.1,0.1,0.1,0.1,0.1,0.1,0.1,0.1,0.1,0.1,0.1,0.1,0.1,0.1,0.1,0.1,0.1,0.1,0.1,0.1,0.1,0.1,0.1,0.1,0.1,0.1,0.1,0.1,0.1,0.1,0.1,0.1,0.1,0.1,0.1,0.1,0.1,0.1,0.1,0.1,0.1,0.1,0.1,0.1,0.1,0.1,0.1
0.1,0.1,0.1,0.1,0.1,0.1,0.1,0.1,0.1,0.1,0.1,0.1,0.1,0.1,0.1,0.1,0.1,0.1,0.1,0.1,0.1,0.1,0.1,0.1,0.1,0.1,0.1,0.1,0.1,0.1,0.1,0.1,0.1,0.1,0.1,0.1,0.1,0.1,0.1,0.1,0.1,0.1,0.1,0.1,0.1,0.1,0.1,0.1,0.1,0.1,0.1,0.1,0.1,0.1,1,1,1,1,2,2,3,3,4,4,5,6,6,7,7,8,9,9,9,10,10,10,10,10,10,10,9,9,8,8,7,6,6,5,4,3,2,2,1,1,0.1,0.1,0.1,0.1,0.1,1,1,2,3,4,5,6,7,8,9,11,12,13,13,14,15,15,15,15,15,15,14,13,12,11,10,8,7,6,5,3,2,1,1,0.1,0.1,0.1,0.1,1,2,3,5,7,9,11,13,16,18,21,23,25,27,29,30,31,32,32,32,32,31,29,28,26,24,21,19,16,13,11,8,6,4,2,1,0.1,0.1,0.1,1,2,4,7,9,13,16,20,24,28,32,36,40,43,46,49,51,52,53,53,53,52,50,47,44,41,37,33,29,24,20,16,12,8,5,3,1,0.1,0.1,1,2,4,7,11,15,20,25,30,36,42,47,53,58,62,66,69,71,72,72,72,70,68,64,60,55,50,44,38,31,25,19,14,9,5,2,1,0.1,1,3,6,11,17,25,34,43,54,66,78,90,103,115,128,139,150,160,169,176,182,186,189,190,189,186,182,176,169,160,150,139,128,115,103,90,78,66,54,43,34,25,17,11,6,3,1,0.1,1,2,5,9,14,19,25,31,38,44,50,55,60,64,68,70,72,72,72,71,69,66,62,58,53,47,42,36,30,25,20,15,11,7,4,2,1,0.1,0.1,1,3,5,8,12,16,20,24,29,33,37,41,44,47,50,52,53,53,53,52,51,49,46,43,40,36,32,28,24,20,16,13,9,7,4,2,1,0.1,0.1,0.1,1,2,4,6,8,11,13,16,19,21,24,26,28,29,31,32,32,32,32,31,30,29,27,25,23,21,18,16,13,11,9,7,5,3,2,1,0.1,0.1,0.1,0.1,1,1,2,3,5,6,7,8,10,11,12,13,14,15,15,15,15,15,15,14,13,13,12,11,9,8,7,6,5,4,3,2,1,1,0.1,0.1,0.1,0.1,0.1,1,1,2,2,3,4,5,6,6,7,8,8,9,9,10,10,10,10,10,10,10,9,9,9,8,7,7,6,6,5,4,4,3,3,2,2,1,1,1,1,0.1,0.1,0.1,0.1,0.1,0.1,0.1,0.1,0.1,0.1,0.1,0.1,0.1,0.1,0.1,0.1,0.1,0.1,0.1,0.1,0.1,0.1,0.1,0.1,0.1,0.1,0.1,0.1,0.1,0.1,0.1,0.1,0.1,0.1,0.1,0.1,0.1,0.1,0.1,0.1,0.1,0.1,0.1,0.1,0.1,0.1,0.1,0.1,0.1,0.1,0.1
0.1,0.1,0.1,0.1,0.1,0.1,0.1,0.1,0.1,0.1,0.1,0.1,0.1,0.1,0.1,0.1,0.1,0.1,0.1,0.1,0.1,0.1,0.1,0.1,0.1,0.1,0.1,0.1,0.1,0.1,0.1,0.1,0.1,0.1,0.1,0.1,0.1,0.1,0.1,0.1,0.1,0.1,0.1,0.1,0.1,0.1,0.1,0.1,0.1,0.1,0.1,0.1,0.1,1,1,1,2,2,3,3,4,5,5,6,7,8,9,10,10,11,12,13,13,14,14,14,14,14,14,14,13,13,12,11,11,10,9,7,6,5,4,3,2,2,1,1,0.1,0.1,0.1,0.1,1,1,2,3,4,5,6,7,8,10,11,12,13,14,15,15,15,16,15,15,15,14,13,12,11,9,8,7,5,4,3,2,1,0.1,0.1,0.1,0.1,1,2,3,4,6,8,10,12,15,17,19,22,24,26,28,29,30,31,32,32,31,30,29,28,26,23,21,18,16,13,11,8,6,4,2,1,0.1,0.1,0.1,1,2,4,7,9,13,16,20,24,28,32,36,39,43,46,48,50,51,52,52,51,50,48,45,42,39,35,31,26,22,18,14,10,7,4,2,1,0.1,0.1,1,3,6,9,13,18,23,28,34,40,45,51,56,60,64,68,70,72,72,72,70,68,64,60,55,49,43,37,31,24,18,13,8,4,2,0.1,0.1,2,5,9,16,24,34,45,57,71,86,101,118,134,151,167,183,198,212,224,235,245,252,258,261,262,261,258,252,245,235,224,212,198,183,167,151,134,118,101,86,71,57,45,34,24,16,9,5,2,0.1,0.1,2,4,8,13,18,24,31,37,43,49,55,60,64,68,70,72,72,72,70,68,64,60,56,51,45,40,34,28,23,18,13,9,6,3,1,0.1,0.1,1,2,4,7,10,14,18,22,26,31,35,39,42,45,48,50,51,52,52,51,50,48,46,43,39,36,32,28,24,20,16,13,9,7,4,2,1,0.1,0.1,0.1,1,2,4,6,8,11,13,16,18,21,23,26,28,29,30,31,32,32,31,30,29,28,26,24,22,19,17,15,12,10,8,6,4,3,2,1,0.1,0.1,0.1,0.1,1,2,3,4,5,7,8,9,11,12,13,14,15,15,15,16,15,15,15,14,13,12,11,10,8,7,6,5,4,3,2,1,1,0.1,0.1,0.1,0.1,1,1,2,2,3,4,5,6,7,9,10,11,11,12,13,13,14,14,14,14,14,14,14,13,13,12,11,10,10,9,8,7,6,5,5,4,3,3,2,2,1,1,1,0.1,0.1,0.1,0.1,0.1,0.1,0.1,0.1,0.1,0.1,0.1,0.1,0.1,0.1,0.1,0.1,0.1,0.1,0.1,0.1,0.1,0.1,0.1,0.1,0.1,0.1,0.1,0.1,0.1,0.1,0.1,0.1,0.1,0.1,0.1,0.1,0.1,0.1,0.1,0.1,0.1,0.1,0.1,0.1,0.1,0.1,0.1,0.1,0.1,0.1
0.1,0.1,0.1,0.1,0.1,0.1,0.1,0.1,0.1,0.1,0.1,0.1,0.1,0.1,0.1,0.1,0.1,0.1,0.1,0.1,0.1,0.1,0.1,0.1,0.1,0.1,0.1,0.1,0.1,0.1,0.1,0.1,0.1,0.1,0.1,0.1,0.1,0.1,0.1,0.1,0.1,0.1,0.1,0.1,0.1,0.1,0.1,0.1,0.1,0.1,0.1,1,1,1,2,2,3,3,4,5,6,6,7,8,10,11,12,13,14,15,16,17,17,18,18,19,19,19,19,19,18,17,17,16,15,13,12,11,10,8,7,6,4,3,2,1,1,0.1,0.1,0.1,0.1,1,1,2,3,4,5,6,7,9,10,11,12,13,14,15,16,16,16,16,15,15,14,13,12,10,9,8,6,5,4,2,1,1,0.1,0.1,0.1,0.1,1,2,4,5,7,9,11,13,16,18,21,23,25,27,28,29,30,31,31,31,30,29,27,25,23,21,18,16,13,10,8,6,4,2,1,0.1,0.1,0.1,1,2,4,7,9,13,16,20,24,28,31,35,39,42,45,47,49,50,50,50,49,48,46,43,40,36,33,28,24,20,16,12,8,5,3,1,0.1,0.1,1,2,4,7,11,15,20,26,31,37,43,49,54,59,63,67,69,71,72,72,71,68,65,61,56,50,44,38,31,24,18,13,8,4,1,0.1,0.1,3,7,12,20,30,42,55,71,87,106,125,145,166,187,207,228,248,266,284,299,313,325,334,341,345,346,345,341,334,325,313,299,284,266,248,228,207,187,166,145,125,106,87,71,55,42,30,20,12,7,3,0.1,0.1,1,4,8,13,18,24,31,38,44,50,56,61,65,68,71,72,72,71,69,67,63,59,54,49,43,37,31,26,20,15,11,7,4,2,1,0.1,0.1,1,3,5,8,12,16,20,24,28,33,36,40,43,46,48,49,50,50,50,49,47,45,42,39,35,31,28,24,20,16,13,9,7,4,2,1,0.1,0.1,0.1,1,2,4,6,8,10,13,16,18,21,23,25,27,29,30,31,31,31,30,29,28,27,25,23,21,18,16,13,11,9,7,5,4,2,1,0.1,0.1,0.1,0.1,1,1,2,4,5,6,8,9,10,12,13,14,15,15,16,16,16,16,15,14,13,12,11,10,9,7,6,5,4,3,2,1,1,0.1,0.1,0.1,0.1,1,1,2,3,4,6,7,8,10,11,12,13,15,16,17,17,18,19,19,19,19,19,18,18,17,17,16,15,14,13,12,11,10,8,7,6,6,5,4,3,3,2,2,1,1,1,0.1,0.1,0.1,0.1,0.1,0.1,0.1,0.1,0.1,0.1,0.1,0.1,0.1,0.1,0.1,0.1,0.1,0.1,0.1,0.1,0.1,0.1,0.1,0.1,0.1,0.1,0.1,0.1,0.1,0.1,0.1,0.1,0.1,0.1,0.1,0.1,0.1,0.1,0.1,0.1,0.1,0.1,0.1,0.1,0.1,0.1,0.1,0.1
0.1,0.1,0.1,0.1,0.1,0.1,0.1,0.1,0.1,0.1,0.1,0.1,0.1,0.1,0.1,0.1,0.1,0.1,0.1,0.1,0.1,0.1,0.1,0.1,0.1,0.1,0.1,0.1,0.1,0.1,0.1,0.1,0.1,0.1,0.1,0.1,0.1,0.1,0.1,0.1,0.1,0.1,0.1,0.1,0.1,0.1,0.1,0.1,0.1,0.1,1,1,1,2,2,3,4,4,5,6,7,9,10,11,12,14,15,16,18,19,20,21,22,23,24,24,24,24,24,24,23,23,22,21,19,18,17,15,13,12,10,8,7,5,4,3,2,1,0.1,0.1,0.1,0.1,1,1,2,3,4,5,7,8,9,11,12,13,14,15,16,16,16,16,16,15,15,14,13,11,10,8,7,6,4,3,2,1,0.1,0.1,0.1,0.1,1,2,3,4,6,8,10,12,15,17,19,22,24,25,27,28,29,30,30,30,29,28,27,25,23,20,18,15,13,10,8,6,4,2,1,0.1,0.1,0.1,1,2,4,6,9,12,16,19,23,27,31,35,38,41,44,46,47,48,49,48,47,46,44,41,38,34,30,26,22,18,14,10,7,4,2,1,0.1,0.1,1,3,6,9,13,18,23,29,35,41,46,52,57,62,66,69,71,72,72,71,69,66,62,57,51,45,39,32,25,19,13,8,4,1,0.1,1,3,8,15,24,35,49,65,83,102,124,147,171,196,222,248,273,298,322,345,366,385,402,415,427,435,440,441,440,435,427,415,402,385,366,345,322,298,273,248,222,196,171,147,124,102,83,65,49,35,24,15,8,3,1,0.1,1,4,8,13,19,25,32,39,45,51,57,62,66,69,71,72,72,71,69,66,62,57,52,46,41,35,29,23,18,13,9,6,3,1,0.1,0.1,1,2,4,7,10,14,18,22,26,30,34,38,41,44,46,47,48,49,48,47,46,44,41,38,35,31,27,23,19,16,12,9,6,4,2,1,0.1,0.1,0.1,1,2,4,6,8,10,13,15,18,20,23,25,27,28,29,30,30,30,29,28,27,25,24,22,19,17,15,12,10,8,6,4,3,2,1,0.1,0.1,0.1,0.1,1,2,3,4,6,7,8,10,11,13,14,15,15,16,16,16,16,16,15,14,13,12,11,9,8,7,5,4,3,2,1,1,0.1,0.1,0.1,0.1,1,2,3,4,5,7,8,10,12,13,15,17,18,19,21,22,23,23,24,24,24,24,24,24,23,22,21,20,19,18,16,15,14,12,11,10,9,7,6,5,4,4,3,2,2,1,1,1,0.1,0.1,0.1,0.1,0.1,0.1,0.1,0.1,0.1,0.1,0.1,0.1,0.1,0.1,0.1,0.1,0.1,0.1,0.1,0.1,0.1,0.1,0.1,0.1,0.1,0.1,0.1,0.1,0.1,0.1,0.1,0.1,0.1,0.1,0.1,0.1,0.1,0.1,0.1,0.1,0.1,0.1,0.1,0.1,0.1,0.1,0.1
0.1,0.1,0.1,0.1,0.1,0.1,0.1,0.1,0.1,0.1,0.1,0.1,0.1,0.1,0.1,0.1,0.1,0.1,0.1,0.1,0.1,0.1,0.1,0.1,0.1,0.1,0.1,0.1,0.1,0.1,0.1,0.1,0.1,0.1,0.1,0.1,0.1,0.1,0.1,0.1,0.1,0.1,0.1,0.1,0.1,0.1,0.1,0.1,0.1,1,1,1,2,2,3,4,5,6,7,8,9,11,12,14,15,17,19,20,22,23,25,26,27,28,29,30,30,30,30,30,29,29,28,26,25,23,21,20,18,16,13,11,10,8,6,4,3,2,1,0.1,0.1,0.1,0.1,1,1,2,3,4,6,7,8,10,11,13,14,15,16,16,16,17,16,16,15,15,13,12,11,9,8,6,5,4,3,2,1,0.1,0.1,0.1,0.1,1,2,4,5,7,9,11,13,16,18,20,22,24,26,27,28,29,29,29,28,27,26,24,22,20,18,15,13,10,8,6,4,2,1,0.1,0.1,0.1,1,2,4,6,9,12,15,19,23,26,30,34,37,40,42,44,46,47,47,46,45,44,41,38,35,31,28,24,19,15,12,8,5,3,1,0.1,0.1,1,2,4,7,11,16,21,26,32,38,44,50,55,60,64,68,70,72,73,72,70,67,64,59,53,47,40,33,26,20,14,8,4,1,0.1,1,4,9,16,26,39,54,72,93,115,140,167,195,225,255,286,317,348,377,406,433,458,480,500,516,529,539,545,547,545,539,529,516,500,480,458,433,406,377,348,317,286,255,225,195,167,140,115,93,72,54,39,26,16,9,4,1,0.1,1,4,8,14,20,26,33,40,47,53,59,64,67,70,72,73,72,70,68,64,60,55,50,44,38,32,26,21,16,11,7,4,2,1,0.1,0.1,1,3,5,8,12,15,19,24,28,31,35,38,41,44,45,46,47,47,46,44,42,40,37,34,30,26,23,19,15,12,9,6,4,2,1,0.1,0.1,0.1,1,2,4,6,8,10,13,15,18,20,22,24,26,27,28,29,29,29,28,27,26,24,22,20,18,16,13,11,9,7,5,4,2,1,0.1,0.1,0.1,0.1,1,2,3,4,5,6,8,9,11,12,13,15,15,16,16,17,16,16,16,15,14,13,11,10,8,7,6,4,3,2,1,1,0.1,0.1,0.1,0.1,1,2,3,4,6,8,10,11,13,16,18,20,21,23,25,26,28,29,29,30,30,30,30,30,29,28,27,26,25,23,22,20,19,17,15,14,12,11,9,8,7,6,5,4,3,2,2,1,1,1,0.1,0.1,0.1,0.1,0.1,0.1,0.1,0.1,0.1,0.1,0.1,0.1,0.1,0.1,0.1,0.1,0.1,0.1,0.1,0.1,0.1,0.1,0.1,0.1,0.1,0.1,0.1,0.1,0.1,0.1,0.1,0.1,0.1,0.1,0.1,0.1,0.1,0.1,0.1,0.1,0.1,0.1,0.1,0.1,0.1,0.1
0.1,0.1,0.1,0.1,0.1,0.1,0.1,0.1,0.1,0.1,0.1,0.1,0.1,0.1,0.1,0.1,0.1,0.1,0.1,0.1,0.1,0.1,0.1,0.1,0.1,0.1,0.1,0.1,0.1,0.1,0.1,0.1,0.1,0.1,0.1,0.1,0.1,0.1,0.1,0.1,0.1,0.1,0.1,0.1,0.1,0.1,0.1,0.1,1,1,1,2,3,3,4,5,6,7,9,10,12,13,15,17,19,21,23,25,27,28,30,32,33,34,35,36,37,37,37,37,36,35,34,33,31,29,27,25,22,20,18,15,13,11,9,7,5,3,2,1,0.1,0.1,0.1,0.1,1,1,2,4,5,6,8,9,11,12,13,14,15,16,17,17,17,17,16,15,14,13,12,10,9,7,6,4,3,2,1,0.1,0.1,0.1,0.1,1,2,3,4,6,8,10,12,14,17,19,21,23,25,26,27,28,28,28,27,26,25,24,22,20,17,15,12,10,8,5,4,2,1,0.1,0.1,0.1,1,2,4,6,9,12,15,19,22,26,29,33,36,39,41,43,44,45,45,44,43,41,39,36,33,29,25,21,17,13,10,7,4,2,1,0.1,0.1,1,3,6,9,14,18,24,29,35,41,47,53,58,63,67,70,72,73,73,72,69,65,61,55,49,42,35,28,21,15,9,5,1,0.1,1,3,9,17,27,41,58,77,100,125,153,183,215,249,284,321,357,394,430,465,498,530,559,585,607,627,642,653,659,662,659,653,642,627,607,585,559,530,498,465,430,394,357,321,284,249,215,183,153,125,100,77,58,41,27,17,9,3,1,0.1,1,5,9,15,21,28,35,42,49,55,61,65,69,72,73,73,72,70,67,63,58,53,47,41,35,29,24,18,14,9,6,3,1,0.1,0.1,1,2,4,7,10,13,17,21,25,29,33,36,39,41,43,44,45,45,44,43,41,39,36,33,29,26,22,19,15,12,9,6,4,2,1,0.1,0.1,0.1,1,2,4,5,8,10,12,15,17,20,22,24,25,26,27,28,28,28,27,26,25,23,21,19,17,14,12,10,8,6,4,3,2,1,0.1,0.1,0.1,0.1,1,2,3,4,6,7,9,10,12,13,14,15,16,17,17,17,17,16,15,14,13,12,11,9,8,6,5,4,2,1,1,0.1,0.1,0.1,0.1,1,2,3,5,7,9,11,13,15,18,20,22,25,27,29,31,33,34,35,36,37,37,37,37,36,35,34,33,32,30,28,27,25,23,21,19,17,15,13,12,10,9,7,6,5,4,3,3,2,1,1,1,0.1,0.1,0.1,0.1,0.1,0.1,0.1,0.1,0.1,0.1,0.1,0.1,0.1,0.1,0.1,0.1,0.1,0.1,0.1,0.1,0.1,0.1,0.1,0.1,0.1,0.1,0.1,0.1,0.1,0.1,0.1,0.1,0.1,0.1,0.1,0.1,0.1,0.1,0.1,0.1,0.1,0.1,0.1,0.1,0.1
0.1,0.1,0.1,0.1,0.1,0.1,0.1,0.1,0.1,0.1,0.1,0.1,0.1,0.1,0.1,0.1,0.1,0.1,0.1,0.1,0.1,0.1,0.1,0.1,0.1,0.1,0.1,0.1,0.1,0.1,0.1,0.1,0.1,0.1,0.1,0.1,0.1,0.1,0.1,0.1,0.1,0.1,0.1,0.1,0.1,0.1,0.1,1,1,1,2,3,3,4,5,6,8,9,11,12,14,16,18,20,23,25,27,29,32,34,36,38,39,41,42,43,44,44,44,44,43,42,41,39,37,35,33,30,28,25,22,19,17,14,11,9,7,5,3,2,1,0.1,0.1,0.1,0.1,1,2,3,4,5,7,8,10,11,13,14,15,16,17,17,17,17,17,16,15,14,13,11,10,8,7,5,4,3,2,1,0.1,0.1,0.1,0.1,1,2,4,5,7,9,11,13,15,18,20,21,23,25,26,26,27,27,26,25,24,23,21,19,17,14,12,10,7,5,4,2,1,0.1,0.1,0.1,1,2,4,6,9,12,15,18,22,25,28,32,35,37,39,41,42,43,43,42,41,39,36,33,30,26,23,19,15,11,8,5,3,1,0.1,0.1,1,2,4,8,11,16,21,27,33,39,45,51,56,61,66,69,72,73,74,73,71,68,63,58,52,45,38,31,24,17,11,6,2,0.1,0.1,3,8,16,27,42,59,80,104,132,162,195,231,269,309,350,392,435,477,519,559,598,634,667,697,723,745,762,775,782,785,782,775,762,745,723,697,667,634,598,559,519,477,435,392,350,309,269,231,195,162,132,104,80,59,42,27,16,8,3,0.1,0.1,2,6,11,17,24,31,38,45,52,58,63,68,71,73,74,73,72,69,66,61,56,51,45,39,33,27,21,16,11,8,4,2,1,0.1,0.1,1,3,5,8,11,15,19,23,26,30,33,36,39,41,42,43,43,42,41,39,37,35,32,28,25,22,18,15,12,9,6,4,2,1,0.1,0.1,0.1,1,2,4,5,7,10,12,14,17,19,21,23,24,25,26,27,27,26,26,25,23,21,20,18,15,13,11,9,7,5,4,2,1,0.1,0.1,0.1,0.1,1,2,3,4,5,7,8,10,11,13,14,15,16,17,17,17,17,17,16,15,14,13,11,10,8,7,5,4,3,2,1,0.1,0.1,0.1,0.1,1,2,3,5,7,9,11,14,17,19,22,25,28,30,33,35,37,39,41,42,43,44,44,44,44,43,42,41,39,38,36,34,32,29,27,25,23,20,18,16,14,12,11,9,8,6,5,4,3,3,2,1,1,1,0.1,0.1,0.1,0.1,0.1,0.1,0.1,0.1,0.1,0.1,0.1,0.1,0.1,0.1,0.1,0.1,0.1,0.1,0.1,0.1,0.1,0.1,0.1,0.1,0.1,0.1,0.1,0.1,0.1,0.1,0.1,0.1,0.1,0.1,0.1,0.1,0.1,0.1,0.1,0.1,0.1,0.1,0.1,0.1
0.1,0.1,0.1,0.1,0.1,0.1,0.1,0.1,0.1,0.1,0.1,0.1,0.1,0.1,0.1,0.1,0.1,0.1,0.1,0.1,0.1,0.1,0.1,0.1,0.1,0.1,0.1,0.1,0.1,0.1,0.1,0.1,0.1,0.1,0.1,0.1,0.1,0.1,0.1,0.1,0.1,0.1,0.1,0.1,0.1,0.1,1,1,1,2,2,3,4,5,6,8,9,11,13,15,17,19,22,24,27,29,32,34,37,39,42,44,46,47,49,50,51,51,51,51,51,50,48,46,44,42,39,37,34,31,27,24,21,18,15,12,9,7,5,3,2,1,0.1,0.1,0.1,0.1,1,2,3,5,6,8,9,11,12,14,15,16,17,17,18,18,17,17,16,15,14,12,11,9,8,6,5,3,2,1,0.1,0.1,0.1,0.1,1,2,3,4,6,8,10,12,14,16,18,20,22,23,24,25,25,25,25,24,23,22,20,18,16,14,12,9,7,5,3,2,1,0.1,0.1,0.1,1,2,4,6,8,11,14,18,21,24,27,31,33,36,38,39,40,41,40,40,38,36,34,31,27,24,20,16,13,10,6,4,2,1,0.1,0.1,1,3,6,9,14,19,24,30,36,42,48,54,59,64,68,71,73,74,74,72,70,66,61,55,48,41,34,26,19,13,7,3,0.1,0.1,2,7,15,26,40,58,80,106,135,167,203,242,284,328,374,421,470,518,567,614,660,704,744,782,816,845,870,890,904,913,915,913,904,890,870,845,816,782,744,704,660,614,567,518,470,421,374,328,284,242,203,167,135,106,80,58,40,26,15,7,2,0.1,0.1,3,7,13,19,26,34,41,48,55,61,66,70,72,74,74,73,71,68,64,59,54,48,42,36,30,24,19,14,9,6,3,1,0.1,0.1,1,2,4,6,10,13,16,20,24,27,31,34,36,38,40,40,41,40,39,38,36,33,31,27,24,21,18,14,11,8,6,4,2,1,0.1,0.1,0.1,1,2,3,5,7,9,12,14,16,18,20,22,23,24,25,25,25,25,24,23,22,20,18,16,14,12,10,8,6,4,3,2,1,0.1,0.1,0.1,0.1,1,2,3,5,6,8,9,11,12,14,15,16,17,17,18,18,17,17,16,15,14,12,11,9,8,6,5,3,2,1,0.1,0.1,0.1,0.1,1,2,3,5,7,9,12,15,18,21,24,27,31,34,37,39,42,44,46,48,50,51,51,51,51,51,50,49,47,46,44,42,39,37,34,32,29,27,24,22,19,17,15,13,11,9,8,6,5,4,3,2,2,1,1,1,0.1,0.1,0.1,0.1,0.1,0.1,0.1,0.1,0.1,0.1,0.1,0.1,0.1,0.1,0.1,0.1,0.1,0.1,0.1,0.1,0.1,0.1,0.1,0.1,0.1,0.1,0.1,0.1,0.1,0.1,0.1,0.1,0.1,0.1,0.1,0.1,0.1,0.1,0.1,0.1,0.1,0.1,0.1
0.1,0.1,0.1,0.1,0.1,0.1,0.1,0.1,0.1,0.1,0.1,0.1,0.1,0.1,0.1,0.1,0.1,0.1,0.1,0.1,0.1,0.1,0.1,0.1,0.1,0.1,0.1,0.1,0.1,0.1,0.1,0.1,0.1,0.1,0.1,0.1,0.1,0.1,0.1,0.1,0.1,0.1,0.1,0.1,0.1,1,1,1,2,2,3,4,5,6,8,9,11,13,15,17,20,22,25,28,31,34,37,40,42,45,48,50,53,55,56,57,58,59,59,59,58,57,56,54,52,49,46,43,40,36,33,29,26,22,18,15,12,9,7,5,3,2,1,0.1,0.1,0.1,1,2,3,4,5,7,9,10,12,13,15,16,17,18,18,18,18,18,17,16,15,13,12,10,9,7,5,4,3,2,1,0.1,0.1,0.1,0.1,1,2,4,5,7,9,11,13,15,17,19,20,22,23,24,24,24,24,23,22,21,19,18,16,13,11,9,7,5,3,2,1,0.1,0.1,0.1,1,2,4,6,8,11,14,17,20,23,26,29,32,34,36,37,38,38,38,37,36,34,31,28,25,21,18,14,11,8,5,3,1,0.1,0.1,1,2,4,8,11,16,21,27,33,39,45,51,57,62,67,70,73,75,75,74,72,69,64,58,52,45,37,30,22,15,9,4,1,0.1,1,5,13,23,37,55,78,104,134,168,206,248,292,340,391,443,497,551,606,661,714,766,815,860,903,940,973,1001,1023,1039,1048,1051,1048,1039,1023,1001,973,940,903,860,815,766,714,661,606,551,497,443,391,340,292,248,206,168,134,104,78,55,37,23,13,5,1,0.1,1,4,9,15,22,30,37,45,52,58,64,69,72,74,75,75,73,70,67,62,57,51,45,39,33,27,21,16,11,8,4,2,1,0.1,0.1,1,3,5,8,11,14,18,21,25,28,31,34,36,37,38,38,38,37,36,34,32,29,26,23,20,17,14,11,8,6,4,2,1,0.1,0.1,0.1,1,2,3,5,7,9,11,13,16,18,19,21,22,23,24,24,24,24,23,22,20,19,17,15,13,11,9,7,5,4,2,1,0.1,0.1,0.1,0.1,1,2,3,4,5,7,9,10,12,13,15,16,17,18,18,18,18,18,17,16,15,13,12,10,9,7,5,4,3,2,1,0.1,0.1,0.1,1,2,3,5,7,9,12,15,18,22,26,29,33,36,40,43,46,49,52,54,56,57,58,59,59,59,58,57,56,55,53,50,48,45,42,40,37,34,31,28,25,22,20,17,15,13,11,9,8,6,5,4,3,2,2,1,1,1,0.1,0.1,0.1,0.1,0.1,0.1,0.1,0.1,0.1,0.1,0.1,0.1,0.1,0.1,0.1,0.1,0.1,0.1,0.1,0.1,0.1,0.1,0.1,0.1,0.1,0.1,0.1,0.1,0.1,0.1,0.1,0.1,0.1,0.1,0.1,0.1,0.1,0.1,0.1,0.1,0.1,0.1
0.1,0.1,0.1,0.1,0.1,0.1,0.1,0.1,0.1,0.1,0.1,0.1,0.1,0.1,0.1,0.1,0.1,0.1,0.1,0.1,0.1,0.1,0.1,0.1,0.1,0.1,0.1,0.1,0.1,0.1,0.1,0.1,0.1,0.1,0.1,0.1,0.1,0.1,0.1,0.1,0.1,0.1,0.1,0.1,0.1,1,1,2,2,3,4,5,6,7,9,11,13,15,17,20,23,26,29,32,35,38,42,45,48,51,54,57,60,62,64,65,66,67,67,67,67,65,64,62,59,57,54,50,46,43,39,34,30,26,22,19,15,12,9,7,4,3,1,1,0.1,0.1,0.1,1,2,3,5,6,8,10,11,13,14,16,17,18,18,19,19,18,18,17,16,14,13,11,10,8,6,5,3,2,1,0.1,0.1,0.1,0.1,1,2,3,4,6,8,10,12,14,15,17,19,20,21,22,23,23,23,22,21,20,19,17,15,13,11,9,7,5,3,2,1,0.1,0.1,0.1,1,2,4,6,8,10,13,16,19,22,25,28,31,33,34,36,36,36,36,35,33,31,29,26,22,19,16,12,9,6,4,2,1,0.1,0.1,1,3,6,9,14,19,24,30,36,42,49,55,60,65,69,73,75,76,76,74,71,67,62,56,49,41,34,26,18,12,6,2,0.1,1,4,10,20,33,51,73,99,130,165,204,248,295,346,400,457,515,576,637,698,759,818,875,929,980,1027,1069,1105,1136,1160,1177,1188,1192,1188,1177,1160,1136,1105,1069,1027,980,929,875,818,759,698,637,576,515,457,400,346,295,248,204,165,130,99,73,51,33,20,10,4,1,0.1,2,6,12,18,26,34,41,49,56,62,67,71,74,76,76,75,73,69,65,60,55,49,42,36,30,24,19,14,9,6,3,1,0.1,0.1,1,2,4,6,9,12,16,19,22,26,29,31,33,35,36,36,36,36,34,33,31,28,25,22,19,16,13,10,8,6,4,2,1,0.1,0.1,0.1,1,2,3,5,7,9,11,13,15,17,19,20,21,22,23,23,23,22,21,20,19,17,15,14,12,10,8,6,4,3,2,1,0.1,0.1,0.1,0.1,1,2,3,5,6,8,10,11,13,14,16,17,18,18,19,19,18,18,17,16,14,13,11,10,8,6,5,3,2,1,0.1,0.1,0.1,1,1,3,4,7,9,12,15,19,22,26,30,34,39,43,46,50,54,57,59,62,64,65,67,67,67,67,66,65,64,62,60,57,54,51,48,45,42,38,35,32,29,26,23,20,17,15,13,11,9,7,6,5,4,3,2,2,1,1,0.1,0.1,0.1,0.1,0.1,0.1,0.1,0.1,0.1,0.1,0.1,0.1,0.1,0.1,0.1,0.1,0.1,0.1,0.1,0.1,0.1,0.1,0.1,0.1,0.1,0.1,0.1,0.1,0.1,0.1,0.1,0.1,0.1,0.1,0.1,0.1,0.1,0.1,0.1,0.1,0.1,0.1
0.1,0.1,0.1,0.1,0.1,0.1,0.1,0.1,0.1,0.1,0.1,0.1,0.1,0.1,0.1,0.1,0.1,0.1,0.1,0.1,0.1,0.1,0.1,0.1,0.1,0.1,0.1,0.1,0.1,0.1,0.1,0.1,0.1,0.1,0.1,0.1,0.1,0.1,0.1,0.1,0.1,0.1,0.1,0.1,1,1,1,2,3,3,4,6,7,9,10,12,15,17,20,23,26,29,32,36,39,43,47,50,54,57,61,64,67,69,71,73,74,75,76,75,75,74,72,70,67,64,61,57,53,49,45,40,36,31,27,22,18,15,11,9,6,4,2,1,0.1,0.1,0.1,1,1,3,4,6,7,9,11,13,14,16,17,18,19,19,19,19,18,18,16,15,14,12,10,9,7,5,4,3,2,1,0.1,0.1,0.1,0.1,1,2,3,5,7,8,10,12,14,16,18,19,20,21,22,22,22,21,20,19,18,16,14,12,10,8,6,5,3,2,1,0.1,0.1,0.1,1,2,3,5,8,10,13,16,19,21,24,27,29,31,33,34,34,34,33,32,31,29,26,23,20,17,14,10,7,5,3,1,0.1,0.1,1,2,4,7,11,16,21,27,33,39,46,52,58,63,68,72,74,76,77,76,74,70,66,60,53,46,38,30,22,15,9,4,1,0.1,2,7,16,28,45,66,92,122,157,198,242,291,345,402,462,525,590,657,725,792,859,924,987,1047,1103,1154,1200,1239,1273,1299,1319,1330,1334,1330,1319,1299,1273,1239,1200,1154,1103,1047,987,924,859,792,725,657,590,525,462,402,345,291,242,198,157,122,92,66,45,28,16,7,2,0.1,1,4,9,15,22,30,38,46,53,60,66,70,74,76,77,76,74,72,68,63,58,52,46,39,33,27,21,16,11,7,4,2,1,0.1,0.1,1,3,5,7,10,14,17,20,23,26,29,31,32,33,34,34,34,33,31,29,27,24,21,19,16,13,10,8,5,3,2,1,0.1,0.1,0.1,1,2,3,5,6,8,10,12,14,16,18,19,20,21,22,22,22,21,20,19,18,16,14,12,10,8,7,5,3,2,1,0.1,0.1,0.1,0.1,1,2,3,4,5,7,9,10,12,14,15,16,18,18,19,19,19,19,18,17,16,14,13,11,9,7,6,4,3,1,1,0.1,0.1,0.1,1,2,4,6,9,11,15,18,22,27,31,36,40,45,49,53,57,61,64,67,70,72,74,75,75,76,75,74,73,71,69,67,64,61,57,54,50,47,43,39,36,32,29,26,23,20,17,15,12,10,9,7,6,4,3,3,2,1,1,1,0.1,0.1,0.1,0.1,0.1,0.1,0.1,0.1,0.1,0.1,0.1,0.1,0.1,0.1,0.1,0.1,0.1,0.1,0.1,0.1,0.1,0.1,0.1,0.1,0.1,0.1,0.1,0.1,0.1,0.1,0.1,0.1,0.1,0.1,0.1,0.1,0.1,0.1,0.1,0.1,0.1
0.1,0.1,0.1,0.1,0.1,0.1,0.1,0.1,0.1,0.1,0.1,0.1,0.1,0.1,0.1,0.1,0.1,0.1,0.1,0.1,0.1,0.1,0.1,0.1,0.1,0.1,0.1,0.1,0.1,0.1,0.1,0.1,0.1,0.1,0.1,0.1,0.1,0.1,0.1,0.1,0.1,0.1,0.1,0.1,1,1,2,2,3,4,5,6,8,10,12,14,16,19,22,25,29,32,36,40,44,48,52,56,60,64,67,71,74,77,79,81,82,83,84,84,83,82,80,78,75,72,68,64,60,55,51,46,41,36,31,26,22,18,14,11,8,5,3,2,1,0.1,0.1,0.1,1,2,3,5,7,8,10,12,14,15,17,18,19,19,19,19,19,18,17,16,15,13,11,10,8,6,5,3,2,1,0.1,0.1,0.1,0.1,1,2,3,4,6,7,9,11,13,15,16,18,19,20,20,21,20,20,19,18,17,15,14,12,10,8,6,4,3,2,1,0.1,0.1,0.1,1,2,3,5,7,10,12,15,18,20,23,25,28,29,31,32,32,32,31,30,28,26,24,21,18,15,12,9,6,4,2,1,0.1,0.1,1,3,6,9,13,18,24,30,36,42,49,55,61,66,70,74,76,77,77,76,73,69,64,58,51,43,35,27,19,12,6,2,0.1,1,4,11,23,38,58,82,112,147,187,232,282,337,396,459,526,595,667,740,814,888,961,1032,1100,1165,1226,1281,1331,1375,1411,1439,1460,1473,1477,1473,1460,1439,1411,1375,1331,1281,1226,1165,1100,1032,961,888,814,740,667,595,526,459,396,337,282,232,187,147,112,82,58,38,23,11,4,1,0.1,2,6,12,19,27,35,43,51,58,64,69,73,76,77,77,76,74,70,66,61,55,49,42,36,30,24,18,13,9,6,3,1,0.1,0.1,1,2,4,6,9,12,15,18,21,24,26,28,30,31,32,32,32,31,29,28,25,23,20,18,15,12,10,7,5,3,2,1,0.1,0.1,0.1,1,2,3,4,6,8,10,12,14,15,17,18,19,20,20,21,20,20,19,18,16,15,13,11,9,7,6,4,3,2,1,0.1,0.1,0.1,0.1,1,2,3,5,6,8,10,11,13,15,16,17,18,19,19,19,19,19,18,17,15,14,12,10,8,7,5,3,2,1,0.1,0.1,0.1,1,2,3,5,8,11,14,18,22,26,31,36,41,46,51,55,60,64,68,72,75,78,80,82,83,84,84,83,82,81,79,77,74,71,67,64,60,56,52,48,44,40,36,32,29,25,22,19,16,14,12,10,8,6,5,4,3,2,2,1,1,0.1,0.1,0.1,0.1,0.1,0.1,0.1,0.1,0.1,0.1,0.1,0.1,0.1,0.1,0.1,0.1,0.1,0.1,0.1,0.1,0.1,0.1,0.1,0.1,0.1,0.1,0.1,0.1,0.1,0.1,0.1,0.1,0.1,0.1,0.1,0.1,0.1,0.1,0.1,0.1,0.1
0.1,0.1,0.1,0.1,0.1,0.1,0.1,0.1,0.1,0.1,0.1,0.1,0.1,0.1,0.1,0.1,0.1,0.1,0.1,0.1,0.1,0.1,0.1,0.1,0.1,0.1,0.1,0.1,0.1,0.1,0.1,0.1,0.1,0.1,0.1,0.1,0.1,0.1,0.1,0.1,0.1,0.1,0.1,1,1,1,2,3,4,5,6,7,9,11,13,16,18,21,25,28,32,36,40,44,48,53,57,61,66,70,74,78,81,84,87,89,90,92,92,92,91,90,89,86,83,80,76,72,67,62,57,52,46,41,36,30,26,21,17,13,10,7,4,2,1,0.1,0.1,0.1,1,2,3,4,6,8,10,12,13,15,17,18,19,19,20,20,20,19,18,17,16,14,12,11,9,7,5,4,3,2,1,0.1,0.1,0.1,1,1,2,3,5,6,8,10,12,13,15,16,17,18,19,19,19,19,18,17,16,15,13,11,10,8,6,4,3,2,1,0.1,0.1,0.1,1,2,3,5,7,9,12,14,17,19,22,24,26,28,29,30,30,30,29,28,26,24,21,19,16,13,10,7,5,3,1,0.1,0.1,1,2,4,7,11,15,20,26,32,39,45,52,58,63,68,72,75,77,78,78,76,72,68,62,56,48,40,32,24,16,9,4,1,0.1,2,8,17,30,48,71,100,133,173,217,267,323,383,448,517,590,666,744,823,903,983,1062,1139,1213,1283,1349,1408,1462,1509,1548,1579,1601,1614,1619,1614,1601,1579,1548,1509,1462,1408,1349,1283,1213,1139,1062,983,903,823,744,666,590,517,448,383,323,267,217,173,133,100,71,48,30,17,8,2,0.1,1,4,9,16,24,32,40,48,56,62,68,72,76,78,78,77,75,72,68,63,58,52,45,39,32,26,20,15,11,7,4,2,1,0.1,0.1,1,3,5,7,10,13,16,19,21,24,26,28,29,30,30,30,29,28,26,24,22,19,17,14,12,9,7,5,3,2,1,0.1,0.1,0.1,1,2,3,4,6,8,10,11,13,15,16,17,18,19,19,19,19,18,17,16,15,13,12,10,8,6,5,3,2,1,1,0.1,0.1,0.1,1,2,3,4,5,7,9,11,12,14,16,17,18,19,20,20,20,19,19,18,17,15,13,12,10,8,6,4,3,2,1,0.1,0.1,0.1,1,2,4,7,10,13,17,21,26,30,36,41,46,52,57,62,67,72,76,80,83,86,89,90,91,92,92,92,90,89,87,84,81,78,74,70,66,61,57,53,48,44,40,36,32,28,25,21,18,16,13,11,9,7,6,5,4,3,2,1,1,1,0.1,0.1,0.1,0.1,0.1,0.1,0.1,0.1,0.1,0.1,0.1,0.1,0.1,0.1,0.1,0.1,0.1,0.1,0.1,0.1,0.1,0.1,0.1,0.1,0.1,0.1,0.1,0.1,0.1,0.1,0.1,0.1,0.1,0.1,0.1,0.1,0.1,0.1,0.1,0.1
0.1,0.1,0.1,0.1,0.1,0.1,0.1,0.1,0.1,0.1,0.1,0.1,0.1,0.1,0.1,0.1,0.1,0.1,0.1,0.1,0.1,0.1,0.1,0.1,0.1,0.1,0.1,0.1,0.1,0.1,0.1,0.1,0.1,0.1,0.1,0.1,0.1,0.1,0.1,0.1,0.1,0.1,0.1,1,1,2,2,3,4,5,7,8,10,12,15,17,20,23,27,31,35,39,43,48,53,57,62,67,71,76,80,84,88,91,94,96,98,100,100,100,100,98,97,94,91,87,83,79,74,69,63,57,52,46,40,34,29,24,19,15,11,8,6,3,2,1,0.1,0.1,0.1,1,2,4,6,7,9,11,13,15,16,18,19,20,20,20,20,20,19,18,16,15,13,11,10,8,6,5,3,2,1,0.1,0.1,0.1,0.1,1,2,3,4,6,7,9,10,12,14,15,16,17,18,18,18,18,17,16,15,14,12,11,9,7,6,4,3,2,1,0.1,0.1,0.1,1,2,3,5,7,9,11,14,16,18,21,23,25,26,27,28,28,28,27,26,24,22,19,17,14,11,8,6,4,2,1,0.1,0.1,1,3,5,9,13,17,23,29,35,41,48,54,60,66,70,74,77,79,79,78,75,72,67,60,53,45,37,29,21,13,7,3,0.1,1,4,11,23,39,60,86,118,156,199,248,303,364,430,500,575,654,736,820,905,992,1078,1162,1245,1324,1399,1469,1533,1590,1640,1682,1715,1739,1753,1758,1753,1739,1715,1682,1640,1590,1533,1469,1399,1324,1245,1162,1078,992,905,820,736,654,575,500,430,364,303,248,199,156,118,86,60,39,23,11,4,1,0.1,3,7,13,21,29,37,45,53,60,67,72,75,78,79,79,77,74,70,66,60,54,48,41,35,29,23,17,13,9,5,3,1,0.1,0.1,1,2,4,6,8,11,14,17,19,22,24,26,27,28,28,28,27,26,25,23,21,18,16,14,11,9,7,5,3,2,1,0.1,0.1,0.1,1,2,3,4,6,7,9,11,12,14,15,16,17,18,18,18,18,17,16,15,14,12,10,9,7,6,4,3,2,1,0.1,0.1,0.1,0.1,1,2,3,5,6,8,10,11,13,15,16,18,19,20,20,20,20,20,19,18,16,15,13,11,9,7,6,4,2,1,0.1,0.1,0.1,1,2,3,6,8,11,15,19,24,29,34,40,46,52,57,63,69,74,79,83,87,91,94,97,98,100,100,100,100,98,96,94,91,88,84,80,76,71,67,62,57,53,48,43,39,35,31,27,23,20,17,15,12,10,8,7,5,4,3,2,2,1,1,0.1,0.1,0.1,0.1,0.1,0.1,0.1,0.1,0.1,0.1,0.1,0.1,0.1,0.1,0.1,0.1,0.1,0.1,0.1,0.1,0.1,0.1,0.1,0.1,0.1,0.1,0.1,0.1,0.1,0.1,0.1,0.1,0.1,0.1,0.1,0.1,0.1,0.1,0.1,0.1
0.1,0.1,0.1,0.1,0.1,0.1,0.1,0.1,0.1,0.1,0.1,0.1,0.1,0.1,0.1,0.1,0.1,0.1,0.1,0.1,0.1,0.1,0.1,0.1,0.1,0.1,0.1,0.1,0.1,0.1,0.1,0.1,0.1,0.1,0.1,0.1,0.1,0.1,0.1,0.1,0.1,0.1,1,1,1,2,3,3,5,6,7,9,11,13,16,19,22,26,29,33,38,42,47,52,57,62,67,72,77,82,86,91,95,98,101,104,106,107,108,108,108,106,104,102,99,95,91,86,81,75,69,63,57,51,45,39,33,27,22,18,13,10,7,4,2,1,0.1,0.1,0.1,1,2,3,5,7,9,11,13,14,16,18,19,20,20,21,21,20,19,18,17,16,14,12,10,9,7,5,4,2,1,1,0.1,0.1,0.1,1,1,2,3,5,6,8,9,11,12,14,15,16,16,17,17,17,16,16,14,13,12,10,9,7,5,4,3,2,1,0.1,0.1,0.1,1,2,3,4,6,8,11,13,15,17,20,22,23,25,26,26,26,26,25,23,22,20,17,15,12,9,7,5,3,1,0.1,0.1,0.1,2,4,6,10,14,19,25,31,38,44,51,57,63,68,72,76,78,80,79,78,75,71,65,58,51,43,34,26,18,11,5,1,0.1,2,7,16,29,48,72,101,137,178,226,279,339,405,476,552,632,717,804,894,986,1078,1169,1260,1347,1432,1511,1586,1654,1714,1767,1811,1846,1872,1887,1892,1887,1872,1846,1811,1767,1714,1654,1586,1511,1432,1347,1260,1169,1078,986,894,804,717,632,552,476,405,339,279,226,178,137,101,72,48,29,16,7,2,0.1,1,5,11,18,26,34,43,51,58,65,71,75,78,79,80,78,76,72,68,63,57,51,44,38,31,25,19,14,10,6,4,2,0.1,0.1,0.1,1,3,5,7,9,12,15,17,20,22,23,25,26,26,26,26,25,23,22,20,17,15,13,11,8,6,4,3,2,1,0.1,0.1,0.1,1,2,3,4,5,7,9,10,12,13,14,16,16,17,17,17,16,16,15,14,12,11,9,8,6,5,3,2,1,1,0.1,0.1,0.1,1,1,2,4,5,7,9,10,12,14,16,17,18,19,20,21,21,20,20,19,18,16,14,13,11,9,7,5,3,2,1,0.1,0.1,0.1,1,2,4,7,10,13,18,22,27,33,39,45,51,57,63,69,75,81,86,91,95,99,102,104,106,108,108,108,107,106,104,101,98,95,91,86,82,77,72,67,62,57,52,47,42,38,33,29,26,22,19,16,13,11,9,7,6,5,3,3,2,1,1,1,0.1,0.1,0.1,0.1,0.1,0.1,0.1,0.1,0.1,0.1,0.1,0.1,0.1,0.1,0.1,0.1,0.1,0.1,0.1,0.1,0.1,0.1,0.1,0.1,0.1,0.1,0.1,0.1,0.1,0.1,0.1,0.1,0.1,0.1,0.1,0.1,0.1,0.1,0.1
0.1,0.1,0.1,0.1,0.1,0.1,0.1,0.1,0.1,0.1,0.1,0.1,0.1,0.1,0.1,0.1,0.1,0.1,0.1,0.1,0.1,0.1,0.1,0.1,0.1,0.1,0.1,0.1,0.1,0.1,0.1,0.1,0.1,0.1,0.1,0.1,0.1,0.1,0.1,0.1,0.1,0.1,1,1,1,2,3,4,5,6,8,10,12,15,17,20,24,28,32,36,40,45,50,55,61,66,71,77,82,87,92,97,101,105,108,111,113,115,115,116,115,114,112,109,106,102,98,93,87,81,75,69,62,55,49,43,36,31,25,20,16,12,8,5,3,2,0.1,0.1,0.1,1,2,3,4,6,8,10,12,14,16,17,19,20,20,21,21,21,20,19,18,16,15,13,11,9,8,6,4,3,2,1,0.1,0.1,0.1,0.1,1,2,3,4,5,7,8,10,11,13,14,15,15,16,16,16,15,15,14,13,11,10,8,7,5,4,2,1,1,0.1,0.1,0.1,1,2,3,4,6,8,10,12,14,17,19,20,22,23,24,24,24,24,23,21,20,18,15,13,10,8,6,4,2,1,0.1,0.1,1,2,5,8,12,16,22,27,34,40,47,53,59,65,70,74,77,79,80,80,78,74,69,63,56,49,40,32,23,15,9,4,1,0.1,3,10,21,36,57,84,116,155,200,252,310,374,445,521,602,688,778,871,966,1063,1161,1258,1353,1446,1534,1619,1697,1769,1833,1888,1935,1972,1998,2015,2020,2015,1998,1972,1935,1888,1833,1769,1697,1619,1534,1446,1353,1258,1161,1063,966,871,778,688,602,521,445,374,310,252,200,155,116,84,57,36,21,10,3,0.1,1,4,9,15,23,32,40,49,56,63,69,74,78,80,80,79,77,74,70,65,59,53,47,40,34,27,22,16,12,8,5,2,1,0.1,0.1,1,2,4,6,8,10,13,15,18,20,21,23,24,24,24,24,23,22,20,19,17,14,12,10,8,6,4,3,2,1,0.1,0.1,0.1,1,1,2,4,5,7,8,10,11,13,14,15,15,16,16,16,15,15,14,13,11,10,8,7,5,4,3,2,1,0.1,0.1,0.1,0.1,1,2,3,4,6,8,9,11,13,15,16,18,19,20,21,21,21,20,20,19,17,16,14,12,10,8,6,4,3,2,1,0.1,0.1,0.1,2,3,5,8,12,16,20,25,31,36,43,49,55,62,69,75,81,87,93,98,102,106,109,112,114,115,116,115,115,113,111,108,105,101,97,92,87,82,77,71,66,61,55,50,45,40,36,32,28,24,20,17,15,12,10,8,6,5,4,3,2,1,1,1,0.1,0.1,0.1,0.1,0.1,0.1,0.1,0.1,0.1,0.1,0.1,0.1,0.1,0.1,0.1,0.1,0.1,0.1,0.1,0.1,0.1,0.1,0.1,0.1,0.1,0.1,0.1,0.1,0.1,0.1,0.1,0.1,0.1,0.1,0.1,0.1,0.1,0.1,0.1
0.1,0.1,0.1,0.1,0.1,0.1,0.1,0.1,0.1,0.1,0.1,0.1,0.1,0.1,0.1,0.1,0.1,0.1,0.1,0.1,0.1,0.1,0.1,0.1,0.1,0.1,0.1,0.1,0.1,0.1,0.1,0.1,0.1,0.1,0.1,0.1,0.1,0.1,0.1,0.1,0.1,0.1,1,1,2,2,3,4,5,7,9,11,13,16,19,22,25,29,34,38,43,48,53,59,64,70,76,81,87,92,98,102,107,111,114,117,120,121,122,123,122,121,119,116,113,109,104,99,93,87,81,74,67,60,53,46,40,34,28,22,18,13,10,6,4,2,1,0.1,0.1,0.1,1,2,4,6,8,10,12,14,16,17,19,20,21,21,21,21,21,20,19,17,16,14,12,10,8,7,5,4,2,1,1,0.1,0.1,0.1,1,1,2,3,5,6,7,9,10,11,13,14,14,15,15,15,14,14,13,12,11,9,8,6,5,4,2,1,1,0.1,0.1,0.1,1,1,3,4,6,8,10,12,14,16,17,19,21,22,22,23,22,22,21,20,18,16,14,11,9,7,5,3,1,0.1,0.1,0.1,1,3,6,9,13,18,24,29,36,42,49,55,61,67,72,76,79,80,81,80,77,73,68,62,54,46,38,29,21,13,7,2,0.1,1,5,13,26,44,67,96,132,174,222,278,340,408,483,564,650,741,836,934,1034,1137,1239,1341,1441,1538,1631,1720,1802,1877,1944,2002,2051,2089,2117,2134,2140,2134,2117,2089,2051,2002,1944,1877,1802,1720,1631,1538,1441,1341,1239,1137,1034,934,836,741,650,564,483,408,340,278,222,174,132,96,67,44,26,13,5,1,0.1,2,7,13,21,29,38,46,54,62,68,73,77,80,81,80,79,76,72,67,61,55,49,42,36,29,24,18,13,9,6,3,1,0.1,0.1,0.1,1,3,5,7,9,11,14,16,18,20,21,22,22,23,22,22,21,19,17,16,14,12,10,8,6,4,3,1,1,0.1,0.1,0.1,1,1,2,4,5,6,8,9,11,12,13,14,14,15,15,15,14,14,13,11,10,9,7,6,5,3,2,1,1,0.1,0.1,0.1,1,1,2,4,5,7,8,10,12,14,16,17,19,20,21,21,21,21,21,20,19,17,16,14,12,10,8,6,4,2,1,0.1,0.1,0.1,1,2,4,6,10,13,18,22,28,34,40,46,53,60,67,74,81,87,93,99,104,109,113,116,119,121,122,123,122,121,120,117,114,111,107,102,98,92,87,81,76,70,64,59,53,48,43,38,34,29,25,22,19,16,13,11,9,7,5,4,3,2,2,1,1,0.1,0.1,0.1,0.1,0.1,0.1,0.1,0.1,0.1,0.1,0.1,0.1,0.1,0.1,0.1,0.1,0.1,0.1,0.1,0.1,0.1,0.1,0.1,0.1,0.1,0.1,0.1,0.1,0.1,0.1,0.1,0.1,0.1,0.1,0.1,0.1,0.1,0.1,0.1
0.1,0.1,0.1,0.1,0.1,0.1,0.1,0.1,0.1,0.1,0.1,0.1,0.1,0.1,0.1,0.1,0.1,0.1,0.1,0.1,0.1,0.1,0.1,0.1,0.1,0.1,0.1,0.1,0.1,0.1,0.1,0.1,0.1,0.1,0.1,0.1,0.1,0.1,0.1,0.1,0.1,1,1,1,2,3,3,5,6,8,9,12,14,17,20,23,27,31,36,40,45,51,56,62,68,74,80,86,92,97,103,108,112,117,120,124,126,128,129,129,129,128,126,123,119,115,110,105,99,93,86,79,72,64,57,50,43,37,30,25,20,15,11,7,5,3,1,0.1,0.1,0.1,1,2,4,5,7,9,11,13,15,17,18,20,21,21,21,21,21,20,19,18,16,15,13,11,9,7,6,4,3,2,1,0.1,0.1,0.1,0.1,1,2,3,4,5,7,8,9,10,12,12,13,14,14,14,13,13,12,11,10,9,7,6,5,3,2,1,1,0.1,0.1,0.1,1,1,2,4,5,7,9,11,13,15,16,18,19,20,21,21,21,20,19,18,16,14,12,10,8,6,4,2,1,0.1,0.1,1,2,4,7,10,15,20,25,32,38,44,51,57,63,69,73,77,79,81,81,79,77,72,67,60,53,44,36,27,19,11,5,1,0.1,2,7,17,31,51,77,108,147,192,243,302,368,441,520,605,695,790,890,993,1098,1205,1312,1418,1523,1624,1721,1813,1899,1977,2047,2107,2158,2198,2227,2244,2250,2244,2227,2198,2158,2107,2047,1977,1899,1813,1721,1624,1523,1418,1312,1205,1098,993,890,790,695,605,520,441,368,302,243,192,147,108,77,51,31,17,7,2,0.1,1,5,11,19,27,36,44,53,60,67,72,77,79,81,81,79,77,73,69,63,57,51,44,38,32,25,20,15,10,7,4,2,1,0.1,0.1,1,2,4,6,8,10,12,14,16,18,19,20,21,21,21,20,19,18,16,15,13,11,9,7,5,4,2,1,1,0.1,0.1,0.1,1,1,2,3,5,6,7,9,10,11,12,13,13,14,14,14,13,12,12,10,9,8,7,5,4,3,2,1,0.1,0.1,0.1,0.1,1,2,3,4,6,7,9,11,13,15,16,18,19,20,21,21,21,21,21,20,18,17,15,13,11,9,7,5,4,2,1,0.1,0.1,0.1,1,3,5,7,11,15,20,25,30,37,43,50,57,64,72,79,86,93,99,105,110,115,119,123,126,128,129,129,129,128,126,124,120,117,112,108,103,97,92,86,80,74,68,62,56,51,45,40,36,31,27,23,20,17,14,12,9,8,6,5,3,3,2,1,1,1,0.1,0.1,0.1,0.1,0.1,0.1,0.1,0.1,0.1,0.1,0.1,0.1,0.1,0.1,0.1,0.1,0.1,0.1,0.1,0.1,0.1,0.1,0.1,0.1,0.1,0.1,0.1,0.1,0.1,0.1,0.1,0.1,0.1,0.1,0.1,0.1,0.1,0.1
0.1,0.1,0.1,0.1,0.1,0.1,0.1,0.1,0.1,0.1,0.1,0.1,0.1,0.1,0.1,0.1,0.1,0.1,0.1,0.1,0.1,0.1,0.1,0.1,0.1,0.1,0.1,0.1,0.1,0.1,0.1,0.1,0.1,0.1,0.1,0.1,0.1,0.1,0.1,0.1,0.1,1,1,1,2,3,4,5,6,8,10,12,15,18,21,25,29,33,37,42,48,53,59,65,71,77,83,90,96,102,107,113,117,122,126,129,132,134,135,135,135,134,132,129,125,121,116,110,104,98,91,83,76,68,61,54,46,39,33,27,21,17,12,9,6,3,2,0.1,0.1,0.1,1,2,3,5,7,9,11,13,15,17,18,20,21,21,22,22,21,21,20,18,17,15,13,12,10,8,6,5,3,2,1,0.1,0.1,0.1,0.1,1,1,2,3,5,6,7,8,10,11,12,12,13,13,13,13,12,11,11,9,8,7,6,4,3,2,1,1,0.1,0.1,0.1,1,1,2,4,5,7,9,10,12,14,15,17,18,19,19,20,19,19,18,16,15,13,11,9,7,5,3,1,0.1,0.1,0.1,1,3,5,8,12,16,22,27,33,40,46,53,59,65,70,74,78,80,81,81,79,76,71,65,58,51,42,33,25,17,10,4,1,0.1,3,9,20,37,58,86,120,161,209,263,325,395,471,553,642,737,836,940,1047,1156,1267,1378,1489,1597,1702,1802,1898,1986,2067,2139,2202,2254,2296,2326,2344,2350,2344,2326,2296,2254,2202,2139,2067,1986,1898,1802,1702,1597,1489,1378,1267,1156,1047,940,836,737,642,553,471,395,325,263,209,161,120,86,58,37,20,9,3,0.1,1,4,10,17,25,33,42,51,58,65,71,76,79,81,81,80,78,74,70,65,59,53,46,40,33,27,22,16,12,8,5,3,1,0.1,0.1,0.1,1,3,5,7,9,11,13,15,16,18,19,19,20,19,19,18,17,15,14,12,10,9,7,5,4,2,1,1,0.1,0.1,0.1,1,1,2,3,4,6,7,8,9,11,11,12,13,13,13,13,12,12,11,10,8,7,6,5,3,2,1,1,0.1,0.1,0.1,0.1,1,2,3,5,6,8,10,12,13,15,17,18,20,21,21,22,22,21,21,20,18,17,15,13,11,9,7,5,3,2,1,0.1,0.1,0.1,2,3,6,9,12,17,21,27,33,39,46,54,61,68,76,83,91,98,104,110,116,121,125,129,132,134,135,135,135,134,132,129,126,122,117,113,107,102,96,90,83,77,71,65,59,53,48,42,37,33,29,25,21,18,15,12,10,8,6,5,4,3,2,1,1,1,0.1,0.1,0.1,0.1,0.1,0.1,0.1,0.1,0.1,0.1,0.1,0.1,0.1,0.1,0.1,0.1,0.1,0.1,0.1,0.1,0.1,0.1,0.1,0.1,0.1,0.1,0.1,0.1,0.1,0.1,0.1,0.1,0.1,0.1,0.1,0.1,0.1,0.1
0.1,0.1,0.1,0.1,0.1,0.1,0.1,0.1,0.1,0.1,0.1,0.1,0.1,0.1,0.1,0.1,0.1,0.1,0.1,0.1,0.1,0.1,0.1,0.1,0.1,0.1,0.1,0.1,0.1,0.1,0.1,0.1,0.1,0.1,0.1,0.1,0.1,0.1,0.1,0.1,0.1,1,1,2,2,3,4,5,7,9,11,13,16,19,22,26,30,34,39,44,50,55,61,67,74,80,87,93,99,105,111,117,122,126,130,134,137,139,140,140,140,139,137,134,130,126,121,115,109,102,95,87,80,72,64,57,49,42,35,29,23,18,13,10,6,4,2,1,0.1,0.1,1,2,3,4,6,8,10,13,15,16,18,19,21,21,22,22,22,21,20,19,17,16,14,12,10,8,7,5,4,2,1,1,0.1,0.1,0.1,0.1,1,2,3,4,5,6,8,9,10,11,11,12,12,12,12,11,11,10,9,8,7,5,4,3,2,1,1,0.1,0.1,0.1,1,1,2,3,5,6,8,10,11,13,15,16,17,18,18,18,18,17,16,15,13,11,10,8,6,4,2,1,0.1,0.1,0.1,1,3,6,9,13,18,23,29,35,41,48,54,61,66,71,75,78,80,81,80,78,75,70,64,57,49,40,31,23,15,8,3,0.1,0.1,4,12,24,42,65,95,131,174,224,282,347,419,498,584,676,774,877,985,1095,1208,1323,1437,1551,1663,1771,1874,1972,2063,2147,2221,2285,2339,2382,2412,2431,2437,2431,2412,2382,2339,2285,2221,2147,2063,1972,1874,1771,1663,1551,1437,1323,1208,1095,985,877,774,676,584,498,419,347,282,224,174,131,95,65,42,24,12,4,0.1,0.1,3,8,15,23,31,40,49,57,64,70,75,78,80,81,80,78,75,71,66,61,54,48,41,35,29,23,18,13,9,6,3,1,0.1,0.1,0.1,1,2,4,6,8,10,11,13,15,16,17,18,18,18,18,17,16,15,13,11,10,8,6,5,3,2,1,1,0.1,0.1,0.1,1,1,2,3,4,5,7,8,9,10,11,11,12,12,12,12,11,11,10,9,8,6,5,4,3,2,1,0.1,0.1,0.1,0.1,1,1,2,4,5,7,8,10,12,14,16,17,19,20,21,22,22,22,21,21,19,18,16,15,13,10,8,6,4,3,2,1,0.1,0.1,1,2,4,6,10,13,18,23,29,35,42,49,57,64,72,80,87,95,102,109,115,121,126,130,134,137,139,140,140,140,139,137,134,130,126,122,117,111,105,99,93,87,80,74,67,61,55,50,44,39,34,30,26,22,19,16,13,11,9,7,5,4,3,2,2,1,1,0.1,0.1,0.1,0.1,0.1,0.1,0.1,0.1,0.1,0.1,0.1,0.1,0.1,0.1,0.1,0.1,0.1,0.1,0.1,0.1,0.1,0.1,0.1,0.1,0.1,0.1,0.1,0.1,0.1,0.1,0.1,0.1,0.1,0.1,0.1,0.1,0.1,0.1
0.1,0.1,0.1,0.1,0.1,0.1,0.1,0.1,0.1,0.1,0.1,0.1,0.1,0.1,0.1,0.1,0.1,0.1,0.1,0.1,0.1,0.1,0.1,0.1,0.1,0.1,0.1,0.1,0.1,0.1,0.1,0.1,0.1,0.1,0.1,0.1,0.1,0.1,0.1,0.1,0.1,1,1,2,2,3,4,6,7,9,11,13,16,19,23,27,31,35,40,46,51,57,63,70,76,83,89,96,102,109,115,120,126,130,134,138,141,143,144,145,144,143,141,138,135,130,125,119,113,106,99,91,83,75,67,59,52,44,37,31,25,19,15,11,7,4,2,1,0.1,0.1,0.1,1,3,4,6,8,10,12,14,16,18,19,20,21,22,22,22,21,20,19,18,16,14,13,11,9,7,5,4,3,2,1,0.1,0.1,0.1,0.1,1,2,2,3,5,6,7,8,9,10,10,11,11,11,11,11,10,9,8,7,6,5,4,3,2,1,1,0.1,0.1,0.1,1,1,2,3,5,6,8,9,11,12,14,15,16,17,17,17,17,16,15,14,12,10,8,7,5,3,2,1,0.1,0.1,1,2,4,7,10,14,19,24,30,37,43,49,56,62,67,72,76,79,80,81,80,77,74,69,62,55,47,38,29,21,13,7,2,0.1,1,5,14,28,47,72,103,141,186,239,299,366,441,523,612,707,808,914,1024,1138,1254,1371,1489,1605,1719,1830,1936,2036,2129,2214,2290,2356,2411,2455,2486,2505,2512,2505,2486,2455,2411,2356,2290,2214,2129,2036,1936,1830,1719,1605,1489,1371,1254,1138,1024,914,808,707,612,523,441,366,299,239,186,141,103,72,47,28,14,5,1,0.1,2,7,13,21,29,38,47,55,62,69,74,77,80,81,80,79,76,72,67,62,56,49,43,37,30,24,19,14,10,7,4,2,1,0.1,0.1,1,2,3,5,7,8,10,12,14,15,16,17,17,17,17,16,15,14,12,11,9,8,6,5,3,2,1,1,0.1,0.1,0.1,1,1,2,3,4,5,6,7,8,9,10,11,11,11,11,11,10,10,9,8,7,6,5,3,2,2,1,0.1,0.1,0.1,0.1,1,2,3,4,5,7,9,11,13,14,16,18,19,20,21,22,22,22,21,20,19,18,16,14,12,10,8,6,4,3,1,0.1,0.1,0.1,1,2,4,7,11,15,19,25,31,37,44,52,59,67,75,83,91,99,106,113,119,125,130,135,138,141,143,144,145,144,143,141,138,134,130,126,120,115,109,102,96,89,83,76,70,63,57,51,46,40,35,31,27,23,19,16,13,11,9,7,6,4,3,2,2,1,1,0.1,0.1,0.1,0.1,0.1,0.1,0.1,0.1,0.1,0.1,0.1,0.1,0.1,0.1,0.1,0.1,0.1,0.1,0.1,0.1,0.1,0.1,0.1,0.1,0.1,0.1,0.1,0.1,0.1,0.1,0.1,0.1,0.1,0.1,0.1,0.1,0.1,0.1
0.1,0.1,0.1,0.1,0.1,0.1,0.1,0.1,0.1,0.1,0.1,0.1,0.1,0.1,0.1,0.1,0.1,0.1,0.1,0.1,0.1,0.1,0.1,0.1,0.1,0.1,0.1,0.1,0.1,0.1,0.1,0.1,0.1,0.1,0.1,0.1,0.1,0.1,0.1,0.1,1,1,1,2,3,3,5,6,7,9,11,14,17,20,24,28,32,37,42,47,53,59,65,71,78,85,92,98,105,111,117,123,129,133,138,141,144,146,148,148,148,147,145,142,138,134,129,123,116,109,102,94,86,78,70,62,54,46,39,33,26,21,16,11,8,5,3,1,0.1,0.1,0.1,1,2,4,6,8,10,12,14,16,17,19,20,21,22,22,22,21,21,19,18,17,15,13,11,9,8,6,4,3,2,1,0.1,0.1,0.1,0.1,1,1,2,3,4,5,6,7,8,9,10,10,10,11,10,10,9,9,8,7,6,5,4,3,2,1,0.1,0.1,0.1,0.1,1,1,2,3,4,6,7,9,10,12,13,14,15,15,16,16,15,15,14,12,11,9,7,6,4,2,1,0.1,0.1,0.1,1,2,5,7,11,15,20,26,32,38,44,51,57,63,68,73,76,79,80,80,79,76,72,67,61,53,45,36,27,19,12,6,2,0.1,2,7,17,31,52,78,111,150,197,251,313,383,460,544,635,733,836,944,1057,1173,1292,1411,1531,1650,1766,1879,1987,2089,2184,2270,2347,2414,2470,2514,2546,2566,2572,2566,2546,2514,2470,2414,2347,2270,2184,2089,1987,1879,1766,1650,1531,1411,1292,1173,1057,944,836,733,635,544,460,383,313,251,197,150,111,78,52,31,17,7,2,0.1,2,6,12,19,27,36,45,53,61,67,72,76,79,80,80,79,76,73,68,63,57,51,44,38,32,26,20,15,11,7,5,2,1,0.1,0.1,0.1,1,2,4,6,7,9,11,12,14,15,15,16,16,15,15,14,13,12,10,9,7,6,4,3,2,1,1,0.1,0.1,0.1,0.1,1,2,3,4,5,6,7,8,9,9,10,10,11,10,10,10,9,8,7,6,5,4,3,2,1,1,0.1,0.1,0.1,0.1,1,2,3,4,6,8,9,11,13,15,17,18,19,21,21,22,22,22,21,20,19,17,16,14,12,10,8,6,4,2,1,0.1,0.1,0.1,1,3,5,8,11,16,21,26,33,39,46,54,62,70,78,86,94,102,109,116,123,129,134,138,142,145,147,148,148,148,146,144,141,138,133,129,123,117,111,105,98,92,85,78,71,65,59,53,47,42,37,32,28,24,20,17,14,11,9,7,6,5,3,3,2,1,1,1,0.1,0.1,0.1,0.1,0.1,0.1,0.1,0.1,0.1,0.1,0.1,0.1,0.1,0.1,0.1,0.1,0.1,0.1,0.1,0.1,0.1,0.1,0.1,0.1,0.1,0.1,0.1,0.1,0.1,0.1,0.1,0.1,0.1,0.1,0.1,0.1,0.1
0.1,0.1,0.1,0.1,0.1,0.1,0.1,0.1,0.1,0.1,0.1,0.1,0.1,0.1,0.1,0.1,0.1,0.1,0.1,0.1,0.1,0.1,0.1,0.1,0.1,0.1,0.1,0.1,0.1,0.1,0.1,0.1,0.1,0.1,0.1,0.1,0.1,0.1,0.1,0.1,1,1,1,2,3,4,5,6,8,10,12,14,17,21,24,28,33,37,42,48,54,60,66,73,80,86,93,100,107,113,120,125,131,136,140,144,147,149,151,151,151,150,148,145,141,137,132,126,119,112,104,97,89,80,72,64,56,48,41,34,28,22,17,12,8,5,3,1,0.1,0.1,0.1,1,2,3,5,7,9,11,13,15,17,19,20,21,22,22,22,21,21,20,18,17,15,13,12,10,8,6,5,3,2,1,1,0.1,0.1,0.1,0.1,1,2,3,4,5,6,7,7,8,9,9,10,10,10,9,9,8,7,7,6,5,4,3,2,1,0.1,0.1,0.1,0.1,0.1,1,2,3,4,5,7,8,10,11,12,13,14,14,15,15,14,13,12,11,10,8,7,5,3,2,1,0.1,0.1,0.1,1,3,5,8,12,16,21,27,33,39,45,51,58,63,68,73,76,79,80,80,78,75,71,65,59,51,43,34,26,18,10,5,1,0.1,2,8,19,34,56,83,117,158,206,262,326,397,476,561,654,754,859,969,1084,1201,1322,1443,1564,1685,1803,1917,2026,2129,2225,2313,2391,2459,2515,2560,2592,2612,2618,2612,2592,2560,2515,2459,2391,2313,2225,2129,2026,1917,1803,1685,1564,1443,1322,1201,1084,969,859,754,654,561,476,397,326,262,206,158,117,83,56,34,19,8,2,0.1,1,5,10,18,26,34,43,51,59,65,71,75,78,80,80,79,76,73,68,63,58,51,45,39,33,27,21,16,12,8,5,3,1,0.1,0.1,0.1,1,2,3,5,7,8,10,11,12,13,14,15,15,14,14,13,12,11,10,8,7,5,4,3,2,1,0.1,0.1,0.1,0.1,0.1,1,2,3,4,5,6,7,7,8,9,9,10,10,10,9,9,8,7,7,6,5,4,3,2,1,0.1,0.1,0.1,0.1,1,1,2,3,5,6,8,10,12,13,15,17,18,20,21,21,22,22,22,21,20,19,17,15,13,11,9,7,5,3,2,1,0.1,0.1,0.1,1,3,5,8,12,17,22,28,34,41,48,56,64,72,80,89,97,104,112,119,126,132,137,141,145,148,150,151,151,151,149,147,144,140,136,131,125,120,113,107,100,93,86,80,73,66,60,54,48,42,37,33,28,24,21,17,14,12,10,8,6,5,4,3,2,1,1,1,0.1,0.1,0.1,0.1,0.1,0.1,0.1,0.1,0.1,0.1,0.1,0.1,0.1,0.1,0.1,0.1,0.1,0.1,0.1,0.1,0.1,0.1,0.1,0.1,0.1,0.1,0.1,0.1,0.1,0.1,0.1,0.1,0.1,0.1,0.1,0.1,0.1
0.1,0.1,0.1,0.1,0.1,0.1,0.1,0.1,0.1,0.1,0.1,0.1,0.1,0.1,0.1,0.1,0.1,0.1,0.1,0.1,0.1,0.1,0.1,0.1,0.1,0.1,0.1,0.1,0.1,0.1,0.1,0.1,0.1,0.1,0.1,0.1,0.1,0.1,0.1,0.1,1,1,1,2,3,4,5,6,8,10,12,15,18,21,25,29,33,38,43,49,55,61,67,74,81,88,94,101,108,115,121,127,132,137,142,146,149,151,153,153,153,152,150,147,143,139,134,128,121,114,106,98,90,82,74,65,57,50,42,35,29,23,17,13,9,6,3,2,1,0.1,0.1,1,2,3,5,7,9,11,13,15,17,18,20,21,21,22,22,21,21,20,18,17,15,14,12,10,8,7,5,4,2,1,1,0.1,0.1,0.1,0.1,1,1,2,3,4,5,6,7,8,8,9,9,9,9,9,8,8,7,6,5,4,3,2,2,1,0.1,0.1,0.1,0.1,0.1,1,2,3,4,5,6,8,9,10,11,12,13,14,14,14,13,12,11,10,9,7,6,4,3,2,1,0.1,0.1,0.1,2,3,6,9,13,17,22,28,33,40,46,52,58,64,69,73,76,78,79,79,77,74,70,64,57,49,41,33,24,16,9,4,1,0.1,3,10,21,37,59,88,123,165,214,271,336,408,488,575,669,770,876,988,1103,1222,1344,1466,1589,1710,1829,1944,2054,2158,2254,2342,2421,2489,2546,2591,2623,2643,2650,2643,2623,2591,2546,2489,2421,2342,2254,2158,2054,1944,1829,1710,1589,1466,1344,1222,1103,988,876,770,669,575,488,408,336,271,214,165,123,88,59,37,21,10,3,0.1,1,4,9,16,24,33,41,49,57,64,70,74,77,79,79,78,76,73,69,64,58,52,46,40,33,28,22,17,13,9,6,3,2,0.1,0.1,0.1,1,2,3,4,6,7,9,10,11,12,13,14,14,14,13,12,11,10,9,8,6,5,4,3,2,1,0.1,0.1,0.1,0.1,0.1,1,2,2,3,4,5,6,7,8,8,9,9,9,9,9,8,8,7,6,5,4,3,2,1,1,0.1,0.1,0.1,0.1,1,1,2,4,5,7,8,10,12,14,15,17,18,20,21,21,22,22,21,21,20,18,17,15,13,11,9,7,5,3,2,1,0.1,0.1,1,2,3,6,9,13,17,23,29,35,42,50,57,65,74,82,90,98,106,114,121,128,134,139,143,147,150,152,153,153,153,151,149,146,142,137,132,127,121,115,108,101,94,88,81,74,67,61,55,49,43,38,33,29,25,21,18,15,12,10,8,6,5,4,3,2,1,1,1,0.1,0.1,0.1,0.1,0.1,0.1,0.1,0.1,0.1,0.1,0.1,0.1,0.1,0.1,0.1,0.1,0.1,0.1,0.1,0.1,0.1,0.1,0.1,0.1,0.1,0.1,0.1,0.1,0.1,0.1,0.1,0.1,0.1,0.1,0.1,0.1,0.1
0.1,0.1,0.1,0.1,0.1,0.1,0.1,0.1,0.1,0.1,0.1,0.1,0.1,0.1,0.1,0.1,0.1,0.1,0.1,0.1,0.1,0.1,0.1,0.1,0.1,0.1,0.1,0.1,0.1,0.1,0.1,0.1,0.1,0.1,0.1,0.1,0.1,0.1,0.1,0.1,1,1,1,2,3,4,5,6,8,10,12,15,18,21,25,29,33,38,44,49,55,61,68,74,81,88,95,102,109,115,122,128,133,138,143,147,150,152,154,154,154,153,151,148,144,140,135,129,122,115,108,100,91,83,75,67,58,51,43,36,29,23,18,13,9,6,4,2,1,0.1,0.1,1,2,3,5,7,9,11,13,15,16,18,19,20,21,21,22,21,21,20,19,17,16,14,12,10,8,7,5,4,3,2,1,0.1,0.1,0.1,0.1,1,1,2,3,4,5,5,6,7,8,8,9,9,9,8,8,7,7,6,5,4,3,2,2,1,0.1,0.1,0.1,0.1,0.1,1,2,3,4,5,6,7,9,10,11,12,12,13,13,13,12,12,11,9,8,7,5,4,2,1,0.1,0.1,0.1,1,2,4,6,9,13,18,23,28,34,40,46,52,58,64,68,72,75,77,78,78,76,72,68,62,55,48,40,31,23,15,8,3,0.1,0.1,4,11,23,40,63,92,127,170,220,278,343,416,497,585,680,781,888,1000,1116,1236,1357,1480,1603,1725,1844,1959,2069,2173,2270,2358,2437,2505,2562,2607,2640,2659,2666,2659,2640,2607,2562,2505,2437,2358,2270,2173,2069,1959,1844,1725,1603,1480,1357,1236,1116,1000,888,781,680,585,497,416,343,278,220,170,127,92,63,40,23,11,4,0.1,0.1,3,8,15,23,31,40,48,55,62,68,72,76,78,78,77,75,72,68,64,58,52,46,40,34,28,23,18,13,9,6,4,2,1,0.1,0.1,0.1,1,2,4,5,7,8,9,11,12,12,13,13,13,12,12,11,10,9,7,6,5,4,3,2,1,0.1,0.1,0.1,0.1,0.1,1,2,2,3,4,5,6,7,7,8,8,9,9,9,8,8,7,6,5,5,4,3,2,1,1,0.1,0.1,0.1,0.1,1,2,3,4,5,7,8,10,12,14,16,17,19,20,21,21,22,21,21,20,19,18,16,15,13,11,9,7,5,3,2,1,0.1,0.1,1,2,4,6,9,13,18,23,29,36,43,51,58,67,75,83,91,100,108,115,122,129,135,140,144,148,151,153,154,154,154,152,150,147,143,138,133,128,122,115,109,102,95,88,81,74,68,61,55,49,44,38,33,29,25,21,18,15,12,10,8,6,5,4,3,2,1,1,1,0.1,0.1,0.1,0.1,0.1,0.1,0.1,0.1,0.1,0.1,0.1,0.1,0.1,0.1,0.1,0.1,0.1,0.1,0.1,0.1,0.1,0.1,0.1,0.1,0.1,0.1,0.1,0.1,0.1,0.1,0.1,0.1,0.1,0.1,0.1,0.1,0.1
0.1,0.1,0.1,0.1,0.1,0.1,0.1,0.1,0.1,0.1,0.1,0.1,0.1,0.1,0.1,0.1,0.1,0.1,0.1,0.1,0.1,0.1,0.1,0.1,0.1,0.1,0.1,0.1,0.1,0.1,0.1,0.1,0.1,0.1,0.1,0.1,0.1,0.1,0.1,0.1,1,1,1,2,3,4,5,6,8,10,12,15,18,21,25,29,34,38,44,49,55,61,68,74,81,88,95,102,109,115,122,128,133,138,143,147,150,152,154,154,154,153,151,148,145,140,135,129,123,116,108,100,92,84,75,67,59,51,44,37,30,24,19,14,10,7,4,2,1,0.1,0.1,1,1,3,4,6,8,10,12,14,16,18,19,20,21,21,21,21,20,20,18,17,16,14,12,10,9,7,5,4,3,2,1,0.1,0.1,0.1,0.1,1,1,2,2,3,4,5,6,7,7,8,8,8,8,8,7,7,6,6,5,4,3,2,1,1,0.1,0.1,0.1,0.1,0.1,1,2,2,3,5,6,7,8,9,10,11,12,12,12,12,11,11,10,9,7,6,5,3,2,1,0.1,0.1,0.1,1,2,4,7,10,14,18,23,29,34,40,46,52,58,63,68,72,74,76,77,76,74,71,66,60,54,46,38,30,21,14,8,3,0.1,1,4,12,24,42,65,94,131,174,224,283,348,422,502,590,685,787,894,1006,1122,1241,1363,1485,1608,1729,1848,1963,2073,2176,2273,2361,2439,2507,2564,2608,2641,2661,2667,2661,2641,2608,2564,2507,2439,2361,2273,2176,2073,1963,1848,1729,1608,1485,1363,1241,1122,1006,894,787,685,590,502,422,348,283,224,174,131,94,65,42,24,12,4,1,0.1,3,8,14,21,30,38,46,54,60,66,71,74,76,77,76,74,72,68,63,58,52,46,40,34,29,23,18,14,10,7,4,2,1,0.1,0.1,0.1,1,2,3,5,6,7,9,10,11,11,12,12,12,12,11,10,9,8,7,6,5,3,2,2,1,0.1,0.1,0.1,0.1,0.1,1,1,2,3,4,5,6,6,7,7,8,8,8,8,8,7,7,6,5,4,3,2,2,1,1,0.1,0.1,0.1,0.1,1,2,3,4,5,7,9,10,12,14,16,17,18,20,20,21,21,21,21,20,19,18,16,14,12,10,8,6,4,3,1,1,0.1,0.1,1,2,4,7,10,14,19,24,30,37,44,51,59,67,75,84,92,100,108,116,123,129,135,140,145,148,151,153,154,154,154,152,150,147,143,138,133,128,122,115,109,102,95,88,81,74,68,61,55,49,44,38,34,29,25,21,18,15,12,10,8,6,5,4,3,2,1,1,1,0.1,0.1,0.1,0.1,0.1,0.1,0.1,0.1,0.1,0.1,0.1,0.1,0.1,0.1,0.1,0.1,0.1,0.1,0.1,0.1,0.1,0.1,0.1,0.1,0.1,0.1,0.1,0.1,0.1,0.1,0.1,0.1,0.1,0.1,0.1,0.1,0.1
0.1,0.1,0.1,0.1,0.1,0.1,0.1,0.1,0.1,0.1,0.1,0.1,0.1,0.1,0.1,0.1,0.1,0.1,0.1,0.1,0.1,0.1,0.1,0.1,0.1,0.1,0.1,0.1,0.1,0.1,0.1,0.1,0.1,0.1,0.1,0.1,0.1,0.1,0.1,0.1,1,1,1,2,3,4,5,6,8,10,12,15,18,21,25,29,34,38,44,49,55,61,68,74,81,88,95,102,108,115,121,127,133,138,142,146,149,151,153,154,154,153,151,148,144,140,135,129,122,115,108,100,92,84,76,67,59,51,44,37,30,24,19,14,10,7,4,2,1,0.1,0.1,0.1,1,3,4,6,8,10,12,14,16,17,19,20,20,21,21,21,20,19,18,17,16,14,12,10,9,7,6,4,3,2,1,0.1,0.1,0.1,0.1,0.1,1,1,2,3,4,5,5,6,7,7,8,8,8,7,7,7,6,5,4,4,3,2,1,1,0.1,0.1,0.1,0.1,0.1,1,2,2,3,4,5,7,8,9,10,10,11,11,11,11,11,10,9,8,7,5,4,3,2,1,0.1,0.1,0.1,1,2,4,7,10,14,18,23,29,34,40,46,52,58,63,67,71,73,75,75,75,72,69,64,59,52,44,36,28,20,13,7,2,0.1,1,5,13,25,43,67,96,133,176,227,285,351,424,504,592,687,787,894,1005,1120,1239,1360,1481,1603,1723,1841,1955,2064,2167,2263,2350,2427,2495,2551,2596,2628,2647,2654,2647,2628,2596,2551,2495,2427,2350,2263,2167,2064,1955,1841,1723,1603,1481,1360,1239,1120,1005,894,787,687,592,504,424,351,285,227,176,133,96,67,43,25,13,5,1,0.1,2,7,13,20,28,36,44,52,59,64,69,72,75,75,75,73,71,67,63,58,52,46,40,34,29,23,18,14,10,7,4,2,1,0.1,0.1,0.1,1,2,3,4,5,7,8,9,10,11,11,11,11,11,10,10,9,8,7,5,4,3,2,2,1,0.1,0.1,0.1,0.1,0.1,1,1,2,3,4,4,5,6,7,7,7,8,8,8,7,7,6,5,5,4,3,2,1,1,0.1,0.1,0.1,0.1,0.1,1,2,3,4,6,7,9,10,12,14,16,17,18,19,20,21,21,21,20,20,19,17,16,14,12,10,8,6,4,3,1,0.1,0.1,0.1,1,2,4,7,10,14,19,24,30,37,44,51,59,67,76,84,92,100,108,115,122,129,135,140,144,148,151,153,154,154,153,151,149,146,142,138,133,127,121,115,108,102,95,88,81,74,68,61,55,49,44,38,34,29,25,21,18,15,12,10,8,6,5,4,3,2,1,1,1,0.1,0.1,0.1,0.1,0.1,0.1,0.1,0.1,0.1,0.1,0.1,0.1,0.1,0.1,0.1,0.1,0.1,0.1,0.1,0.1,0.1,0.1,0.1,0.1,0.1,0.1,0.1,0.1,0.1,0.1,0.1,0.1,0.1,0.1,0.1,0.1,0.1
0.1,0.1,0.1,0.1,0.1,0.1,0.1,0.1,0.1,0.1,0.1,0.1,0.1,0.1,0.1,0.1,0.1,0.1,0.1,0.1,0.1,0.1,0.1,0.1,0.1,0.1,0.1,0.1,0.1,0.1,0.1,0.1,0.1,0.1,0.1,0.1,0.1,0.1,0.1,0.1,1,1,1,2,3,4,5,6,8,10,12,15,18,21,25,29,33,38,43,49,54,61,67,73,80,87,94,101,107,114,120,126,131,136,141,144,147,150,151,152,152,151,149,146,143,139,134,128,121,115,107,100,92,83,75,67,59,51,44,37,30,24,19,14,10,7,4,2,1,0.1,0.1,0.1,1,2,4,6,8,9,11,13,15,17,18,19,20,20,21,20,20,19,18,17,15,14,12,10,9,7,6,4,3,2,1,1,0.1,0.1,0.1,0.1,1,1,2,3,4,4,5,6,6,7,7,7,7,7,7,6,6,5,4,3,3,2,1,1,0.1,0.1,0.1,0.1,0.1,1,1,2,3,4,5,6,7,8,9,10,10,11,11,10,10,9,8,7,6,5,4,3,1,1,0.1,0.1,0.1,1,3,5,7,10,14,19,23,29,34,40,46,51,57,62,66,69,72,73,74,73,71,67,63,57,50,43,35,27,19,12,6,2,0.1,1,5,13,26,44,68,98,134,177,227,285,350,423,503,590,683,783,888,998,1112,1229,1349,1469,1589,1708,1824,1937,2044,2146,2240,2326,2403,2469,2525,2568,2600,2619,2626,2619,2600,2568,2525,2469,2403,2326,2240,2146,2044,1937,1824,1708,1589,1469,1349,1229,1112,998,888,783,683,590,503,423,350,285,227,177,134,98,68,44,26,13,5,1,0.1,2,6,12,19,27,35,43,50,57,63,67,71,73,74,73,72,69,66,62,57,51,46,40,34,29,23,19,14,10,7,5,3,1,0.1,0.1,0.1,1,1,3,4,5,6,7,8,9,10,10,11,11,10,10,9,8,7,6,5,4,3,2,1,1,0.1,0.1,0.1,0.1,0.1,1,1,2,3,3,4,5,6,6,7,7,7,7,7,7,6,6,5,4,4,3,2,1,1,0.1,0.1,0.1,0.1,1,1,2,3,4,6,7,9,10,12,14,15,17,18,19,20,20,21,20,20,19,18,17,15,13,11,9,8,6,4,2,1,0.1,0.1,0.1,1,2,4,7,10,14,19,24,30,37,44,51,59,67,75,83,92,100,107,115,121,128,134,139,143,146,149,151,152,152,151,150,147,144,141,136,131,126,120,114,107,101,94,87,80,73,67,61,54,49,43,38,33,29,25,21,18,15,12,10,8,6,5,4,3,2,1,1,1,0.1,0.1,0.1,0.1,0.1,0.1,0.1,0.1,0.1,0.1,0.1,0.1,0.1,0.1,0.1,0.1,0.1,0.1,0.1,0.1,0.1,0.1,0.1,0.1,0.1,0.1,0.1,0.1,0.1,0.1,0.1,0.1,0.1,0.1,0.1,0.1,0.1
0.1,0.1,0.1,0.1,0.1,0.1,0.1,0.1,0.1,0.1,0.1,0.1,0.1,0.1,0.1,0.1,0.1,0.1,0.1,0.1,0.1,0.1,0.1,0.1,0.1,0.1,0.1,0.1,0.1,0.1,0.1,0.1,0.1,0.1,0.1,0.1,0.1,0.1,0.1,0.1,1,1,1,2,3,4,5,6,8,10,12,15,18,21,24,28,33,37,43,48,54,60,66,72,79,86,92,99,105,112,118,124,129,134,138,142,145,147,149,150,150,149,147,144,141,137,132,126,120,113,106,98,90,82,74,66,58,51,44,37,30,24,19,14,10,7,4,2,1,0.1,0.1,0.1,1,2,4,5,7,9,11,13,15,16,18,19,19,20,20,20,19,19,18,17,15,14,12,10,9,7,6,4,3,2,1,1,0.1,0.1,0.1,0.1,1,1,2,3,3,4,5,5,6,6,7,7,7,7,6,6,5,5,4,3,3,2,1,1,0.1,0.1,0.1,0.1,0.1,1,1,2,3,4,5,6,7,8,9,9,10,10,10,10,9,9,8,7,6,5,3,2,1,1,0.1,0.1,0.1,1,3,5,7,10,14,19,23,28,34,40,45,51,56,60,65,68,70,72,72,71,69,65,61,55,48,41,33,26,18,11,6,2,0.1,1,6,14,27,45,68,98,134,176,226,283,347,419,498,583,675,774,877,985,1098,1213,1330,1448,1566,1683,1797,1908,2013,2113,2206,2290,2365,2431,2485,2528,2559,2578,2584,2578,2559,2528,2485,2431,2365,2290,2206,2113,2013,1908,1797,1683,1566,1448,1330,1213,1098,985,877,774,675,583,498,419,347,283,226,176,134,98,68,45,27,14,6,1,0.1,2,6,11,18,26,33,41,48,55,61,65,69,71,72,72,70,68,65,60,56,51,45,40,34,28,23,19,14,10,7,5,3,1,0.1,0.1,0.1,1,1,2,3,5,6,7,8,9,9,10,10,10,10,9,9,8,7,6,5,4,3,2,1,1,0.1,0.1,0.1,0.1,0.1,1,1,2,3,3,4,5,5,6,6,7,7,7,7,6,6,5,5,4,3,3,2,1,1,0.1,0.1,0.1,0.1,1,1,2,3,4,6,7,9,10,12,14,15,17,18,19,19,20,20,20,19,19,18,16,15,13,11,9,7,5,4,2,1,0.1,0.1,0.1,1,2,4,7,10,14,19,24,30,37,44,51,58,66,74,82,90,98,106,113,120,126,132,137,141,144,147,149,150,150,149,147,145,142,138,134,129,124,118,112,105,99,92,86,79,72,66,60,54,48,43,37,33,28,24,21,18,15,12,10,8,6,5,4,3,2,1,1,1,0.1,0.1,0.1,0.1,0.1,0.1,0.1,0.1,0.1,0.1,0.1,0.1,0.1,0.1,0.1,0.1,0.1,0.1,0.1,0.1,0.1,0.1,0.1,0.1,0.1,0.1,0.1,0.1,0.1,0.1,0.1,0.1,0.1,0.1,0.1,0.1,0.1
0.1,0.1,0.1,0.1,0.1,0.1,0.1,0.1,0.1,0.1,0.1,0.1,0.1,0.1,0.1,0.1,0.1,0.1,0.1,0.1,0.1,0.1,0.1,0.1,0.1,0.1,0.1,0.1,0.1,0.1,0.1,0.1,0.1,0.1,0.1,0.1,0.1,0.1,0.1,0.1,1,1,1,2,3,4,5,6,8,10,12,14,17,20,24,28,32,37,42,47,53,58,65,71,77,84,90,97,103,110,115,121,126,131,135,139,142,144,146,147,147,146,144,141,138,134,129,124,117,111,104,96,89,81,73,65,57,50,43,36,30,24,19,14,10,7,4,2,1,0.1,0.1,0.1,1,2,4,5,7,9,11,12,14,16,17,18,19,19,20,19,19,18,17,16,15,13,12,10,9,7,6,4,3,2,1,1,0.1,0.1,0.1,0.1,1,1,2,2,3,4,4,5,6,6,6,6,6,6,6,6,5,5,4,3,2,2,1,1,0.1,0.1,0.1,0.1,0.1,1,1,2,3,4,5,6,7,7,8,9,9,9,10,9,9,8,7,6,5,4,3,2,1,0.1,0.1,0.1,0.1,1,3,5,7,10,14,18,23,28,33,39,44,50,55,59,63,66,68,70,70,69,67,63,59,53,47,40,32,24,17,11,5,2,0.1,1,6,14,27,45,68,97,132,174,223,279,342,412,489,573,663,760,861,967,1077,1189,1304,1420,1535,1649,1761,1869,1972,2069,2160,2242,2316,2380,2433,2475,2505,2524,2530,2524,2505,2475,2433,2380,2316,2242,2160,2069,1972,1869,1761,1649,1535,1420,1304,1189,1077,967,861,760,663,573,489,412,342,279,223,174,132,97,68,45,27,14,6,1,0.1,2,5,11,17,24,32,40,47,53,59,63,67,69,70,70,68,66,63,59,55,50,44,39,33,28,23,18,14,10,7,5,3,1,0.1,0.1,0.1,0.1,1,2,3,4,5,6,7,8,9,9,10,9,9,9,8,7,7,6,5,4,3,2,1,1,0.1,0.1,0.1,0.1,0.1,1,1,2,2,3,4,5,5,6,6,6,6,6,6,6,6,5,4,4,3,2,2,1,1,0.1,0.1,0.1,0.1,1,1,2,3,4,6,7,9,10,12,13,15,16,17,18,19,19,20,19,19,18,17,16,14,12,11,9,7,5,4,2,1,0.1,0.1,0.1,1,2,4,7,10,14,19,24,30,36,43,50,57,65,73,81,89,96,104,111,117,124,129,134,138,141,144,146,147,147,146,144,142,139,135,131,126,121,115,110,103,97,90,84,77,71,65,58,53,47,42,37,32,28,24,20,17,14,12,10,8,6,5,4,3,2,1,1,1,0.1,0.1,0.1,0.1,0.1,0.1,0.1,0.1,0.1,0.1,0.1,0.1,0.1,0.1,0.1,0.1,0.1,0.1,0.1,0.1,0.1,0.1,0.1,0.1,0.1,0.1,0.1,0.1,0.1,0.1,0.1,0.1,0.1,0.1,0.1,0.1,0.1
0.1,0.1,0.1,0.1,0.1,0.1,0.1,0.1,0.1,0.1,0.1,0.1,0.1,0.1,0.1,0.1,0.1,0.1,0.1,0.1,0.1,0.1,0.1,0.1,0.1,0.1,0.1,0.1,0.1,0.1,0.1,0.1,0.1,0.1,0.1,0.1,0.1,0.1,0.1,0.1,1,1,1,2,3,4,5,6,8,10,12,14,17,20,23,27,31,36,41,46,51,57,63,69,75,82,88,94,101,107,112,118,123,128,132,135,138,141,142,143,143,142,140,138,134,130,126,120,114,108,101,94,87,79,71,64,56,49,42,35,29,24,18,14,10,7,4,2,1,0.1,0.1,0.1,1,2,3,5,7,8,10,12,14,15,16,18,18,19,19,19,18,18,17,16,15,13,12,10,8,7,6,4,3,2,1,1,0.1,0.1,0.1,0.1,1,1,2,2,3,4,4,5,5,6,6,6,6,6,6,5,5,4,4,3,2,2,1,1,0.1,0.1,0.1,0.1,0.1,1,1,2,3,4,5,5,6,7,8,8,9,9,9,9,8,8,7,6,5,4,3,2,1,0.1,0.1,0.1,0.1,1,3,5,7,10,14,18,23,27,33,38,43,48,53,57,61,64,66,68,68,67,64,61,57,51,45,38,31,23,16,10,5,1,0.1,1,6,14,27,44,67,95,130,171,218,273,335,403,478,560,648,741,840,943,1050,1160,1271,1384,1496,1607,1715,1821,1921,2016,2104,2184,2255,2317,2369,2410,2439,2457,2463,2457,2439,2410,2369,2317,2255,2184,2104,2016,1921,1821,1715,1607,1496,1384,1271,1160,1050,943,840,741,648,560,478,403,335,273,218,171,130,95,67,44,27,14,6,1,0.1,1,5,10,16,23,31,38,45,51,57,61,64,67,68,68,66,64,61,57,53,48,43,38,33,27,23,18,14,10,7,5,3,1,0.1,0.1,0.1,0.1,1,2,3,4,5,6,7,8,8,9,9,9,9,8,8,7,6,5,5,4,3,2,1,1,0.1,0.1,0.1,0.1,0.1,1,1,2,2,3,4,4,5,5,6,6,6,6,6,6,5,5,4,4,3,2,2,1,1,0.1,0.1,0.1,0.1,1,1,2,3,4,6,7,8,10,12,13,15,16,17,18,18,19,19,19,18,18,16,15,14,12,10,8,7,5,3,2,1,0.1,0.1,0.1,1,2,4,7,10,14,18,24,29,35,42,49,56,64,71,79,87,94,101,108,114,120,126,130,134,138,140,142,143,143,142,141,138,135,132,128,123,118,112,107,101,94,88,82,75,69,63,57,51,46,41,36,31,27,23,20,17,14,12,10,8,6,5,4,3,2,1,1,1,0.1,0.1,0.1,0.1,0.1,0.1,0.1,0.1,0.1,0.1,0.1,0.1,0.1,0.1,0.1,0.1,0.1,0.1,0.1,0.1,0.1,0.1,0.1,0.1,0.1,0.1,0.1,0.1,0.1,0.1,0.1,0.1,0.1,0.1,0.1,0.1,0.1
0.1,0.1,0.1,0.1,0.1,0.1,0.1,0.1,0.1,0.1,0.1,0.1,0.1,0.1,0.1,0.1,0.1,0.1,0.1,0.1,0.1,0.1,0.1,0.1,0.1,0.1,0.1,0.1,0.1,0.1,0.1,0.1,0.1,0.1,0.1,0.1,0.1,0.1,0.1,0.1,1,1,1,2,3,4,5,6,7,9,11,14,16,19,23,26,30,35,39,44,50,55,61,67,73,79,85,91,97,103,109,114,119,124,128,131,134,136,138,138,138,137,136,133,130,126,122,117,111,105,98,91,84,77,69,62,55,47,41,34,28,23,18,14,10,7,4,2,1,0.1,0.1,0.1,1,2,3,5,6,8,10,12,13,15,16,17,18,18,18,18,18,17,16,15,14,13,11,10,8,7,5,4,3,2,1,1,0.1,0.1,0.1,0.1,0.1,1,1,2,3,3,4,5,5,5,6,6,6,6,6,5,5,4,4,3,2,2,1,1,0.1,0.1,0.1,0.1,0.1,1,1,2,3,3,4,5,6,7,8,8,8,9,9,8,8,7,7,6,5,4,3,2,1,0.1,0.1,0.1,0.1,1,3,5,7,10,14,18,22,27,32,37,42,47,51,56,59,62,64,65,65,64,62,59,55,49,43,37,30,22,16,10,5,1,0.1,1,6,14,26,43,65,93,126,166,212,265,325,391,464,543,628,719,814,914,1018,1124,1232,1341,1450,1557,1662,1764,1861,1953,2038,2115,2185,2245,2295,2334,2363,2380,2386,2380,2363,2334,2295,2245,2185,2115,2038,1953,1861,1764,1662,1557,1450,1341,1232,1124,1018,914,814,719,628,543,464,391,325,265,212,166,126,93,65,43,26,14,6,1,0.1,1,5,10,16,22,30,37,43,49,55,59,62,64,65,65,64,62,59,56,51,47,42,37,32,27,22,18,14,10,7,5,3,1,0.1,0.1,0.1,0.1,1,2,3,4,5,6,7,7,8,8,9,9,8,8,8,7,6,5,4,3,3,2,1,1,0.1,0.1,0.1,0.1,0.1,1,1,2,2,3,4,4,5,5,6,6,6,6,6,5,5,5,4,3,3,2,1,1,0.1,0.1,0.1,0.1,0.1,1,1,2,3,4,5,7,8,10,11,13,14,15,16,17,18,18,18,18,18,17,16,15,13,12,10,8,6,5,3,2,1,0.1,0.1,0.1,1,2,4,7,10,14,18,23,28,34,41,47,55,62,69,77,84,91,98,105,111,117,122,126,130,133,136,137,138,138,138,136,134,131,128,124,119,114,109,103,97,91,85,79,73,67,61,55,50,44,39,35,30,26,23,19,16,14,11,9,7,6,5,4,3,2,1,1,1,0.1,0.1,0.1,0.1,0.1,0.1,0.1,0.1,0.1,0.1,0.1,0.1,0.1,0.1,0.1,0.1,0.1,0.1,0.1,0.1,0.1,0.1,0.1,0.1,0.1,0.1,0.1,0.1,0.1,0.1,0.1,0.1,0.1,0.1,0.1,0.1,0.1
0.1,0.1,0.1,0.1,0.1,0.1,0.1,0.1,0.1,0.1,0.1,0.1,0.1,0.1,0.1,0.1,0.1,0.1,0.1,0.1,0.1,0.1,0.1,0.1,0.1,0.1,0.1,0.1,0.1,0.1,0.1,0.1,0.1,0.1,0.1,0.1,0.1,0.1,0.1,0.1,1,1,1,2,3,3,4,6,7,9,11,13,16,19,22,25,29,33,38,43,48,53,59,64,70,76,82,88,94,100,105,110,115,119,123,126,129,131,133,133,133,132,131,129,126,122,117,112,107,101,95,88,81,74,67,60,53,46,39,33,27,22,17,13,9,6,4,2,1,0.1,0.1,0.1,1,2,3,5,6,8,9,11,13,14,15,16,17,17,18,18,17,17,16,15,14,12,11,9,8,7,5,4,3,2,1,1,0.1,0.1,0.1,0.1,0.1,1,1,2,3,3,4,4,5,5,6,6,6,6,5,5,4,4,3,3,2,2,1,1,0.1,0.1,0.1,0.1,0.1,1,1,2,3,3,4,5,6,7,7,8,8,8,8,8,8,7,6,6,5,4,3,2,1,0.1,0.1,0.1,0.1,1,3,5,7,10,13,17,21,26,30,35,40,45,49,53,57,60,62,63,63,62,60,57,52,47,42,35,28,22,15,9,4,1,0.1,1,6,13,25,42,63,89,122,160,205,256,313,377,447,524,606,693,785,881,981,1083,1187,1292,1397,1500,1602,1700,1793,1882,1964,2038,2105,2163,2211,2249,2277,2293,2299,2293,2277,2249,2211,2163,2105,2038,1964,1882,1793,1700,1602,1500,1397,1292,1187,1083,981,881,785,693,606,524,447,377,313,256,205,160,122,89,63,42,25,13,6,1,0.1,1,4,9,15,22,28,35,42,47,52,57,60,62,63,63,62,60,57,53,49,45,40,35,30,26,21,17,13,10,7,5,3,1,0.1,0.1,0.1,0.1,1,2,3,4,5,6,6,7,8,8,8,8,8,8,7,7,6,5,4,3,3,2,1,1,0.1,0.1,0.1,0.1,0.1,1,1,2,2,3,3,4,4,5,5,6,6,6,6,5,5,4,4,3,3,2,1,1,0.1,0.1,0.1,0.1,0.1,1,1,2,3,4,5,7,8,9,11,12,14,15,16,17,17,18,18,17,17,16,15,14,13,11,9,8,6,5,3,2,1,0.1,0.1,0.1,1,2,4,6,9,13,17,22,27,33,39,46,53,60,67,74,81,88,95,101,107,112,117,122,126,129,131,132,133,133,133,131,129,126,123,119,115,110,105,100,94,88,82,76,70,64,59,53,48,43,38,33,29,25,22,19,16,13,11,9,7,6,4,3,3,2,1,1,1,0.1,0.1,0.1,0.1,0.1,0.1,0.1,0.1,0.1,0.1,0.1,0.1,0.1,0.1,0.1,0.1,0.1,0.1,0.1,0.1,0.1,0.1,0.1,0.1,0.1,0.1,0.1,0.1,0.1,0.1,0.1,0.1,0.1,0.1,0.1,0.1,0.1
0.1,0.1,0.1,0.1,0.1,0.1,0.1,0.1,0.1,0.1,0.1,0.1,0.1,0.1,0.1,0.1,0.1,0.1,0.1,0.1,0.1,0.1,0.1,0.1,0.1,0.1,0.1,0.1,0.1,0.1,0.1,0.1,0.1,0.1,0.1,0.1,0.1,0.1,0.1,0.1,1,1,1,2,2,3,4,6,7,9,10,13,15,18,21,24,28,32,36,41,46,51,56,62,67,73,79,84,90,95,101,106,110,114,118,121,124,126,127,128,128,127,125,123,120,117,113,108,102,97,91,84,78,71,64,57,50,44,38,32,26,21,17,13,9,6,4,2,1,0.1,0.1,0.1,1,2,3,4,6,7,9,11,12,14,15,16,16,17,17,17,16,16,15,14,13,12,10,9,8,6,5,4,3,2,1,1,0.1,0.1,0.1,0.1,0.1,1,1,2,3,3,4,4,5,5,5,5,5,5,5,5,4,4,3,3,2,2,1,1,0.1,0.1,0.1,0.1,0.1,1,1,2,2,3,4,5,6,6,7,7,8,8,8,8,7,7,6,5,4,3,3,2,1,0.1,0.1,0.1,0.1,1,3,4,7,9,13,16,20,25,29,34,39,43,47,51,55,57,59,60,60,59,57,54,50,46,40,34,27,21,15,9,4,1,0.1,1,5,13,24,40,60,86,117,153,196,245,300,361,428,502,580,664,752,844,940,1038,1138,1238,1338,1438,1535,1629,1718,1803,1882,1953,2017,2073,2119,2155,2182,2198,2203,2198,2182,2155,2119,2073,2017,1953,1882,1803,1718,1629,1535,1438,1338,1238,1138,1038,940,844,752,664,580,502,428,361,300,245,196,153,117,86,60,40,24,13,5,1,0.1,1,4,9,15,21,27,34,40,46,50,54,57,59,60,60,59,57,55,51,47,43,39,34,29,25,20,16,13,9,7,4,3,1,0.1,0.1,0.1,0.1,1,2,3,3,4,5,6,7,7,8,8,8,8,7,7,6,6,5,4,3,2,2,1,1,0.1,0.1,0.1,0.1,0.1,1,1,2,2,3,3,4,4,5,5,5,5,5,5,5,5,4,4,3,3,2,1,1,0.1,0.1,0.1,0.1,0.1,1,1,2,3,4,5,6,8,9,10,12,13,14,15,16,16,17,17,17,16,16,15,14,12,11,9,7,6,4,3,2,1,0.1,0.1,0.1,1,2,4,6,9,13,17,21,26,32,38,44,50,57,64,71,78,84,91,97,102,108,113,117,120,123,125,127,128,128,127,126,124,121,118,114,110,106,101,95,90,84,79,73,67,62,56,51,46,41,36,32,28,24,21,18,15,13,10,9,7,6,4,3,2,2,1,1,1,0.1,0.1,0.1,0.1,0.1,0.1,0.1,0.1,0.1,0.1,0.1,0.1,0.1,0.1,0.1,0.1,0.1,0.1,0.1,0.1,0.1,0.1,0.1,0.1,0.1,0.1,0.1,0.1,0.1,0.1,0.1,0.1,0.1,0.1,0.1,0.1,0.1
0.1,0.1,0.1,0.1,0.1,0.1,0.1,0.1,0.1,0.1,0.1,0.1,0.1,0.1,0.1,0.1,0.1,0.1,0.1,0.1,0.1,0.1,0.1,0.1,0.1,0.1,0.1,0.1,0.1,0.1,0.1,0.1,0.1,0.1,0.1,0.1,0.1,0.1,0.1,0.1,1,1,1,2,2,3,4,5,7,8,10,12,14,17,20,23,27,31,35,39,44,49,54,59,64,70,75,80,86,91,96,101,105,109,112,115,118,120,121,122,122,121,120,117,115,111,107,103,98,92,86,80,74,67,61,54,48,42,36,30,25,20,16,12,9,6,4,2,1,0.1,0.1,0.1,1,2,3,4,6,7,9,10,12,13,14,15,16,16,16,16,16,15,14,13,12,11,10,9,7,6,5,4,3,2,1,1,0.1,0.1,0.1,0.1,0.1,1,1,2,2,3,4,4,5,5,5,5,5,5,5,5,4,4,3,3,2,1,1,1,0.1,0.1,0.1,0.1,0.1,1,1,2,2,3,4,5,5,6,7,7,8,8,8,8,7,7,6,5,4,3,2,2,1,0.1,0.1,0.1,0.1,1,2,4,6,9,12,15,19,23,28,32,37,41,45,49,52,55,57,58,58,57,55,52,48,44,38,32,26,20,14,9,4,1,0.1,1,5,12,23,38,57,81,111,146,186,233,285,344,408,477,552,632,716,804,895,989,1084,1180,1275,1370,1463,1552,1638,1719,1794,1862,1923,1976,2020,2055,2080,2095,2100,2095,2080,2055,2020,1976,1923,1862,1794,1719,1638,1552,1463,1370,1275,1180,1084,989,895,804,716,632,552,477,408,344,285,233,186,146,111,81,57,38,23,12,5,1,0.1,1,4,9,14,20,26,32,38,44,48,52,55,57,58,58,57,55,52,49,45,41,37,32,28,23,19,15,12,9,6,4,2,1,0.1,0.1,0.1,0.1,1,2,2,3,4,5,6,7,7,8,8,8,8,7,7,6,5,5,4,3,2,2,1,1,0.1,0.1,0.1,0.1,0.1,1,1,1,2,3,3,4,4,5,5,5,5,5,5,5,5,4,4,3,2,2,1,1,0.1,0.1,0.1,0.1,0.1,1,1,2,3,4,5,6,7,9,10,11,12,13,14,15,16,16,16,16,16,15,14,13,12,10,9,7,6,4,3,2,1,0.1,0.1,0.1,1,2,4,6,9,12,16,20,25,30,36,42,48,54,61,67,74,80,86,92,98,103,107,111,115,117,120,121,122,122,121,120,118,115,112,109,105,101,96,91,86,80,75,70,64,59,54,49,44,39,35,31,27,23,20,17,14,12,10,8,7,5,4,3,2,2,1,1,1,0.1,0.1,0.1,0.1,0.1,0.1,0.1,0.1,0.1,0.1,0.1,0.1,0.1,0.1,0.1,0.1,0.1,0.1,0.1,0.1,0.1,0.1,0.1,0.1,0.1,0.1,0.1,0.1,0.1,0.1,0.1,0.1,0.1,0.1,0.1,0.1,0.1
0.1,0.1,0.1,0.1,0.1,0.1,0.1,0.1,0.1,0.1,0.1,0.1,0.1,0.1,0.1,0.1,0.1,0.1,0.1,0.1,0.1,0.1,0.1,0.1,0.1,0.1,0.1,0.1,0.1,0.1,0.1,0.1,0.1,0.1,0.1,0.1,0.1,0.1,0.1,0.1,1,1,1,2,2,3,4,5,6,8,9,11,14,16,19,22,25,29,33,37,41,46,51,56,61,66,71,76,81,86,91,95,100,103,107,110,112,114,115,115,115,115,113,111,109,105,102,97,92,87,82,76,70,64,57,51,45,39,34,28,23,19,15,11,8,5,3,2,1,0.1,0.1,0.1,1,2,3,4,5,7,8,10,11,12,13,14,15,15,15,15,15,14,14,13,12,11,9,8,7,6,4,3,2,2,1,0.1,0.1,0.1,0.1,0.1,0.1,1,1,2,2,3,4,4,4,5,5,5,5,5,5,4,4,4,3,2,2,1,1,1,0.1,0.1,0.1,0.1,0.1,1,1,2,2,3,4,4,5,6,6,7,7,7,7,7,7,7,6,5,4,3,2,2,1,0.1,0.1,0.1,0.1,1,2,4,6,8,11,14,18,22,26,31,35,39,43,46,50,52,54,55,55,54,52,50,46,42,37,31,25,19,14,8,4,1,0.1,1,5,11,21,35,53,76,104,137,176,220,269,325,385,451,522,598,678,761,848,936,1026,1117,1208,1298,1386,1471,1552,1629,1700,1765,1823,1873,1915,1948,1972,1987,1991,1987,1972,1948,1915,1873,1823,1765,1700,1629,1552,1471,1386,1298,1208,1117,1026,936,848,761,678,598,522,451,385,325,269,220,176,137,104,76,53,35,21,11,5,1,0.1,1,4,8,14,19,25,31,37,42,46,50,52,54,55,55,54,52,50,46,43,39,35,31,26,22,18,14,11,8,6,4,2,1,0.1,0.1,0.1,0.1,1,2,2,3,4,5,6,7,7,7,7,7,7,7,6,6,5,4,4,3,2,2,1,1,0.1,0.1,0.1,0.1,0.1,1,1,1,2,2,3,4,4,4,5,5,5,5,5,5,4,4,4,3,2,2,1,1,0.1,0.1,0.1,0.1,0.1,0.1,1,2,2,3,4,6,7,8,9,11,12,13,14,14,15,15,15,15,15,14,13,12,11,10,8,7,5,4,3,2,1,0.1,0.1,0.1,1,2,3,5,8,11,15,19,23,28,34,39,45,51,57,64,70,76,82,87,92,97,102,105,109,111,113,115,115,115,115,114,112,110,107,103,100,95,91,86,81,76,71,66,61,56,51,46,41,37,33,29,25,22,19,16,14,11,9,8,6,5,4,3,2,2,1,1,1,0.1,0.1,0.1,0.1,0.1,0.1,0.1,0.1,0.1,0.1,0.1,0.1,0.1,0.1,0.1,0.1,0.1,0.1,0.1,0.1,0.1,0.1,0.1,0.1,0.1,0.1,0.1,0.1,0.1,0.1,0.1,0.1,0.1,0.1,0.1,0.1,0.1
0.1,0.1,0.1,0.1,0.1,0.1,0.1,0.1,0.1,0.1,0.1,0.1,0.1,0.1,0.1,0.1,0.1,0.1,0.1,0.1,0.1,0.1,0.1,0.1,0.1,0.1,0.1,0.1,0.1,0.1,0.1,0.1,0.1,0.1,0.1,0.1,0.1,0.1,0.1,0.1,0.1,1,1,2,2,3,4,5,6,7,9,11,13,15,18,21,24,27,31,35,39,43,48,53,57,62,67,72,77,81,86,90,94,97,101,103,105,107,108,109,109,108,107,105,102,99,96,92,87,82,77,71,66,60,54,48,42,37,32,27,22,18,14,10,7,5,3,2,1,0.1,0.1,0.1,1,2,3,4,5,7,8,9,11,12,13,14,14,14,15,14,14,14,13,12,11,10,9,8,6,5,4,3,2,1,1,0.1,0.1,0.1,0.1,0.1,0.1,1,1,2,2,3,3,4,4,5,5,5,5,5,5,4,4,3,3,2,2,1,1,1,0.1,0.1,0.1,0.1,0.1,1,1,2,2,3,4,4,5,6,6,7,7,7,7,7,7,6,6,5,4,3,2,2,1,0.1,0.1,0.1,0.1,1,2,3,5,8,10,13,17,21,25,29,33,37,41,44,47,49,51,52,52,52,50,47,44,40,35,30,24,19,13,8,4,1,0.1,1,4,10,19,32,50,71,97,128,164,206,252,304,362,424,491,562,637,716,798,881,967,1052,1138,1223,1306,1386,1463,1536,1603,1664,1719,1766,1806,1837,1860,1873,1878,1873,1860,1837,1806,1766,1719,1664,1603,1536,1463,1386,1306,1223,1138,1052,967,881,798,716,637,562,491,424,362,304,252,206,164,128,97,71,50,32,19,10,4,1,0.1,1,4,8,13,19,24,30,35,40,44,47,50,52,52,52,51,49,47,44,41,37,33,29,25,21,17,13,10,8,5,3,2,1,0.1,0.1,0.1,0.1,1,2,2,3,4,5,6,6,7,7,7,7,7,7,6,6,5,4,4,3,2,2,1,1,0.1,0.1,0.1,0.1,0.1,1,1,1,2,2,3,3,4,4,5,5,5,5,5,5,4,4,3,3,2,2,1,1,0.1,0.1,0.1,0.1,0.1,0.1,1,1,2,3,4,5,6,8,9,10,11,12,13,14,14,14,15,14,14,14,13,12,11,9,8,7,5,4,3,2,1,0.1,0.1,0.1,1,2,3,5,7,10,14,18,22,27,32,37,42,48,54,60,66,71,77,82,87,92,96,99,102,105,107,108,109,109,108,107,105,103,101,97,94,90,86,81,77,72,67,62,57,53,48,43,39,35,31,27,24,21,18,15,13,11,9,7,6,5,4,3,2,2,1,1,0.1,0.1,0.1,0.1,0.1,0.1,0.1,0.1,0.1,0.1,0.1,0.1,0.1,0.1,0.1,0.1,0.1,0.1,0.1,0.1,0.1,0.1,0.1,0.1,0.1,0.1,0.1,0.1,0.1,0.1,0.1,0.1,0.1,0.1,0.1,0.1,0.1,0.1
0.1,0.1,0.1,0.1,0.1,0.1,0.1,0.1,0.1,0.1,0.1,0.1,0.1,0.1,0.1,0.1,0.1,0.1,0.1,0.1,0.1,0.1,0.1,0.1,0.1,0.1,0.1,0.1,0.1,0.1,0.1,0.1,0.1,0.1,0.1,0.1,0.1,0.1,0.1,0.1,0.1,1,1,1,2,3,3,4,5,7,8,10,12,14,17,19,22,26,29,33,37,41,45,49,54,58,63,67,72,76,80,84,88,91,94,97,99,101,102,102,102,101,100,98,96,93,90,86,81,77,72,67,61,56,50,45,40,34,29,25,20,16,13,10,7,5,3,1,1,0.1,0.1,0.1,1,2,3,4,5,6,8,9,10,11,12,13,13,14,14,14,13,13,12,11,10,9,8,7,6,5,4,3,2,1,1,0.1,0.1,0.1,0.1,0.1,1,1,1,2,2,3,3,4,4,5,5,5,5,5,4,4,4,3,3,2,2,1,1,1,0.1,0.1,0.1,0.1,0.1,1,1,2,2,3,3,4,5,6,6,7,7,7,7,7,7,6,6,5,4,3,2,2,1,0.1,0.1,0.1,0.1,1,2,3,5,7,10,12,16,19,23,27,31,34,38,41,44,47,48,49,49,49,47,45,42,38,34,29,23,18,13,8,4,1,0.1,1,3,9,18,30,45,65,90,119,153,191,235,284,337,396,458,525,596,670,746,825,905,985,1066,1146,1224,1299,1371,1440,1503,1560,1612,1656,1694,1723,1744,1757,1761,1757,1744,1723,1694,1656,1612,1560,1503,1440,1371,1299,1224,1146,1066,985,905,825,746,670,596,525,458,396,337,284,235,191,153,119,90,65,45,30,18,9,3,1,0.1,1,4,8,13,18,23,29,34,38,42,45,47,49,49,49,48,47,44,41,38,34,31,27,23,19,16,12,10,7,5,3,2,1,0.1,0.1,0.1,0.1,1,2,2,3,4,5,6,6,7,7,7,7,7,7,6,6,5,4,3,3,2,2,1,1,0.1,0.1,0.1,0.1,0.1,1,1,1,2,2,3,3,4,4,4,5,5,5,5,5,4,4,3,3,2,2,1,1,1,0.1,0.1,0.1,0.1,0.1,1,1,2,3,4,5,6,7,8,9,10,11,12,13,13,14,14,14,13,13,12,11,10,9,8,6,5,4,3,2,1,0.1,0.1,0.1,1,1,3,5,7,10,13,16,20,25,29,34,40,45,50,56,61,67,72,77,81,86,90,93,96,98,100,101,102,102,102,101,99,97,94,91,88,84,80,76,72,67,63,58,54,49,45,41,37,33,29,26,22,19,17,14,12,10,8,7,5,4,3,3,2,1,1,1,0.1,0.1,0.1,0.1,0.1,0.1,0.1,0.1,0.1,0.1,0.1,0.1,0.1,0.1,0.1,0.1,0.1,0.1,0.1,0.1,0.1,0.1,0.1,0.1,0.1,0.1,0.1,0.1,0.1,0.1,0.1,0.1,0.1,0.1,0.1,0.1,0.1,0.1
0.1,0.1,0.1,0.1,0.1,0.1,0.1,0.1,0.1,0.1,0.1,0.1,0.1,0.1,0.1,0.1,0.1,0.1,0.1,0.1,0.1,0.1,0.1,0.1,0.1,0.1,0.1,0.1,0.1,0.1,0.1,0.1,0.1,0.1,0.1,0.1,0.1,0.1,0.1,0.1,0.1,1,1,1,2,2,3,4,5,6,8,9,11,13,15,18,21,24,27,30,34,38,42,46,50,54,59,63,67,71,75,79,82,85,88,90,92,94,95,95,95,94,93,92,89,87,83,80,76,71,67,62,57,52,47,42,37,32,27,23,19,15,12,9,6,4,3,1,1,0.1,0.1,0.1,1,2,3,4,5,6,7,9,10,11,11,12,13,13,13,13,13,12,11,11,10,9,8,6,5,4,3,3,2,1,1,0.1,0.1,0.1,0.1,0.1,1,1,1,2,2,3,3,4,4,4,5,5,5,5,4,4,4,3,3,2,2,1,1,1,0.1,0.1,0.1,0.1,0.1,1,1,1,2,3,3,4,5,5,6,6,7,7,7,7,7,6,6,5,4,3,3,2,1,1,0.1,0.1,0.1,1,1,3,4,6,9,11,14,18,21,25,29,32,36,39,41,44,45,46,47,46,45,43,40,36,32,27,22,17,13,8,4,1,0.1,0.1,3,8,16,27,41,60,82,109,140,176,217,262,312,367,425,487,553,622,694,767,842,917,993,1067,1140,1211,1278,1342,1401,1455,1503,1545,1579,1607,1627,1639,1643,1639,1627,1607,1579,1545,1503,1455,1401,1342,1278,1211,1140,1067,993,917,842,767,694,622,553,487,425,367,312,262,217,176,140,109,82,60,41,27,16,8,3,0.1,0.1,1,4,8,13,17,22,27,32,36,40,43,45,46,47,46,45,44,41,39,36,32,29,25,21,18,14,11,9,6,4,3,1,1,0.1,0.1,0.1,1,1,2,3,3,4,5,6,6,7,7,7,7,7,6,6,5,5,4,3,3,2,1,1,1,0.1,0.1,0.1,0.1,0.1,1,1,1,2,2,3,3,4,4,4,5,5,5,5,4,4,4,3,3,2,2,1,1,1,0.1,0.1,0.1,0.1,0.1,1,1,2,3,3,4,5,6,8,9,10,11,11,12,13,13,13,13,13,12,11,11,10,9,7,6,5,4,3,2,1,0.1,0.1,0.1,1,1,3,4,6,9,12,15,19,23,27,32,37,42,47,52,57,62,67,71,76,80,83,87,89,92,93,94,95,95,95,94,92,90,88,85,82,79,75,71,67,63,59,54,50,46,42,38,34,30,27,24,21,18,15,13,11,9,8,6,5,4,3,2,2,1,1,1,0.1,0.1,0.1,0.1,0.1,0.1,0.1,0.1,0.1,0.1,0.1,0.1,0.1,0.1,0.1,0.1,0.1,0.1,0.1,0.1,0.1,0.1,0.1,0.1,0.1,0.1,0.1,0.1,0.1,0.1,0.1,0.1,0.1,0.1,0.1,0.1,0.1,0.1
0.1,0.1,0.1,0.1,0.1,0.1,0.1,0.1,0.1,0.1,0.1,0.1,0.1,0.1,0.1,0.1,0.1,0.1,0.1,0.1,0.1,0.1,0.1,0.1,0.1,0.1,0.1,0.1,0.1,0.1,0.1,0.1,0.1,0.1,0.1,0.1,0.1,0.1,0.1,0.1,0.1,1,1,1,2,2,3,4,5,6,7,9,10,12,14,17,19,22,25,28,32,35,39,43,46,50,54,58,62,66,70,73,76,79,82,84,86,87,88,88,88,88,86,85,83,80,77,74,70,66,62,57,53,48,43,38,34,29,25,21,17,14,11,8,6,4,2,1,0.1,0.1,0.1,0.1,1,2,2,4,5,6,7,8,9,10,11,11,12,12,12,12,12,11,11,10,9,8,7,6,5,4,3,2,2,1,1,0.1,0.1,0.1,0.1,0.1,1,1,1,2,2,3,3,4,4,4,5,5,5,4,4,4,4,3,3,2,2,1,1,0.1,0.1,0.1,0.1,0.1,0.1,1,1,1,2,3,3,4,5,5,6,6,7,7,7,7,7,6,6,5,4,3,3,2,1,1,0.1,0.1,0.1,0.1,1,2,4,6,8,10,13,16,20,23,26,30,33,36,39,41,43,44,44,44,42,40,38,35,31,26,22,17,12,8,4,2,0.1,0.1,2,7,14,24,37,54,75,99,128,161,199,241,287,337,392,449,511,575,641,709,779,849,919,988,1056,1121,1184,1243,1299,1349,1393,1432,1465,1490,1509,1520,1524,1520,1509,1490,1465,1432,1393,1349,1299,1243,1184,1121,1056,988,919,849,779,709,641,575,511,449,392,337,287,241,199,161,128,99,75,54,37,24,14,7,2,0.1,0.1,2,4,8,12,17,22,26,31,35,38,40,42,44,44,44,43,41,39,36,33,30,26,23,20,16,13,10,8,6,4,2,1,0.1,0.1,0.1,0.1,1,1,2,3,3,4,5,6,6,7,7,7,7,7,6,6,5,5,4,3,3,2,1,1,1,0.1,0.1,0.1,0.1,0.1,0.1,1,1,2,2,3,3,4,4,4,4,5,5,5,4,4,4,3,3,2,2,1,1,1,0.1,0.1,0.1,0.1,0.1,1,1,2,2,3,4,5,6,7,8,9,10,11,11,12,12,12,12,12,11,11,10,9,8,7,6,5,4,2,2,1,0.1,0.1,0.1,0.1,1,2,4,6,8,11,14,17,21,25,29,34,38,43,48,53,57,62,66,70,74,77,80,83,85,86,88,88,88,88,87,86,84,82,79,76,73,70,66,62,58,54,50,46,43,39,35,32,28,25,22,19,17,14,12,10,9,7,6,5,4,3,2,2,1,1,1,0.1,0.1,0.1,0.1,0.1,0.1,0.1,0.1,0.1,0.1,0.1,0.1,0.1,0.1,0.1,0.1,0.1,0.1,0.1,0.1,0.1,0.1,0.1,0.1,0.1,0.1,0.1,0.1,0.1,0.1,0.1,0.1,0.1,0.1,0.1,0.1,0.1,0.1
0.1,0.1,0.1,0.1,0.1,0.1,0.1,0.1,0.1,0.1,0.1,0.1,0.1,0.1,0.1,0.1,0.1,0.1,0.1,0.1,0.1,0.1,0.1,0.1,0.1,0.1,0.1,0.1,0.1,0.1,0.1,0.1,0.1,0.1,0.1,0.1,0.1,0.1,0.1,0.1,0.1,1,1,1,1,2,3,3,4,5,6,8,9,11,13,15,18,20,23,26,29,32,36,39,43,46,50,54,57,61,64,67,70,73,75,77,79,80,81,81,81,81,80,78,76,74,71,68,64,61,57,53,48,44,39,35,31,27,23,19,15,12,10,7,5,3,2,1,0.1,0.1,0.1,0.1,1,2,2,3,4,6,7,8,9,9,10,11,11,11,11,11,11,10,10,9,8,7,6,5,4,4,3,2,1,1,0.1,0.1,0.1,0.1,0.1,0.1,1,1,1,2,2,3,3,4,4,4,4,5,5,4,4,4,4,3,3,2,2,1,1,0.1,0.1,0.1,0.1,0.1,0.1,1,1,1,2,3,3,4,5,5,6,6,6,7,7,7,6,6,6,5,4,3,3,2,1,1,0.1,0.1,0.1,0.1,1,2,3,5,7,9,12,15,18,21,24,28,31,33,36,38,40,41,41,41,40,38,36,33,29,25,21,16,12,8,4,2,0.1,0.1,2,6,12,21,33,48,67,90,116,147,181,220,262,308,358,412,468,527,588,651,715,780,845,909,972,1033,1091,1146,1197,1243,1284,1320,1350,1374,1391,1402,1405,1402,1391,1374,1350,1320,1284,1243,1197,1146,1091,1033,972,909,845,780,715,651,588,527,468,412,358,308,262,220,181,147,116,90,67,48,33,21,12,6,2,0.1,0.1,2,4,8,12,16,21,25,29,33,36,38,40,41,41,41,40,38,36,33,31,28,24,21,18,15,12,9,7,5,3,2,1,0.1,0.1,0.1,0.1,1,1,2,3,3,4,5,6,6,6,7,7,7,6,6,6,5,5,4,3,3,2,1,1,1,0.1,0.1,0.1,0.1,0.1,0.1,1,1,2,2,3,3,4,4,4,4,5,5,4,4,4,4,3,3,2,2,1,1,1,0.1,0.1,0.1,0.1,0.1,0.1,1,1,2,3,4,4,5,6,7,8,9,10,10,11,11,11,11,11,11,10,9,9,8,7,6,4,3,2,2,1,0.1,0.1,0.1,0.1,1,2,3,5,7,10,12,15,19,23,27,31,35,39,44,48,53,57,61,64,68,71,74,76,78,80,81,81,81,81,80,79,77,75,73,70,67,64,61,57,54,50,46,43,39,36,32,29,26,23,20,18,15,13,11,9,8,6,5,4,3,3,2,1,1,1,1,0.1,0.1,0.1,0.1,0.1,0.1,0.1,0.1,0.1,0.1,0.1,0.1,0.1,0.1,0.1,0.1,0.1,0.1,0.1,0.1,0.1,0.1,0.1,0.1,0.1,0.1,0.1,0.1,0.1,0.1,0.1,0.1,0.1,0.1,0.1,0.1,0.1,0.1
0.1,0.1,0.1,0.1,0.1,0.1,0.1,0.1,0.1,0.1,0.1,0.1,0.1,0.1,0.1,0.1,0.1,0.1,0.1,0.1,0.1,0.1,0.1,0.1,0.1,0.1,0.1,0.1,0.1,0.1,0.1,0.1,0.1,0.1,0.1,0.1,0.1,0.1,0.1,0.1,0.1,0.1,1,1,1,2,2,3,4,5,6,7,9,10,12,14,16,18,21,24,27,30,33,36,39,43,46,49,53,56,59,62,64,67,69,71,72,73,74,74,74,74,73,71,70,67,65,62,59,55,52,48,44,40,36,32,28,24,20,17,14,11,8,6,4,3,2,1,0.1,0.1,0.1,0.1,1,2,2,3,4,5,6,7,8,9,10,10,10,11,11,10,10,10,9,8,7,7,6,5,4,3,2,2,1,1,0.1,0.1,0.1,0.1,0.1,0.1,1,1,2,2,2,3,3,4,4,4,4,4,4,4,4,4,3,3,3,2,2,1,1,0.1,0.1,0.1,0.1,0.1,0.1,0.1,1,1,2,2,3,4,4,5,6,6,6,7,7,7,6,6,6,5,4,4,3,2,1,1,0.1,0.1,0.1,0.1,1,2,3,4,6,8,11,13,16,19,22,25,28,31,33,35,37,38,38,38,37,36,34,31,28,24,20,16,12,8,5,2,0.1,0.1,1,5,10,18,29,43,60,80,104,132,163,198,237,280,325,374,426,480,536,594,653,713,772,831,889,945,999,1049,1096,1139,1177,1210,1238,1260,1276,1285,1288,1285,1276,1260,1238,1210,1177,1139,1096,1049,999,945,889,831,772,713,653,594,536,480,426,374,325,280,237,198,163,132,104,80,60,43,29,18,10,5,1,0.1,0.1,2,5,8,12,16,20,24,28,31,34,36,37,38,38,38,37,35,33,31,28,25,22,19,16,13,11,8,6,4,3,2,1,0.1,0.1,0.1,0.1,1,1,2,3,4,4,5,6,6,6,7,7,7,6,6,6,5,4,4,3,2,2,1,1,0.1,0.1,0.1,0.1,0.1,0.1,0.1,1,1,2,2,3,3,3,4,4,4,4,4,4,4,4,4,3,3,2,2,2,1,1,0.1,0.1,0.1,0.1,0.1,0.1,1,1,2,2,3,4,5,6,7,7,8,9,10,10,10,11,11,10,10,10,9,8,7,6,5,4,3,2,2,1,0.1,0.1,0.1,0.1,1,2,3,4,6,8,11,14,17,20,24,28,32,36,40,44,48,52,55,59,62,65,67,70,71,73,74,74,74,74,73,72,71,69,67,64,62,59,56,53,49,46,43,39,36,33,30,27,24,21,18,16,14,12,10,9,7,6,5,4,3,2,2,1,1,1,0.1,0.1,0.1,0.1,0.1,0.1,0.1,0.1,0.1,0.1,0.1,0.1,0.1,0.1,0.1,0.1,0.1,0.1,0.1,0.1,0.1,0.1,0.1,0.1,0.1,0.1,0.1,0.1,0.1,0.1,0.1,0.1,0.1,0.1,0.1,0.1,0.1,0.1,0.1
0.1,0.1,0.1,0.1,0.1,0.1,0.1,0.1,0.1,0.1,0.1,0.1,0.1,0.1,0.1,0.1,0.1,0.1,0.1,0.1,0.1,0.1,0.1,0.1,0.1,0.1,0.1,0.1,0.1,0.1,0.1,0.1,0.1,0.1,0.1,0.1,0.1,0.1,0.1,0.1,0.1,0.1,1,1,1,2,2,3,3,4,5,6,8,9,11,13,15,17,19,22,24,27,30,33,36,39,42,45,48,51,54,56,59,61,63,65,66,67,68,68,68,67,66,65,63,61,59,56,53,50,47,43,40,36,32,29,25,22,18,15,12,10,7,5,4,2,1,1,0.1,0.1,0.1,0.1,1,2,2,3,4,5,6,7,8,8,9,9,10,10,10,10,9,9,8,8,7,6,5,4,4,3,2,1,1,1,0.1,0.1,0.1,0.1,0.1,0.1,1,1,2,2,3,3,3,4,4,4,4,4,4,4,4,4,3,3,2,2,2,1,1,0.1,0.1,0.1,0.1,0.1,0.1,0.1,1,1,2,2,3,4,4,5,5,6,6,6,7,7,6,6,6,5,4,4,3,2,1,1,0.1,0.1,0.1,0.1,1,1,2,4,5,7,9,12,15,17,20,23,26,28,31,33,34,35,36,36,35,34,32,29,26,23,19,15,12,8,5,2,0.1,0.1,1,4,8,15,25,37,53,71,93,118,146,178,213,252,293,338,385,434,486,539,593,647,701,755,808,859,908,955,998,1037,1072,1102,1128,1148,1162,1171,1174,1171,1162,1148,1128,1102,1072,1037,998,955,908,859,808,755,701,647,593,539,486,434,385,338,293,252,213,178,146,118,93,71,53,37,25,15,8,4,1,0.1,0.1,2,5,8,12,15,19,23,26,29,32,34,35,36,36,35,34,33,31,28,26,23,20,17,15,12,9,7,5,4,2,1,1,0.1,0.1,0.1,0.1,1,1,2,3,4,4,5,6,6,6,7,7,6,6,6,5,5,4,4,3,2,2,1,1,0.1,0.1,0.1,0.1,0.1,0.1,0.1,1,1,2,2,2,3,3,4,4,4,4,4,4,4,4,4,3,3,3,2,2,1,1,0.1,0.1,0.1,0.1,0.1,0.1,1,1,1,2,3,4,4,5,6,7,8,8,9,9,10,10,10,10,9,9,8,8,7,6,5,4,3,2,2,1,0.1,0.1,0.1,0.1,1,1,2,4,5,7,10,12,15,18,22,25,29,32,36,40,43,47,50,53,56,59,61,63,65,66,67,68,68,68,67,66,65,63,61,59,56,54,51,48,45,42,39,36,33,30,27,24,22,19,17,15,13,11,9,8,6,5,4,3,3,2,2,1,1,1,0.1,0.1,0.1,0.1,0.1,0.1,0.1,0.1,0.1,0.1,0.1,0.1,0.1,0.1,0.1,0.1,0.1,0.1,0.1,0.1,0.1,0.1,0.1,0.1,0.1,0.1,0.1,0.1,0.1,0.1,0.1,0.1,0.1,0.1,0.1,0.1,0.1,0.1,0.1
0.1,0.1,0.1,0.1,0.1,0.1,0.1,0.1,0.1,0.1,0.1,0.1,0.1,0.1,0.1,0.1,0.1,0.1,0.1,0.1,0.1,0.1,0.1,0.1,0.1,0.1,0.1,0.1,0.1,0.1,0.1,0.1,0.1,0.1,0.1,0.1,0.1,0.1,0.1,0.1,0.1,0.1,1,1,1,1,2,2,3,4,5,6,7,8,10,11,13,15,17,19,22,24,27,30,32,35,38,41,43,46,49,51,53,55,57,58,60,61,61,61,61,61,60,59,57,55,53,51,48,45,42,39,36,32,29,26,22,19,16,13,11,9,6,5,3,2,1,0.1,0.1,0.1,0.1,0.1,1,2,2,3,4,5,6,7,7,8,8,9,9,9,9,9,8,8,7,7,6,5,5,4,3,2,2,1,1,0.1,0.1,0.1,0.1,0.1,0.1,1,1,1,2,2,3,3,3,4,4,4,4,4,4,4,4,4,3,3,2,2,2,1,1,0.1,0.1,0.1,0.1,0.1,0.1,0.1,1,1,2,2,3,4,4,5,5,6,6,6,6,6,6,6,6,5,4,4,3,2,2,1,1,0.1,0.1,0.1,0.1,1,2,3,5,6,8,11,13,16,18,21,23,26,28,30,32,33,33,33,33,32,30,28,25,22,19,15,11,8,5,2,1,0.1,1,3,7,13,21,32,46,62,81,104,130,158,190,225,262,303,345,390,437,485,534,583,633,682,730,777,821,863,903,938,970,998,1021,1039,1052,1060,1063,1060,1052,1039,1021,998,970,938,903,863,821,777,730,682,633,583,534,485,437,390,345,303,262,225,190,158,130,104,81,62,46,32,21,13,7,3,1,0.1,1,2,5,8,11,15,19,22,25,28,30,32,33,33,33,33,32,30,28,26,23,21,18,16,13,11,8,6,5,3,2,1,0.1,0.1,0.1,0.1,1,1,2,2,3,4,4,5,6,6,6,6,6,6,6,6,5,5,4,4,3,2,2,1,1,0.1,0.1,0.1,0.1,0.1,0.1,0.1,1,1,2,2,2,3,3,4,4,4,4,4,4,4,4,4,3,3,3,2,2,1,1,1,0.1,0.1,0.1,0.1,0.1,0.1,1,1,2,2,3,4,5,5,6,7,7,8,8,9,9,9,9,9,8,8,7,7,6,5,4,3,2,2,1,0.1,0.1,0.1,0.1,0.1,1,2,3,5,6,9,11,13,16,19,22,26,29,32,36,39,42,45,48,51,53,55,57,59,60,61,61,61,61,61,60,58,57,55,53,51,49,46,43,41,38,35,32,30,27,24,22,19,17,15,13,11,10,8,7,6,5,4,3,2,2,1,1,1,1,0.1,0.1,0.1,0.1,0.1,0.1,0.1,0.1,0.1,0.1,0.1,0.1,0.1,0.1,0.1,0.1,0.1,0.1,0.1,0.1,0.1,0.1,0.1,0.1,0.1,0.1,0.1,0.1,0.1,0.1,0.1,0.1,0.1,0.1,0.1,0.1,0.1,0.1,0.1
0.1,0.1,0.1,0.1,0.1,0.1,0.1,0.1,0.1,0.1,0.1,0.1,0.1,0.1,0.1,0.1,0.1,0.1,0.1,0.1,0.1,0.1,0.1,0.1,0.1,0.1,0.1,0.1,0.1,0.1,0.1,0.1,0.1,0.1,0.1,0.1,0.1,0.1,0.1,0.1,0.1,0.1,0.1,1,1,1,2,2,3,3,4,5,6,7,9,10,12,14,15,17,20,22,24,27,29,32,34,37,39,41,44,46,48,50,51,53,54,54,55,55,55,55,54,53,51,50,48,45,43,40,38,35,32,29,26,23,20,17,14,12,9,7,6,4,3,2,1,0.1,0.1,0.1,0.1,0.1,1,2,2,3,4,5,5,6,7,7,8,8,8,8,8,8,8,7,7,6,6,5,4,3,3,2,2,1,1,0.1,0.1,0.1,0.1,0.1,0.1,1,1,1,2,2,3,3,3,4,4,4,4,4,4,4,4,4,3,3,2,2,1,1,1,0.1,0.1,0.1,0.1,0.1,0.1,0.1,1,1,2,2,3,4,4,5,5,6,6,6,6,6,6,6,6,5,5,4,3,2,2,1,1,0.1,0.1,0.1,0.1,1,1,3,4,5,7,9,12,14,16,19,21,24,26,27,29,30,31,31,30,30,28,26,24,21,18,14,11,8,5,3,1,0.1,0.1,2,5,11,18,27,39,54,71,91,114,139,168,199,233,269,308,348,390,433,478,522,567,611,655,697,737,776,811,844,872,897,918,935,947,954,957,954,947,935,918,897,872,844,811,776,737,697,655,611,567,522,478,433,390,348,308,269,233,199,168,139,114,91,71,54,39,27,18,11,5,2,0.1,0.1,1,3,5,8,11,14,18,21,24,26,28,30,30,31,31,30,29,27,26,24,21,19,16,14,12,9,7,5,4,3,1,1,0.1,0.1,0.1,0.1,1,1,2,2,3,4,5,5,6,6,6,6,6,6,6,6,5,5,4,4,3,2,2,1,1,0.1,0.1,0.1,0.1,0.1,0.1,0.1,1,1,1,2,2,3,3,4,4,4,4,4,4,4,4,4,3,3,3,2,2,1,1,1,0.1,0.1,0.1,0.1,0.1,0.1,1,1,2,2,3,3,4,5,6,6,7,7,8,8,8,8,8,8,8,7,7,6,5,5,4,3,2,2,1,0.1,0.1,0.1,0.1,0.1,1,2,3,4,6,7,9,12,14,17,20,23,26,29,32,35,38,40,43,45,48,50,51,53,54,55,55,55,55,54,54,53,51,50,48,46,44,41,39,37,34,32,29,27,24,22,20,17,15,14,12,10,9,7,6,5,4,3,3,2,2,1,1,1,0.1,0.1,0.1,0.1,0.1,0.1,0.1,0.1,0.1,0.1,0.1,0.1,0.1,0.1,0.1,0.1,0.1,0.1,0.1,0.1,0.1,0.1,0.1,0.1,0.1,0.1,0.1,0.1,0.1,0.1,0.1,0.1,0.1,0.1,0.1,0.1,0.1,0.1,0.1,0.1
0.1,0.1,0.1,0.1,0.1,0.1,0.1,0.1,0.1,0.1,0.1,0.1,0.1,0.1,0.1,0.1,0.1,0.1,0.1,0.1,0.1,0.1,0.1,0.1,0.1,0.1,0.1,0.1,0.1,0.1,0.1,0.1,0.1,0.1,0.1,0.1,0.1,0.1,0.1,0.1,0.1,0.1,0.1,1,1,1,1,2,2,3,4,5,5,7,8,9,10,12,14,16,17,19,22,24,26,28,30,33,35,37,39,41,43,44,46,47,48,49,49,49,49,49,48,47,46,44,42,40,38,36,33,31,28,25,23,20,17,15,12,10,8,6,5,3,2,1,1,0.1,0.1,0.1,0.1,1,1,2,2,3,4,4,5,6,6,7,7,7,8,8,8,7,7,7,6,6,5,4,4,3,2,2,1,1,0.1,0.1,0.1,0.1,0.1,0.1,0.1,1,1,1,2,2,3,3,3,4,4,4,4,4,4,4,4,3,3,3,2,2,1,1,1,0.1,0.1,0.1,0.1,0.1,0.1,0.1,1,1,2,2,3,3,4,5,5,6,6,6,6,6,6,6,6,5,5,4,3,3,2,1,1,0.1,0.1,0.1,0.1,1,1,2,3,5,6,8,10,12,15,17,19,21,23,25,26,28,28,28,28,27,26,25,22,20,17,14,11,8,5,3,1,0.1,0.1,1,4,8,15,23,33,46,61,79,99,122,147,175,205,237,272,308,346,384,424,464,504,544,583,621,658,692,724,753,779,802,821,836,846,853,855,853,846,836,821,802,779,753,724,692,658,621,583,544,504,464,424,384,346,308,272,237,205,175,147,122,99,79,61,46,33,23,15,8,4,1,0.1,0.1,1,3,5,8,11,14,17,20,22,25,26,27,28,28,28,28,26,25,23,21,19,17,15,12,10,8,6,5,3,2,1,1,0.1,0.1,0.1,0.1,1,1,2,3,3,4,5,5,6,6,6,6,6,6,6,6,5,5,4,3,3,2,2,1,1,0.1,0.1,0.1,0.1,0.1,0.1,0.1,1,1,1,2,2,3,3,3,4,4,4,4,4,4,4,4,3,3,3,2,2,1,1,1,0.1,0.1,0.1,0.1,0.1,0.1,0.1,1,1,2,2,3,4,4,5,6,6,7,7,7,8,8,8,7,7,7,6,6,5,4,4,3,2,2,1,1,0.1,0.1,0.1,0.1,1,1,2,3,5,6,8,10,12,15,17,20,23,25,28,31,33,36,38,40,42,44,46,47,48,49,49,49,49,49,48,47,46,44,43,41,39,37,35,33,30,28,26,24,22,19,17,16,14,12,10,9,8,7,5,5,4,3,2,2,1,1,1,1,0.1,0.1,0.1,0.1,0.1,0.1,0.1,0.1,0.1,0.1,0.1,0.1,0.1,0.1,0.1,0.1,0.1,0.1,0.1,0.1,0.1,0.1,0.1,0.1,0.1,0.1,0.1,0.1,0.1,0.1,0.1,0.1,0.1,0.1,0.1,0.1,0.1,0.1,0.1,0.1
0.1,0.1,0.1,0.1,0.1,0.1,0.1,0.1,0.1,0.1,0.1,0.1,0.1,0.1,0.1,0.1,0.1,0.1,0.1,0.1,0.1,0.1,0.1,0.1,0.1,0.1,0.1,0.1,0.1,0.1,0.1,0.1,0.1,0.1,0.1,0.1,0.1,0.1,0.1,0.1,0.1,0.1,0.1,0.1,1,1,1,2,2,3,3,4,5,6,7,8,9,11,12,14,15,17,19,21,23,25,27,29,31,33,35,36,38,39,41,42,43,43,44,44,44,43,42,42,40,39,37,36,34,32,29,27,25,22,20,17,15,13,11,9,7,5,4,3,2,1,0.1,0.1,0.1,0.1,0.1,1,1,2,2,3,4,4,5,5,6,6,7,7,7,7,7,7,6,6,5,5,4,4,3,3,2,1,1,1,0.1,0.1,0.1,0.1,0.1,0.1,0.1,1,1,1,2,2,3,3,3,4,4,4,4,4,4,4,4,3,3,3,2,2,1,1,1,0.1,0.1,0.1,0.1,0.1,0.1,0.1,1,1,2,2,3,3,4,4,5,5,6,6,6,6,6,6,6,5,5,4,3,3,2,1,1,0.1,0.1,0.1,0.1,0.1,1,2,3,4,5,7,9,11,13,15,17,19,21,23,24,25,26,26,26,25,24,23,21,19,16,14,11,8,5,3,1,0.1,0.1,1,3,7,12,19,28,39,52,67,85,105,128,152,179,208,238,270,304,338,374,409,445,481,516,550,582,613,642,668,691,711,728,742,751,757,759,757,751,742,728,711,691,668,642,613,582,550,516,481,445,409,374,338,304,270,238,208,179,152,128,105,85,67,52,39,28,19,12,7,3,1,0.1,0.1,1,3,5,8,11,14,16,19,21,23,24,25,26,26,26,25,24,23,21,19,17,15,13,11,9,7,5,4,3,2,1,0.1,0.1,0.1,0.1,0.1,1,1,2,3,3,4,5,5,6,6,6,6,6,6,6,5,5,4,4,3,3,2,2,1,1,0.1,0.1,0.1,0.1,0.1,0.1,0.1,1,1,1,2,2,3,3,3,4,4,4,4,4,4,4,4,3,3,3,2,2,1,1,1,0.1,0.1,0.1,0.1,0.1,0.1,0.1,1,1,1,2,3,3,4,4,5,5,6,6,7,7,7,7,7,7,6,6,5,5,4,4,3,2,2,1,1,0.1,0.1,0.1,0.1,0.1,1,2,3,4,5,7,9,11,13,15,17,20,22,25,27,29,32,34,36,37,39,40,42,42,43,44,44,44,43,43,42,41,39,38,36,35,33,31,29,27,25,23,21,19,17,15,14,12,11,9,8,7,6,5,4,3,3,2,2,1,1,1,0.1,0.1,0.1,0.1,0.1,0.1,0.1,0.1,0.1,0.1,0.1,0.1,0.1,0.1,0.1,0.1,0.1,0.1,0.1,0.1,0.1,0.1,0.1,0.1,0.1,0.1,0.1,0.1,0.1,0.1,0.1,0.1,0.1,0.1,0.1,0.1,0.1,0.1,0.1,0.1,0.1
0.1,0.1,0.1,0.1,0.1,0.1,0.1,0.1,0.1,0.1,0.1,0.1,0.1,0.1,0.1,0.1,0.1,0.1,0.1,0.1,0.1,0.1,0.1,0.1,0.1,0.1,0.1,0.1,0.1,0.1,0.1,0.1,0.1,0.1,0.1,0.1,0.1,0.1,0.1,0.1,0.1,0.1,0.1,0.1,1,1,1,1,2,2,3,3,4,5,6,7,8,9,11,12,14,15,17,18,20,22,24,26,27,29,31,32,33,35,36,37,37,38,38,38,38,38,37,37,35,34,33,31,29,28,26,23,21,19,17,15,13,11,9,7,6,4,3,2,1,1,0.1,0.1,0.1,0.1,0.1,1,1,2,2,3,3,4,5,5,5,6,6,6,6,6,6,6,6,5,5,4,4,3,3,2,2,1,1,0.1,0.1,0.1,0.1,0.1,0.1,0.1,1,1,1,2,2,2,3,3,3,4,4,4,4,4,4,4,4,3,3,3,2,2,1,1,1,0.1,0.1,0.1,0.1,0.1,0.1,0.1,1,1,2,2,3,3,4,4,5,5,6,6,6,6,6,6,6,5,5,4,4,3,2,2,1,1,0.1,0.1,0.1,0.1,1,1,2,3,4,6,8,9,11,13,15,17,19,20,22,23,24,24,24,24,23,22,20,18,16,13,11,8,6,3,2,0.1,0.1,1,2,5,9,15,23,32,44,57,72,90,109,131,155,180,207,235,265,295,327,358,390,422,453,483,512,539,565,588,609,627,642,654,662,668,669,668,662,654,642,627,609,588,565,539,512,483,453,422,390,358,327,295,265,235,207,180,155,131,109,90,72,57,44,32,23,15,9,5,2,1,0.1,0.1,2,3,6,8,11,13,16,18,20,22,23,24,24,24,24,23,22,20,19,17,15,13,11,9,8,6,4,3,2,1,1,0.1,0.1,0.1,0.1,1,1,2,2,3,4,4,5,5,6,6,6,6,6,6,6,5,5,4,4,3,3,2,2,1,1,0.1,0.1,0.1,0.1,0.1,0.1,0.1,1,1,1,2,2,3,3,3,4,4,4,4,4,4,4,4,3,3,3,2,2,2,1,1,1,0.1,0.1,0.1,0.1,0.1,0.1,0.1,1,1,2,2,3,3,4,4,5,5,6,6,6,6,6,6,6,6,5,5,5,4,3,3,2,2,1,1,0.1,0.1,0.1,0.1,0.1,1,1,2,3,4,6,7,9,11,13,15,17,19,21,23,26,28,29,31,33,34,35,37,37,38,38,38,38,38,37,37,36,35,33,32,31,29,27,26,24,22,20,18,17,15,14,12,11,9,8,7,6,5,4,3,3,2,2,1,1,1,1,0.1,0.1,0.1,0.1,0.1,0.1,0.1,0.1,0.1,0.1,0.1,0.1,0.1,0.1,0.1,0.1,0.1,0.1,0.1,0.1,0.1,0.1,0.1,0.1,0.1,0.1,0.1,0.1,0.1,0.1,0.1,0.1,0.1,0.1,0.1,0.1,0.1,0.1,0.1,0.1,0.1
0.1,0.1,0.1,0.1,0.1,0.1,0.1,0.1,0.1,0.1,0.1,0.1,0.1,0.1,0.1,0.1,0.1,0.1,0.1,0.1,0.1,0.1,0.1,0.1,0.1,0.1,0.1,0.1,0.1,0.1,0.1,0.1,0.1,0.1,0.1,0.1,0.1,0.1,0.1,0.1,0.1,0.1,0.1,0.1,0.1,1,1,1,1,2,2,3,4,4,5,6,7,8,9,10,12,13,15,16,18,19,21,22,24,25,27,28,29,30,31,32,33,33,34,34,33,33,33,32,31,30,29,27,25,24,22,20,18,16,15,13,11,9,8,6,5,4,3,2,1,1,0.1,0.1,0.1,0.1,0.1,1,1,2,2,3,3,4,4,5,5,5,6,6,6,6,6,5,5,5,4,4,3,3,2,2,1,1,1,0.1,0.1,0.1,0.1,0.1,0.1,0.1,1,1,1,2,2,2,3,3,3,4,4,4,4,4,4,4,4,3,3,3,2,2,1,1,1,0.1,0.1,0.1,0.1,0.1,0.1,0.1,1,1,2,2,3,3,4,4,5,5,6,6,6,6,6,6,6,5,5,4,4,3,2,2,1,1,0.1,0.1,0.1,0.1,0.1,1,2,3,4,5,6,8,10,12,13,15,17,18,20,21,22,22,22,22,21,20,19,17,15,13,10,8,6,4,2,1,0.1,0.1,1,4,7,12,18,26,36,48,61,76,93,112,132,154,178,203,229,256,283,311,339,367,394,421,446,471,493,514,532,548,561,572,579,584,586,584,579,572,561,548,532,514,493,471,446,421,394,367,339,311,283,256,229,203,178,154,132,112,93,76,61,48,36,26,18,12,7,4,1,0.1,0.1,1,2,4,6,8,10,13,15,17,19,20,21,22,22,22,22,21,20,18,17,15,13,12,10,8,6,5,4,3,2,1,0.1,0.1,0.1,0.1,0.1,1,1,2,2,3,4,4,5,5,6,6,6,6,6,6,6,5,5,4,4,3,3,2,2,1,1,0.1,0.1,0.1,0.1,0.1,0.1,0.1,1,1,1,2,2,3,3,3,4,4,4,4,4,4,4,4,3,3,3,2,2,2,1,1,1,0.1,0.1,0.1,0.1,0.1,0.1,0.1,1,1,1,2,2,3,3,4,4,5,5,5,6,6,6,6,6,5,5,5,4,4,3,3,2,2,1,1,0.1,0.1,0.1,0.1,0.1,1,1,2,3,4,5,6,8,9,11,13,15,16,18,20,22,24,25,27,29,30,31,32,33,33,33,34,34,33,33,32,31,30,29,28,27,25,24,22,21,19,18,16,15,13,12,10,9,8,7,6,5,4,4,3,2,2,1,1,1,1,0.1,0.1,0.1,0.1,0.1,0.1,0.1,0.1,0.1,0.1,0.1,0.1,0.1,0.1,0.1,0.1,0.1,0.1,0.1,0.1,0.1,0.1,0.1,0.1,0.1,0.1,0.1,0.1,0.1,0.1,0.1,0.1,0.1,0.1,0.1,0.1,0.1,0.1,0.1,0.1,0.1,0.1
0.1,0.1,0.1,0.1,0.1,0.1,0.1,0.1,0.1,0.1,0.1,0.1,0.1,0.1,0.1,0.1,0.1,0.1,0.1,0.1,0.1,0.1,0.1,0.1,0.1,0.1,0.1,0.1,0.1,0.1,0.1,0.1,0.1,0.1,0.1,0.1,0.1,0.1,0.1,0.1,0.1,0.1,0.1,0.1,0.1,1,1,1,1,2,2,2,3,4,4,5,6,7,8,9,10,11,13,14,15,17,18,19,21,22,23,24,25,26,27,28,28,29,29,29,29,29,28,28,27,26,25,23,22,20,19,17,16,14,12,11,9,8,6,5,4,3,2,1,1,0.1,0.1,0.1,0.1,0.1,0.1,1,1,2,2,3,3,4,4,4,5,5,5,5,5,5,5,5,4,4,4,3,3,2,2,1,1,1,0.1,0.1,0.1,0.1,0.1,0.1,0.1,0.1,1,1,1,2,2,2,3,3,3,4,4,4,4,4,4,4,3,3,3,2,2,2,1,1,1,0.1,0.1,0.1,0.1,0.1,0.1,0.1,1,1,2,2,3,3,4,4,5,5,6,6,6,6,6,6,6,5,5,4,4,3,3,2,1,1,0.1,0.1,0.1,0.1,0.1,1,1,2,3,4,5,7,8,10,12,13,15,16,18,19,19,20,20,20,20,19,17,16,14,12,10,8,6,4,2,1,0.1,0.1,1,2,5,9,14,21,29,39,50,63,78,94,112,131,151,173,196,219,243,268,292,316,340,364,386,407,427,445,461,475,487,496,503,507,508,507,503,496,487,475,461,445,427,407,386,364,340,316,292,268,243,219,196,173,151,131,112,94,78,63,50,39,29,21,14,9,5,2,1,0.1,0.1,1,2,4,6,8,10,12,14,16,17,19,20,20,20,20,19,19,18,16,15,13,12,10,8,7,5,4,3,2,1,1,0.1,0.1,0.1,0.1,0.1,1,1,2,3,3,4,4,5,5,6,6,6,6,6,6,6,5,5,4,4,3,3,2,2,1,1,0.1,0.1,0.1,0.1,0.1,0.1,0.1,1,1,1,2,2,2,3,3,3,4,4,4,4,4,4,4,3,3,3,2,2,2,1,1,1,0.1,0.1,0.1,0.1,0.1,0.1,0.1,0.1,1,1,1,2,2,3,3,4,4,4,5,5,5,5,5,5,5,5,4,4,4,3,3,2,2,1,1,0.1,0.1,0.1,0.1,0.1,0.1,1,1,2,3,4,5,6,8,9,11,12,14,16,17,19,20,22,23,25,26,27,28,28,29,29,29,29,29,28,28,27,26,25,24,23,22,21,19,18,17,15,14,13,11,10,9,8,7,6,5,4,4,3,2,2,2,1,1,1,1,0.1,0.1,0.1,0.1,0.1,0.1,0.1,0.1,0.1,0.1,0.1,0.1,0.1,0.1,0.1,0.1,0.1,0.1,0.1,0.1,0.1,0.1,0.1,0.1,0.1,0.1,0.1,0.1,0.1,0.1,0.1,0.1,0.1,0.1,0.1,0.1,0.1,0.1,0.1,0.1,0.1,0.1
0.1,0.1,0.1,0.1,0.1,0.1,0.1,0.1,0.1,0.1,0.1,0.1,0.1,0.1,0.1,0.1,0.1,0.1,0.1,0.1,0.1,0.1,0.1,0.1,0.1,0.1,0.1,0.1,0.1,0.1,0.1,0.1,0.1,0.1,0.1,0.1,0.1,0.1,0.1,0.1,0.1,0.1,0.1,0.1,0.1,0.1,1,1,1,1,2,2,3,3,4,4,5,6,7,8,9,10,11,12,13,14,15,17,18,19,20,21,22,23,23,24,24,25,25,25,25,25,24,24,23,22,21,20,19,17,16,15,13,12,10,9,8,6,5,4,3,2,2,1,1,0.1,0.1,0.1,0.1,0.1,0.1,1,1,2,2,2,3,3,4,4,4,5,5,5,5,5,4,4,4,4,3,3,2,2,2,1,1,1,0.1,0.1,0.1,0.1,0.1,0.1,0.1,1,1,1,1,2,2,3,3,3,3,4,4,4,4,4,4,4,3,3,3,2,2,2,1,1,1,0.1,0.1,0.1,0.1,0.1,0.1,0.1,1,1,1,2,2,3,4,4,5,5,5,6,6,6,6,6,6,5,5,5,4,3,3,2,2,1,1,0.1,0.1,0.1,0.1,0.1,1,1,2,3,5,6,7,9,10,12,13,15,16,17,18,18,18,18,18,17,16,15,14,12,10,8,6,4,2,1,0.1,0.1,0.1,2,4,7,11,17,23,32,41,52,65,78,94,110,128,146,166,186,207,228,249,270,291,312,331,349,367,382,396,409,419,427,433,436,438,436,433,427,419,409,396,382,367,349,331,312,291,270,249,228,207,186,166,146,128,110,94,78,65,52,41,32,23,17,11,7,4,2,0.1,0.1,0.1,1,2,4,6,8,10,12,14,15,16,17,18,18,18,18,18,17,16,15,13,12,10,9,7,6,5,3,2,1,1,0.1,0.1,0.1,0.1,0.1,1,1,2,2,3,3,4,5,5,5,6,6,6,6,6,6,5,5,5,4,4,3,2,2,1,1,1,0.1,0.1,0.1,0.1,0.1,0.1,0.1,1,1,1,2,2,2,3,3,3,4,4,4,4,4,4,4,3,3,3,3,2,2,1,1,1,1,0.1,0.1,0.1,0.1,0.1,0.1,0.1,1,1,1,2,2,2,3,3,4,4,4,4,5,5,5,5,5,4,4,4,3,3,2,2,2,1,1,0.1,0.1,0.1,0.1,0.1,0.1,1,1,2,2,3,4,5,6,8,9,10,12,13,15,16,17,19,20,21,22,23,24,24,25,25,25,25,25,24,24,23,23,22,21,20,19,18,17,15,14,13,12,11,10,9,8,7,6,5,4,4,3,3,2,2,1,1,1,1,0.1,0.1,0.1,0.1,0.1,0.1,0.1,0.1,0.1,0.1,0.1,0.1,0.1,0.1,0.1,0.1,0.1,0.1,0.1,0.1,0.1,0.1,0.1,0.1,0.1,0.1,0.1,0.1,0.1,0.1,0.1,0.1,0.1,0.1,0.1,0.1,0.1,0.1,0.1,0.1,0.1,0.1,0.1
0.1,0.1,0.1,0.1,0.1,0.1,0.1,0.1,0.1,0.1,0.1,0.1,0.1,0.1,0.1,0.1,0.1,0.1,0.1,0.1,0.1,0.1,0.1,0.1,0.1,0.1,0.1,0.1,0.1,0.1,0.1,0.1,0.1,0.1,0.1,0.1,0.1,0.1,0.1,0.1,0.1,0.1,0.1,0.1,0.1,0.1,0.1,1,1,1,1,2,2,3,3,4,4,5,6,7,7,8,9,10,11,12,13,14,15,16,17,18,19,19,20,20,21,21,21,21,21,21,21,20,19,19,18,17,16,15,13,12,11,10,9,7,6,5,4,3,2,2,1,1,0.1,0.1,0.1,0.1,0.1,0.1,1,1,1,2,2,2,3,3,3,4,4,4,4,4,4,4,4,4,3,3,3,2,2,2,1,1,1,0.1,0.1,0.1,0.1,0.1,0.1,0.1,0.1,1,1,1,2,2,2,3,3,3,3,4,4,4,4,4,4,3,3,3,3,2,2,2,1,1,1,0.1,0.1,0.1,0.1,0.1,0.1,0.1,1,1,1,2,2,3,3,4,4,5,5,6,6,6,6,6,6,5,5,5,4,4,3,2,2,1,1,0.1,0.1,0.1,0.1,0.1,1,1,2,3,4,5,6,7,9,10,12,13,14,15,16,16,17,17,17,16,15,14,13,11,10,8,6,4,3,1,1,0.1,0.1,1,2,5,8,13,18,25,33,42,53,64,77,91,106,122,139,156,174,192,211,229,247,264,281,297,312,326,338,348,357,364,369,372,373,372,369,364,357,348,338,326,312,297,281,264,247,229,211,192,174,156,139,122,106,91,77,64,53,42,33,25,18,13,8,5,2,1,0.1,0.1,1,1,3,4,6,8,10,11,13,14,15,16,17,17,17,16,16,15,14,13,12,10,9,7,6,5,4,3,2,1,1,0.1,0.1,0.1,0.1,0.1,1,1,2,2,3,4,4,5,5,5,6,6,6,6,6,6,5,5,4,4,3,3,2,2,1,1,1,0.1,0.1,0.1,0.1,0.1,0.1,0.1,1,1,1,2,2,2,3,3,3,3,4,4,4,4,4,4,3,3,3,3,2,2,2,1,1,1,0.1,0.1,0.1,0.1,0.1,0.1,0.1,0.1,1,1,1,2,2,2,3,3,3,4,4,4,4,4,4,4,4,4,3,3,3,2,2,2,1,1,1,0.1,0.1,0.1,0.1,0.1,0.1,1,1,2,2,3,4,5,6,7,9,10,11,12,13,15,16,17,18,19,19,20,21,21,21,21,21,21,21,20,20,19,19,18,17,16,15,14,13,12,11,10,9,8,7,7,6,5,4,4,3,3,2,2,1,1,1,1,0.1,0.1,0.1,0.1,0.1,0.1,0.1,0.1,0.1,0.1,0.1,0.1,0.1,0.1,0.1,0.1,0.1,0.1,0.1,0.1,0.1,0.1,0.1,0.1,0.1,0.1,0.1,0.1,0.1,0.1,0.1,0.1,0.1,0.1,0.1,0.1,0.1,0.1,0.1,0.1,0.1,0.1,0.1,0.1
0.1,0.1,0.1,0.1,0.1,0.1,0.1,0.1,0.1,0.1,0.1,0.1,0.1,0.1,0.1,0.1,0.1,0.1,0.1,0.1,0.1,0.1,0.1,0.1,0.1,0.1,0.1,0.1,0.1,0.1,0.1,0.1,0.1,0.1,0.1,0.1,0.1,0.1,0.1,0.1,0.1,0.1,0.1,0.1,0.1,0.1,0.1,1,1,1,1,1,2,2,3,3,4,4,5,5,6,7,8,9,9,10,11,12,13,14,14,15,16,16,17,17,18,18,18,18,18,18,17,17,16,16,15,14,13,12,11,10,9,8,7,6,5,4,3,3,2,1,1,0.1,0.1,0.1,0.1,0.1,0.1,0.1,1,1,1,2,2,2,3,3,3,3,4,4,4,4,4,4,4,3,3,3,2,2,2,1,1,1,1,0.1,0.1,0.1,0.1,0.1,0.1,0.1,0.1,1,1,1,2,2,2,3,3,3,3,4,4,4,4,4,4,3,3,3,3,2,2,2,1,1,1,0.1,0.1,0.1,0.1,0.1,0.1,0.1,1,1,1,2,2,3,3,4,4,5,5,5,6,6,6,6,6,5,5,5,4,4,3,3,2,1,1,1,0.1,0.1,0.1,0.1,0.1,1,1,2,3,4,5,6,8,9,10,11,12,13,14,15,15,15,15,15,14,13,12,11,9,8,6,5,3,2,1,0.1,0.1,0.1,1,3,6,9,14,19,26,34,42,52,63,75,87,101,115,130,145,160,176,192,207,222,236,250,263,275,285,294,302,308,312,315,316,315,312,308,302,294,285,275,263,250,236,222,207,192,176,160,145,130,115,101,87,75,63,52,42,34,26,19,14,9,6,3,1,0.1,0.1,0.1,1,2,3,5,6,8,9,11,12,13,14,15,15,15,15,15,14,13,12,11,10,9,8,6,5,4,3,2,1,1,0.1,0.1,0.1,0.1,0.1,1,1,1,2,3,3,4,4,5,5,5,6,6,6,6,6,5,5,5,4,4,3,3,2,2,1,1,1,0.1,0.1,0.1,0.1,0.1,0.1,0.1,1,1,1,2,2,2,3,3,3,3,4,4,4,4,4,4,3,3,3,3,2,2,2,1,1,1,0.1,0.1,0.1,0.1,0.1,0.1,0.1,0.1,1,1,1,1,2,2,2,3,3,3,4,4,4,4,4,4,4,3,3,3,3,2,2,2,1,1,1,0.1,0.1,0.1,0.1,0.1,0.1,0.1,1,1,2,3,3,4,5,6,7,8,9,10,11,12,13,14,15,16,16,17,17,18,18,18,18,18,18,17,17,16,16,15,14,14,13,12,11,10,9,9,8,7,6,5,5,4,4,3,3,2,2,1,1,1,1,1,0.1,0.1,0.1,0.1,0.1,0.1,0.1,0.1,0.1,0.1,0.1,0.1,0.1,0.1,0.1,0.1,0.1,0.1,0.1,0.1,0.1,0.1,0.1,0.1,0.1,0.1,0.1,0.1,0.1,0.1,0.1,0.1,0.1,0.1,0.1,0.1,0.1,0.1,0.1,0.1,0.1,0.1,0.1,0.1
0.1,0.1,0.1,0.1,0.1,0.1,0.1,0.1,0.1,0.1,0.1,0.1,0.1,0.1,0.1,0.1,0.1,0.1,0.1,0.1,0.1,0.1,0.1,0.1,0.1,0.1,0.1,0.1,0.1,0.1,0.1,0.1,0.1,0.1,0.1,0.1,0.1,0.1,0.1,0.1,0.1,0.1,0.1,0.1,0.1,0.1,0.1,0.1,1,1,1,1,1,2,2,2,3,3,4,5,5,6,6,7,8,9,9,10,11,11,12,13,13,14,14,14,15,15,15,15,15,15,14,14,13,13,12,12,11,10,9,8,7,6,6,5,4,3,3,2,1,1,1,0.1,0.1,0.1,0.1,0.1,0.1,0.1,1,1,1,2,2,2,2,3,3,3,3,3,3,3,3,3,3,3,3,2,2,2,1,1,1,1,0.1,0.1,0.1,0.1,0.1,0.1,0.1,0.1,0.1,1,1,1,2,2,2,3,3,3,3,4,4,4,4,4,3,3,3,3,2,2,2,1,1,1,1,0.1,0.1,0.1,0.1,0.1,0.1,0.1,1,1,1,2,2,3,3,4,4,5,5,5,5,6,6,6,6,5,5,5,4,4,3,3,2,2,1,1,0.1,0.1,0.1,0.1,0.1,1,1,2,2,3,4,5,6,8,9,10,11,12,13,13,14,14,14,14,13,12,11,10,9,8,6,5,3,2,1,0.1,0.1,0.1,1,2,4,7,10,15,20,26,33,41,50,60,71,82,94,106,119,132,146,159,172,184,197,208,219,229,238,246,252,257,261,263,264,263,261,257,252,246,238,229,219,208,197,184,172,159,146,132,119,106,94,82,71,60,50,41,33,26,20,15,10,7,4,2,1,0.1,0.1,0.1,1,2,3,5,6,8,9,10,11,12,13,14,14,14,14,13,13,12,11,10,9,8,6,5,4,3,2,2,1,1,0.1,0.1,0.1,0.1,0.1,1,1,2,2,3,3,4,4,5,5,5,6,6,6,6,5,5,5,5,4,4,3,3,2,2,1,1,1,0.1,0.1,0.1,0.1,0.1,0.1,0.1,1,1,1,1,2,2,2,3,3,3,3,4,4,4,4,4,3,3,3,3,2,2,2,1,1,1,0.1,0.1,0.1,0.1,0.1,0.1,0.1,0.1,0.1,1,1,1,1,2,2,2,3,3,3,3,3,3,3,3,3,3,3,3,2,2,2,2,1,1,1,0.1,0.1,0.1,0.1,0.1,0.1,0.1,1,1,1,2,3,3,4,5,6,6,7,8,9,10,11,12,12,13,13,14,14,15,15,15,15,15,15,14,14,14,13,13,12,11,11,10,9,9,8,7,6,6,5,5,4,3,3,2,2,2,1,1,1,1,1,0.1,0.1,0.1,0.1,0.1,0.1,0.1,0.1,0.1,0.1,0.1,0.1,0.1,0.1,0.1,0.1,0.1,0.1,0.1,0.1,0.1,0.1,0.1,0.1,0.1,0.1,0.1,0.1,0.1,0.1,0.1,0.1,0.1,0.1,0.1,0.1,0.1,0.1,0.1,0.1,0.1,0.1,0.1,0.1,0.1
0.1,0.1,0.1,0.1,0.1,0.1,0.1,0.1,0.1,0.1,0.1,0.1,0.1,0.1,0.1,0.1,0.1,0.1,0.1,0.1,0.1,0.1,0.1,0.1,0.1,0.1,0.1,0.1,0.1,0.1,0.1,0.1,0.1,0.1,0.1,0.1,0.1,0.1,0.1,0.1,0.1,0.1,0.1,0.1,0.1,0.1,0.1,0.1,0.1,1,1,1,1,1,2,2,2,3,3,4,4,5,5,6,6,7,8,8,9,9,10,10,11,11,12,12,12,12,12,12,12,12,12,11,11,11,10,9,9,8,7,7,6,5,4,4,3,2,2,1,1,1,0.1,0.1,0.1,0.1,0.1,0.1,0.1,0.1,1,1,1,1,2,2,2,3,3,3,3,3,3,3,3,3,3,2,2,2,2,1,1,1,1,0.1,0.1,0.1,0.1,0.1,0.1,0.1,0.1,0.1,1,1,1,1,2,2,2,3,3,3,3,3,4,4,4,3,3,3,3,3,2,2,2,1,1,1,1,0.1,0.1,0.1,0.1,0.1,0.1,0.1,1,1,1,2,2,3,3,4,4,4,5,5,5,6,6,6,5,5,5,5,4,4,3,3,2,2,1,1,0.1,0.1,0.1,0.1,0.1,0.1,1,1,2,3,3,4,5,6,7,8,9,10,11,12,12,12,13,12,12,12,11,10,9,8,6,5,4,2,1,1,0.1,0.1,0.1,1,3,5,7,11,15,20,26,32,40,48,56,66,76,86,97,108,119,130,141,151,162,172,181,189,197,203,209,213,216,218,219,218,216,213,209,203,197,189,181,172,162,151,141,130,119,108,97,86,76,66,56,48,40,32,26,20,15,11,7,5,3,1,0.1,0.1,0.1,1,1,2,4,5,6,8,9,10,11,12,12,12,13,12,12,12,11,10,9,8,7,6,5,4,3,3,2,1,1,0.1,0.1,0.1,0.1,0.1,0.1,1,1,2,2,3,3,4,4,5,5,5,5,6,6,6,5,5,5,4,4,4,3,3,2,2,1,1,1,0.1,0.1,0.1,0.1,0.1,0.1,0.1,1,1,1,1,2,2,2,3,3,3,3,3,4,4,4,3,3,3,3,3,2,2,2,1,1,1,1,0.1,0.1,0.1,0.1,0.1,0.1,0.1,0.1,0.1,1,1,1,1,2,2,2,2,3,3,3,3,3,3,3,3,3,3,2,2,2,1,1,1,1,0.1,0.1,0.1,0.1,0.1,0.1,0.1,0.1,1,1,1,2,2,3,4,4,5,6,7,7,8,9,9,10,11,11,11,12,12,12,12,12,12,12,12,12,11,11,10,10,9,9,8,8,7,6,6,5,5,4,4,3,3,2,2,2,1,1,1,1,1,0.1,0.1,0.1,0.1,0.1,0.1,0.1,0.1,0.1,0.1,0.1,0.1,0.1,0.1,0.1,0.1,0.1,0.1,0.1,0.1,0.1,0.1,0.1,0.1,0.1,0.1,0.1,0.1,0.1,0.1,0.1,0.1,0.1,0.1,0.1,0.1,0.1,0.1,0.1,0.1,0.1,0.1,0.1,0.1,0.1,0.1
0.1,0.1,0.1,0.1,0.1,0.1,0.1,0.1,0.1,0.1,0.1,0.1,0.1,0.1,0.1,0.1,0.1,0.1,0.1,0.1,0.1,0.1,0.1,0.1,0.1,0.1,0.1,0.1,0.1,0.1,0.1,0.1,0.1,0.1,0.1,0.1,0.1,0.1,0.1,0.1,0.1,0.1,0.1,0.1,0.1,0.1,0.1,0.1,0.1,0.1,1,1,1,1,1,2,2,2,3,3,3,4,4,5,5,6,6,7,7,8,8,9,9,9,10,10,10,10,10,10,10,10,10,9,9,9,8,8,7,6,6,5,5,4,3,3,2,2,1,1,1,0.1,0.1,0.1,0.1,0.1,0.1,0.1,0.1,0.1,1,1,1,1,2,2,2,2,3,3,3,3,3,3,3,3,2,2,2,2,1,1,1,1,0.1,0.1,0.1,0.1,0.1,0.1,0.1,0.1,0.1,0.1,1,1,1,1,2,2,2,3,3,3,3,3,3,3,3,3,3,3,3,3,2,2,2,1,1,1,0.1,0.1,0.1,0.1,0.1,0.1,0.1,0.1,1,1,1,2,2,2,3,3,4,4,5,5,5,5,5,5,5,5,5,5,4,4,3,3,2,2,1,1,1,0.1,0.1,0.1,0.1,0.1,0.1,1,1,2,3,4,4,5,6,7,8,9,10,10,11,11,11,11,11,11,10,9,8,7,6,5,4,3,2,1,0.1,0.1,0.1,1,1,3,5,8,11,15,19,25,31,37,44,52,60,69,77,86,96,105,114,123,131,140,147,154,160,166,170,174,177,178,179,178,177,174,170,166,160,154,147,140,131,123,114,105,96,86,77,69,60,52,44,37,31,25,19,15,11,8,5,3,1,1,0.1,0.1,0.1,1,2,3,4,5,6,7,8,9,10,11,11,11,11,11,11,10,10,9,8,7,6,5,4,4,3,2,1,1,0.1,0.1,0.1,0.1,0.1,0.1,1,1,1,2,2,3,3,4,4,5,5,5,5,5,5,5,5,5,5,4,4,3,3,2,2,2,1,1,1,0.1,0.1,0.1,0.1,0.1,0.1,0.1,0.1,1,1,1,2,2,2,3,3,3,3,3,3,3,3,3,3,3,3,3,2,2,2,1,1,1,1,0.1,0.1,0.1,0.1,0.1,0.1,0.1,0.1,0.1,0.1,1,1,1,1,2,2,2,2,3,3,3,3,3,3,3,3,2,2,2,2,1,1,1,1,0.1,0.1,0.1,0.1,0.1,0.1,0.1,0.1,0.1,1,1,1,2,2,3,3,4,5,5,6,6,7,8,8,9,9,9,10,10,10,10,10,10,10,10,10,9,9,9,8,8,7,7,6,6,5,5,4,4,3,3,3,2,2,2,1,1,1,1,1,0.1,0.1,0.1,0.1,0.1,0.1,0.1,0.1,0.1,0.1,0.1,0.1,0.1,0.1,0.1,0.1,0.1,0.1,0.1,0.1,0.1,0.1,0.1,0.1,0.1,0.1,0.1,0.1,0.1,0.1,0.1,0.1,0.1,0.1,0.1,0.1,0.1,0.1,0.1,0.1,0.1,0.1,0.1,0.1,0.1,0.1,0.1
0.1,0.1,0.1,0.1,0.1,0.1,0.1,0.1,0.1,0.1,0.1,0.1,0.1,0.1,0.1,0.1,0.1,0.1,0.1,0.1,0.1,0.1,0.1,0.1,0.1,0.1,0.1,0.1,0.1,0.1,0.1,0.1,0.1,0.1,0.1,0.1,0.1,0.1,0.1,0.1,0.1,0.1,0.1,0.1,0.1,0.1,0.1,0.1,0.1,0.1,0.1,1,1,1,1,1,1,2,2,2,3,3,3,4,4,5,5,5,6,6,7,7,7,7,8,8,8,8,8,8,8,8,8,7,7,7,6,6,5,5,5,4,4,3,3,2,2,1,1,1,0.1,0.1,0.1,0.1,0.1,0.1,0.1,0.1,0.1,1,1,1,1,1,2,2,2,2,2,2,2,2,2,2,2,2,2,2,2,1,1,1,1,1,0.1,0.1,0.1,0.1,0.1,0.1,0.1,0.1,0.1,0.1,1,1,1,1,2,2,2,3,3,3,3,3,3,3,3,3,3,3,3,2,2,2,2,1,1,1,0.1,0.1,0.1,0.1,0.1,0.1,0.1,0.1,1,1,1,1,2,2,3,3,4,4,4,5,5,5,5,5,5,5,5,5,4,4,3,3,2,2,2,1,1,0.1,0.1,0.1,0.1,0.1,0.1,1,1,2,2,3,4,5,5,6,7,8,9,9,10,10,10,10,10,10,9,9,8,7,6,5,4,3,2,1,1,0.1,0.1,0.1,1,2,3,5,8,11,14,18,23,28,34,40,47,54,61,68,76,83,91,98,105,112,118,124,129,134,137,140,143,144,144,144,143,140,137,134,129,124,118,112,105,98,91,83,76,68,61,54,47,40,34,28,23,18,14,11,8,5,3,2,1,0.1,0.1,0.1,1,1,2,3,4,5,6,7,8,9,9,10,10,10,10,10,10,9,9,8,7,6,5,5,4,3,2,2,1,1,0.1,0.1,0.1,0.1,0.1,0.1,1,1,2,2,2,3,3,4,4,5,5,5,5,5,5,5,5,5,4,4,4,3,3,2,2,1,1,1,1,0.1,0.1,0.1,0.1,0.1,0.1,0.1,0.1,1,1,1,2,2,2,2,3,3,3,3,3,3,3,3,3,3,3,3,2,2,2,1,1,1,1,0.1,0.1,0.1,0.1,0.1,0.1,0.1,0.1,0.1,0.1,1,1,1,1,1,2,2,2,2,2,2,2,2,2,2,2,2,2,2,2,1,1,1,1,1,0.1,0.1,0.1,0.1,0.1,0.1,0.1,0.1,0.1,1,1,1,2,2,3,3,4,4,5,5,5,6,6,7,7,7,8,8,8,8,8,8,8,8,8,7,7,7,7,6,6,5,5,5,4,4,3,3,3,2,2,2,1,1,1,1,1,1,0.1,0.1,0.1,0.1,0.1,0.1,0.1,0.1,0.1,0.1,0.1,0.1,0.1,0.1,0.1,0.1,0.1,0.1,0.1,0.1,0.1,0.1,0.1,0.1,0.1,0.1,0.1,0.1,0.1,0.1,0.1,0.1,0.1,0.1,0.1,0.1,0.1,0.1,0.1,0.1,0.1,0.1,0.1,0.1,0.1,0.1,0.1,0.1
0.1,0.1,0.1,0.1,0.1,0.1,0.1,0.1,0.1,0.1,0.1,0.1,0.1,0.1,0.1,0.1,0.1,0.1,0.1,0.1,0.1,0.1,0.1,0.1,0.1,0.1,0.1,0.1,0.1,0.1,0.1,0.1,0.1,0.1,0.1,0.1,0.1,0.1,0.1,0.1,0.1,0.1,0.1,0.1,0.1,0.1,0.1,0.1,0.1,0.1,0.1,0.1,1,1,1,1,1,1,2,2,2,2,3,3,3,4,4,4,5,5,5,6,6,6,6,6,6,6,6,6,6,6,6,6,6,5,5,5,4,4,3,3,3,2,2,2,1,1,1,0.1,0.1,0.1,0.1,0.1,0.1,0.1,0.1,0.1,0.1,1,1,1,1,1,2,2,2,2,2,2,2,2,2,2,2,2,2,2,1,1,1,1,1,0.1,0.1,0.1,0.1,0.1,0.1,0.1,0.1,0.1,0.1,1,1,1,1,2,2,2,2,3,3,3,3,3,3,3,3,3,3,3,3,2,2,2,1,1,1,1,0.1,0.1,0.1,0.1,0.1,0.1,0.1,0.1,0.1,1,1,1,2,2,3,3,3,4,4,4,5,5,5,5,5,5,5,5,4,4,3,3,3,2,2,1,1,0.1,0.1,0.1,0.1,0.1,0.1,0.1,1,1,2,2,3,4,5,5,6,7,7,8,9,9,9,9,9,9,9,8,8,7,6,5,4,3,2,2,1,0.1,0.1,0.1,0.1,1,2,3,5,7,10,13,17,21,26,30,36,41,47,53,59,65,71,77,83,88,93,98,102,106,109,112,114,115,115,115,114,112,109,106,102,98,93,88,83,77,71,65,59,53,47,41,36,30,26,21,17,13,10,7,5,3,2,1,0.1,0.1,0.1,0.1,1,2,2,3,4,5,6,7,8,8,9,9,9,9,9,9,9,8,7,7,6,5,5,4,3,2,2,1,1,0.1,0.1,0.1,0.1,0.1,0.1,0.1,1,1,2,2,3,3,3,4,4,5,5,5,5,5,5,5,5,4,4,4,3,3,3,2,2,1,1,1,0.1,0.1,0.1,0.1,0.1,0.1,0.1,0.1,0.1,1,1,1,1,2,2,2,3,3,3,3,3,3,3,3,3,3,3,3,2,2,2,2,1,1,1,1,0.1,0.1,0.1,0.1,0.1,0.1,0.1,0.1,0.1,0.1,1,1,1,1,1,2,2,2,2,2,2,2,2,2,2,2,2,2,2,1,1,1,1,1,0.1,0.1,0.1,0.1,0.1,0.1,0.1,0.1,0.1,0.1,1,1,1,2,2,2,3,3,3,4,4,5,5,5,6,6,6,6,6,6,6,6,6,6,6,6,6,6,5,5,5,4,4,4,3,3,3,2,2,2,2,1,1,1,1,1,1,0.1,0.1,0.1,0.1,0.1,0.1,0.1,0.1,0.1,0.1,0.1,0.1,0.1,0.1,0.1,0.1,0.1,0.1,0.1,0.1,0.1,0.1,0.1,0.1,0.1,0.1,0.1,0.1,0.1,0.1,0.1,0.1,0.1,0.1,0.1,0.1,0.1,0.1,0.1,0.1,0.1,0.1,0.1,0.1,0.1,0.1,0.1,0.1,0.1
0.1,0.1,0.1,0.1,0.1,0.1,0.1,0.1,0.1,0.1,0.1,0.1,0.1,0.1,0.1,0.1,0.1,0.1,0.1,0.1,0.1,0.1,0.1,0.1,0.1,0.1,0.1,0.1,0.1,0.1,0.1,0.1,0.1,0.1,0.1,0.1,0.1,0.1,0.1,0.1,0.1,0.1,0.1,0.1,0.1,0.1,0.1,0.1,0.1,0.1,0.1,0.1,0.1,0.1,1,1,1,1,1,1,2,2,2,2,3,3,3,3,4,4,4,4,4,5,5,5,5,5,5,5,5,5,5,5,4,4,4,3,3,3,3,2,2,2,1,1,1,1,0.1,0.1,0.1,0.1,0.1,0.1,0.1,0.1,0.1,0.1,0.1,1,1,1,1,1,1,2,2,2,2,2,2,2,2,2,2,2,1,1,1,1,1,1,0.1,0.1,0.1,0.1,0.1,0.1,0.1,0.1,0.1,0.1,0.1,1,1,1,1,2,2,2,2,2,3,3,3,3,3,3,3,3,3,3,2,2,2,2,1,1,1,1,0.1,0.1,0.1,0.1,0.1,0.1,0.1,0.1,0.1,1,1,1,2,2,2,3,3,4,4,4,5,5,5,5,5,5,5,4,4,4,3,3,3,2,2,1,1,1,0.1,0.1,0.1,0.1,0.1,0.1,1,1,1,2,2,3,4,4,5,6,6,7,8,8,8,8,8,8,8,8,7,7,6,5,4,4,3,2,1,1,0.1,0.1,0.1,0.1,1,2,3,5,7,9,12,15,19,22,27,31,35,40,45,50,55,60,64,69,73,76,80,83,85,87,89,90,90,90,89,87,85,83,80,76,73,69,64,60,55,50,45,40,35,31,27,22,19,15,12,9,7,5,3,2,1,0.1,0.1,0.1,0.1,1,1,2,3,4,4,5,6,7,7,8,8,8,8,8,8,8,8,7,6,6,5,4,4,3,2,2,1,1,1,0.1,0.1,0.1,0.1,0.1,0.1,1,1,1,2,2,3,3,3,4,4,4,5,5,5,5,5,5,5,4,4,4,3,3,2,2,2,1,1,1,0.1,0.1,0.1,0.1,0.1,0.1,0.1,0.1,0.1,1,1,1,1,2,2,2,2,3,3,3,3,3,3,3,3,3,3,2,2,2,2,2,1,1,1,1,0.1,0.1,0.1,0.1,0.1,0.1,0.1,0.1,0.1,0.1,0.1,1,1,1,1,1,1,2,2,2,2,2,2,2,2,2,2,2,1,1,1,1,1,1,0.1,0.1,0.1,0.1,0.1,0.1,0.1,0.1,0.1,0.1,0.1,1,1,1,1,2,2,2,3,3,3,3,4,4,4,5,5,5,5,5,5,5,5,5,5,5,4,4,4,4,4,3,3,3,3,2,2,2,2,1,1,1,1,1,1,0.1,0.1,0.1,0.1,0.1,0.1,0.1,0.1,0.1,0.1,0.1,0.1,0.1,0.1,0.1,0.1,0.1,0.1,0.1,0.1,0.1,0.1,0.1,0.1,0.1,0.1,0.1,0.1,0.1,0.1,0.1,0.1,0.1,0.1,0.1,0.1,0.1,0.1,0.1,0.1,0.1,0.1,0.1,0.1,0.1,0.1,0.1,0.1,0.1,0.1,0.1
0.1,0.1,0.1,0.1,0.1,0.1,0.1,0.1,0.1,0.1,0.1,0.1,0.1,0.1,0.1,0.1,0.1,0.1,0.1,0.1,0.1,0.1,0.1,0.1,0.1,0.1,0.1,0.1,0.1,0.1,0.1,0.1,0.1,0.1,0.1,0.1,0.1,0.1,0.1,0.1,0.1,0.1,0.1,0.1,0.1,0.1,0.1,0.1,0.1,0.1,0.1,0.1,0.1,0.1,0.1,1,1,1,1,1,1,1,2,2,2,2,2,3,3,3,3,3,3,4,4,4,4,4,4,4,4,4,4,3,3,3,3,3,2,2,2,2,1,1,1,1,1,0.1,0.1,0.1,0.1,0.1,0.1,0.1,0.1,0.1,0.1,0.1,1,1,1,1,1,1,1,2,2,2,2,2,2,2,2,2,2,1,1,1,1,1,1,0.1,0.1,0.1,0.1,0.1,0.1,0.1,0.1,0.1,0.1,0.1,0.1,1,1,1,1,2,2,2,2,2,3,3,3,3,3,3,3,3,3,2,2,2,2,2,1,1,1,1,0.1,0.1,0.1,0.1,0.1,0.1,0.1,0.1,0.1,1,1,1,2,2,2,3,3,3,4,4,4,4,5,5,5,5,4,4,4,4,3,3,3,2,2,1,1,1,0.1,0.1,0.1,0.1,0.1,0.1,0.1,1,1,1,2,2,3,4,4,5,6,6,7,7,7,8,8,8,7,7,7,6,6,5,4,4,3,2,2,1,0.1,0.1,0.1,0.1,0.1,1,2,3,4,6,8,10,13,16,19,23,26,30,34,37,41,45,49,52,55,58,61,64,66,67,68,69,69,69,68,67,66,64,61,58,55,52,49,45,41,37,34,30,26,23,19,16,13,10,8,6,4,3,2,1,0.1,0.1,0.1,0.1,0.1,1,2,2,3,4,4,5,6,6,7,7,7,8,8,8,7,7,7,6,6,5,4,4,3,2,2,1,1,1,0.1,0.1,0.1,0.1,0.1,0.1,0.1,1,1,1,2,2,3,3,3,4,4,4,4,5,5,5,5,4,4,4,4,3,3,3,2,2,2,1,1,1,0.1,0.1,0.1,0.1,0.1,0.1,0.1,0.1,0.1,1,1,1,1,2,2,2,2,2,3,3,3,3,3,3,3,3,3,2,2,2,2,2,1,1,1,1,0.1,0.1,0.1,0.1,0.1,0.1,0.1,0.1,0.1,0.1,0.1,0.1,1,1,1,1,1,1,2,2,2,2,2,2,2,2,2,2,1,1,1,1,1,1,1,0.1,0.1,0.1,0.1,0.1,0.1,0.1,0.1,0.1,0.1,0.1,1,1,1,1,1,2,2,2,2,3,3,3,3,3,4,4,4,4,4,4,4,4,4,4,3,3,3,3,3,3,2,2,2,2,2,1,1,1,1,1,1,1,0.1,0.1,0.1,0.1,0.1,0.1,0.1,0.1,0.1,0.1,0.1,0.1,0.1,0.1,0.1,0.1,0.1,0.1,0.1,0.1,0.1,0.1,0.1,0.1,0.1,0.1,0.1,0.1,0.1,0.1,0.1,0.1,0.1,0.1,0.1,0.1,0.1,0.1,0.1,0.1,0.1,0.1,0.1,0.1,0.1,0.1,0.1,0.1,0.1,0.1,0.1,0.1
0.1,0.1,0.1,0.1,0.1,0.1,0.1,0.1,0.1,0.1,0.1,0.1,0.1,0.1,0.1,0.1,0.1,0.1,0.1,0.1,0.1,0.1,0.1,0.1,0.1,0.1,0.1,0.1,0.1,0.1,0.1,0.1,0.1,0.1,0.1,0.1,0.1,0.1,0.1,0.1,0.1,0.1,0.1,0.1,0.1,0.1,0.1,0.1,0.1,0.1,0.1,0.1,0.1,0.1,0.1,0.1,0.1,1,1,1,1,1,1,1,1,2,2,2,2,2,2,2,3,3,3,3,3,3,3,3,3,3,3,3,2,2,2,2,2,1,1,1,1,1,1,0.1,0.1,0.1,0.1,0.1,0.1,0.1,0.1,0.1,0.1,0.1,0.1,0.1,1,1,1,1,1,1,1,1,1,2,2,2,2,2,1,1,1,1,1,1,1,1,0.1,0.1,0.1,0.1,0.1,0.1,0.1,0.1,0.1,0.1,0.1,0.1,0.1,1,1,1,1,2,2,2,2,2,2,3,3,3,3,3,3,3,2,2,2,2,2,1,1,1,1,1,0.1,0.1,0.1,0.1,0.1,0.1,0.1,0.1,0.1,1,1,1,1,2,2,3,3,3,4,4,4,4,4,4,4,4,4,4,4,4,3,3,3,2,2,1,1,1,1,0.1,0.1,0.1,0.1,0.1,0.1,0.1,1,1,2,2,3,3,4,4,5,5,6,6,6,7,7,7,7,7,6,6,6,5,4,4,3,3,2,1,1,0.1,0.1,0.1,0.1,0.1,1,2,3,4,5,7,9,11,13,16,19,21,24,27,30,33,36,39,41,44,46,48,49,50,51,52,52,52,51,50,49,48,46,44,41,39,36,33,30,27,24,21,19,16,13,11,9,7,5,4,3,2,1,0.1,0.1,0.1,0.1,0.1,1,1,2,3,3,4,4,5,6,6,6,7,7,7,7,7,6,6,6,5,5,4,4,3,3,2,2,1,1,0.1,0.1,0.1,0.1,0.1,0.1,0.1,1,1,1,1,2,2,3,3,3,4,4,4,4,4,4,4,4,4,4,4,4,3,3,3,2,2,1,1,1,1,0.1,0.1,0.1,0.1,0.1,0.1,0.1,0.1,0.1,1,1,1,1,1,2,2,2,2,2,3,3,3,3,3,3,3,2,2,2,2,2,2,1,1,1,1,0.1,0.1,0.1,0.1,0.1,0.1,0.1,0.1,0.1,0.1,0.1,0.1,0.1,1,1,1,1,1,1,1,1,2,2,2,2,2,1,1,1,1,1,1,1,1,1,0.1,0.1,0.1,0.1,0.1,0.1,0.1,0.1,0.1,0.1,0.1,0.1,0.1,1,1,1,1,1,1,2,2,2,2,2,3,3,3,3,3,3,3,3,3,3,3,3,2,2,2,2,2,2,2,1,1,1,1,1,1,1,1,0.1,0.1,0.1,0.1,0.1,0.1,0.1,0.1,0.1,0.1,0.1,0.1,0.1,0.1,0.1,0.1,0.1,0.1,0.1,0.1,0.1,0.1,0.1,0.1,0.1,0.1,0.1,0.1,0.1,0.1,0.1,0.1,0.1,0.1,0.1,0.1,0.1,0.1,0.1,0.1,0.1,0.1,0.1,0.1,0.1,0.1,0.1,0.1,0.1,0.1,0.1,0.1,0.1,0.1
0.1,0.1,0.1,0.1,0.1,0.1,0.1,0.1,0.1,0.1,0.1,0.1,0.1,0.1,0.1,0.1,0.1,0.1,0.1,0.1,0.1,0.1,0.1,0.1,0.1,0.1,0.1,0.1,0.1,0.1,0.1,0.1,0.1,0.1,0.1,0.1,0.1,0.1,0.1,0.1,0.1,0.1,0.1,0.1,0.1,0.1,0.1,0.1,0.1,0.1,0.1,0.1,0.1,0.1,0.1,0.1,0.1,0.1,0.1,1,1,1,1,1,1,1,1,1,2,2,2,2,2,2,2,2,2,2,2,2,2,2,2,2,2,2,1,1,1,1,1,1,1,0.1,0.1,0.1,0.1,0.1,0.1,0.1,0.1,0.1,0.1,0.1,0.1,0.1,0.1,0.1,1,1,1,1,1,1,1,1,1,1,1,1,1,1,1,1,1,1,1,1,1,0.1,0.1,0.1,0.1,0.1,0.1,0.1,0.1,0.1,0.1,0.1,0.1,0.1,1,1,1,1,1,1,2,2,2,2,2,2,3,3,3,3,3,2,2,2,2,2,2,1,1,1,1,0.1,0.1,0.1,0.1,0.1,0.1,0.1,0.1,0.1,0.1,1,1,1,1,2,2,2,3,3,3,4,4,4,4,4,4,4,4,4,4,4,3,3,3,2,2,2,1,1,1,0.1,0.1,0.1,0.1,0.1,0.1,0.1,1,1,1,2,2,3,3,4,4,5,5,5,6,6,6,6,6,6,6,6,5,5,4,4,3,3,2,2,1,1,0.1,0.1,0.1,0.1,0.1,1,1,2,3,4,6,7,9,11,13,15,17,19,22,24,26,28,30,32,33,35,36,37,38,38,38,38,38,37,36,35,33,32,30,28,26,24,22,19,17,15,13,11,9,7,6,4,3,2,1,1,0.1,0.1,0.1,0.1,0.1,1,1,2,2,3,3,4,4,5,5,6,6,6,6,6,6,6,6,5,5,5,4,4,3,3,2,2,1,1,1,0.1,0.1,0.1,0.1,0.1,0.1,0.1,1,1,1,2,2,2,3,3,3,4,4,4,4,4,4,4,4,4,4,4,3,3,3,2,2,2,1,1,1,1,0.1,0.1,0.1,0.1,0.1,0.1,0.1,0.1,0.1,0.1,1,1,1,1,2,2,2,2,2,2,3,3,3,3,3,2,2,2,2,2,2,1,1,1,1,1,1,0.1,0.1,0.1,0.1,0.1,0.1,0.1,0.1,0.1,0.1,0.1,0.1,0.1,1,1,1,1,1,1,1,1,1,1,1,1,1,1,1,1,1,1,1,1,1,0.1,0.1,0.1,0.1,0.1,0.1,0.1,0.1,0.1,0.1,0.1,0.1,0.1,0.1,0.1,1,1,1,1,1,1,1,2,2,2,2,2,2,2,2,2,2,2,2,2,2,2,2,2,2,1,1,1,1,1,1,1,1,1,0.1,0.1,0.1,0.1,0.1,0.1,0.1,0.1,0.1,0.1,0.1,0.1,0.1,0.1,0.1,0.1,0.1,0.1,0.1,0.1,0.1,0.1,0.1,0.1,0.1,0.1,0.1,0.1,0.1,0.1,0.1,0.1,0.1,0.1,0.1,0.1,0.1,0.1,0.1,0.1,0.1,0.1,0.1,0.1,0.1,0.1,0.1,0.1,0.1,0.1,0.1,0.1,0.1,0.1,0.1,0.1
0.1,0.1,0.1,0.1,0.1,0.1,0.1,0.1,0.1,0.1,0.1,0.1,0.1,0.1,0.1,0.1,0.1,0.1,0.1,0.1,0.1,0.1,0.1,0.1,0.1,0.1,0.1,0.1,0.1,0.1,0.1,0.1,0.1,0.1,0.1,0.1,0.1,0.1,0.1,0.1,0.1,0.1,0.1,0.1,0.1,0.1,0.1,0.1,0.1,0.1,0.1,0.1,0.1,0.1,0.1,0.1,0.1,0.1,0.1,0.1,0.1,1,1,1,1,1,1,1,1,1,1,1,1,1,1,1,1,1,1,1,1,1,1,1,1,1,1,1,1,1,1,0.1,0.1,0.1,0.1,0.1,0.1,0.1,0.1,0.1,0.1,0.1,0.1,0.1,0.1,0.1,0.1,0.1,1,1,1,1,1,1,1,1,1,1,1,1,1,1,1,1,1,1,1,1,0.1,0.1,0.1,0.1,0.1,0.1,0.1,0.1,0.1,0.1,0.1,0.1,0.1,0.1,1,1,1,1,1,1,2,2,2,2,2,2,2,2,2,2,2,2,2,2,2,2,1,1,1,1,1,0.1,0.1,0.1,0.1,0.1,0.1,0.1,0.1,0.1,0.1,1,1,1,1,2,2,2,2,3,3,3,4,4,4,4,4,4,4,4,4,3,3,3,3,2,2,2,1,1,1,0.1,0.1,0.1,0.1,0.1,0.1,0.1,0.1,1,1,1,2,2,2,3,3,4,4,5,5,5,5,6,6,6,6,5,5,5,4,4,3,3,2,2,1,1,1,0.1,0.1,0.1,0.1,0.1,1,1,2,2,3,4,6,7,8,10,11,13,15,16,18,20,21,22,24,25,26,26,27,27,27,27,27,26,26,25,24,22,21,20,18,16,15,13,11,10,8,7,6,4,3,2,2,1,1,0.1,0.1,0.1,0.1,0.1,1,1,1,2,2,3,3,4,4,5,5,5,6,6,6,6,5,5,5,5,4,4,3,3,2,2,2,1,1,1,0.1,0.1,0.1,0.1,0.1,0.1,0.1,0.1,1,1,1,2,2,2,3,3,3,3,4,4,4,4,4,4,4,4,4,3,3,3,2,2,2,2,1,1,1,1,0.1,0.1,0.1,0.1,0.1,0.1,0.1,0.1,0.1,0.1,1,1,1,1,1,2,2,2,2,2,2,2,2,2,2,2,2,2,2,2,2,1,1,1,1,1,1,0.1,0.1,0.1,0.1,0.1,0.1,0.1,0.1,0.1,0.1,0.1,0.1,0.1,0.1,1,1,1,1,1,1,1,1,1,1,1,1,1,1,1,1,1,1,1,1,0.1,0.1,0.1,0.1,0.1,0.1,0.1,0.1,0.1,0.1,0.1,0.1,0.1,0.1,0.1,0.1,0.1,1,1,1,1,1,1,1,1,1,1,1,1,1,1,1,1,1,1,1,1,1,1,1,1,1,1,1,1,1,1,0.1,0.1,0.1,0.1,0.1,0.1,0.1,0.1,0.1,0.1,0.1,0.1,0.1,0.1,0.1,0.1,0.1,0.1,0.1,0.1,0.1,0.1,0.1,0.1,0.1,0.1,0.1,0.1,0.1,0.1,0.1,0.1,0.1,0.1,0.1,0.1,0.1,0.1,0.1,0.1,0.1,0.1,0.1,0.1,0.1,0.1,0.1,0.1,0.1,0.1,0.1,0.1,0.1,0.1,0.1,0.1,0.1,0.1
0.1,0.1,0.1,0.1,0.1,0.1,0.1,0.1,0.1,0.1,0.1,0.1,0.1,0.1,0.1,0.1,0.1,0.1,0.1,0.1,0.1,0.1,0.1,0.1,0.1,0.1,0.1,0.1,0.1,0.1,0.1,0.1,0.1,0.1,0.1,0.1,0.1,0.1,0.1,0.1,0.1,0.1,0.1,0.1,0.1,0.1,0.1,0.1,0.1,0.1,0.1,0.1,0.1,0.1,0.1,0.1,0.1,0.1,0.1,0.1,0.1,0.1,0.1,0.1,1,1,1,1,1,1,1,1,1,1,1,1,1,1,1,1,1,1,1,1,1,1,1,1,0.1,0.1,0.1,0.1,0.1,0.1,0.1,0.1,0.1,0.1,0.1,0.1,0.1,0.1,0.1,0.1,0.1,0.1,0.1,1,1,1,1,1,1,1,1,1,1,1,1,1,1,1,1,1,1,1,1,0.1,0.1,0.1,0.1,0.1,0.1,0.1,0.1,0.1,0.1,0.1,0.1,0.1,0.1,0.1,1,1,1,1,1,1,2,2,2,2,2,2,2,2,2,2,2,2,2,2,2,2,1,1,1,1,1,0.1,0.1,0.1,0.1,0.1,0.1,0.1,0.1,0.1,0.1,0.1,1,1,1,1,2,2,2,3,3,3,3,3,4,4,4,4,4,4,3,3,3,3,3,2,2,2,1,1,1,0.1,0.1,0.1,0.1,0.1,0.1,0.1,0.1,0.1,1,1,1,2,2,2,3,3,4,4,4,5,5,5,5,5,5,5,5,5,4,4,4,3,3,2,2,1,1,1,0.1,0.1,0.1,0.1,0.1,0.1,1,1,2,2,3,4,5,6,7,8,10,11,12,13,14,15,16,17,18,18,18,19,19,19,18,18,18,17,16,15,14,13,12,11,10,8,7,6,5,4,3,2,2,1,1,0.1,0.1,0.1,0.1,0.1,0.1,1,1,1,2,2,3,3,4,4,4,5,5,5,5,5,5,5,5,5,4,4,4,3,3,2,2,2,1,1,1,0.1,0.1,0.1,0.1,0.1,0.1,0.1,0.1,0.1,1,1,1,2,2,2,3,3,3,3,3,4,4,4,4,4,4,3,3,3,3,3,2,2,2,1,1,1,1,0.1,0.1,0.1,0.1,0.1,0.1,0.1,0.1,0.1,0.1,0.1,1,1,1,1,1,2,2,2,2,2,2,2,2,2,2,2,2,2,2,2,2,1,1,1,1,1,1,0.1,0.1,0.1,0.1,0.1,0.1,0.1,0.1,0.1,0.1,0.1,0.1,0.1,0.1,0.1,1,1,1,1,1,1,1,1,1,1,1,1,1,1,1,1,1,1,1,1,0.1,0.1,0.1,0.1,0.1,0.1,0.1,0.1,0.1,0.1,0.1,0.1,0.1,0.1,0.1,0.1,0.1,0.1,0.1,1,1,1,1,1,1,1,1,1,1,1,1,1,1,1,1,1,1,1,1,1,1,1,1,0.1,0.1,0.1,0.1,0.1,0.1,0.1,0.1,0.1,0.1,0.1,0.1,0.1,0.1,0.1,0.1,0.1,0.1,0.1,0.1,0.1,0.1,0.1,0.1,0.1,0.1,0.1,0.1,0.1,0.1,0.1,0.1,0.1,0.1,0.1,0.1,0.1,0.1,0.1,0.1,0.1,0.1,0.1,0.1,0.1,0.1,0.1,0.1,0.1,0.1,0.1,0.1,0.1,0.1,0.1,0.1,0.1,0.1,0.1,0.1,0.1
0.1,0.1,0.1,0.1,0.1,0.1,0.1,0.1,0.1,0.1,0.1,0.1,0.1,0.1,0.1,0.1,0.1,0.1,0.1,0.1,0.1,0.1,0.1,0.1,0.1,0.1,0.1,0.1,0.1,0.1,0.1,0.1,0.1,0.1,0.1,0.1,0.1,0.1,0.1,0.1,0.1,0.1,0.1,0.1,0.1,0.1,0.1,0.1,0.1,0.1,0.1,0.1,0.1,0.1,0.1,0.1,0.1,0.1,0.1,0.1,0.1,0.1,0.1,0.1,0.1,0.1,0.1,0.1,0.1,1,1,1,1,1,1,1,1,1,1,1,1,1,1,1,0.1,0.1,0.1,0.1,0.1,0.1,0.1,0.1,0.1,0.1,0.1,0.1,0.1,0.1,0.1,0.1,0.1,0.1,0.1,0.1,0.1,0.1,0.1,1,1,1,1,1,1,1,1,1,1,1,1,1,1,1,1,1,1,1,0.1,0.1,0.1,0.1,0.1,0.1,0.1,0.1,0.1,0.1,0.1,0.1,0.1,0.1,0.1,0.1,1,1,1,1,1,1,1,2,2,2,2,2,2,2,2,2,2,2,2,2,2,1,1,1,1,1,1,0.1,0.1,0.1,0.1,0.1,0.1,0.1,0.1,0.1,0.1,0.1,1,1,1,1,2,2,2,2,3,3,3,3,3,3,3,3,3,3,3,3,3,3,2,2,2,2,1,1,1,1,0.1,0.1,0.1,0.1,0.1,0.1,0.1,0.1,0.1,1,1,1,2,2,2,3,3,3,4,4,4,4,5,5,5,5,5,4,4,4,4,3,3,2,2,2,1,1,1,0.1,0.1,0.1,0.1,0.1,0.1,0.1,1,1,2,2,3,4,4,5,6,7,7,8,9,10,10,11,11,12,12,12,12,12,12,12,11,11,10,10,9,8,7,7,6,5,4,4,3,2,2,1,1,0.1,0.1,0.1,0.1,0.1,0.1,0.1,1,1,1,2,2,2,3,3,4,4,4,4,5,5,5,5,5,4,4,4,4,3,3,3,2,2,2,1,1,1,0.1,0.1,0.1,0.1,0.1,0.1,0.1,0.1,0.1,1,1,1,1,2,2,2,2,3,3,3,3,3,3,3,3,3,3,3,3,3,3,2,2,2,2,1,1,1,1,0.1,0.1,0.1,0.1,0.1,0.1,0.1,0.1,0.1,0.1,0.1,1,1,1,1,1,1,2,2,2,2,2,2,2,2,2,2,2,2,2,2,1,1,1,1,1,1,1,0.1,0.1,0.1,0.1,0.1,0.1,0.1,0.1,0.1,0.1,0.1,0.1,0.1,0.1,0.1,0.1,1,1,1,1,1,1,1,1,1,1,1,1,1,1,1,1,1,1,1,0.1,0.1,0.1,0.1,0.1,0.1,0.1,0.1,0.1,0.1,0.1,0.1,0.1,0.1,0.1,0.1,0.1,0.1,0.1,0.1,0.1,0.1,0.1,1,1,1,1,1,1,1,1,1,1,1,1,1,1,1,0.1,0.1,0.1,0.1,0.1,0.1,0.1,0.1,0.1,0.1,0.1,0.1,0.1,0.1,0.1,0.1,0.1,0.1,0.1,0.1,0.1,0.1,0.1,0.1,0.1,0.1,0.1,0.1,0.1,0.1,0.1,0.1,0.1,0.1,0.1,0.1,0.1,0.1,0.1,0.1,0.1,0.1,0.1,0.1,0.1,0.1,0.1,0.1,0.1,0.1,0.1,0.1,0.1,0.1,0.1,0.1,0.1,0.1,0.1,0.1,0.1,0.1,0.1,0.1,0.1,0.1
0.1,0.1,0.1,0.1,0.1,0.1,0.1,0.1,0.1,0.1,0.1,0.1,0.1,0.1,0.1,0.1,0.1,0.1,0.1,0.1,0.1,0.1,0.1,0.1,0.1,0.1,0.1,0.1,0.1,0.1,0.1,0.1,0.1,0.1,0.1,0.1,0.1,0.1,0.1,0.1,0.1,0.1,0.1,0.1,0.1,0.1,0.1,0.1,0.1,0.1,0.1,0.1,0.1,0.1,0.1,0.1,0.1,0.1,0.1,0.1,0.1,0.1,0.1,0.1,0.1,0.1,0.1,0.1,0.1,0.1,0.1,0.1,0.1,0.1,0.1,0.1,0.1,0.1,0.1,0.1,0.1,0.1,0.1,0.1,0.1,0.1,0.1,0.1,0.1,0.1,0.1,0.1,0.1,0.1,0.1,0.1,0.1,0.1,0.1,0.1,0.1,0.1,0.1,0.1,0.1,0.1,0.1,1,1,1,1,1,1,1,1,1,1,1,1,1,1,1,1,1,1,0.1,0.1,0.1,0.1,0.1,0.1,0.1,0.1,0.1,0.1,0.1,0.1,0.1,0.1,0.1,0.1,0.1,1,1,1,1,1,1,1,2,2,2,2,2,2,2,2,2,2,2,2,2,1,1,1,1,1,1,0.1,0.1,0.1,0.1,0.1,0.1,0.1,0.1,0.1,0.1,0.1,0.1,1,1,1,1,1,2,2,2,2,3,3,3,3,3,3,3,3,3,3,3,3,3,2,2,2,2,1,1,1,1,0.1,0.1,0.1,0.1,0.1,0.1,0.1,0.1,0.1,1,1,1,1,2,2,2,3,3,3,3,4,4,4,4,4,4,4,4,4,4,4,3,3,3,2,2,2,1,1,1,0.1,0.1,0.1,0.1,0.1,0.1,0.1,0.1,1,1,1,2,2,3,3,4,4,5,5,6,6,7,7,7,7,8,8,8,7,7,7,7,6,6,5,5,4,4,3,3,2,2,1,1,1,0.1,0.1,0.1,0.1,0.1,0.1,0.1,0.1,1,1,1,2,2,2,3,3,3,4,4,4,4,4,4,4,4,4,4,4,3,3,3,3,2,2,2,1,1,1,1,0.1,0.1,0.1,0.1,0.1,0.1,0.1,0.1,0.1,1,1,1,1,2,2,2,2,3,3,3,3,3,3,3,3,3,3,3,3,3,2,2,2,2,1,1,1,1,1,0.1,0.1,0.1,0.1,0.1,0.1,0.1,0.1,0.1,0.1,0.1,0.1,1,1,1,1,1,1,2,2,2,2,2,2,2,2,2,2,2,2,2,1,1,1,1,1,1,1,0.1,0.1,0.1,0.1,0.1,0.1,0.1,0.1,0.1,0.1,0.1,0.1,0.1,0.1,0.1,0.1,0.1,1,1,1,1,1,1,1,1,1,1,1,1,1,1,1,1,1,1,0.1,0.1,0.1,0.1,0.1,0.1,0.1,0.1,0.1,0.1,0.1,0.1,0.1,0.1,0.1,0.1,0.1,0.1,0.1,0.1,0.1,0.1,0.1,0.1,0.1,0.1,0.1,0.1,0.1,0.1,0.1,0.1,0.1,0.1,0.1,0.1,0.1,0.1,0.1,0.1,0.1,0.1,0.1,0.1,0.1,0.1,0.1,0.1,0.1,0.1,0.1,0.1,0.1,0.1,0.1,0.1,0.1,0.1,0.1,0.1,0.1,0.1,0.1,0.1,0.1,0.1,0.1,0.1,0.1,0.1,0.1,0.1,0.1,0.1,0.1,0.1,0.1,0.1,0.1,0.1,0.1,0.1,0.1,0.1,0.1,0.1,0.1,0.1,0.1,0.1,0.1,0.1,0.1,0.1,0.1,0.1,0.1,0.1,0.1,0.1,0.1,0.1,0.1,0.1
0.1,0.1,0.1,0.1,0.1,0.1,0.1,0.1,0.1,0.1,0.1,0.1,0.1,0.1,0.1,0.1,0.1,0.1,0.1,0.1,0.1,0.1,0.1,0.1,0.1,0.1,0.1,0.1,0.1,0.1,0.1,0.1,0.1,0.1,0.1,0.1,0.1,0.1,0.1,0.1,0.1,0.1,0.1,0.1,0.1,0.1,0.1,0.1,0.1,0.1,0.1,0.1,0.1,0.1,0.1,0.1,0.1,0.1,0.1,0.1,0.1,0.1,0.1,0.1,0.1,0.1,0.1,0.1,0.1,0.1,0.1,0.1,0.1,0.1,0.1,0.1,0.1,0.1,0.1,0.1,0.1,0.1,0.1,0.1,0.1,0.1,0.1,0.1,0.1,0.1,0.1,0.1,0.1,0.1,0.1,0.1,0.1,0.1,0.1,0.1,0.1,0.1,0.1,0.1,0.1,0.1,0.1,1,1,1,1,1,1,1,1,1,1,1,1,1,1,1,1,0.1,0.1,0.1,0.1,0.1,0.1,0.1,0.1,0.1,0.1,0.1,0.1,0.1,0.1,0.1,0.1,0.1,0.1,0.1,1,1,1,1,1,1,1,1,2,2,2,2,2,2,2,2,2,2,1,1,1,1,1,1,1,1,0.1,0.1,0.1,0.1,0.1,0.1,0.1,0.1,0.1,0.1,0.1,0.1,0.1,1,1,1,1,1,2,2,2,2,2,3,3,3,3,3,3,3,3,3,3,2,2,2,2,2,1,1,1,1,0.1,0.1,0.1,0.1,0.1,0.1,0.1,0.1,0.1,0.1,1,1,1,1,2,2,2,2,3,3,3,3,4,4,4,4,4,4,4,4,3,3,3,3,2,2,2,2,1,1,1,1,0.1,0.1,0.1,0.1,0.1,0.1,0.1,0.1,0.1,1,1,1,2,2,2,3,3,3,3,4,4,4,4,4,4,4,4,4,4,4,3,3,3,3,2,2,2,1,1,1,0.1,0.1,0.1,0.1,0.1,0.1,0.1,0.1,0.1,1,1,1,1,2,2,2,2,3,3,3,3,4,4,4,4,4,4,4,4,3,3,3,3,2,2,2,2,1,1,1,1,0.1,0.1,0.1,0.1,0.1,0.1,0.1,0.1,0.1,0.1,1,1,1,1,2,2,2,2,2,3,3,3,3,3,3,3,3,3,3,2,2,2,2,2,1,1,1,1,1,0.1,0.1,0.1,0.1,0.1,0.1,0.1,0.1,0.1,0.1,0.1,0.1,0.1,1,1,1,1,1,1,1,1,2,2,2,2,2,2,2,2,2,2,1,1,1,1,1,1,1,1,0.1,0.1,0.1,0.1,0.1,0.1,0.1,0.1,0.1,0.1,0.1,0.1,0.1,0.1,0.1,0.1,0.1,0.1,0.1,1,1,1,1,1,1,1,1,1,1,1,1,1,1,1,1,0.1,0.1,0.1,0.1,0.1,0.1,0.1,0.1,0.1,0.1,0.1,0.1,0.1,0.1,0.1,0.1,0.1,0.1,0.1,0.1,0.1,0.1,0.1,0.1,0.1,0.1,0.1,0.1,0.1,0.1,0.1,0.1,0.1,0.1,0.1,0.1,0.1,0.1,0.1,0.1,0.1,0.1,0.1,0.1,0.1,0.1,0.1,0.1,0.1,0.1,0.1,0.1,0.1,0.1,0.1,0.1,0.1,0.1,0.1,0.1,0.1,0.1,0.1,0.1,0.1,0.1,0.1,0.1,0.1,0.1,0.1,0.1,0.1,0.1,0.1,0.1,0.1,0.1,0.1,0.1,0.1,0.1,0.1,0.1,0.1,0.1,0.1,0.1,0.1,0.1,0.1,0.1,0.1,0.1,0.1,0.1,0.1,0.1,0.1,0.1,0.1,0.1,0.1,0.1
0.1,0.1,0.1,0.1,0.1,0.1,0.1,0.1,0.1,0.1,0.1,0.1,0.1,0.1,0.1,0.1,0.1,0.1,0.1,0.1,0.1,0.1,0.1,0.1,0.1,0.1,0.1,0.1,0.1,0.1,0.1,0.1,0.1,0.1,0.1,0.1,0.1,0.1,0.1,0.1,0.1,0.1,0.1,0.1,0.1,0.1,0.1,0.1,0.1,0.1,0.1,0.1,0.1,0.1,0.1,0.1,0.1,0.1,0.1,0.1,0.1,0.1,0.1,0.1,0.1,0.1,0.1,0.1,0.1,0.1,0.1,0.1,0.1,0.1,0.1,0.1,0.1,0.1,0.1,0.1,0.1,0.1,0.1,0.1,0.1,0.1,0.1,0.1,0.1,0.1,0.1,0.1,0.1,0.1,0.1,0.1,0.1,0.1,0.1,0.1,0.1,0.1,0.1,0.1,0.1,0.1,0.1,1,1,1,1,1,1,1,1,1,1,1,1,1,1,1,0.1,0.1,0.1,0.1,0.1,0.1,0.1,0.1,0.1,0.1,0.1,0.1,0.1,0.1,0.1,0.1,0.1,0.1,0.1,0.1,1,1,1,1,1,1,1,1,1,1,2,2,2,2,2,2,1,1,1,1,1,1,1,1,1,0.1,0.1,0.1,0.1,0.1,0.1,0.1,0.1,0.1,0.1,0.1,0.1,0.1,0.1,1,1,1,1,1,2,2,2,2,2,2,2,3,3,3,3,3,3,2,2,2,2,2,2,1,1,1,1,1,0.1,0.1,0.1,0.1,0.1,0.1,0.1,0.1,0.1,0.1,0.1,1,1,1,1,2,2,2,2,3,3,3,3,3,3,4,4,4,4,3,3,3,3,3,3,2,2,2,2,1,1,1,1,0.1,0.1,0.1,0.1,0.1,0.1,0.1,0.1,0.1,0.1,0.1,1,1,1,1,1,1,2,2,2,2,2,2,2,2,2,2,2,2,2,1,1,1,1,1,1,0.1,0.1,0.1,0.1,0.1,0.1,0.1,0.1,0.1,0.1,0.1,1,1,1,1,2,2,2,2,3,3,3,3,3,3,4,4,4,4,3,3,3,3,3,3,2,2,2,2,1,1,1,1,0.1,0.1,0.1,0.1,0.1,0.1,0.1,0.1,0.1,0.1,0.1,1,1,1,1,1,2,2,2,2,2,2,3,3,3,3,3,3,2,2,2,2,2,2,2,1,1,1,1,1,0.1,0.1,0.1,0.1,0.1,0.1,0.1,0.1,0.1,0.1,0.1,0.1,0.1,0.1,1,1,1,1,1,1,1,1,1,2,2,2,2,2,2,1,1,1,1,1,1,1,1,1,1,0.1,0.1,0.1,0.1,0.1,0.1,0.1,0.1,0.1,0.1,0.1,0.1,0.1,0.1,0.1,0.1,0.1,0.1,0.1,0.1,1,1,1,1,1,1,1,1,1,1,1,1,1,1,1,0.1,0.1,0.1,0.1,0.1,0.1,0.1,0.1,0.1,0.1,0.1,0.1,0.1,0.1,0.1,0.1,0.1,0.1,0.1,0.1,0.1,0.1,0.1,0.1,0.1,0.1,0.1,0.1,0.1,0.1,0.1,0.1,0.1,0.1,0.1,0.1,0.1,0.1,0.1,0.1,0.1,0.1,0.1,0.1,0.1,0.1,0.1,0.1,0.1,0.1,0.1,0.1,0.1,0.1,0.1,0.1,0.1,0.1,0.1,0.1,0.1,0.1,0.1,0.1,0.1,0.1,0.1,0.1,0.1,0.1,0.1,0.1,0.1,0.1,0.1,0.1,0.1,0.1,0.1,0.1,0.1,0.1,0.1,0.1,0.1,0.1,0.1,0.1,0.1,0.1,0.1,0.1,0.1,0.1,0.1,0.1,0.1,0.1,0.1,0.1,0.1,0.1,0.1,0.1
0.1,0.1,0.1,0.1,0.1,0.1,0.1,0.1,0.1,0.1,0.1,0.1,0.1,0.1,0.1,0.1,0.1,0.1,0.1,0.1,0.1,0.1,0.1,0.1,0.1,0.1,0.1,0.1,0.1,0.1,0.1,0.1,0.1,0.1,0.1,0.1,0.1,0.1,0.1,0.1,0.1,0.1,0.1,0.1,0.1,0.1,0.1,0.1,0.1,0.1,0.1,0.1,0.1,0.1,0.1,0.1,0.1,0.1,0.1,0.1,0.1,0.1,0.1,0.1,0.1,0.1,0.1,0.1,0.1,0.1,0.1,0.1,0.1,0.1,0.1,0.1,0.1,0.1,0.1,0.1,0.1,0.1,0.1,0.1,0.1,0.1,0.1,0.1,0.1,0.1,0.1,0.1,0.1,0.1,0.1,0.1,0.1,0.1,0.1,0.1,0.1,0.1,0.1,0.1,0.1,0.1,0.1,1,1,1,1,1,1,1,1,1,1,1,1,1,0.1,0.1,0.1,0.1,0.1,0.1,0.1,0.1,0.1,0.1,0.1,0.1,0.1,0.1,0.1,0.1,0.1,0.1,0.1,0.1,0.1,0.1,1,1,1,1,1,1,1,1,1,1,1,1,1,1,1,1,1,1,1,1,1,1,1,1,1,0.1,0.1,0.1,0.1,0.1,0.1,0.1,0.1,0.1,0.1,0.1,0.1,0.1,0.1,1,1,1,1,1,1,2,2,2,2,2,2,2,2,2,2,2,2,2,2,2,2,2,2,1,1,1,1,1,0.1,0.1,0.1,0.1,0.1,0.1,0.1,0.1,0.1,0.1,0.1,0.1,1,1,1,1,1,2,2,2,2,3,3,3,3,3,3,3,3,3,3,3,3,3,3,2,2,2,2,2,1,1,1,1,1,0.1,0.1,0.1,0.1,0.1,0.1,0.1,0.1,0.1,0.1,0.1,0.1,0.1,0.1,0.1,1,1,1,1,1,1,1,1,1,1,1,1,1,0.1,0.1,0.1,0.1,0.1,0.1,0.1,0.1,0.1,0.1,0.1,0.1,0.1,0.1,0.1,1,1,1,1,1,2,2,2,2,2,3,3,3,3,3,3,3,3,3,3,3,3,3,3,2,2,2,2,1,1,1,1,1,0.1,0.1,0.1,0.1,0.1,0.1,0.1,0.1,0.1,0.1,0.1,0.1,1,1,1,1,1,2,2,2,2,2,2,2,2,2,2,2,2,2,2,2,2,2,2,1,1,1,1,1,1,0.1,0.1,0.1,0.1,0.1,0.1,0.1,0.1,0.1,0.1,0.1,0.1,0.1,0.1,1,1,1,1,1,1,1,1,1,1,1,1,1,1,1,1,1,1,1,1,1,1,1,1,1,0.1,0.1,0.1,0.1,0.1,0.1,0.1,0.1,0.1,0.1,0.1,0.1,0.1,0.1,0.1,0.1,0.1,0.1,0.1,0.1,0.1,0.1,1,1,1,1,1,1,1,1,1,1,1,1,1,0.1,0.1,0.1,0.1,0.1,0.1,0.1,0.1,0.1,0.1,0.1,0.1,0.1,0.1,0.1,0.1,0.1,0.1,0.1,0.1,0.1,0.1,0.1,0.1,0.1,0.1,0.1,0.1,0.1,0.1,0.1,0.1,0.1,0.1,0.1,0.1,0.1,0.1,0.1,0.1,0.1,0.1,0.1,0.1,0.1,0.1,0.1,0.1,0.1,0.1,0.1,0.1,0.1,0.1,0.1,0.1,0.1,0.1,0.1,0.1,0.1,0.1,0.1,0.1,0.1,0.1,0.1,0.1,0.1,0.1,0.1,0.1,0.1,0.1,0.1,0.1,0.1,0.1,0.1,0.1,0.1,0.1,0.1,0.1,0.1,0.1,0.1,0.1,0.1,0.1,0.1,0.1,0.1,0.1,0.1,0.1,0.1,0.1,0.1,0.1,0.1,0.1,0.1,0.1
0.1,0.1,0.1,0.1,0.1,0.1,0.1,0.1,0.1,0.1,0.1,0.1,0.1,0.1,0.1,0.1,0.1,0.1,0.1,0.1,0.1,0.1,0.1,0.1,0.1,0.1,0.1,0.1,0.1,0.1,0.1,0.1,0.1,0.1,0.1,0.1,0.1,0.1,0.1,0.1,0.1,0.1,0.1,0.1,0.1,0.1,0.1,0.1,0.1,0.1,0.1,0.1,0.1,0.1,0.1,0.1,0.1,0.1,0.1,0.1,0.1,0.1,0.1,0.1,0.1,0.1,0.1,0.1,0.1,0.1,0.1,0.1,0.1,0.1,0.1,0.1,0.1,0.1,0.1,0.1,0.1,0.1,0.1,0.1,0.1,0.1,0.1,0.1,0.1,0.1,0.1,0.1,0.1,0.1,0.1,0.1,0.1,0.1,0.1,0.1,0.1,0.1,0.1,0.1,0.1,0.1,0.1,0.1,1,1,1,1,1,1,1,1,1,0.1,0.1,0.1,0.1,0.1,0.1,0.1,0.1,0.1,0.1,0.1,0.1,0.1,0.1,0.1,0.1,0.1,0.1,0.1,0.1,0.1,0.1,0.1,0.1,0.1,0.1,1,1,1,1,1,1,1,1,1,1,1,1,1,1,1,1,1,1,1,1,1,1,1,0.1,0.1,0.1,0.1,0.1,0.1,0.1,0.1,0.1,0.1,0.1,0.1,0.1,0.1,0.1,0.1,1,1,1,1,1,1,1,2,2,2,2,2,2,2,2,2,2,2,2,2,2,2,1,1,1,1,1,1,0.1,0.1,0.1,0.1,0.1,0.1,0.1,0.1,0.1,0.1,0.1,0.1,0.1,1,1,1,1,1,2,2,2,2,2,3,3,3,3,3,3,3,3,3,3,3,3,3,2,2,2,2,2,1,1,1,1,1,1,0.1,0.1,0.1,0.1,0.1,0.1,0.1,0.1,0.1,0.1,0.1,0.1,0.1,0.1,0.1,0.1,0.1,0.1,0.1,0.1,0.1,0.1,0.1,0.1,0.1,0.1,0.1,0.1,0.1,0.1,0.1,0.1,0.1,0.1,0.1,0.1,0.1,0.1,0.1,1,1,1,1,1,1,2,2,2,2,2,3,3,3,3,3,3,3,3,3,3,3,3,3,2,2,2,2,2,1,1,1,1,1,0.1,0.1,0.1,0.1,0.1,0.1,0.1,0.1,0.1,0.1,0.1,0.1,0.1,1,1,1,1,1,1,2,2,2,2,2,2,2,2,2,2,2,2,2,2,2,1,1,1,1,1,1,1,0.1,0.1,0.1,0.1,0.1,0.1,0.1,0.1,0.1,0.1,0.1,0.1,0.1,0.1,0.1,0.1,1,1,1,1,1,1,1,1,1,1,1,1,1,1,1,1,1,1,1,1,1,1,1,0.1,0.1,0.1,0.1,0.1,0.1,0.1,0.1,0.1,0.1,0.1,0.1,0.1,0.1,0.1,0.1,0.1,0.1,0.1,0.1,0.1,0.1,0.1,0.1,0.1,0.1,1,1,1,1,1,1,1,1,1,0.1,0.1,0.1,0.1,0.1,0.1,0.1,0.1,0.1,0.1,0.1,0.1,0.1,0.1,0.1,0.1,0.1,0.1,0.1,0.1,0.1,0.1,0.1,0.1,0.1,0.1,0.1,0.1,0.1,0.1,0.1,0.1,0.1,0.1,0.1,0.1,0.1,0.1,0.1,0.1,0.1,0.1,0.1,0.1,0.1,0.1,0.1,0.1,0.1,0.1,0.1,0.1,0.1,0.1,0.1,0.1,0.1,0.1,0.1,0.1,0.1,0.1,0.1,0.1,0.1,0.1,0.1,0.1,0.1,0.1,0.1,0.1,0.1,0.1,0.1,0.1,0.1,0.1,0.1,0.1,0.1,0.1,0.1,0.1,0.1,0.1,0.1,0.1,0.1,0.1,0.1,0.1,0.1,0.1,0.1,0.1,0.1,0.1,0.1,0.1,0.1,0.1,0.1,0.1,0.1
0.1,0.1,0.1,0.1,0.1,0.1,0.1,0.1,0.1,0.1,0.1,0.1,0.1,0.1,0.1,0.1,0.1,0.1,0.1,0.1,0.1,0.1,0.1,0.1,0.1,0.1,0.1,0.1,0.1,0.1,0.1,0.1,0.1,0.1,0.1,0.1,0.1,0.1,0.1,0.1,0.1,0.1,0.1,0.1,0.1,0.1,0.1,0.1,0.1,0.1,0.1,0.1,0.1,0.1,0.1,0.1,0.1,0.1,0.1,0.1,0.1,0.1,0.1,0.1,0.1,0.1,0.1,0.1,0.1,0.1,0.1,0.1,0.1,0.1,0.1,0.1,0.1,0.1,0.1,0.1,0.1,0.1,0.1,0.1,0.1,0.1,0.1,0.1,0.1,0.1,0.1,0.1,0.1,0.1,0.1,0.1,0.1,0.1,0.1,0.1,0.1,0.1,0.1,0.1,0.1,0.1,0.1,0.1,0.1,0.1,0.1,1,0.1,0.1,0.1,0.1,0.1,0.1,0.1,0.1,0.1,0.1,0.1,0.1,0.1,0.1,0.1,0.1,0.1,0.1,0.1,0.1,0.1,0.1,0.1,0.1,0.1,0.1,0.1,0.1,0.1,0.1,0.1,1,1,1,1,1,1,1,1,1,1,1,1,1,1,1,1,1,1,1,1,1,1,1,0.1,0.1,0.1,0.1,0.1,0.1,0.1,0.1,0.1,0.1,0.1,0.1,0.1,0.1,0.1,0.1,1,1,1,1,1,1,1,1,2,2,2,2,2,2,2,2,2,2,2,2,2,1,1,1,1,1,1,1,0.1,0.1,0.1,0.1,0.1,0.1,0.1,0.1,0.1,0.1,0.1,0.1,0.1,0.1,1,1,1,1,1,1,2,2,2,2,2,2,3,3,3,3,3,3,3,3,3,3,2,2,2,2,2,2,2,1,1,1,1,1,1,1,0.1,0.1,0.1,0.1,0.1,0.1,0.1,0.1,0.1,0.1,0.1,0.1,0.1,0.1,0.1,0.1,0.1,0.1,0.1,0.1,0.1,0.1,0.1,0.1,0.1,0.1,0.1,0.1,0.1,0.1,0.1,0.1,0.1,1,1,1,1,1,1,1,2,2,2,2,2,2,2,3,3,3,3,3,3,3,3,3,3,2,2,2,2,2,2,1,1,1,1,1,1,0.1,0.1,0.1,0.1,0.1,0.1,0.1,0.1,0.1,0.1,0.1,0.1,0.1,0.1,1,1,1,1,1,1,1,2,2,2,2,2,2,2,2,2,2,2,2,2,1,1,1,1,1,1,1,1,0.1,0.1,0.1,0.1,0.1,0.1,0.1,0.1,0.1,0.1,0.1,0.1,0.1,0.1,0.1,0.1,1,1,1,1,1,1,1,1,1,1,1,1,1,1,1,1,1,1,1,1,1,1,1,0.1,0.1,0.1,0.1,0.1,0.1,0.1,0.1,0.1,0.1,0.1,0.1,0.1,0.1,0.1,0.1,0.1,0.1,0.1,0.1,0.1,0.1,0.1,0.1,0.1,0.1,0.1,0.1,0.1,0.1,0.1,1,0.1,0.1,0.1,0.1,0.1,0.1,0.1,0.1,0.1,0.1,0.1,0.1,0.1,0.1,0.1,0.1,0.1,0.1,0.1,0.1,0.1,0.1,0.1,0.1,0.1,0.1,0.1,0.1,0.1,0.1,0.1,0.1,0.1,0.1,0.1,0.1,0.1,0.1,0.1,0.1,0.1,0.1,0.1,0.1,0.1,0.1,0.1,0.1,0.1,0.1,0.1,0.1,0.1,0.1,0.1,0.1,0.1,0.1,0.1,0.1,0.1,0.1,0.1,0.1,0.1,0.1,0.1,0.1,0.1,0.1,0.1,0.1,0.1,0.1,0.1,0.1,0.1,0.1,0.1,0.1,0.1,0.1,0.1,0.1,0.1,0.1,0.1,0.1,0.1,0.1,0.1,0.1,0.1,0.1,0.1,0.1,0.1,0.1,0.1,0.1,0.1,0.1,0.1,0.1,0.1,0.1,0.1,0.1
0.1,0.1,0.1,0.1,0.1,0.1,0.1,0.1,0.1,0.1,0.1,0.1,0.1,0.1,0.1,0.1,0.1,0.1,0.1,0.1,0.1,0.1,0.1,0.1,0.1,0.1,0.1,0.1,0.1,0.1,0.1,0.1,0.1,0.1,0.1,0.1,0.1,0.1,0.1,0.1,0.1,0.1,0.1,0.1,0.1,0.1,0.1,0.1,0.1,0.1,0.1,0.1,0.1,0.1,0.1,0.1,0.1,0.1,0.1,0.1,0.1,0.1,0.1,0.1,0.1,0.1,0.1,0.1,0.1,0.1,0.1,0.1,0.1,0.1,0.1,0.1,0.1,0.1,0.1,0.1,0.1,0.1,0.1,0.1,0.1,0.1,0.1,0.1,0.1,0.1,0.1,0.1,0.1,0.1,0.1,0.1,0.1,0.1,0.1,0.1,0.1,0.1,0.1,0.1,0.1,0.1,0.1,0.1,0.1,0.1,0.1,0.1,0.1,0.1,0.1,0.1,0.1,0.1,0.1,0.1,0.1,0.1,0.1,0.1,0.1,0.1,0.1,0.1,0.1,0.1,0.1,0.1,0.1,0.1,0.1,0.1,0.1,0.1,0.1,0.1,0.1,0.1,0.1,0.1,1,1,1,1,1,1,1,1,1,1,1,1,1,1,1,1,1,1,1,1,1,0.1,0.1,0.1,0.1,0.1,0.1,0.1,0.1,0.1,0.1,0.1,0.1,0.1,0.1,0.1,0.1,0.1,0.1,1,1,1,1,1,1,1,1,1,1,2,2,2,2,2,2,2,2,1,1,1,1,1,1,1,1,1,0.1,0.1,0.1,0.1,0.1,0.1,0.1,0.1,0.1,0.1,0.1,0.1,0.1,0.1,0.1,1,1,1,1,1,1,2,2,2,2,2,2,2,2,3,3,3,3,3,3,3,2,2,2,2,2,2,2,2,2,1,1,1,1,1,1,1,1,1,1,0.1,0.1,0.1,0.1,0.1,0.1,0.1,0.1,0.1,0.1,0.1,0.1,0.1,0.1,0.1,0.1,0.1,0.1,0.1,0.1,0.1,0.1,0.1,1,1,1,1,1,1,1,1,1,1,2,2,2,2,2,2,2,2,2,3,3,3,3,3,3,3,2,2,2,2,2,2,2,2,1,1,1,1,1,1,0.1,0.1,0.1,0.1,0.1,0.1,0.1,0.1,0.1,0.1,0.1,0.1,0.1,0.1,0.1,1,1,1,1,1,1,1,1,1,2,2,2,2,2,2,2,2,1,1,1,1,1,1,1,1,1,1,0.1,0.1,0.1,0.1,0.1,0.1,0.1,0.1,0.1,0.1,0.1,0.1,0.1,0.1,0.1,0.1,0.1,0.1,1,1,1,1,1,1,1,1,1,1,1,1,1,1,1,1,1,1,1,1,1,0.1,0.1,0.1,0.1,0.1,0.1,0.1,0.1,0.1,0.1,0.1,0.1,0.1,0.1,0.1,0.1,0.1,0.1,0.1,0.1,0.1,0.1,0.1,0.1,0.1,0.1,0.1,0.1,0.1,0.1,0.1,0.1,0.1,0.1,0.1,0.1,0.1,0.1,0.1,0.1,0.1,0.1,0.1,0.1,0.1,0.1,0.1,0.1,0.1,0.1,0.1,0.1,0.1,0.1,0.1,0.1,0.1,0.1,0.1,0.1,0.1,0.1,0.1,0.1,0.1,0.1,0.1,0.1,0.1,0.1,0.1,0.1,0.1,0.1,0.1,0.1,0.1,0.1,0.1,0.1,0.1,0.1,0.1,0.1,0.1,0.1,0.1,0.1,0.1,0.1,0.1,0.1,0.1,0.1,0.1,0.1,0.1,0.1,0.1,0.1,0.1,0.1,0.1,0.1,0.1,0.1,0.1,0.1,0.1,0.1,0.1,0.1,0.1,0.1,0.1,0.1,0.1,0.1,0.1,0.1,0.1,0.1,0.1,0.1,0.1,0.1,0.1,0.1,0.1,0.1,0.1,0.1,0.1,0.1,0.1,0.1,0.1,0.1,0.1,0.1,0.1
0.1,0.1,0.1,0.1,0.1,0.1,0.1,0.1,0.1,0.1,0.1,0.1,0.1,0.1,0.1,0.1,0.1,0.1,0.1,0.1,0.1,0.1,0.1,0.1,0.1,0.1,0.1,0.1,0.1,0.1,0.1,0.1,0.1,0.1,0.1,0.1,0.1,0.1,0.1,0.1,0.1,0.1,0.1,0.1,0.1,0.1,0.1,0.1,0.1,0.1,0.1,0.1,0.1,0.1,0.1,0.1,0.1,0.1,0.1,0.1,0.1,0.1,0.1,0.1,0.1,0.1,0.1,0.1,0.1,0.1,0.1,0.1,0.1,0.1,0.1,0.1,0.1,0.1,0.1,0.1,0.1,0.1,0.1,0.1,0.1,0.1,0.1,0.1,0.1,0.1,0.1,0.1,0.1,0.1,0.1,0.1,0.1,0.1,0.1,0.1,0.1,0.1,0.1,0.1,0.1,0.1,0.1,0.1,0.1,0.1,0.1,0.1,0.1,0.1,0.1,0.1,0.1,0.1,0.1,0.1,0.1,0.1,0.1,0.1,0.1,0.1,0.1,0.1,0.1,0.1,0.1,0.1,0.1,0.1,0.1,0.1,0.1,0.1,0.1,0.1,0.1,0.1,0.1,0.1,1,1,1,1,1,1,1,1,1,1,1,1,1,1,1,1,1,1,1,0.1,0.1,0.1,0.1,0.1,0.1,0.1,0.1,0.1,0.1,0.1,0.1,0.1,0.1,0.1,0.1,0.1,0.1,0.1,0.1,0.1,1,1,1,1,1,1,1,1,1,1,1,1,1,1,1,1,1,1,1,1,1,1,1,1,1,1,0.1,0.1,0.1,0.1,0.1,0.1,0.1,0.1,0.1,0.1,0.1,0.1,0.1,0.1,0.1,0.1,1,1,1,1,1,1,1,2,2,2,2,2,2,2,2,2,2,2,2,2,2,2,2,2,2,2,2,2,2,2,2,2,1,1,1,1,1,1,1,1,1,1,1,1,1,1,1,1,0.1,0.1,0.1,0.1,0.1,1,1,1,1,1,1,1,1,1,1,1,1,1,1,1,1,2,2,2,2,2,2,2,2,2,2,2,2,2,2,2,2,2,2,2,2,2,2,2,2,2,1,1,1,1,1,1,1,0.1,0.1,0.1,0.1,0.1,0.1,0.1,0.1,0.1,0.1,0.1,0.1,0.1,0.1,0.1,0.1,1,1,1,1,1,1,1,1,1,1,1,1,1,1,1,1,1,1,1,1,1,1,1,1,1,1,0.1,0.1,0.1,0.1,0.1,0.1,0.1,0.1,0.1,0.1,0.1,0.1,0.1,0.1,0.1,0.1,0.1,0.1,0.1,0.1,0.1,1,1,1,1,1,1,1,1,1,1,1,1,1,1,1,1,1,1,1,0.1,0.1,0.1,0.1,0.1,0.1,0.1,0.1,0.1,0.1,0.1,0.1,0.1,0.1,0.1,0.1,0.1,0.1,0.1,0.1,0.1,0.1,0.1,0.1,0.1,0.1,0.1,0.1,0.1,0.1,0.1,0.1,0.1,0.1,0.1,0.1,0.1,0.1,0.1,0.1,0.1,0.1,0.1,0.1,0.1,0.1,0.1,0.1,0.1,0.1,0.1,0.1,0.1,0.1,0.1,0.1,0.1,0.1,0.1,0.1,0.1,0.1,0.1,0.1,0.1,0.1,0.1,0.1,0.1,0.1,0.1,0.1,0.1,0.1,0.1,0.1,0.1,0.1,0.1,0.1,0.1,0.1,0.1,0.1,0.1,0.1,0.1,0.1,0.1,0.1,0.1,0.1,0.1,0.1,0.1,0.1,0.1,0.1,0.1,0.1,0.1,0.1,0.1,0.1,0.1,0.1,0.1,0.1,0.1,0.1,0.1,0.1,0.1,0.1,0.1,0.1,0.1,0.1,0.1,0.1,0.1,0.1,0.1,0.1,0.1,0.1,0.1,0.1,0.1,0.1,0.1,0.1,0.1,0.1,0.1,0.1,0.1,0.1,0.1,0.1,0.1
0.1,0.1,0.1,0.1,0.1,0.1,0.1,0.1,0.1,0.1,0.1,0.1,0.1,0.1,0.1,0.1,0.1,0.1,0.1,0.1,0.1,0.1,0.1,0.1,0.1,0.1,0.1,0.1,0.1,0.1,0.1,0.1,0.1,0.1,0.1,0.1,0.1,0.1,0.1,0.1,0.1,0.1,0.1,0.1,0.1,0.1,0.1,0.1,0.1,0.1,0.1,0.1,0.1,0.1,0.1,0.1,0.1,0.1,0.1,0.1,0.1,0.1,0.1,0.1,0.1,0.1,0.1,0.1,0.1,0.1,0.1,0.1,0.1,0.1,0.1,0.1,0.1,0.1,0.1,0.1,0.1,0.1,0.1,0.1,0.1,0.1,0.1,0.1,0.1,0.1,0.1,0.1,0.1,0.1,0.1,0.1,0.1,0.1,0.1,0.1,0.1,0.1,0.1,0.1,0.1,0.1,0.1,0.1,0.1,0.1,0.1,0.1,0.1,0.1,0.1,0.1,0.1,0.1,0.1,0.1,0.1,0.1,0.1,0.1,0.1,0.1,0.1,0.1,0.1,0.1,0.1,0.1,0.1,0.1,0.1,0.1,0.1,0.1,0.1,0.1,0.1,0.1,0.1,0.1,0.1,0.1,1,1,1,1,1,1,1,1,1,1,1,1,1,1,1,1,0.1,0.1,0.1,0.1,0.1,0.1,0.1,0.1,0.1,0.1,0.1,0.1,0.1,0.1,0.1,0.1,0.1,0.1,0.1,0.1,0.1,0.1,0.1,1,1,1,1,1,1,1,1,1,1,1,1,1,1,1,1,1,1,1,1,1,1,1,1,1,0.1,0.1,0.1,0.1,0.1,0.1,0.1,0.1,0.1,0.1,0.1,0.1,0.1,0.1,0.1,0.1,0.1,1,1,1,1,1,1,1,1,2,2,2,2,2,2,2,2,2,2,2,2,2,2,2,2,2,2,2,2,2,2,2,2,2,2,2,1,1,1,1,1,1,1,1,1,1,1,1,1,1,1,1,1,1,1,1,1,1,1,1,1,1,1,1,1,2,2,2,2,2,2,2,2,2,2,2,2,2,2,2,2,2,2,2,2,2,2,2,2,2,2,2,1,1,1,1,1,1,1,1,0.1,0.1,0.1,0.1,0.1,0.1,0.1,0.1,0.1,0.1,0.1,0.1,0.1,0.1,0.1,0.1,0.1,1,1,1,1,1,1,1,1,1,1,1,1,1,1,1,1,1,1,1,1,1,1,1,1,1,0.1,0.1,0.1,0.1,0.1,0.1,0.1,0.1,0.1,0.1,0.1,0.1,0.1,0.1,0.1,0.1,0.1,0.1,0.1,0.1,0.1,0.1,0.1,1,1,1,1,1,1,1,1,1,1,1,1,1,1,1,1,0.1,0.1,0.1,0.1,0.1,0.1,0.1,0.1,0.1,0.1,0.1,0.1,0.1,0.1,0.1,0.1,0.1,0.1,0.1,0.1,0.1,0.1,0.1,0.1,0.1,0.1,0.1,0.1,0.1,0.1,0.1,0.1,0.1,0.1,0.1,0.1,0.1,0.1,0.1,0.1,0.1,0.1,0.1,0.1,0.1,0.1,0.1,0.1,0.1,0.1,0.1,0.1,0.1,0.1,0.1,0.1,0.1,0.1,0.1,0.1,0.1,0.1,0.1,0.1,0.1,0.1,0.1,0.1,0.1,0.1,0.1,0.1,0.1,0.1,0.1,0.1,0.1,0.1,0.1,0.1,0.1,0.1,0.1,0.1,0.1,0.1,0.1,0.1,0.1,0.1,0.1,0.1,0.1,0.1,0.1,0.1,0.1,0.1,0.1,0.1,0.1,0.1,0.1,0.1,0.1,0.1,0.1,0.1,0.1,0.1,0.1,0.1,0.1,0.1,0.1,0.1,0.1,0.1,0.1,0.1,0.1,0.1,0.1,0.1,0.1,0.1,0.1,0.1,0.1,0.1,0.1,0.1,0.1,0.1,0.1,0.1,0.1,0.1,0.1,0.1,0.1,0.1,0.1
0.1,0.1,0.1,0.1,0.1,0.1,0.1,0.1,0.1,0.1,0.1,0.1,0.1,0.1,0.1,0.1,0.1,0.1,0.1,0.1,0.1,0.1,0.1,0.1,0.1,0.1,0.1,0.1,0.1,0.1,0.1,0.1,0.1,0.1,0.1,0.1,0.1,0.1,0.1,0.1,0.1,0.1,0.1,0.1,0.1,0.1,0.1,0.1,0.1,0.1,0.1,0.1,0.1,0.1,0.1,0.1,0.1,0.1,0.1,0.1,0.1,0.1,0.1,0.1,0.1,0.1,0.1,0.1,0.1,0.1,0.1,0.1,0.1,0.1,0.1,0.1,0.1,0.1,0.1,0.1,0.1,0.1,0.1,0.1,0.1,0.1,0.1,0.1,0.1,0.1,0.1,0.1,0.1,0.1,0.1,0.1,0.1,0.1,0.1,0.1,0.1,0.1,0.1,0.1,0.1,0.1,0.1,0.1,0.1,0.1,0.1,0.1,0.1,0.1,0.1,0.1,0.1,0.1,0.1,0.1,0.1,0.1,0.1,0.1,0.1,0.1,0.1,0.1,0.1,0.1,0.1,0.1,0.1,0.1,0.1,0.1,0.1,0.1,0.1,0.1,0.1,0.1,0.1,0.1,0.1,0.1,0.1,0.1,1,1,1,1,1,1,1,1,1,1,1,1,0.1,0.1,0.1,0.1,0.1,0.1,0.1,0.1,0.1,0.1,0.1,0.1,0.1,0.1,0.1,0.1,0.1,0.1,0.1,0.1,0.1,0.1,0.1,0.1,0.1,0.1,1,1,1,1,1,1,1,1,1,1,1,1,1,1,1,1,1,1,1,1,1,1,1,0.1,0.1,0.1,0.1,0.1,0.1,0.1,0.1,0.1,0.1,0.1,0.1,0.1,0.1,0.1,0.1,0.1,0.1,0.1,1,1,1,1,1,1,1,1,1,2,2,2,2,2,2,2,2,2,2,2,2,2,2,2,2,2,2,2,2,2,2,2,2,2,2,2,2,2,2,2,1,1,1,1,1,1,1,1,1,1,1,1,1,1,1,1,1,2,2,2,2,2,2,2,2,2,2,2,2,2,2,2,2,2,2,2,2,2,2,2,2,2,2,2,2,2,2,2,1,1,1,1,1,1,1,1,1,0.1,0.1,0.1,0.1,0.1,0.1,0.1,0.1,0.1,0.1,0.1,0.1,0.1,0.1,0.1,0.1,0.1,0.1,0.1,1,1,1,1,1,1,1,1,1,1,1,1,1,1,1,1,1,1,1,1,1,1,1,0.1,0.1,0.1,0.1,0.1,0.1,0.1,0.1,0.1,0.1,0.1,0.1,0.1,0.1,0.1,0.1,0.1,0.1,0.1,0.1,0.1,0.1,0.1,0.1,0.1,0.1,1,1,1,1,1,1,1,1,1,1,1,1,0.1,0.1,0.1,0.1,0.1,0.1,0.1,0.1,0.1,0.1,0.1,0.1,0.1,0.1,0.1,0.1,0.1,0.1,0.1,0.1,0.1,0.1,0.1,0.1,0.1,0.1,0.1,0.1,0.1,0.1,0.1,0.1,0.1,0.1,0.1,0.1,0.1,0.1,0.1,0.1,0.1,0.1,0.1,0.1,0.1,0.1,0.1,0.1,0.1,0.1,0.1,0.1,0.1,0.1,0.1,0.1,0.1,0.1,0.1,0.1,0.1,0.1,0.1,0.1,0.1,0.1,0.1,0.1,0.1,0.1,0.1,0.1,0.1,0.1,0.1,0.1,0.1,0.1,0.1,0.1,0.1,0.1,0.1,0.1,0.1,0.1,0.1,0.1,0.1,0.1,0.1,0.1,0.1,0.1,0.1,0.1,0.1,0.1,0.1,0.1,0.1,0.1,0.1,0.1,0.1,0.1,0.1,0.1,0.1,0.1,0.1,0.1,0.1,0.1,0.1,0.1,0.1,0.1,0.1,0.1,0.1,0.1,0.1,0.1,0.1,0.1,0.1,0.1,0.1,0.1,0.1,0.1,0.1,0.1,0.1,0.1,0.1,0.1,0.1,0.1,0.1,0.1,0.1,0.1,0.1
0.1,0.1,0.1,0.1,0.1,0.1,0.1,0.1,0.1,0.1,0.1,0.1,0.1,0.1,0.1,0.1,0.1,0.1,0.1,0.1,0.1,0.1,0.1,0.1,0.1,0.1,0.1,0.1,0.1,0.1,0.1,0.1,0.1,0.1,0.1,0.1,0.1,0.1,0.1,0.1,0.1,0.1,0.1,0.1,0.1,0.1,0.1,0.1,0.1,0.1,0.1,0.1,0.1,0.1,0.1,0.1,0.1,0.1,0.1,0.1,0.1,0.1,0.1,0.1,0.1,0.1,0.1,0.1,0.1,0.1,0.1,0.1,0.1,0.1,0.1,0.1,0.1,0.1,0.1,0.1,0.1,0.1,0.1,0.1,0.1,0.1,0.1,0.1,0.1,0.1,0.1,0.1,0.1,0.1,0.1,0.1,0.1,0.1,0.1,0.1,0.1,0.1,0.1,0.1,0.1,0.1,0.1,0.1,0.1,0.1,0.1,0.1,0.1,0.1,0.1,0.1,0.1,0.1,0.1,0.1,0.1,0.1,0.1,0.1,0.1,0.1,0.1,0.1,0.1,0.1,0.1,0.1,0.1,0.1,0.1,0.1,0.1,0.1,0.1,0.1,0.1,0.1,0.1,0.1,0.1,0.1,0.1,0.1,0.1,0.1,0.1,0.1,0.1,0.1,0.1,0.1,0.1,0.1,0.1,0.1,0.1,0.1,0.1,0.1,0.1,0.1,0.1,0.1,0.1,0.1,0.1,0.1,0.1,0.1,0.1,0.1,0.1,0.1,0.1,0.1,0.1,0.1,0.1,0.1,0.1,0.1,0.1,0.1,1,1,1,1,1,1,1,1,1,1,1,1,1,1,1,1,1,1,1,1,0.1,0.1,0.1,0.1,0.1,0.1,0.1,0.1,0.1,0.1,0.1,0.1,0.1,0.1,0.1,0.1,0.1,0.1,0.1,0.1,0.1,0.1,1,1,1,1,1,1,1,1,1,2,2,2,2,2,2,2,2,2,2,2,2,2,2,2,2,2,2,2,2,2,2,2,2,2,2,2,2,2,2,2,2,2,2,2,2,2,2,2,2,2,2,2,2,2,2,2,2,2,2,2,2,2,2,2,2,2,2,2,2,2,2,2,2,2,2,2,2,2,2,2,2,2,2,2,1,1,1,1,1,1,1,1,1,0.1,0.1,0.1,0.1,0.1,0.1,0.1,0.1,0.1,0.1,0.1,0.1,0.1,0.1,0.1,0.1,0.1,0.1,0.1,0.1,0.1,0.1,1,1,1,1,1,1,1,1,1,1,1,1,1,1,1,1,1,1,1,1,0.1,0.1,0.1,0.1,0.1,0.1,0.1,0.1,0.1,0.1,0.1,0.1,0.1,0.1,0.1,0.1,0.1,0.1,0.1,0.1,0.1,0.1,0.1,0.1,0.1,0.1,0.1,0.1,0.1,0.1,0.1,0.1,0.1,0.1,0.1,0.1,0.1,0.1,0.1,0.1,0.1,0.1,0.1,0.1,0.1,0.1,0.1,0.1,0.1,0.1,0.1,0.1,0.1,0.1,0.1,0.1,0.1,0.1,0.1,0.1,0.1,0.1,0.1,0.1,0.1,0.1,0.1,0.1,0.1,0.1,0.1,0.1,0.1,0.1,0.1,0.1,0.1,0.1,0.1,0.1,0.1,0.1,0.1,0.1,0.1,0.1,0.1,0.1,0.1,0.1,0.1,0.1,0.1,0.1,0.1,0.1,0.1,0.1,0.1,0.1,0.1,0.1,0.1,0.1,0.1,0.1,0.1,0.1,0.1,0.1,0.1,0.1,0.1,0.1,0.1,0.1,0.1,0.1,0.1,0.1,0.1,0.1,0.1,0.1,0.1,0.1,0.1,0.1,0.1,0.1,0.1,0.1,0.1,0.1,0.1,0.1,0.1,0.1,0.1,0.1,0.1,0.1,0.1,0.1,0.1,0.1,0.1,0.1,0.1,0.1,0.1,0.1,0.1,0.1,0.1,0.1,0.1,0.1,0.1,0.1,0.1,0.1,0.1,0.1,0.1,0.1,0.1,0.1,0.1,0.1,0.1,0.1,0.1,0.1,0.1,0.1,0.1,0.1,0.1,0.1,0.1,0.1,0.1,0.1,0.1
0.1,0.1,0.1,0.1,0.1,0.1,0.1,0.1,0.1,0.1,0.1,0.1,0.1,0.1,0.1,0.1,0.1,0.1,0.1,0.1,0.1,0.1,0.1,0.1,0.1,0.1,0.1,0.1,0.1,0.1,0.1,0.1,0.1,0.1,0.1,0.1,0.1,0.1,0.1,0.1,0.1,0.1,0.1,0.1,0.1,0.1,0.1,0.1,0.1,0.1,0.1,0.1,0.1,0.1,0.1,0.1,0.1,0.1,0.1,0.1,0.1,0.1,0.1,0.1,0.1,0.1,0.1,0.1,0.1,0.1,0.1,0.1,0.1,0.1,0.1,0.1,0.1,0.1,0.1,0.1,0.1,0.1,0.1,0.1,0.1,0.1,0.1,0.1,0.1,0.1,0.1,0.1,0.1,0.1,0.1,0.1,0.1,0.1,0.1,0.1,0.1,0.1,0.1,0.1,0.1,0.1,0.1,0.1,0.1,0.1,0.1,0.1,0.1,0.1,0.1,0.1,0.1,0.1,0.1,0.1,0.1,0.1,0.1,0.1,0.1,0.1,0.1,0.1,0.1,0.1,0.1,0.1,0.1,0.1,0.1,0.1,0.1,0.1,0.1,0.1,0.1,0.1,0.1,0.1,0.1,0.1,0.1,0.1,0.1,0.1,0.1,0.1,0.1,0.1,0.1,0.1,0.1,0.1,0.1,0.1,0.1,0.1,0.1,0.1,0.1,0.1,0.1,0.1,0.1,0.1,0.1,0.1,0.1,0.1,0.1,0.1,0.1,0.1,0.1,0.1,0.1,0.1,0.1,0.1,0.1,0.1,0.1,0.1,0.1,0.1,1,1,1,1,1,1,1,1,1,1,1,1,1,1,1,1,1,0.1,0.1,0.1,0.1,0.1,0.1,0.1,0.1,0.1,0.1,0.1,0.1,0.1,0.1,0.1,0.1,0.1,0.1,0.1,0.1,0.1,0.1,0.1,0.1,1,1,1,1,1,1,1,1,1,1,1,2,2,2,2,2,2,2,2,2,2,2,2,2,2,2,2,2,2,2,2,2,2,2,2,2,2,2,2,2,2,2,2,2,2,2,2,2,2,2,2,2,2,2,2,2,2,2,2,2,2,2,2,2,2,2,2,2,2,2,2,2,2,2,2,2,2,2,2,2,1,1,1,1,1,1,1,1,1,1,1,0.1,0.1,0.1,0.1,0.1,0.1,0.1,0.1,0.1,0.1,0.1,0.1,0.1,0.1,0.1,0.1,0.1,0.1,0.1,0.1,0.1,0.1,0.1,0.1,1,1,1,1,1,1,1,1,1,1,1,1,1,1,1,1,1,0.1,0.1,0.1,0.1,0.1,0.1,0.1,0.1,0.1,0.1,0.1,0.1,0.1,0.1,0.1,0.1,0.1,0.1,0.1,0.1,0.1,0.1,0.1,0.1,0.1,0.1,0.1,0.1,0.1,0.1,0.1,0.1,0.1,0.1,0.1,0.1,0.1,0.1,0.1,0.1,0.1,0.1,0.1,0.1,0.1,0.1,0.1,0.1,0.1,0.1,0.1,0.1,0.1,0.1,0.1,0.1,0.1,0.1,0.1,0.1,0.1,0.1,0.1,0.1,0.1,0.1,0.1,0.1,0.1,0.1,0.1,0.1,0.1,0.1,0.1,0.1,0.1,0.1,0.1,0.1,0.1,0.1,0.1,0.1,0.1,0.1,0.1,0.1,0.1,0.1,0.1,0.1,0.1,0.1,0.1,0.1,0.1,0.1,0.1,0.1,0.1,0.1,0.1,0.1,0.1,0.1,0.1,0.1,0.1,0.1,0.1,0.1,0.1,0.1,0.1,0.1,0.1,0.1,0.1,0.1,0.1,0.1,0.1,0.1,0.1,0.1,0.1,0.1,0.1,0.1,0.1,0.1,0.1,0.1,0.1,0.1,0.1,0.1,0.1,0.1,0.1,0.1,0.1,0.1,0.1,0.1,0.1,0.1,0.1,0.1,0.1,0.1,0.1,0.1,0.1,0.1,0.1,0.1,0.1,0.1,0.1,0.1,0.1,0.1,0.1,0.1,0.1,0.1,0.1,0.1,0.1,0.1,0.1,0.1,0.1,0.1,0.1,0.1,0.1,0.1,0.1,0.1,0.1,0.1,0.1,0.1,0.1
0.1,0.1,0.1,0.1,0.1,0.1,0.1,0.1,0.1,0.1,0.1,0.1,0.1,0.1,0.1,0.1,0.1,0.1,0.1,0.1,0.1,0.1,0.1,0.1,0.1,0.1,0.1,0.1,0.1,0.1,0.1,0.1,0.1,0.1,0.1,0.1,0.1,0.1,0.1,0.1,0.1,0.1,0.1,0.1,0.1,0.1,0.1,0.1,0.1,0.1,0.1,0.1,0.1,0.1,0.1,0.1,0.1,0.1,0.1,0.1,0.1,0.1,0.1,0.1,0.1,0.1,0.1,0.1,0.1,0.1,0.1,0.1,0.1,0.1,0.1,0.1,0.1,0.1,0.1,0.1,0.1,0.1,0.1,0.1,0.1,0.1,0.1,0.1,0.1,0.1,0.1,0.1,0.1,0.1,0.1,0.1,0.1,0.1,0.1,0.1,0.1,0.1,0.1,0.1,0.1,0.1,0.1,0.1,0.1,0.1,0.1,0.1,0.1,0.1,0.1,0.1,0.1,0.1,0.1,0.1,0.1,0.1,0.1,0.1,0.1,0.1,0.1,0.1,0.1,0.1,0.1,0.1,0.1,0.1,0.1,0.1,0.1,0.1,0.1,0.1,0.1,0.1,0.1,0.1,0.1,0.1,0.1,0.1,0.1,0.1,0.1,0.1,0.1,0.1,0.1,0.1,0.1,0.1,0.1,0.1,0.1,0.1,0.1,0.1,0.1,0.1,0.1,0.1,0.1,0.1,0.1,0.1,0.1,0.1,0.1,0.1,0.1,0.1,0.1,0.1,0.1,0.1,0.1,0.1,0.1,0.1,0.1,0.1,0.1,0.1,0.1,0.1,0.1,1,1,1,1,1,1,1,1,1,1,1,1,0.1,0.1,0.1,0.1,0.1,0.1,0.1,0.1,0.1,0.1,0.1,0.1,0.1,0.1,0.1,0.1,0.1,0.1,0.1,0.1,0.1,0.1,0.1,0.1,0.1,0.1,0.1,0.1,1,1,1,1,1,1,1,1,1,1,1,2,2,2,2,2,2,2,2,2,2,2,2,2,2,2,2,2,2,2,2,2,2,2,2,2,2,2,2,2,2,2,2,2,2,2,2,2,2,2,2,2,2,2,2,2,2,2,2,2,2,2,2,2,2,2,2,2,2,2,2,2,2,2,2,2,1,1,1,1,1,1,1,1,1,1,1,0.1,0.1,0.1,0.1,0.1,0.1,0.1,0.1,0.1,0.1,0.1,0.1,0.1,0.1,0.1,0.1,0.1,0.1,0.1,0.1,0.1,0.1,0.1,0.1,0.1,0.1,0.1,0.1,1,1,1,1,1,1,1,1,1,1,1,1,0.1,0.1,0.1,0.1,0.1,0.1,0.1,0.1,0.1,0.1,0.1,0.1,0.1,0.1,0.1,0.1,0.1,0.1,0.1,0.1,0.1,0.1,0.1,0.1,0.1,0.1,0.1,0.1,0.1,0.1,0.1,0.1,0.1,0.1,0.1,0.1,0.1,0.1,0.1,0.1,0.1,0.1,0.1,0.1,0.1,0.1,0.1,0.1,0.1,0.1,0.1,0.1,0.1,0.1,0.1,0.1,0.1,0.1,0.1,0.1,0.1,0.1,0.1,0.1,0.1,0.1,0.1,0.1,0.1,0.1,0.1,0.1,0.1,0.1,0.1,0.1,0.1,0.1,0.1,0.1,0.1,0.1,0.1,0.1,0.1,0.1,0.1,0.1,0.1,0.1,0.1,0.1,0.1,0.1,0.1,0.1,0.1,0.1,0.1,0.1,0.1,0.1,0.1,0.1,0.1,0.1,0.1,0.1,0.1,0.1,0.1,0.1,0.1,0.1,0.1,0.1,0.1,0.1,0.1,0.1,0.1,0.1,0.1,0.1,0.1,0.1,0.1,0.1,0.1,0.1,0.1,0.1,0.1,0.1,0.1,0.1,0.1,0.1,0.1,0.1,0.1,0.1,0.1,0.1,0.1,0.1,0.1,0.1,0.1,0.1,0.1,0.1,0.1,0.1,0.1,0.1,0.1,0.1,0.1,0.1,0.1,0.1,0.1,0.1,0.1,0.1,0.1,0.1,0.1,0.1,0.1,0.1,0.1,0.1,0.1,0.1,0.1,0.1,0.1,0.1,0.1,0.1,0.1,0.1,0.1,0.1,0.1,0.1,0.1,0.1
0.1,0.1,0.1,0.1,0.1,0.1,0.1,0.1,0.1,0.1,0.1,0.1,0.1,0.1,0.1,0.1,0.1,0.1,0.1,0.1,0.1,0.1,0.1,0.1,0.1,0.1,0.1,0.1,0.1,0.1,0.1,0.1,0.1,0.1,0.1,0.1,0.1,0.1,0.1,0.1,0.1,0.1,0.1,0.1,0.1,0.1,0.1,0.1,0.1,0.1,0.1,0.1,0.1,0.1,0.1,0.1,0.1,0.1,0.1,0.1,0.1,0.1,0.1,0.1,0.1,0.1,0.1,0.1,0.1,0.1,0.1,0.1,0.1,0.1,0.1,0.1,0.1,0.1,0.1,0.1,0.1,0.1,0.1,0.1,0.1,0.1,0.1,0.1,0.1,0.1,0.1,0.1,0.1,0.1,0.1,0.1,0.1,0.1,0.1,0.1,0.1,0.1,0.1,0.1,0.1,0.1,0.1,0.1,0.1,0.1,0.1,0.1,0.1,0.1,0.1,0.1,0.1,0.1,0.1,0.1,0.1,0.1,0.1,0.1,0.1,0.1,0.1,0.1,0.1,0.1,0.1,0.1,0.1,0.1,0.1,0.1,0.1,0.1,0.1,0.1,0.1,0.1,0.1,0.1,0.1,0.1,0.1,0.1,0.1,0.1,0.1,0.1,0.1,0.1,0.1,0.1,0.1,0.1,0.1,0.1,0.1,0.1,0.1,0.1,0.1,0.1,0.1,0.1,0.1,0.1,0.1,0.1,0.1,0.1,0.1,0.1,0.1,0.1,0.1,0.1,0.1,0.1,0.1,0.1,0.1,0.1,0.1,0.1,0.1,0.1,0.1,0.1,0.1,0.1,0.1,0.1,0.1,0.1,0.1,0.1,0.1,0.1,0.1,0.1,0.1,0.1,0.1,0.1,0.1,0.1,0.1,0.1,0.1,0.1,0.1,0.1,0.1,0.1,0.1,0.1,0.1,0.1,0.1,0.1,0.1,0.1,0.1,0.1,0.1,0.1,0.1,0.1,0.1,0.1,0.1,1,1,1,1,1,1,1,1,1,1,1,1,2,2,2,2,2,2,2,2,2,2,2,2,2,2,2,2,2,2,2,2,2,2,2,2,2,2,2,2,3,3,3,2,2,2,2,2,2,2,2,2,2,2,2,2,2,2,2,2,2,2,2,2,2,2,2,2,2,2,2,1,1,1,1,1,1,1,1,1,1,1,1,0.1,0.1,0.1,0.1,0.1,0.1,0.1,0.1,0.1,0.1,0.1,0.1,0.1,0.1,0.1,0.1,0.1,0.1,0.1,0.1,0.1,0.1,0.1,0.1,0.1,0.1,0.1,0.1,0.1,0.1,0.1,0.1,0.1,0.1,0.1,0.1,0.1,0.1,0.1,0.1,0.1,0.1,0.1,0.1,0.1,0.1,0.1,0.1,0.1,0.1,0.1,0.1,0.1,0.1,0.1,0.1,0.1,0.1,0.1,0.1,0.1,0.1,0.1,0.1,0.1,0.1,0.1,0.1,0.1,0.1,0.1,0.1,0.1,0.1,0.1,0.1,0.1,0.1,0.1,0.1,0.1,0.1,0.1,0.1,0.1,0.1,0.1,0.1,0.1,0.1,0.1,0.1,0.1,0.1,0.1,0.1,0.1,0.1,0.1,0.1,0.1,0.1,0.1,0.1,0.1,0.1,0.1,0.1,0.1,0.1,0.1,0.1,0.1,0.1,0.1,0.1,0.1,0.1,0.1,0.1,0.1,0.1,0.1,0.1,0.1,0.1,0.1,0.1,0.1,0.1,0.1,0.1,0.1,0.1,0.1,0.1,0.1,0.1,0.1,0.1,0.1,0.1,0.1,0.1,0.1,0.1,0.1,0.1,0.1,0.1,0.1,0.1,0.1,0.1,0.1,0.1,0.1,0.1,0.1,0.1,0.1,0.1,0.1,0.1,0.1,0.1,0.1,0.1,0.1,0.1,0.1,0.1,0.1,0.1,0.1,0.1,0.1,0.1,0.1,0.1,0.1,0.1,0.1,0.1,0.1,0.1,0.1,0.1,0.1,0.1,0.1,0.1,0.1,0.1,0.1,0.1,0.1,0.1,0.1,0.1,0.1,0.1,0.1,0.1,0.1,0.1,0.1,0.1,0.1,0.1,0.1,0.1,0.1,0.1,0.1,0.1,0.1,0.1,0.1,0.1,0.1,0.1,0.1,0.1,0.1,0.1,0.1,0.1,0.1,0.1,0.1,0.1
0.1,0.1,0.1,0.1,0.1,0.1,0.1,0.1,0.1,0.1,0.1,0.1,0.1,0.1,0.1,0.1,0.1,0.1,0.1,0.1,0.1,0.1,0.1,0.1,0.1,0.1,0.1,0.1,0.1,0.1,0.1,0.1,0.1,0.1,0.1,0.1,0.1,0.1,0.1,0.1,0.1,0.1,0.1,0.1,0.1,0.1,0.1,0.1,0.1,0.1,0.1,0.1,0.1,0.1,0.1,0.1,0.1,0.1,0.1,0.1,0.1,0.1,0.1,0.1,0.1,0.1,0.1,0.1,0.1,0.1,0.1,0.1,0.1,0.1,0.1,0.1,0.1,0.1,0.1,0.1,0.1,0.1,0.1,0.1,0.1,0.1,0.1,0.1,0.1,0.1,0.1,0.1,0.1,0.1,0.1,0.1,0.1,0.1,0.1,0.1,0.1,0.1,0.1,0.1,0.1,0.1,0.1,0.1,0.1,0.1,0.1,0.1,0.1,0.1,0.1,0.1,0.1,0.1,0.1,0.1,0.1,0.1,0.1,0.1,0.1,0.1,0.1,0.1,0.1,0.1,0.1,0.1,0.1,0.1,0.1,0.1,0.1,0.1,0.1,0.1,0.1,0.1,0.1,0.1,0.1,0.1,0.1,0.1,0.1,0.1,0.1,0.1,0.1,0.1,0.1,0.1,0.1,0.1,0.1,0.1,0.1,0.1,0.1,0.1,0.1,0.1,0.1,0.1,0.1,0.1,0.1,0.1,0.1,0.1,0.1,0.1,0.1,0.1,0.1,0.1,0.1,0.1,0.1,0.1,0.1,0.1,0.1,0.1,0.1,0.1,0.1,0.1,0.1,0.1,0.1,0.1,0.1,0.1,0.1,0.1,0.1,0.1,0.1,0.1,0.1,0.1,0.1,0.1,0.1,0.1,0.1,0.1,0.1,0.1,0.1,0.1,0.1,0.1,0.1,0.1,0.1,0.1,0.1,0.1,0.1,0.1,0.1,0.1,0.1,0.1,0.1,0.1,0.1,0.1,0.1,0.1,0.1,1,1,1,1,1,1,1,1,1,1,1,1,2,2,2,2,2,2,2,2,2,2,2,2,2,2,2,2,2,2,2,2,2,3,3,3,3,3,3,3,3,3,3,3,3,3,2,2,2,2,2,2,2,2,2,2,2,2,2,2,2,2,2,2,2,2,2,1,1,1,1,1,1,1,1,1,1,1,1,0.1,0.1,0.1,0.1,0.1,0.1,0.1,0.1,0.1,0.1,0.1,0.1,0.1,0.1,0.1,0.1,0.1,0.1,0.1,0.1,0.1,0.1,0.1,0.1,0.1,0.1,0.1,0.1,0.1,0.1,0.1,0.1,0.1,0.1,0.1,0.1,0.1,0.1,0.1,0.1,0.1,0.1,0.1,0.1,0.1,0.1,0.1,0.1,0.1,0.1,0.1,0.1,0.1,0.1,0.1,0.1,0.1,0.1,0.1,0.1,0.1,0.1,0.1,0.1,0.1,0.1,0.1,0.1,0.1,0.1,0.1,0.1,0.1,0.1,0.1,0.1,0.1,0.1,0.1,0.1,0.1,0.1,0.1,0.1,0.1,0.1,0.1,0.1,0.1,0.1,0.1,0.1,0.1,0.1,0.1,0.1,0.1,0.1,0.1,0.1,0.1,0.1,0.1,0.1,0.1,0.1,0.1,0.1,0.1,0.1,0.1,0.1,0.1,0.1,0.1,0.1,0.1,0.1,0.1,0.1,0.1,0.1,0.1,0.1,0.1,0.1,0.1,0.1,0.1,0.1,0.1,0.1,0.1,0.1,0.1,0.1,0.1,0.1,0.1,0.1,0.1,0.1,0.1,0.1,0.1,0.1,0.1,0.1,0.1,0.1,0.1,0.1,0.1,0.1,0.1,0.1,0.1,0.1,0.1,0.1,0.1,0.1,0.1,0.1,0.1,0.1,0.1,0.1,0.1,0.1,0.1,0.1,0.1,0.1,0.1,0.1,0.1,0.1,0.1,0.1,0.1,0.1,0.1,0.1,0.1,0.1,0.1,0.1,0.1,0.1,0.1,0.1,0.1,0.1,0.1,0.1,0.1,0.1,0.1,0.1,0.1,0.1,0.1,0.1,0.1,0.1,0.1,0.1,0.1,0.1,0.1,0.1,0.1,0.1,0.1,0.1,0.1,0.1,0.1,0.1,0.1,0.1,0.1,0.1,0.1,0.1,0.1,0.1,0.1,0.1,0.1,0.1,0.1,0.1
0.1,0.1,0.1,0.1,0.1,0.1,0.1,0.1,0.1,0.1,0.1,0.1,0.1,0.1,0.1,0.1,0.1,0.1,0.1,0.1,0.1,0.1,0.1,0.1,0.1,0.1,0.1,0.1,0.1,0.1,0.1,0.1,0.1,0.1,0.1,0.1,0.1,0.1,0.1,0.1,0.1,0.1,0.1,0.1,0.1,0.1,0.1,0.1,0.1,0.1,0.1,0.1,0.1,0.1,0.1,0.1,0.1,0.1,0.1,0.1,0.1,0.1,0.1,0.1,0.1,0.1,0.1,0.1,0.1,0.1,0.1,0.1,0.1,0.1,0.1,0.1,0.1,0.1,0.1,0.1,0.1,0.1,0.1,0.1,0.1,0.1,0.1,0.1,0.1,0.1,0.1,0.1,0.1,0.1,0.1,0.1,0.1,0.1,0.1,0.1,0.1,0.1,0.1,0.1,0.1,0.1,0.1,0.1,0.1,0.1,0.1,0.1,0.1,0.1,0.1,0.1,0.1,0.1,0.1,0.1,0.1,0.1,0.1,0.1,0.1,0.1,0.1,0.1,0.1,0.1,0.1,0.1,0.1,0.1,0.1,0.1,0.1,0.1,0.1,0.1,0.1,0.1,0.1,0.1,0.1,0.1,0.1,0.1,0.1,0.1,0.1,0.1,0.1,0.1,0.1,0.1,0.1,0.1,0.1,0.1,0.1,0.1,0.1,0.1,0.1,0.1,0.1,0.1,0.1,0.1,0.1,0.1,0.1,0.1,0.1,0.1,0.1,0.1,0.1,0.1,0.1,0.1,0.1,0.1,0.1,0.1,0.1,0.1,0.1,0.1,0.1,0.1,0.1,0.1,0.1,0.1,0.1,0.1,0.1,0.1,0.1,0.1,0.1,0.1,0.1,0.1,0.1,0.1,0.1,0.1,0.1,0.1,0.1,0.1,0.1,0.1,0.1,0.1,0.1,0.1,0.1,0.1,0.1,0.1,0.1,0.1,0.1,0.1,0.1,0.1,0.1,0.1,0.1,0.1,0.1,0.1,0.1,0.1,0.1,1,1,1,1,1,1,1,1,1,1,1,1,1,2,2,2,2,2,2,2,2,2,2,2,2,2,2,2,2,2,2,2,2,2,3,3,3,3,3,3,3,2,2,2,2,2,2,2,2,2,2,2,2,2,2,2,2,2,2,2,2,2,1,1,1,1,1,1,1,1,1,1,1,1,1,0.1,0.1,0.1,0.1,0.1,0.1,0.1,0.1,0.1,0.1,0.1,0.1,0.1,0.1,0.1,0.1,0.1,0.1,0.1,0.1,0.1,0.1,0.1,0.1,0.1,0.1,0.1,0.1,0.1,0.1,0.1,0.1,0.1,0.1,0.1,0.1,0.1,0.1,0.1,0.1,0.1,0.1,0.1,0.1,0.1,0.1,0.1,0.1,0.1,0.1,0.1,0.1,0.1,0.1,0.1,0.1,0.1,0.1,0.1,0.1,0.1,0.1,0.1,0.1,0.1,0.1,0.1,0.1,0.1,0.1,0.1,0.1,0.1,0.1,0.1,0.1,0.1,0.1,0.1,0.1,0.1,0.1,0.1,0.1,0.1,0.1,0.1,0.1,0.1,0.1,0.1,0.1,0.1,0.1,0.1,0.1,0.1,0.1,0.1,0.1,0.1,0.1,0.1,0.1,0.1,0.1,0.1,0.1,0.1,0.1,0.1,0.1,0.1,0.1,0.1,0.1,0.1,0.1,0.1,0.1,0.1,0.1,0.1,0.1,0.1,0.1,0.1,0.1,0.1,0.1,0.1,0.1,0.1,0.1,0.1,0.1,0.1,0.1,0.1,0.1,0.1,0.1,0.1,0.1,0.1,0.1,0.1,0.1,0.1,0.1,0.1,0.1,0.1,0.1,0.1,0.1,0.1,0.1,0.1,0.1,0.1,0.1,0.1,0.1,0.1,0.1,0.1,0.1,0.1,0.1,0.1,0.1,0.1,0.1,0.1,0.1,0.1,0.1,0.1,0.1,0.1,0.1,0.1,0.1,0.1,0.1,0.1,0.1,0.1,0.1,0.1,0.1,0.1,0.1,0.1,0.1,0.1,0.1,0.1,0.1,0.1,0.1,0.1,0.1,0.1,0.1,0.1,0.1,0.1,0.1,0.1,0.1,0.1,0.1,0.1,0.1,0.1,0.1,0.1,0.1,0.1,0.1,0.1,0.1,0.1,0.1,0.1,0.1,0.1,0.1,0.1,0.1,0.1,0.1,0.1,0.1
0.1,0.1,0.1,0.1,0.1,0.1,0.1,0.1,0.1,0.1,0.1,0.1,0.1,0.1,0.1,0.1,0.1,0.1,0.1,0.1,0.1,0.1,0.1,0.1,0.1,0.1,0.1,0.1,0.1,0.1,0.1,0.1,0.1,0.1,0.1,0.1,0.1,0.1,0.1,0.1,0.1,0.1,0.1,0.1,0.1,0.1,0.1,0.1,0.1,0.1,0.1,0.1,0.1,0.1,0.1,0.1,0.1,0.1,0.1,0.1,0.1,0.1,0.1,0.1,0.1,0.1,0.1,0.1,0.1,0.1,0.1,0.1,0.1,0.1,0.1,0.1,0.1,0.1,0.1,0.1,0.1,0.1,0.1,0.1,0.1,0.1,0.1,0.1,0.1,0.1,0.1,0.1,0.1,0.1,0.1,0.1,0.1,0.1,0.1,0.1,0.1,0.1,0.1,0.1,0.1,0.1,0.1,0.1,0.1,0.1,0.1,0.1,0.1,0.1,0.1,0.1,0.1,0.1,0.1,0.1,0.1,0.1,0.1,0.1,0.1,0.1,0.1,0.1,0.1,0.1,0.1,0.1,0.1,0.1,0.1,0.1,0.1,0.1,0.1,0.1,0.1,0.1,0.1,0.1,0.1,0.1,0.1,0.1,0.1,0.1,0.1,0.1,0.1,0.1,0.1,0.1,0.1,0.1,0.1,0.1,0.1,0.1,0.1,0.1,0.1,0.1,0.1,0.1,0.1,0.1,0.1,0.1,0.1,0.1,0.1,0.1,0.1,0.1,0.1,0.1,0.1,0.1,0.1,0.1,0.1,0.1,0.1,0.1,0.1,0.1,0.1,0.1,0.1,0.1,0.1,0.1,0.1,0.1,0.1,0.1,0.1,0.1,0.1,0.1,0.1,0.1,0.1,0.1,0.1,0.1,0.1,0.1,0.1,0.1,0.1,0.1,0.1,0.1,0.1,0.1,0.1,0.1,0.1,0.1,0.1,0.1,0.1,0.1,0.1,0.1,0.1,0.1,0.1,0.1,0.1,0.1,0.1,0.1,0.1,0.1,0.1,1,1,1,1,1,1,1,1,1,1,1,1,1,1,2,2,2,2,2,2,2,2,2,2,2,2,2,2,2,2,2,2,2,2,2,2,2,2,2,2,2,2,2,2,2,2,2,2,2,2,2,2,2,2,2,2,2,1,1,1,1,1,1,1,1,1,1,1,1,1,1,0.1,0.1,0.1,0.1,0.1,0.1,0.1,0.1,0.1,0.1,0.1,0.1,0.1,0.1,0.1,0.1,0.1,0.1,0.1,0.1,0.1,0.1,0.1,0.1,0.1,0.1,0.1,0.1,0.1,0.1,0.1,0.1,0.1,0.1,0.1,0.1,0.1,0.1,0.1,0.1,0.1,0.1,0.1,0.1,0.1,0.1,0.1,0.1,0.1,0.1,0.1,0.1,0.1,0.1,0.1,0.1,0.1,0.1,0.1,0.1,0.1,0.1,0.1,0.1,0.1,0.1,0.1,0.1,0.1,0.1,0.1,0.1,0.1,0.1,0.1,0.1,0.1,0.1,0.1,0.1,0.1,0.1,0.1,0.1,0.1,0.1,0.1,0.1,0.1,0.1,0.1,0.1,0.1,0.1,0.1,0.1,0.1,0.1,0.1,0.1,0.1,0.1,0.1,0.1,0.1,0.1,0.1,0.1,0.1,0.1,0.1,0.1,0.1,0.1,0.1,0.1,0.1,0.1,0.1,0.1,0.1,0.1,0.1,0.1,0.1,0.1,0.1,0.1,0.1,0.1,0.1,0.1,0.1,0.1,0.1,0.1,0.1,0.1,0.1,0.1,0.1,0.1,0.1,0.1,0.1,0.1,0.1,0.1,0.1,0.1,0.1,0.1,0.1,0.1,0.1,0.1,0.1,0.1,0.1,0.1,0.1,0.1,0.1,0.1,0.1,0.1,0.1,0.1,0.1,0.1,0.1,0.1,0.1,0.1,0.1,0.1,0.1,0.1,0.1,0.1,0.1,0.1,0.1,0.1,0.1,0.1,0.1,0.1,0.1,0.1,0.1,0.1,0.1,0.1,0.1,0.1,0.1,0.1,0.1,0.1,0.1,0.1,0.1,0.1,0.1,0.1,0.1,0.1,0.1,0.1,0.1,0.1,0.1,0.1,0.1,0.1,0.1,0.1,0.1,0.1,0.1,0.1,0.1,0.1,0.1,0.1,0.1,0.1,0.1,0.1,0.1,0.1,0.1,0.1,0.1,0.1,0.1,0.1
0.1,0.1,0.1,0.1,0.1,0.1,0.1,0.1,0.1,0.1,0.1,0.1,0.1,0.1,0.1,0.1,0.1,0.1,0.1,0.1,0.1,0.1,0.1,0.1,0.1,0.1,0.1,0.1,0.1,0.1,0.1,0.1,0.1,0.1,0.1,0.1,0.1,0.1,0.1,0.1,0.1,0.1,0.1,0.1,0.1,0.1,0.1,0.1,0.1,0.1,0.1,0.1,0.1,0.1,0.1,0.1,0.1,0.1,0.1,0.1,0.1,0.1,0.1,0.1,0.1,0.1,0.1,0.1,0.1,0.1,0.1,0.1,0.1,0.1,0.1,0.1,0.1,0.1,0.1,0.1,0.1,0.1,0.1,0.1,0.1,0.1,0.1,0.1,0.1,0.1,0.1,0.1,0.1,0.1,0.1,0.1,0.1,0.1,0.1,0.1,0.1,0.1,0.1,0.1,0.1,0.1,0.1,0.1,0.1,0.1,0.1,0.1,0.1,0.1,0.1,0.1,0.1,0.1,0.1,0.1,0.1,0.1,0.1,0.1,0.1,0.1,0.1,0.1,0.1,0.1,0.1,0.1,0.1,0.1,0.1,0.1,0.1,0.1,0.1,0.1,0.1,0.1,0.1,0.1,0.1,0.1,0.1,0.1,0.1,0.1,0.1,0.1,0.1,0.1,0.1,0.1,0.1,0.1,0.1,0.1,0.1,0.1,0.1,0.1,0.1,0.1,0.1,0.1,0.1,0.1,0.1,0.1,0.1,0.1,0.1,0.1,0.1,0.1,0.1,0.1,0.1,0.1,0.1,0.1,0.1,0.1,0.1,0.1,0.1,0.1,0.1,0.1,0.1,0.1,0.1,0.1,0.1,0.1,0.1,0.1,0.1,0.1,0.1,0.1,0.1,0.1,0.1,0.1,0.1,0.1,0.1,0.1,0.1,0.1,0.1,0.1,0.1,0.1,0.1,0.1,0.1,0.1,0.1,0.1,0.1,0.1,0.1,0.1,0.1,0.1,0.1,0.1,0.1,0.1,0.1,0.1,0.1,0.1,0.1,0.1,0.1,0.1,0.1,1,1,1,1,1,1,1,1,1,1,1,1,1,1,1,2,2,2,2,2,2,2,2,2,2,2,2,2,2,2,2,2,2,2,2,2,2,2,2,2,2,2,2,2,2,2,2,2,2,2,2,2,1,1,1,1,1,1,1,1,1,1,1,1,1,1,1,0.1,0.1,0.1,0.1,0.1,0.1,0.1,0.1,0.1,0.1,0.1,0.1,0.1,0.1,0.1,0.1,0.1,0.1,0.1,0.1,0.1,0.1,0.1,0.1,0.1,0.1,0.1,0.1,0.1,0.1,0.1,0.1,0.1,0.1,0.1,0.1,0.1,0.1,0.1,0.1,0.1,0.1,0.1,0.1,0.1,0.1,0.1,0.1,0.1,0.1,0.1,0.1,0.1,0.1,0.1,0.1,0.1,0.1,0.1,0.1,0.1,0.1,0.1,0.1,0.1,0.1,0.1,0.1,0.1,0.1,0.1,0.1,0.1,0.1,0.1,0.1,0.1,0.1,0.1,0.1,0.1,0.1,0.1,0.1,0.1,0.1,0.1,0.1,0.1,0.1,0.1,0.1,0.1,0.1,0.1,0.1,0.1,0.1,0.1,0.1,0.1,0.1,0.1,0.1,0.1,0.1,0.1,0.1,0.1,0.1,0.1,0.1,0.1,0.1,0.1,0.1,0.1,0.1,0.1,0.1,0.1,0.1,0.1,0.1,0.1,0.1,0.1,0.1,0.1,0.1,0.1,0.1,0.1,0.1,0.1,0.1,0.1,0.1,0.1,0.1,0.1,0.1,0.1,0.1,0.1,0.1,0.1,0.1,0.1,0.1,0.1,0.1,0.1,0.1,0.1,0.1,0.1,0.1,0.1,0.1,0.1,0.1,0.1,0.1,0.1,0.1,0.1,0.1,0.1,0.1,0.1,0.1,0.1,0.1,0.1,0.1,0.1,0.1,0.1,0.1,0.1,0.1,0.1,0.1,0.1,0.1,0.1,0.1,0.1,0.1,0.1,0.1,0.1,0.1,0.1,0.1,0.1,0.1,0.1,0.1,0.1,0.1,0.1,0.1,0.1,0.1,0.1,0.1,0.1,0.1,0.1,0.1,0.1,0.1,0.1,0.1,0.1,0.1,0.1,0.1,0.1,0.1,0.1,0.1,0.1,0.1,0.1,0.1,0.1,0.1,0.1,0.1,0.1,0.1,0.1,0.1,0.1,0.1,0.1,0.1
0.1,0.1,0.1,0.1,0.1,0.1,0.1,0.1,0.1,0.1,0.1,0.1,0.1,0.1,0.1,0.1,0.1,0.1,0.1,0.1,0.1,0.1,0.1,0.1,0.1,0.1,0.1,0.1,0.1,0.1,0.1,0.1,0.1,0.1,0.1,0.1,0.1,0.1,0.1,0.1,0.1,0.1,0.1,0.1,0.1,0.1,0.1,0.1,0.1,0.1,0.1,0.1,0.1,0.1,0.1,0.1,0.1,0.1,0.1,0.1,0.1,0.1,0.1,0.1,0.1,0.1,0.1,0.1,0.1,0.1,0.1,0.1,0.1,0.1,0.1,0.1,0.1,0.1,0.1,0.1,0.1,0.1,0.1,0.1,0.1,0.1,0.1,0.1,0.1,0.1,0.1,0.1,0.1,0.1,0.1,0.1,0.1,0.1,0.1,0.1,0.1,0.1,0.1,0.1,0.1,0.1,0.1,0.1,0.1,0.1,0.1,0.1,0.1,0.1,0.1,0.1,0.1,0.1,0.1,0.1,0.1,0.1,0.1,0.1,0.1,0.1,0.1,0.1,0.1,0.1,0.1,0.1,0.1,0.1,0.1,0.1,0.1,0.1,0.1,0.1,0.1,0.1,0.1,0.1,0.1,0.1,0.1,0.1,0.1,0.1,0.1,0.1,0.1,0.1,0.1,0.1,0.1,0.1,0.1,0.1,0.1,0.1,0.1,0.1,0.1,0.1,0.1,0.1,0.1,0.1,0.1,0.1,0.1,0.1,0.1,0.1,0.1,0.1,0.1,0.1,0.1,0.1,0.1,0.1,0.1,0.1,0.1,0.1,0.1,0.1,0.1,0.1,0.1,0.1,0.1,0.1,0.1,0.1,0.1,0.1,0.1,0.1,0.1,0.1,0.1,0.1,0.1,0.1,0.1,0.1,0.1,0.1,0.1,0.1,0.1,0.1,0.1,0.1,0.1,0.1,0.1,0.1,0.1,0.1,0.1,0.1,0.1,0.1,0.1,0.1,0.1,0.1,0.1,0.1,0.1,0.1,0.1,0.1,0.1,0.1,0.1,0.1,0.1,0.1,0.1,1,1,1,1,1,1,1,1,1,1,1,1,1,1,1,1,2,2,2,2,2,2,2,2,2,2,2,2,2,2,2,2,2,2,2,2,2,2,2,2,2,2,2,2,2,2,2,1,1,1,1,1,1,1,1,1,1,1,1,1,1,1,1,0.1,0.1,0.1,0.1,0.1,0.1,0.1,0.1,0.1,0.1,0.1,0.1,0.1,0.1,0.1,0.1,0.1,0.1,0.1,0.1,0.1,0.1,0.1,0.1,0.1,0.1,0.1,0.1,0.1,0.1,0.1,0.1,0.1,0.1,0.1,0.1,0.1,0.1,0.1,0.1,0.1,0.1,0.1,0.1,0.1,0.1,0.1,0.1,0.1,0.1,0.1,0.1,0.1,0.1,0.1,0.1,0.1,0.1,0.1,0.1,0.1,0.1,0.1,0.1,0.1,0.1,0.1,0.1,0.1,0.1,0.1,0.1,0.1,0.1,0.1,0.1,0.1,0.1,0.1,0.1,0.1,0.1,0.1,0.1,0.1,0.1,0.1,0.1,0.1,0.1,0.1,0.1,0.1,0.1,0.1,0.1,0.1,0.1,0.1,0.1,0.1,0.1,0.1,0.1,0.1,0.1,0.1,0.1,0.1,0.1,0.1,0.1,0.1,0.1,0.1,0.1,0.1,0.1,0.1,0.1,0.1,0.1,0.1,0.1,0.1,0.1,0.1,0.1,0.1,0.1,0.1,0.1,0.1,0.1,0.1,0.1,0.1,0.1,0.1,0.1,0.1,0.1,0.1,0.1,0.1,0.1,0.1,0.1,0.1,0.1,0.1,0.1,0.1,0.1,0.1,0.1,0.1,0.1,0.1,0.1,0.1,0.1,0.1,0.1,0.1,0.1,0.1,0.1,0.1,0.1,0.1,0.1,0.1,0.1,0.1,0.1,0.1,0.1,0.1,0.1,0.1,0.1,0.1,0.1,0.1,0.1,0.1,0.1,0.1,0.1,0.1,0.1,0.1,0.1,0.1,0.1,0.1,0.1,0.1,0.1,0.1,0.1,0.1,0.1,0.1,0.1,0.1,0.1,0.1,0.1,0.1,0.1,0.1,0.1,0.1,0.1,0.1,0.1,0.1,0.1,0.1,0.1,0.1,0.1,0.1,0.1,0.1,0.1,0.1,0.1,0.1,0.1,0.1,0.1,0.1,0.1,0.1,0.1,0.1,0.1,0.1,0.1
0.1,0.1,0.1,0.1,0.1,0.1,0.1,0.1,0.1,0.1,0.1,0.1,0.1,0.1,0.1,0.1,0.1,0.1,0.1,0.1,0.1,0.1,0.1,0.1,0.1,0.1,0.1,0.1,0.1,0.1,0.1,0.1,0.1,0.1,0.1,0.1,0.1,0.1,0.1,0.1,0.1,0.1,0.1,0.1,0.1,0.1,0.1,0.1,0.1,0.1,0.1,0.1,0.1,0.1,0.1,0.1,0.1,0.1,0.1,0.1,0.1,0.1,0.1,0.1,0.1,0.1,0.1,0.1,0.1,0.1,0.1,0.1,0.1,0.1,0.1,0.1,0.1,0.1,0.1,0.1,0.1,0.1,0.1,0.1,0.1,0.1,0.1,0.1,0.1,0.1,0.1,0.1,0.1,0.1,0.1,0.1,0.1,0.1,0.1,0.1,0.1,0.1,0.1,0.1,0.1,0.1,0.1,0.1,0.1,0.1,0.1,0.1,0.1,0.1,0.1,0.1,0.1,0.1,0.1,0.1,0.1,0.1,0.1,0.1,0.1,0.1,0.1,0.1,0.1,0.1,0.1,0.1,0.1,0.1,0.1,0.1,0.1,0.1,0.1,0.1,0.1,0.1,0.1,0.1,0.1,0.1,0.1,0.1,0.1,0.1,0.1,0.1,0.1,0.1,0.1,0.1,0.1,0.1,0.1,0.1,0.1,0.1,0.1,0.1,0.1,0.1,0.1,0.1,0.1,0.1,0.1,0.1,0.1,0.1,0.1,0.1,0.1,0.1,0.1,0.1,0.1,0.1,0.1,0.1,0.1,0.1,0.1,0.1,0.1,0.1,0.1,0.1,0.1,0.1,0.1,0.1,0.1,0.1,0.1,0.1,0.1,0.1,0.1,0.1,0.1,0.1,0.1,0.1,0.1,0.1,0.1,0.1,0.1,0.1,0.1,0.1,0.1,0.1,0.1,0.1,0.1,0.1,0.1,0.1,0.1,0.1,0.1,0.1,0.1,0.1,0.1,0.1,0.1,0.1,0.1,0.1,0.1,0.1,0.1,0.1,0.1,0.1,0.1,0.1,0.1,0.1,0.1,0.1,1,1,1,1,1,1,1,1,1,1,1,1,1,1,1,1,1,2,2,2,2,2,2,2,2,2,2,2,2,2,2,2,2,2,2,2,2,2,2,2,1,1,1,1,1,1,1,1,1,1,1,1,1,1,1,1,1,0.1,0.1,0.1,0.1,0.1,0.1,0.1,0.1,0.1,0.1,0.1,0.1,0.1,0.1,0.1,0.1,0.1,0.1,0.1,0.1,0.1,0.1,0.1,0.1,0.1,0.1,0.1,0.1,0.1,0.1,0.1,0.1,0.1,0.1,0.1,0.1,0.1,0.1,0.1,0.1,0.1,0.1,0.1,0.1,0.1,0.1,0.1,0.1,0.1,0.1,0.1,0.1,0.1,0.1,0.1,0.1,0.1,0.1,0.1,0.1,0.1,0.1,0.1,0.1,0.1,0.1,0.1,0.1,0.1,0.1,0.1,0.1,0.1,0.1,0.1,0.1,0.1,0.1,0.1,0.1,0.1,0.1,0.1,0.1,0.1,0.1,0.1,0.1,0.1,0.1,0.1,0.1,0.1,0.1,0.1,0.1,0.1,0.1,0.1,0.1,0.1,0.1,0.1,0.1,0.1,0.1,0.1,0.1,0.1,0.1,0.1,0.1,0.1,0.1,0.1,0.1,0.1,0.1,0.1,0.1,0.1,0.1,0.1,0.1,0.1,0.1,0.1,0.1,0.1,0.1,0.1,0.1,0.1,0.1,0.1,0.1,0.1,0.1,0.1,0.1,0.1,0.1,0.1,0.1,0.1,0.1,0.1,0.1,0.1,0.1,0.1,0.1,0.1,0.1,0.1,0.1,0.1,0.1,0.1,0.1,0.1,0.1,0.1,0.1,0.1,0.1,0.1,0.1,0.1,0.1,0.1,0.1,0.1,0.1,0.1,0.1,0.1,0.1,0.1,0.1,0.1,0.1,0.1,0.1,0.1,0.1,0.1,0.1,0.1,0.1,0.1,0.1,0.1,0.1,0.1,0.1,0.1,0.1,0.1,0.1,0.1,0.1,0.1,0.1,0.1,0.1,0.1,0.1,0.1,0.1,0.1,0.1,0.1,0.1,0.1,0.1,0.1,0.1,0.1,0.1,0.1,0.1,0.1,0.1,0.1,0.1,0.1,0.1,0.1,0.1,0.1,0.1,0.1,0.1,0.1,0.1,0.1,0.1,0.1,0.1,0.1,0.1,0.1,0.1,0.1
0.1,0.1,0.1,0.1,0.1,0.1,0.1,0.1,0.1,0.1,0.1,0.1,0.1,0.1,0.1,0.1,0.1,0.1,0.1,0.1,0.1,0.1,0.1,0.1,0.1,0.1,0.1,0.1,0.1,0.1,0.1,0.1,0.1,0.1,0.1,0.1,0.1,0.1,0.1,0.1,0.1,0.1,0.1,0.1,0.1,0.1,0.1,0.1,0.1,0.1,0.1,0.1,0.1,0.1,0.1,0.1,0.1,0.1,0.1,0.1,0.1,0.1,0.1,0.1,0.1,0.1,0.1,0.1,0.1,0.1,0.1,0.1,0.1,0.1,0.1,0.1,0.1,0.1,0.1,0.1,0.1,0.1,0.1,0.1,0.1,0.1,0.1,0.1,0.1,0.1,0.1,0.1,0.1,0.1,0.1,0.1,0.1,0.1,0.1,0.1,0.1,0.1,0.1,0.1,0.1,0.1,0.1,0.1,0.1,0.1,0.1,0.1,0.1,0.1,0.1,0.1,0.1,0.1,0.1,0.1,0.1,0.1,0.1,0.1,0.1,0.1,0.1,0.1,0.1,0.1,0.1,0.1,0.1,0.1,0.1,0.1,0.1,0.1,0.1,0.1,0.1,0.1,0.1,0.1,0.1,0.1,0.1,0.1,0.1,0.1,0.1,0.1,0.1,0.1,0.1,0.1,0.1,0.1,0.1,0.1,0.1,0.1,0.1,0.1,0.1,0.1,0.1,0.1,0.1,0.1,0.1,0.1,0.1,0.1,0.1,0.1,0.1,0.1,0.1,0.1,0.1,0.1,0.1,0.1,0.1,0.1,0.1,0.1,0.1,0.1,0.1,0.1,0.1,0.1,0.1,0.1,0.1,0.1,0.1,0.1,0.1,0.1,0.1,0.1,0.1,0.1,0.1,0.1,0.1,0.1,0.1,0.1,0.1,0.1,0.1,0.1,0.1,0.1,0.1,0.1,0.1,0.1,0.1,0.1,0.1,0.1,0.1,0.1,0.1,0.1,0.1,0.1,0.1,0.1,0.1,0.1,0.1,0.1,0.1,0.1,0.1,0.1,0.1,0.1,0.1,0.1,0.1,0.1,0.1,0.1,1,1,1,1,1,1,1,1,1,1,1,1,1,1,1,1,1,1,1,1,1,1,2,2,2,2,2,2,2,2,2,1,1,1,1,1,1,1,1,1,1,1,1,1,1,1,1,1,1,1,1,1,1,0.1,0.1,0.1,0.1,0.1,0.1,0.1,0.1,0.1,0.1,0.1,0.1,0.1,0.1,0.1,0.1,0.1,0.1,0.1,0.1,0.1,0.1,0.1,0.1,0.1,0.1,0.1,0.1,0.1,0.1,0.1,0.1,0.1,0.1,0.1,0.1,0.1,0.1,0.1,0.1,0.1,0.1,0.1,0.1,0.1,0.1,0.1,0.1,0.1,0.1,0.1,0.1,0.1,0.1,0.1,0.1,0.1,0.1,0.1,0.1,0.1,0.1,0.1,0.1,0.1,0.1,0.1,0.1,0.1,0.1,0.1,0.1,0.1,0.1,0.1,0.1,0.1,0.1,0.1,0.1,0.1,0.1,0.1,0.1,0.1,0.1,0.1,0.1,0.1,0.1,0.1,0.1,0.1,0.1,0.1,0.1,0.1,0.1,0.1,0.1,0.1,0.1,0.1,0.1,0.1,0.1,0.1,0.1,0.1,0.1,0.1,0.1,0.1,0.1,0.1,0.1,0.1,0.1,0.1,0.1,0.1,0.1,0.1,0.1,0.1,0.1,0.1,0.1,0.1,0.1,0.1,0.1,0.1,0.1,0.1,0.1,0.1,0.1,0.1,0.1,0.1,0.1,0.1,0.1,0.1,0.1,0.1,0.1,0.1,0.1,0.1,0.1,0.1,0.1,0.1,0.1,0.1,0.1,0.1,0.1,0.1,0.1,0.1,0.1,0.1,0.1,0.1,0.1,0.1,0.1,0.1,0.1,0.1,0.1,0.1,0.1,0.1,0.1,0.1,0.1,0.1,0.1,0.1,0.1,0.1,0.1,0.1,0.1,0.1,0.1,0.1,0.1,0.1,0.1,0.1,0.1,0.1,0.1,0.1,0.1,0.1,0.1,0.1,0.1,0.1,0.1,0.1,0.1,0.1,0.1,0.1,0.1,0.1,0.1,0.1,0.1,0.1,0.1,0.1,0.1,0.1,0.1,0.1,0.1,0.1,0.1,0.1,0.1,0.1,0.1,0.1,0.1,0.1,0.1,0.1,0.1,0.1,0.1,0.1,0.1,0.1,0.1,0.1,0.1,0.1,0.1,0.1
0.1,0.1,0.1,0.1,0.1,0.1,0.1,0.1,0.1,0.1,0.1,0.1,0.1,0.1,0.1,0.1,0.1,0.1,0.1,0.1,0.1,0.1,0.1,0.1,0.1,0.1,0.1,0.1,0.1,0.1,0.1,0.1,0.1,0.1,0.1,0.1,0.1,0.1,0.1,0.1,0.1,0.1,0.1,0.1,0.1,0.1,0.1,0.1,0.1,0.1,0.1,0.1,0.1,0.1,0.1,0.1,0.1,0.1,0.1,0.1,0.1,0.1,0.1,0.1,0.1,0.1,0.1,0.1,0.1,0.1,0.1,0.1,0.1,0.1,0.1,0.1,0.1,0.1,0.1,0.1,0.1,0.1,0.1,0.1,0.1,0.1,0.1,0.1,0.1,0.1,0.1,0.1,0.1,0.1,0.1,0.1,0.1,0.1,0.1,0.1,0.1,0.1,0.1,0.1,0.1,0.1,0.1,0.1,0.1,0.1,0.1,0.1,0.1,0.1,0.1,0.1,0.1,0.1,0.1,0.1,0.1,0.1,0.1,0.1,0.1,0.1,0.1,0.1,0.1,0.1,0.1,0.1,0.1,0.1,0.1,0.1,0.1,0.1,0.1,0.1,0.1,0.1,0.1,0.1,0.1,0.1,0.1,0.1,0.1,0.1,0.1,0.1,0.1,0.1,0.1,0.1,0.1,0.1,0.1,0.1,0.1,0.1,0.1,0.1,0.1,0.1,0.1,0.1,0.1,0.1,0.1,0.1,0.1,0.1,0.1,0.1,0.1,0.1,0.1,0.1,0.1,0.1,0.1,0.1,0.1,0.1,0.1,0.1,0.1,0.1,0.1,0.1,0.1,0.1,0.1,0.1,0.1,0.1,0.1,0.1,0.1,0.1,0.1,0.1,0.1,0.1,0.1,0.1,0.1,0.1,0.1,0.1,0.1,0.1,0.1,0.1,0.1,0.1,0.1,0.1,0.1,0.1,0.1,0.1,0.1,0.1,0.1,0.1,0.1,0.1,0.1,0.1,0.1,0.1,0.1,0.1,0.1,0.1,0.1,0.1,0.1,0.1,0.1,0.1,0.1,0.1,0.1,0.1,0.1,0.1,0.1,0.1,0.1,1,1,1,1,1,1,1,1,1,1,1,1,1,1,1,1,1,1,1,1,1,1,1,1,1,1,1,1,1,1,1,1,1,1,1,1,1,1,1,1,1,1,1,1,1,1,1,0.1,0.1,0.1,0.1,0.1,0.1,0.1,0.1,0.1,0.1,0.1,0.1,0.1,0.1,0.1,0.1,0.1,0.1,0.1,0.1,0.1,0.1,0.1,0.1,0.1,0.1,0.1,0.1,0.1,0.1,0.1,0.1,0.1,0.1,0.1,0.1,0.1,0.1,0.1,0.1,0.1,0.1,0.1,0.1,0.1,0.1,0.1,0.1,0.1,0.1,0.1,0.1,0.1,0.1,0.1,0.1,0.1,0.1,0.1,0.1,0.1,0.1,0.1,0.1,0.1,0.1,0.1,0.1,0.1,0.1,0.1,0.1,0.1,0.1,0.1,0.1,0.1,0.1,0.1,0.1,0.1,0.1,0.1,0.1,0.1,0.1,0.1,0.1,0.1,0.1,0.1,0.1,0.1,0.1,0.1,0.1,0.1,0.1,0.1,0.1,0.1,0.1,0.1,0.1,0.1,0.1,0.1,0.1,0.1,0.1,0.1,0.1,0.1,0.1,0.1,0.1,0.1,0.1,0.1,0.1,0.1,0.1,0.1,0.1,0.1,0.1,0.1,0.1,0.1,0.1,0.1,0.1,0.1,0.1,0.1,0.1,0.1,0.1,0.1,0.1,0.1,0.1,0.1,0.1,0.1,0.1,0.1,0.1,0.1,0.1,0.1,0.1,0.1,0.1,0.1,0.1,0.1,0.1,0.1,0.1,0.1,0.1,0.1,0.1,0.1,0.1,0.1,0.1,0.1,0.1,0.1,0.1,0.1,0.1,0.1,0.1,0.1,0.1,0.1,0.1,0.1,0.1,0.1,0.1,0.1,0.1,0.1,0.1,0.1,0.1,0.1,0.1,0.1,0.1,0.1,0.1,0.1,0.1,0.1,0.1,0.1,0.1,0.1,0.1,0.1,0.1,0.1,0.1,0.1,0.1,0.1,0.1,0.1,0.1,0.1,0.1,0.1,0.1,0.1,0.1,0.1,0.1,0.1,0.1,0.1,0.1,0.1,0.1,0.1,0.1,0.1,0.1,0.1,0.1,0.1,0.1,0.1,0.1,0.1,0.1,0.1,0.1,0.1,0.1,0.1,0.1,0.1,0.1,0.1,0.1
0.1,0.1,0.1,0.1,0.1,0.1,0.1,0.1,0.1,0.1,0.1,0.1,0.1,0.1,0.1,0.1,0.1,0.1,0.1,0.1,0.1,0.1,0.1,0.1,0.1,0.1,0.1,0.1,0.1,0.1,0.1,0.1,0.1,0.1,0.1,0.1,0.1,0.1,0.1,0.1,0.1,0.1,0.1,0.1,0.1,0.1,0.1,0.1,0.1,0.1,0.1,0.1,0.1,0.1,0.1,0.1,0.1,0.1,0.1,0.1,0.1,0.1,0.1,0.1,0.1,0.1,0.1,0.1,0.1,0.1,0.1,0.1,0.1,0.1,0.1,0.1,0.1,0.1,0.1,0.1,0.1,0.1,0.1,0.1,0.1,0.1,0.1,0.1,0.1,0.1,0.1,0.1,0.1,0.1,0.1,0.1,0.1,0.1,0.1,0.1,0.1,0.1,0.1,0.1,0.1,0.1,0.1,0.1,0.1,0.1,0.1,0.1,0.1,0.1,0.1,0.1,0.1,0.1,0.1,0.1,0.1,0.1,0.1,0.1,0.1,0.1,0.1,0.1,0.1,0.1,0.1,0.1,0.1,0.1,0.1,0.1,0.1,0.1,0.1,0.1,0.1,0.1,0.1,0.1,0.1,0.1,0.1,0.1,0.1,0.1,0.1,0.1,0.1,0.1,0.1,0.1,0.1,0.1,0.1,0.1,0.1,0.1,0.1,0.1,0.1,0.1,0.1,0.1,0.1,0.1,0.1,0.1,0.1,0.1,0.1,0.1,0.1,0.1,0.1,0.1,0.1,0.1,0.1,0.1,0.1,0.1,0.1,0.1,0.1,0.1,0.1,0.1,0.1,0.1,0.1,0.1,0.1,0.1,0.1,0.1,0.1,0.1,0.1,0.1,0.1,0.1,0.1,0.1,0.1,0.1,0.1,0.1,0.1,0.1,0.1,0.1,0.1,0.1,0.1,0.1,0.1,0.1,0.1,0.1,0.1,0.1,0.1,0.1,0.1,0.1,0.1,0.1,0.1,0.1,0.1,0.1,0.1,0.1,0.1,0.1,0.1,0.1,0.1,0.1,0.1,0.1,0.1,0.1,0.1,0.1,0.1,0.1,0.1,0.1,0.1,0.1,1,1,1,1,1,1,1,1,1,1,1,1,1,1,1,1,1,1,1,1,1,1,1,1,1,1,1,1,1,1,1,1,1,1,1,1,1,1,1,1,1,0.1,0.1,0.1,0.1,0.1,0.1,0.1,0.1,0.1,0.1,0.1,0.1,0.1,0.1,0.1,0.1,0.1,0.1,0.1,0.1,0.1,0.1,0.1,0.1,0.1,0.1,0.1,0.1,0.1,0.1,0.1,0.1,0.1,0.1,0.1,0.1,0.1,0.1,0.1,0.1,0.1,0.1,0.1,0.1,0.1,0.1,0.1,0.1,0.1,0.1,0.1,0.1,0.1,0.1,0.1,0.1,0.1,0.1,0.1,0.1,0.1,0.1,0.1,0.1,0.1,0.1,0.1,0.1,0.1,0.1,0.1,0.1,0.1,0.1,0.1,0.1,0.1,0.1,0.1,0.1,0.1,0.1,0.1,0.1,0.1,0.1,0.1,0.1,0.1,0.1,0.1,0.1,0.1,0.1,0.1,0.1,0.1,0.1,0.1,0.1,0.1,0.1,0.1,0.1,0.1,0.1,0.1,0.1,0.1,0.1,0.1,0.1,0.1,0.1,0.1,0.1,0.1,0.1,0.1,0.1,0.1,0.1,0.1,0.1,0.1,0.1,0.1,0.1,0.1,0.1,0.1,0.1,0.1,0.1,0.1,0.1,0.1,0.1,0.1,0.1,0.1,0.1,0.1,0.1,0.1,0.1,0.1,0.1,0.1,0.1,0.1,0.1,0.1,0.1,0.1,0.1,0.1,0.1,0.1,0.1,0.1,0.1,0.1,0.1,0.1,0.1,0.1,0.1,0.1,0.1,0.1,0.1,0.1,0.1,0.1,0.1,0.1,0.1,0.1,0.1,0.1,0.1,0.1,0.1,0.1,0.1,0.1,0.1,0.1,0.1,0.1,0.1,0.1,0.1,0.1,0.1,0.1,0.1,0.1,0.1,0.1,0.1,0.1,0.1,0.1,0.1,0.1,0.1,0.1,0.1,0.1,0.1,0.1,0.1,0.1,0.1,0.1,0.1,0.1,0.1,0.1,0.1,0.1,0.1,0.1,0.1,0.1,0.1,0.1,0.1,0.1,0.1,0.1,0.1,0.1,0.1,0.1,0.1,0.1,0.1,0.1,0.1,0.1,0.1,0.1,0.1,0.1,0.1,0.1,0.1,0.1,0.1,0.1
0.1,0.1,0.1,0.1,0.1,0.1,0.1,0.1,0.1,0.1,0.1,0.1,0.1,0.1,0.1,0.1,0.1,0.1,0.1,0.1,0.1,0.1,0.1,0.1,0.1,0.1,0.1,0.1,0.1,0.1,0.1,0.1,0.1,0.1,0.1,0.1,0.1,0.1,0.1,0.1,0.1,0.1,0.1,0.1,0.1,0.1,0.1,0.1,0.1,0.1,0.1,0.1,0.1,0.1,0.1,0.1,0.1,0.1,0.1,0.1,0.1,0.1,0.1,0.1,0.1,0.1,0.1,0.1,0.1,0.1,0.1,0.1,0.1,0.1,0.1,0.1,0.1,0.1,0.1,0.1,0.1,0.1,0.1,0.1,0.1,0.1,0.1,0.1,0.1,0.1,0.1,0.1,0.1,0.1,0.1,0.1,0.1,0.1,0.1,0.1,0.1,0.1,0.1,0.1,0.1,0.1,0.1,0.1,0.1,0.1,0.1,0.1,0.1,0.1,0.1,0.1,0.1,0.1,0.1,0.1,0.1,0.1,0.1,0.1,0.1,0.1,0.1,0.1,0.1,0.1,0.1,0.1,0.1,0.1,0.1,0.1,0.1,0.1,0.1,0.1,0.1,0.1,0.1,0.1,0.1,0.1,0.1,0.1,0.1,0.1,0.1,0.1,0.1,0.1,0.1,0.1,0.1,0.1,0.1,0.1,0.1,0.1,0.1,0.1,0.1,0.1,0.1,0.1,0.1,0.1,0.1,0.1,0.1,0.1,0.1,0.1,0.1,0.1,0.1,0.1,0.1,0.1,0.1,0.1,0.1,0.1,0.1,0.1,0.1,0.1,0.1,0.1,0.1,0.1,0.1,0.1,0.1,0.1,0.1,0.1,0.1,0.1,0.1,0.1,0.1,0.1,0.1,0.1,0.1,0.1,0.1,0.1,0.1,0.1,0.1,0.1,0.1,0.1,0.1,0.1,0.1,0.1,0.1,0.1,0.1,0.1,0.1,0.1,0.1,0.1,0.1,0.1,0.1,0.1,0.1,0.1,0.1,0.1,0.1,0.1,0.1,0.1,0.1,0.1,0.1,0.1,0.1,0.1,0.1,0.1,0.1,0.1,0.1,0.1,0.1,0.1,0.1,0.1,0.1,0.1,1,1,1,1,1,1,1,1,1,1,1,1,1,1,1,1,1,1,1,1,1,1,1,1,1,1,1,1,1,1,1,1,1,0.1,0.1,0.1,0.1,0.1,0.1,0.1,0.1,0.1,0.1,0.1,0.1,0.1,0.1,0.1,0.1,0.1,0.1,0.1,0.1,0.1,0.1,0.1,0.1,0.1,0.1,0.1,0.1,0.1,0.1,0.1,0.1,0.1,0.1,0.1,0.1,0.1,0.1,0.1,0.1,0.1,0.1,0.1,0.1,0.1,0.1,0.1,0.1,0.1,0.1,0.1,0.1,0.1,0.1,0.1,0.1,0.1,0.1,0.1,0.1,0.1,0.1,0.1,0.1,0.1,0.1,0.1,0.1,0.1,0.1,0.1,0.1,0.1,0.1,0.1,0.1,0.1,0.1,0.1,0.1,0.1,0.1,0.1,0.1,0.1,0.1,0.1,0.1,0.1,0.1,0.1,0.1,0.1,0.1,0.1,0.1,0.1,0.1,0.1,0.1,0.1,0.1,0.1,0.1,0.1,0.1,0.1,0.1,0.1,0.1,0.1,0.1,0.1,0.1,0.1,0.1,0.1,0.1,0.1,0.1,0.1,0.1,0.1,0.1,0.1,0.1,0.1,0.1,0.1,0.1,0.1,0.1,0.1,0.1,0.1,0.1,0.1,0.1,0.1,0.1,0.1,0.1,0.1,0.1,0.1,0.1,0.1,0.1,0.1,0.1,0.1,0.1,0.1,0.1,0.1,0.1,0.1,0.1,0.1,0.1,0.1,0.1,0.1,0.1,0.1,0.1,0.1,0.1,0.1,0.1,0.1,0.1,0.1,0.1,0.1,0.1,0.1,0.1,0.1,0.1,0.1,0.1,0.1,0.1,0.1,0.1,0.1,0.1,0.1,0.1,0.1,0.1,0.1,0.1,0.1,0.1,0.1,0.1,0.1,0.1,0.1,0.1,0.1,0.1,0.1,0.1,0.1,0.1,0.1,0.1,0.1,0.1,0.1,0.1,0.1,0.1,0.1,0.1,0.1,0.1,0.1,0.1,0.1,0.1,0.1,0.1,0.1,0.1,0.1,0.1,0.1,0.1,0.1,0.1,0.1,0.1,0.1,0.1,0.1,0.1,0.1,0.1,0.1,0.1,0.1,0.1,0.1,0.1,0.1,0.1,0.1,0.1,0.1,0.1,0.1,0.1,0.1
0.1,0.1,0.1,0.1,0.1,0.1,0.1,0.1,0.1,0.1,0.1,0.1,0.1,0.1,0.1,0.1,0.1,0.1,0.1,0.1,0.1,0.1,0.1,0.1,0.1,0.1,0.1,0.1,0.1,0.1,0.1,0.1,0.1,0.1,0.1,0.1,0.1,0.1,0.1,0.1,0.1,0.1,0.1,0.1,0.1,0.1,0.1,0.1,0.1,0.1,0.1,0.1,0.1,0.1,0.1,0.1,0.1,0.1,0.1,0.1,0.1,0.1,0.1,0.1,0.1,0.1,0.1,0.1,0.1,0.1,0.1,0.1,0.1,0.1,0.1,0.1,0.1,0.1,0.1,0.1,0.1,0.1,0.1,0.1,0.1,0.1,0.1,0.1,0.1,0.1,0.1,0.1,0.1,0.1,0.1,0.1,0.1,0.1,0.1,0.1,0.1,0.1,0.1,0.1,0.1,0.1,0.1,0.1,0.1,0.1,0.1,0.1,0.1,0.1,0.1,0.1,0.1,0.1,0.1,0.1,0.1,0.1,0.1,0.1,0.1,0.1,0.1,0.1,0.1,0.1,0.1,0.1,0.1,0.1,0.1,0.1,0.1,0.1,0.1,0.1,0.1,0.1,0.1,0.1,0.1,0.1,0.1,0.1,0.1,0.1,0.1,0.1,0.1,0.1,0.1,0.1,0.1,0.1,0.1,0.1,0.1,0.1,0.1,0.1,0.1,0.1,0.1,0.1,0.1,0.1,0.1,0.1,0.1,0.1,0.1,0.1,0.1,0.1,0.1,0.1,0.1,0.1,0.1,0.1,0.1,0.1,0.1,0.1,0.1,0.1,0.1,0.1,0.1,0.1,0.1,0.1,0.1,0.1,0.1,0.1,0.1,0.1,0.1,0.1,0.1,0.1,0.1,0.1,0.1,0.1,0.1,0.1,0.1,0.1,0.1,0.1,0.1,0.1,0.1,0.1,0.1,0.1,0.1,0.1,0.1,0.1,0.1,0.1,0.1,0.1,0.1,0.1,0.1,0.1,0.1,0.1,0.1,0.1,0.1,0.1,0.1,0.1,0.1,0.1,0.1,0.1,0.1,0.1,0.1,0.1,0.1,0.1,0.1,0.1,0.1,0.1,0.1,0.1,0.1,0.1,0.1,0.1,0.1,0.1,0.1,1,1,1,1,1,1,1,1,1,1,1,1,1,1,1,1,1,1,1,1,1,1,1,0.1,0.1,0.1,0.1,0.1,0.1,0.1,0.1,0.1,0.1,0.1,0.1,0.1,0.1,0.1,0.1,0.1,0.1,0.1,0.1,0.1,0.1,0.1,0.1,0.1,0.1,0.1,0.1,0.1,0.1,0.1,0.1,0.1,0.1,0.1,0.1,0.1,0.1,0.1,0.1,0.1,0.1,0.1,0.1,0.1,0.1,0.1,0.1,0.1,0.1,0.1,0.1,0.1,0.1,0.1,0.1,0.1,0.1,0.1,0.1,0.1,0.1,0.1,0.1,0.1,0.1,0.1,0.1,0.1,0.1,0.1,0.1,0.1,0.1,0.1,0.1,0.1,0.1,0.1,0.1,0.1,0.1,0.1,0.1,0.1,0.1,0.1,0.1,0.1,0.1,0.1,0.1,0.1,0.1,0.1,0.1,0.1,0.1,0.1,0.1,0.1,0.1,0.1,0.1,0.1,0.1,0.1,0.1,0.1,0.1,0.1,0.1,0.1,0.1,0.1,0.1,0.1,0.1,0.1,0.1,0.1,0.1,0.1,0.1,0.1,0.1,0.1,0.1,0.1,0.1,0.1,0.1,0.1,0.1,0.1,0.1,0.1,0.1,0.1,0.1,0.1,0.1,0.1,0.1,0.1,0.1,0.1,0.1,0.1,0.1,0.1,0.1,0.1,0.1,0.1,0.1,0.1,0.1,0.1,0.1,0.1,0.1,0.1,0.1,0.1,0.1,0.1,0.1,0.1,0.1,0.1,0.1,0.1,0.1,0.1,0.1,0.1,0.1,0.1,0.1,0.1,0.1,0.1,0.1,0.1,0.1,0.1,0.1,0.1,0.1,0.1,0.1,0.1,0.1,0.1,0.1,0.1,0.1,0.1,0.1,0.1,0.1,0.1,0.1,0.1,0.1,0.1,0.1,0.1,0.1,0.1,0.1,0.1,0.1,0.1,0.1,0.1,0.1,0.1,0.1,0.1,0.1,0.1,0.1,0.1,0.1,0.1,0.1,0.1,0.1,0.1,0.1,0.1,0.1,0.1,0.1,0.1,0.1,0.1,0.1,0.1,0.1,0.1,0.1,0.1,0.1,0.1,0.1,0.1,0.1,0.1,0.1,0.1,0.1,0.1,0.1,0.1,0.1,0.1,0.1,0.1,0.1
0.1,0.1,0.1,0.1,0.1,0.1,0.1,0.1,0.1,0.1,0.1,0.1,0.1,0.1,0.1,0.1,0.1,0.1,0.1,0.1,0.1,0.1,0.1,0.1,0.1,0.1,0.1,0.1,0.1,0.1,0.1,0.1,0.1,0.1,0.1,0.1,0.1,0.1,0.1,0.1,0.1,0.1,0.1,0.1,0.1,0.1,0.1,0.1,0.1,0.1,0.1,0.1,0.1,0.1,0.1,0.1,0.1,0.1,0.1,0.1,0.1,0.1,0.1,0.1,0.1,0.1,0.1,0.1,0.1,0.1,0.1,0.1,0.1,0.1,0.1,0.1,0.1,0.1,0.1,0.1,0.1,0.1,0.1,0.1,0.1,0.1,0.1,0.1,0.1,0.1,0.1,0.1,0.1,0.1,0.1,0.1,0.1,0.1,0.1,0.1,0.1,0.1,0.1,0.1,0.1,0.1,0.1,0.1,0.1,0.1,0.1,0.1,0.1,0.1,0.1,0.1,0.1,0.1,0.1,0.1,0.1,0.1,0.1,0.1,0.1,0.1,0.1,0.1,0.1,0.1,0.1,0.1,0.1,0.1,0.1,0.1,0.1,0.1,0.1,0.1,0.1,0.1,0.1,0.1,0.1,0.1,0.1,0.1,0.1,0.1,0.1,0.1,0.1,0.1,0.1,0.1,0.1,0.1,0.1,0.1,0.1,0.1,0.1,0.1,0.1,0.1,0.1,0.1,0.1,0.1,0.1,0.1,0.1,0.1,0.1,0.1,0.1,0.1,0.1,0.1,0.1,0.1,0.1,0.1,0.1,0.1,0.1,0.1,0.1,0.1,0.1,0.1,0.1,0.1,0.1,0.1,0.1,0.1,0.1,0.1,0.1,0.1,0.1,0.1,0.1,0.1,0.1,0.1,0.1,0.1,0.1,0.1,0.1,0.1,0.1,0.1,0.1,0.1,0.1,0.1,0.1,0.1,0.1,0.1,0.1,0.1,0.1,0.1,0.1,0.1,0.1,0.1,0.1,0.1,0.1,0.1,0.1,0.1,0.1,0.1,0.1,0.1,0.1,0.1,0.1,0.1,0.1,0.1,0.1,0.1,0.1,0.1,0.1,0.1,0.1,0.1,0.1,0.1,0.1,0.1,0.1,0.1,0.1,0.1,0.1,0.1,0.1,0.1,0.1,0.1,0.1,0.1,0.1,1,1,1,1,1,1,1,0.1,0.1,0.1,0.1,0.1,0.1,0.1,0.1,0.1,0.1,0.1,0.1,0.1,0.1,0.1,0.1,0.1,0.1,0.1,0.1,0.1,0.1,0.1,0.1,0.1,0.1,0.1,0.1,0.1,0.1,0.1,0.1,0.1,0.1,0.1,0.1,0.1,0.1,0.1,0.1,0.1,0.1,0.1,0.1,0.1,0.1,0.1,0.1,0.1,0.1,0.1,0.1,0.1,0.1,0.1,0.1,0.1,0.1,0.1,0.1,0.1,0.1,0.1,0.1,0.1,0.1,0.1,0.1,0.1,0.1,0.1,0.1,0.1,0.1,0.1,0.1,0.1,0.1,0.1,0.1,0.1,0.1,0.1,0.1,0.1,0.1,0.1,0.1,0.1,0.1,0.1,0.1,0.1,0.1,0.1,0.1,0.1,0.1,0.1,0.1,0.1,0.1,0.1,0.1,0.1,0.1,0.1,0.1,0.1,0.1,0.1,0.1,0.1,0.1,0.1,0.1,0.1,0.1,0.1,0.1,0.1,0.1,0.1,0.1,0.1,0.1,0.1,0.1,0.1,0.1,0.1,0.1,0.1,0.1,0.1,0.1,0.1,0.1,0.1,0.1,0.1,0.1,0.1,0.1,0.1,0.1,0.1,0.1,0.1,0.1,0.1,0.1,0.1,0.1,0.1,0.1,0.1,0.1,0.1,0.1,0.1,0.1,0.1,0.1,0.1,0.1,0.1,0.1,0.1,0.1,0.1,0.1,0.1,0.1,0.1,0.1,0.1,0.1,0.1,0.1,0.1,0.1,0.1,0.1,0.1,0.1,0.1,0.1,0.1,0.1,0.1,0.1,0.1,0.1,0.1,0.1,0.1,0.1,0.1,0.1,0.1,0.1,0.1,0.1,0.1,0.1,0.1,0.1,0.1,0.1,0.1,0.1,0.1,0.1,0.1,0.1,0.1,0.1,0.1,0.1,0.1,0.1,0.1,0.1,0.1,0.1,0.1,0.1,0.1,0.1,0.1,0.1,0.1,0.1,0.1,0.1,0.1,0.1,0.1,0.1,0.1,0.1,0.1,0.1,0.1,0.1,0.1,0.1,0.1,0.1,0.1,0.1,0.1,0.1,0.1,0.1,0.1,0.1,0.1,0.1,0.1,0.1,0.1,0.1,0.1,0.1,0.1,0.1,0.1,0.1
0.1,0.1,0.1,0.1,0.1,0.1,0.1,0.1,0.1,0.1,0.1,0.1,0.1,0.1,0.1,0.1,0.1,0.1,0.1,0.1,0.1,0.1,0.1,0.1,0.1,0.1,0.1,0.1,0.1,0.1,0.1,0.1,0.1,0.1,0.1,0.1,0.1,0.1,0.1,0.1,0.1,0.1,0.1,0.1,0.1,0.1,0.1,0.1,0.1,0.1,0.1,0.1,0.1,0.1,0.1,0.1,0.1,0.1,0.1,0.1,0.1,0.1,0.1,0.1,0.1,0.1,0.1,0.1,0.1,0.1,0.1,0.1,0.1,0.1,0.1,0.1,0.1,0.1,0.1,0.1,0.1,0.1,0.1,0.1,0.1,0.1,0.1,0.1,0.1,0.1,0.1,0.1,0.1,0.1,0.1,0.1,0.1,0.1,0.1,0.1,0.1,0.1,0.1,0.1,0.1,0.1,0.1,0.1,0.1,0.1,0.1,0.1,0.1,0.1,0.1,0.1,0.1,0.1,0.1,0.1,0.1,0.1,0.1,0.1,0.1,0.1,0.1,0.1,0.1,0.1,0.1,0.1,0.1,0.1,0.1,0.1,0.1,0.1,0.1,0.1,0.1,0.1,0.1,0.1,0.1,0.1,0.1,0.1,0.1,0.1,0.1,0.1,0.1,0.1,0.1,0.1,0.1,0.1,0.1,0.1,0.1,0.1,0.1,0.1,0.1,0.1,0.1,0.1,0.1,0.1,0.1,0.1,0.1,0.1,0.1,0.1,0.1,0.1,0.1,0.1,0.1,0.1,0.1,0.1,0.1,0.1,0.1,0.1,0.1,0.1,0.1,0.1,0.1,0.1,0.1,0.1,0.1,0.1,0.1,0.1,0.1,0.1,0.1,0.1,0.1,0.1,0.1,0.1,0.1,0.1,0.1,0.1,0.1,0.1,0.1,0.1,0.1,0.1,0.1,0.1,0.1,0.1,0.1,0.1,0.1,0.1,0.1,0.1,0.1,0.1,0.1,0.1,0.1,0.1,0.1,0.1,0.1,0.1,0.1,0.1,0.1,0.1,0.1,0.1,0.1,0.1,0.1,0.1,0.1,0.1,0.1,0.1,0.1,0.1,0.1,0.1,0.1,0.1,0.1,0.1,0.1,0.1,0.1,0.1,0.1,0.1,0.1,0.1,0.1,0.1,0.1,0.1,0.1,0.1,0.1,0.1,0.1,0.1,0.1,0.1,0.1,0.1,0.1,0.1,0.1,0.1,0.1,0.1,0.1,0.1,0.1,0.1,0.1,0.1,0.1,0.1,0.1,0.1,0.1,0.1,0.1,0.1,0.1,0.1,0.1,0.1,0.1,0.1,0.1,0.1,0.1,0.1,0.1,0.1,0.1,0.1,0.1,0.1,0.1,0.1,0.1,0.1,0.1,0.1,0.1,0.1,0.1,0.1,0.1,0.1,0.1,0.1,0.1,0.1,0.1,0.1,0.1,0.1,0.1,0.1,0.1,0.1,0.1,0.1,0.1,0.1,0.1,0.1,0.1,0.1,0.1,0.1,0.1,0.1,0.1,0.1,0.1,0.1,0.1,0.1,0.1,0.1,0.1,0.1,0.1,0.1,0.1,0.1,0.1,0.1,0.1,0.1,0.1,0.1,0.1,0.1,0.1,0.1,0.1,0.1,0.1,0.1,0.1,0.1,0.1,0.1,0.1,0.1,0.1,0.1,0.1,0.1,0.1,0.1,0.1,0.1,0.1,0.1,0.1,0.1,0.1,0.1,0.1,0.1,0.1,0.1,0.1,0.1,0.1,0.1,0.1,0.1,0.1,0.1,0.1,0.1,0.1,0.1,0.1,0.1,0.1,0.1,0.1,0.1,0.1,0.1,0.1,0.1,0.1,0.1,0.1,0.1,0.1,0.1,0.1,0.1,0.1,0.1,0.1,0.1,0.1,0.1,0.1,0.1,0.1,0.1,0.1,0.1,0.1,0.1,0.1,0.1,0.1,0.1,0.1,0.1,0.1,0.1,0.1,0.1,0.1,0.1,0.1,0.1,0.1,0.1,0.1,0.1,0.1,0.1,0.1,0.1,0.1,0.1,0.1,0.1,0.1,0.1,0.1,0.1,0.1,0.1,0.1,0.1,0.1,0.1,0.1,0.1,0.1,0.1,0.1,0.1,0.1,0.1,0.1,0.1,0.1,0.1,0.1,0.1,0.1,0.1,0.1,0.1,0.1,0.1,0.1,0.1,0.1,0.1,0.1,0.1,0.1,0.1,0.1,0.1,0.1,0.1,0.1,0.1,0.1,0.1,0.1,0.1,0.1,0.1,0.1,0.1,0.1,0.1,0.1,0.1,0.1,0.1,0.1,0.1,0.1,0.1,0.1,0.1,0.1,0.1,0.1,0.1,0.1,0.1,0.1,0.1,0.1,0.1
0.1,0.1,0.1,0.1,0.1,0.1,0.1,0.1,0.1,0.1,0.1,0.1,0.1,0.1,0.1,0.1,0.1,0.1,0.1,0.1,0.1,0.1,0.1,0.1,0.1,0.1,0.1,0.1,0.1,0.1,0.1,0.1,0.1,0.1,0.1,0.1,0.1,0.1,0.1,0.1,0.1,0.1,0.1,0.1,0.1,0.1,0.1,0.1,0.1,0.1,0.1,0.1,0.1,0.1,0.1,0.1,0.1,0.1,0.1,0.1,0.1,0.1,0.1,0.1,0.1,0.1,0.1,0.1,0.1,0.1,0.1,0.1,0.1,0.1,0.1,0.1,0.1,0.1,0.1,0.1,0.1,0.1,0.1,0.1,0.1,0.1,0.1,0.1,0.1,0.1,0.1,0.1,0.1,0.1,0.1,0.1,0.1,0.1,0.1,0.1,0.1,0.1,0.1,0.1,0.1,0.1,0.1,0.1,0.1,0.1,0.1,0.1,0.1,0.1,0.1,0.1,0.1,0.1,0.1,0.1,0.1,0.1,0.1,0.1,0.1,0.1,0.1,0.1,0.1,0.1,0.1,0.1,0.1,0.1,0.1,0.1,0.1,0.1,0.1,0.1,0.1,0.1,0.1,0.1,0.1,0.1,0.1,0.1,0.1,0.1,0.1,0.1,0.1,0.1,0.1,0.1,0.1,0.1,0.1,0.1,0.1,0.1,0.1,0.1,0.1,0.1,0.1,0.1,0.1,0.1,0.1,0.1,0.1,0.1,0.1,0.1,0.1,0.1,0.1,0.1,0.1,0.1,0.1,0.1,0.1,0.1,0.1,0.1,0.1,0.1,0.1,0.1,0.1,0.1,0.1,0.1,0.1,0.1,0.1,0.1,0.1,0.1,0.1,0.1,0.1,0.1,0.1,0.1,0.1,0.1,0.1,0.1,0.1,0.1,0.1,0.1,0.1,0.1,0.1,0.1,0.1,0.1,0.1,0.1,0.1,0.1,0.1,0.1,0.1,0.1,0.1,0.1,0.1,0.1,0.1,0.1,0.1,0.1,0.1,0.1,0.1,0.1,0.1,0.1,0.1,0.1,0.1,0.1,0.1,0.1,0.1,0.1,0.1,0.1,0.1,0.1,0.1,0.1,0.1,0.1,0.1,0.1,0.1,0.1,0.1,0.1,0.1,0.1,0.1,0.1,0.1,0.1,0.1,0.1,0.1,0.1,0.1,0.1,0.1,0.1,0.1,0.1,0.1,0.1,0.1,0.1,0.1,0.1,0.1,0.1,0.1,0.1,0.1,0.1,0.1,0.1,0.1,0.1,0.1,0.1,0.1,0.1,0.1,0.1,0.1,0.1,0.1,0.1,0.1,0.1,0.1,0.1,0.1,0.1,0.1,0.1,0.1,0.1,0.1,0.1,0.1,0.1,0.1,0.1,0.1,0.1,0.1,0.1,0.1,0.1,0.1,0.1,0.1,0.1,0.1,0.1,0.1,0.1,0.1,0.1,0.1,0.1,0.1,0.1,0.1,0.1,0.1,0.1,0.1,0.1,0.1,0.1,0.1,0.1,0.1,0.1,0.1,0.1,0.1,0.1,0.1,0.1,0.1,0.1,0.1,0.1,0.1,0.1,0.1,0.1,0.1,0.1,0.1,0.1,0.1,0.1,0.1,0.1,0.1,0.1,0.1,0.1,0.1,0.1,0.1,0.1,0.1,0.1,0.1,0.1,0.1,0.1,0.1,0.1,0.1,0.1,0.1,0.1,0.1,0.1,0.1,0.1,0.1,0.1,0.1,0.1,0.1,0.1,0.1,0.1,0.1,0.1,0.1,0.1,0.1,0.1,0.1,0.1,0.1,0.1,0.1,0.1,0.1,0.1,0.1,0.1,0.1,0.1,0.1,0.1,0.1,0.1,0.1,0.1,0.1,0.1,0.1,0.1,0.1,0.1,0.1,0.1,0.1,0.1,0.1,0.1,0.1,0.1,0.1,0.1,0.1,0.1,0.1,0.1,0.1,0.1,0.1,0.1,0.1,0.1,0.1,0.1,0.1,0.1,0.1,0.1,0.1,0.1,0.1,0.1,0.1,0.1,0.1,0.1,0.1,0.1,0.1,0.1,0.1,0.1,0.1,0.1,0.1,0.1,0.1,0.1,0.1,0.1,0.1,0.1,0.1,0.1,0.1,0.1,0.1,0.1,0.1,0.1,0.1,0.1,0.1,0.1,0.1,0.1,0.1,0.1,0.1,0.1,0.1,0.1,0.1,0.1,0.1,0.1,0.1,0.1,0.1,0.1,0.1,0.1,0.1,0.1,0.1,0.1,0.1,0.1,0.1,0.1,0.1,0.1,0.1,0.1,0.1,0.1,0.1,0.1,0.1,0.1,0.1,0.1,0.1,0.1,0.1,0.1,0.1,0.1,0.1,0.1,0.1,0.1
0.1,0.1,0.1,0.1,0.1,0.1,0.1,0.1,0.1,0.1,0.1,0.1,0.1,0.1,0.1,0.1,0.1,0.1,0.1,0.1,0.1,0.1,0.1,0.1,0.1,0.1,0.1,0.1,0.1,0.1,0.1,0.1,0.1,0.1,0.1,0.1,0.1,0.1,0.1,0.1,0.1,0.1,0.1,0.1,0.1,0.1,0.1,0.1,0.1,0.1,0.1,0.1,0.1,0.1,0.1,0.1,0.1,0.1,0.1,0.1,0.1,0.1,0.1,0.1,0.1,0.1,0.1,0.1,0.1,0.1,0.1,0.1,0.1,0.1,0.1,0.1,0.1,0.1,0.1,0.1,0.1,0.1,0.1,0.1,0.1,0.1,0.1,0.1,0.1,0.1,0.1,0.1,0.1,0.1,0.1,0.1,0.1,0.1,0.1,0.1,0.1,0.1,0.1,0.1,0.1,0.1,0.1,0.1,0.1,0.1,0.1,0.1,0.1,0.1,0.1,0.1,0.1,0.1,0.1,0.1,0.1,0.1,0.1,0.1,0.1,0.1,0.1,0.1,0.1,0.1,0.1,0.1,0.1,0.1,0.1,0.1,0.1,0.1,0.1,0.1,0.1,0.1,0.1,0.1,0.1,0.1,0.1,0.1,0.1,0.1,0.1,0.1,0.1,0.1,0.1,0.1,0.1,0.1,0.1,0.1,0.1,0.1,0.1,0.1,0.1,0.1,0.1,0.1,0.1,0.1,0.1,0.1,0.1,0.1,0.1,0.1,0.1,0.1,0.1,0.1,0.1,0.1,0.1,0.1,0.1,0.1,0.1,0.1,0.1,0.1,0.1,0.1,0.1,0.1,0.1,0.1,0.1,0.1,0.1,0.1,0.1,0.1,0.1,0.1,0.1,0.1,0.1,0.1,0.1,0.1,0.1,0.1,0.1,0.1,0.1,0.1,0.1,0.1,0.1,0.1,0.1,0.1,0.1,0.1,0.1,0.1,0.1,0.1,0.1,0.1,0.1,0.1,0.1,0.1,0.1,0.1,0.1,0.1,0.1,0.1,0.1,0.1,0.1,0.1,0.1,0.1,0.1,0.1,0.1,0.1,0.1,0.1,0.1,0.1,0.1,0.1,0.1,0.1,0.1,0.1,0.1,0.1,0.1,0.1,0.1,0.1,0.1,0.1,0.1,0.1,0.1,0.1,0.1,0.1,0.1,0.1,0.1,0.1,0.1,0.1,0.1,0.1,0.1,0.1,0.1,0.1,0.1,0.1,0.1,0.1,0.1,0.1,0.1,0.1,0.1,0.1,0.1,0.1,0.1,0.1,0.1,0.1,0.1,0.1,0.1,0.1,0.1,0.1,0.1,0.1,0.1,0.1,0.1,0.1,0.1,0.1,0.1,0.1,0.1,0.1,0.1,0.1,0.1,0.1,0.1,0.1,0.1,0.1,0.1,0.1,0.1,0.1,0.1,0.1,0.1,0.1,0.1,0.1,0.1,0.1,0.1,0.1,0.1,0.1,0.1,0.1,0.1,0.1,0.1,0.1,0.1,0.1,0.1,0.1,0.1,0.1,0.1,0.1,0.1,0.1,0.1,0.1,0.1,0.1,0.1,0.1,0.1,0.1,0.1,0.1,0.1,0.1,0.1,0.1,0.1,0.1,0.1,0.1,0.1,0.1,0.1,0.1,0.1,0.1,0.1,0.1,0.1,0.1,0.1,0.1,0.1,0.1,0.1,0.1,0.1,0.1,0.1,0.1,0.1,0.1,0.1,0.1,0.1,0.1,0.1,0.1,0.1,0.1,0.1,0.1,0.1,0.1,0.1,0.1,0.1,0.1,0.1,0.1,0.1,0.1,0.1,0.1,0.1,0.1,0.1,0.1,0.1,0.1,0.1,0.1,0.1,0.1,0.1,0.1,0.1,0.1,0.1,0.1,0.1,0.1,0.1,0.1,0.1,0.1,0.1,0.1,0.1,0.1,0.1,0.1,0.1,0.1,0.1,0.1,0.1,0.1,0.1,0.1,0.1,0.1,0.1,0.1,0.1,0.1,0.1,0.1,0.1,0.1,0.1,0.1,0.1,0.1,0.1,0.1,0.1,0.1,0.1,0.1,0.1,0.1,0.1,0.1,0.1,0.1,0.1,0.1,0.1,0.1,0.1,0.1,0.1,0.1,0.1,0.1,0.1,0.1,0.1,0.1,0.1,0.1,0.1,0.1,0.1,0.1,0.1,0.1,0.1,0.1,0.1,0.1,0.1,0.1,0.1,0.1,0.1,0.1,0.1,0.1,0.1,0.1,0.1,0.1,0.1,0.1,0.1,0.1,0.1,0.1,0.1,0.1,0.1,0.1,0.1,0.1,0.1,0.1,0.1,0.1,0.1,0.1,0.1,0.1,0.1,0.1,0.1,0.1,0.1,0.1,0.1,0.1
0.1,0.1,0.1,0.1,0.1,0.1,0.1,0.1,0.1,0.1,0.1,0.1,0.1,0.1,0.1,0.1,0.1,0.1,0.1,0.1,0.1,0.1,0.1,0.1,0.1,0.1,0.1,0.1,0.1,0.1,0.1,0.1,0.1,0.1,0.1,0.1,0.1,0.1,0.1,0.1,0.1,0.1,0.1,0.1,0.1,0.1,0.1,0.1,0.1,0.1,0.1,0.1,0.1,0.1,0.1,0.1,0.1,0.1,0.1,0.1,0.1,0.1,0.1,0.1,0.1,0.1,0.1,0.1,0.1,0.1,0.1,0.1,0.1,0.1,0.1,0.1,0.1,0.1,0.1,0.1,0.1,0.1,0.1,0.1,0.1,0.1,0.1,0.1,0.1,0.1,0.1,0.1,0.1,0.1,0.1,0.1,0.1,0.1,0.1,0.1,0.1,0.1,0.1,0.1,0.1,0.1,0.1,0.1,0.1,0.1,0.1,0.1,0.1,0.1,0.1,0.1,0.1,0.1,0.1,0.1,0.1,0.1,0.1,0.1,0.1,0.1,0.1,0.1,0.1,0.1,0.1,0.1,0.1,0.1,0.1,0.1,0.1,0.1,0.1,0.1,0.1,0.1,0.1,0.1,0.1,0.1,0.1,0.1,0.1,0.1,0.1,0.1,0.1,0.1,0.1,0.1,0.1,0.1,0.1,0.1,0.1,0.1,0.1,0.1,0.1,0.1,0.1,0.1,0.1,0.1,0.1,0.1,0.1,0.1,0.1,0.1,0.1,0.1,0.1,0.1,0.1,0.1,0.1,0.1,0.1,0.1,0.1,0.1,0.1,0.1,0.1,0.1,0.1,0.1,0.1,0.1,0.1,0.1,0.1,0.1,0.1,0.1,0.1,0.1,0.1,0.1,0.1,0.1,0.1,0.1,0.1,0.1,0.1,0.1,0.1,0.1,0.1,0.1,0.1,0.1,0.1,0.1,0.1,0.1,0.1,0.1,0.1,0.1,0.1,0.1,0.1,0.1,0.1,0.1,0.1,0.1,0.1,0.1,0.1,0.1,0.1,0.1,0.1,0.1,0.1,0.1,0.1,0.1,0.1,0.1,0.1,0.1,0.1,0.1,0.1,0.1,0.1,0.1,0.1,0.1,0.1,0.1,0.1,0.1,0.1,0.1,0.1,0.1,0.1,0.1,0.1,0.1,0.1,0.1,0.1,0.1,0.1,0.1,0.1,0.1,0.1,0.1,0.1,0.1,0.1,0.1,0.1,0.1,0.1,0.1,0.1,0.1,0.1,0.1,0.1,0.1,0.1,0.1,0.1,0.1,0.1,0.1,0.1,0.1,0.1,0.1,0.1,0.1,0.1,0.1,0.1,0.1,0.1,0.1,0.1,0.1,0.1,0.1,0.1,0.1,0.1,0.1,0.1,0.1,0.1,0.1,0.1,0.1,0.1,0.1,0.1,0.1,0.1,0.1,0.1,0.1,0.1,0.1,0.1,0.1,0.1,0.1,0.1,0.1,0.1,0.1,0.1,0.1,0.1,0.1,0.1,0.1,0.1,0.1,0.1,0.1,0.1,0.1,0.1,0.1,0.1,0.1,0.1,0.1,0.1,0.1,0.1,0.1,0.1,0.1,0.1,0.1,0.1,0.1,0.1,0.1,0.1,0.1,0.1,0.1,0.1,0.1,0.1,0.1,0.1,0.1,0.1,0.1,0.1,0.1,0.1,0.1,0.1,0.1,0.1,0.1,0.1,0.1,0.1,0.1,0.1,0.1,0.1,0.1,0.1,0.1,0.1,0.1,0.1,0.1,0.1,0.1,0.1,0.1,0.1,0.1,0.1,0.1,0.1,0.1,0.1,0.1,0.1,0.1,0.1,0.1,0.1,0.1,0.1,0.1,0.1,0.1,0.1,0.1,0.1,0.1,0.1,0.1,0.1,0.1,0.1,0.1,0.1,0.1,0.1,0.1,0.1,0.1,0.1,0.1,0.1,0.1,0.1,0.1,0.1,0.1,0.1,0.1,0.1,0.1,0.1,0.1,0.1,0.1,0.1,0.1,0.1,0.1,0.1,0.1,0.1,0.1,0.1,0.1,0.1,0.1,0.1,0.1,0.1,0.1,0.1,0.1,0.1,0.1,0.1,0.1,0.1,0.1,0.1,0.1,0.1,0.1,0.1,0.1,0.1,0.1,0.1,0.1,0.1,0.1,0.1,0.1,0.1,0.1,0.1,0.1,0.1,0.1,0.1,0.1,0.1,0.1,0.1,0.1,0.1,0.1,0.1,0.1,0.1,0.1,0.1,0.1,0.1,0.1,0.1,0.1,0.1,0.1,0.1,0.1,0.1,0.1,0.1,0.1,0.1,0.1,0.1,0.1,0.1,0.1,0.1,0.1,0.1,0.1,0.1,0.1,0.1,0.1,0.1,0.1
0.1,0.1,0.1,0.1,0.1,0.1,0.1,0.1,0.1,0.1,0.1,0.1,0.1,0.1,0.1,0.1,0.1,0.1,0.1,0.1,0.1,0.1,0.1,0.1,0.1,0.1,0.1,0.1,0.1,0.1,0.1,0.1,0.1,0.1,0.1,0.1,0.1,0.1,0.1,0.1,0.1,0.1,0.1,0.1,0.1,0.1,0.1,0.1,0.1,0.1,0.1,0.1,0.1,0.1,0.1,0.1,0.1,0.1,0.1,0.1,0.1,0.1,0.1,0.1,0.1,0.1,0.1,0.1,0.1,0.1,0.1,0.1,0.1,0.1,0.1,0.1,0.1,0.1,0.1,0.1,0.1,0.1,0.1,0.1,0.1,0.1,0.1,0.1,0.1,0.1,0.1,0.1,0.1,0.1,0.1,0.1,0.1,0.1,0.1,0.1,0.1,0.1,0.1,0.1,0.1,0.1,0.1,0.1,0.1,0.1,0.1,0.1,0.1,0.1,0.1,0.1,0.1,0.1,0.1,0.1,0.1,0.1,0.1,0.1,0.1,0.1,0.1,0.1,0.1,0.1,0.1,0.1,0.1,0.1,0.1,0.1,0.1,0.1,0.1,0.1,0.1,0.1,0.1,0.1,0.1,0.1,0.1,0.1,0.1,0.1,0.1,0.1,0.1,0.1,0.1,0.1,0.1,0.1,0.1,0.1,0.1,0.1,0.1,0.1,0.1,0.1,0.1,0.1,0.1,0.1,0.1,0.1,0.1,0.1,0.1,0.1,0.1,0.1,0.1,0.1,0.1,0.1,0.1,0.1,0.1,0.1,0.1,0.1,0.1,0.1,0.1,0.1,0.1,0.1,0.1,0.1,0.1,0.1,0.1,0.1,0.1,0.1,0.1,0.1,0.1,0.1,0.1,0.1,0.1,0.1,0.1,0.1,0.1,0.1,0.1,0.1,0.1,0.1,0.1,0.1,0.1,0.1,0.1,0.1,0.1,0.1,0.1,0.1,0.1,0.1,0.1,0.1,0.1,0.1,0.1,0.1,0.1,0.1,0.1,0.1,0.1,0.1,0.1,0.1,0.1,0.1,0.1,0.1,0.1,0.1,0.1,0.1,0.1,0.1,0.1,0.1,0.1,0.1,0.1,0.1,0.1,0.1,0.1,0.1,0.1,0.1,0.1,0.1,0.1,0.1,0.1,0.1,0.1,0.1,0.1,0.1,0.1,0.1,0.1,0.1,0.1,0.1,0.1,0.1,0.1,0.1,0.1,0.1,0.1,0.1,0.1,0.1,0.1,0.1,0.1,0.1,0.1,0.1,0.1,0.1,0.1,0.1,0.1,0.1,0.1,0.1,0.1,0.1,0.1,0.1,0.1,0.1,0.1,0.1,0.1,0.1,0.1,0.1,0.1,0.1,0.1,0.1,0.1,0.1,0.1,0.1,0.1,0.1,0.1,0.1,0.1,0.1,0.1,0.1,0.1,0.1,0.1,0.1,0.1,0.1,0.1,0.1,0.1,0.1,0.1,0.1,0.1,0.1,0.1,0.1,0.1,0.1,0.1,0.1,0.1,0.1,0.1,0.1,0.1,0.1,0.1,0.1,0.1,0.1,0.1,0.1,0.1,0.1,0.1,0.1,0.1,0.1,0.1,0.1,0.1,0.1,0.1,0.1,0.1,0.1,0.1,0.1,0.1,0.1,0.1,0.1,0.1,0.1,0.1,0.1,0.1,0.1,0.1,0.1,0.1,0.1,0.1,0.1,0.1,0.1,0.1,0.1,0.1,0.1,0.1,0.1,0.1,0.1,0.1,0.1,0.1,0.1,0.1,0.1,0.1,0.1,0.1,0.1,0.1,0.1,0.1,0.1,0.1,0.1,0.1,0.1,0.1,0.1,0.1,0.1,0.1,0.1,0.1,0.1,0.1,0.1,0.1,0.1,0.1,0.1,0.1,0.1,0.1,0.1,0.1,0.1,0.1,0.1,0.1,0.1,0.1,0.1,0.1,0.1,0.1,0.1,0.1,0.1,0.1,0.1,0.1,0.1,0.1,0.1,0.1,0.1,0.1,0.1,0.1,0.1,0.1,0.1,0.1,0.1,0.1,0.1,0.1,0.1,0.1,0.1,0.1,0.1,0.1,0.1,0.1,0.1,0.1,0.1,0.1,0.1,0.1,0.1,0.1,0.1,0.1,0.1,0.1,0.1,0.1,0.1,0.1,0.1,0.1,0.1,0.1,0.1,0.1,0.1,0.1,0.1,0.1,0.1,0.1,0.1,0.1,0.1,0.1,0.1,0.1,0.1,0.1,0.1,0.1,0.1,0.1,0.1,0.1,0.1,0.1,0.1,0.1,0.1,0.1,0.1,0.1,0.1,0.1,0.1,0.1,0.1,0.1,0.1,0.1,0.1,0.1,0.1,0.1,0.1,0.1,0.1
0.1,0.1,0.1,0.1,0.1,0.1,0.1,0.1,0.1,0.1,0.1,0.1,0.1,0.1,0.1,0.1,0.1,0.1,0.1,0.1,0.1,0.1,0.1,0.1,0.1,0.1,0.1,0.1,0.1,0.1,0.1,0.1,0.1,0.1,0.1,0.1,0.1,0.1,0.1,0.1,0.1,0.1,0.1,0.1,0.1,0.1,0.1,0.1,0.1,0.1,0.1,0.1,0.1,0.1,0.1,0.1,0.1,0.1,0.1,0.1,0.1,0.1,0.1,0.1,0.1,0.1,0.1,0.1,0.1,0.1,0.1,0.1,0.1,0.1,0.1,0.1,0.1,0.1,0.1,0.1,0.1,0.1,0.1,0.1,0.1,0.1,0.1,0.1,0.1,0.1,0.1,0.1,0.1,0.1,0.1,0.1,0.1,0.1,0.1,0.1,0.1,0.1,0.1,0.1,0.1,0.1,0.1,0.1,0.1,0.1,0.1,0.1,0.1,0.1,0.1,0.1,0.1,0.1,0.1,0.1,0.1,0.1,0.1,0.1,0.1,0.1,0.1,0.1,0.1,0.1,0.1,0.1,0.1,0.1,0.1,0.1,0.1,0.1,0.1,0.1,0.1,0.1,0.1,0.1,0.1,0.1,0.1,0.1,0.1,0.1,0.1,0.1,0.1,0.1,0.1,0.1,0.1,0.1,0.1,0.1,0.1,0.1,0.1,0.1,0.1,0.1,0.1,0.1,0.1,0.1,0.1,0.1,0.1,0.1,0.1,0.1,0.1,0.1,0.1,0.1,0.1,0.1,0.1,0.1,0.1,0.1,0.1,0.1,0.1,0.1,0.1,0.1,0.1,0.1,0.1,0.1,0.1,0.1,0.1,0.1,0.1,0.1,0.1,0.1,0.1,0.1,0.1,0.1,0.1,0.1,0.1,0.1,0.1,0.1,0.1,0.1,0.1,0.1,0.1,0.1,0.1,0.1,0.1,0.1,0.1,0.1,0.1,0.1,0.1,0.1,0.1,0.1,0.1,0.1,0.1,0.1,0.1,0.1,0.1,0.1,0.1,0.1,0.1,0.1,0.1,0.1,0.1,0.1,0.1,0.1,0.1,0.1,0.1,0.1,0.1,0.1,0.1,0.1,0.1,0.1,0.1,0.1,0.1,0.1,0.1,0.1,0.1,0.1,0.1,0.1,0.1,0.1,0.1,0.1,0.1,0.1,0.1,0.1,0.1,0.1,0.1,0.1,0.1,0.1,0.1,0.1,0.1,0.1,0.1,0.1,0.1,0.1,0.1,0.1,0.1,0.1,0.1,0.1,0.1,0.1,0.1,0.1,0.1,0.1,0.1,0.1,0.1,0.1,0.1,0.1,0.1,0.1,0.1,0.1,0.1,0.1,0.1,0.1,0.1,0.1,0.1,0.1,0.1,0.1,0.1,0.1,0.1,0.1,0.1,0.1,0.1,0.1,0.1,0.1,0.1,0.1,0.1,0.1,0.1,0.1,0.1,0.1,0.1,0.1,0.1,0.1,0.1,0.1,0.1,0.1,0.1,0.1,0.1,0.1,0.1,0.1,0.1,0.1,0.1,0.1,0.1,0.1,0.1,0.1,0.1,0.1,0.1,0.1,0.1,0.1,0.1,0.1,0.1,0.1,0.1,0.1,0.1,0.1,0.1,0.1,0.1,0.1,0.1,0.1,0.1,0.1,0.1,0.1,0.1,0.1,0.1,0.1,0.1,0.1,0.1,0.1,0.1,0.1,0.1,0.1,0.1,0.1,0.1,0.1,0.1,0.1,0.1,0.1,0.1,0.1,0.1,0.1,0.1,0.1,0.1,0.1,0.1,0.1,0.1,0.1,0.1,0.1,0.1,0.1,0.1,0.1,0.1,0.1,0.1,0.1,0.1,0.1,0.1,0.1,0.1,0.1,0.1,0.1,0.1,0.1,0.1,0.1,0.1,0.1,0.1,0.1,0.1,0.1,0.1,0.1,0.1,0.1,0.1,0.1,0.1,0.1,0.1,0.1,0.1,0.1,0.1,0.1,0.1,0.1,0.1,0.1,0.1,0.1,0.1,0.1,0.1,0.1,0.1,0.1,0.1,0.1,0.1,0.1,0.1,0.1,0.1,0.1,0.1,0.1,0.1,0.1,0.1,0.1,0.1,0.1,0.1,0.1,0.1,0.1,0.1,0.1,0.1,0.1,0.1,0.1,0.1,0.1,0.1,0.1,0.1,0.1,0.1,0.1,0.1,0.1,0.1,0.1,0.1,0.1,0.1,0.1,0.1,0.1,0.1,0.1,0.1,0.1,0.1,0.1,0.1,0.1,0.1,0.1,0.1,0.1,0.1,0.1,0.1,0.1,0.1,0.1,0.1,0.1,0.1,0.1,0.1,0.1,0.1,0.1,0.1,0.1,0.1,0.1,0.1,0.1
0.1,0.1,0.1,0.1,0.1,0.1,0.1,0.1,0.1,0.1,0.1,0.1,0.1,0.1,0.1,0.1,0.1,0.1,0.1,0.1,0.1,0.1,0.1,0.1,0.1,0.1,0.1,0.1,0.1,0.1,0.1,0.1,0.1,0.1,0.1,0.1,0.1,0.1,0.1,0.1,0.1,0.1,0.1,0.1,0.1,0.1,0.1,0.1,0.1,0.1,0.1,0.1,0.1,0.1,0.1,0.1,0.1,0.1,0.1,0.1,0.1,0.1,0.1,0.1,0.1,0.1,0.1,0.1,0.1,0.1,0.1,0.1,0.1,0.1,0.1,0.1,0.1,0.1,0.1,0.1,0.1,0.1,0.1,0.1,0.1,0.1,0.1,0.1,0.1,0.1,0.1,0.1,0.1,0.1,0.1,0.1,0.1,0.1,0.1,0.1,0.1,0.1,0.1,0.1,0.1,0.1,0.1,0.1,0.1,0.1,0.1,0.1,0.1,0.1,0.1,0.1,0.1,0.1,0.1,0.1,0.1,0.1,0.1,0.1,0.1,0.1,0.1,0.1,0.1,0.1,0.1,0.1,0.1,0.1,0.1,0.1,0.1,0.1,0.1,0.1,0.1,0.1,0.1,0.1,0.1,0.1,0.1,0.1,0.1,0.1,0.1,0.1,0.1,0.1,0.1,0.1,0.1,0.1,0.1,0.1,0.1,0.1,0.1,0.1,0.1,0.1,0.1,0.1,0.1,0.1,0.1,0.1,0.1,0.1,0.1,0.1,0.1,0.1,0.1,0.1,0.1,0.1,0.1,0.1,0.1,0.1,0.1,0.1,0.1,0.1,0.1,0.1,0.1,0.1,0.1,0.1,0.1,0.1,0.1,0.1,0.1,0.1,0.1,0.1,0.1,0.1,0.1,0.1,0.1,0.1,0.1,0.1,0.1,0.1,0.1,0.1,0.1,0.1,0.1,0.1,0.1,0.1,0.1,0.1,0.1,0.1,0.1,0.1,0.1,0.1,0.1,0.1,0.1,0.1,0.1,0.1,0.1,0.1,0.1,0.1,0.1,0.1,0.1,0.1,0.1,0.1,0.1,0.1,0.1,0.1,0.1,0.1,0.1,0.1,0.1,0.1,0.1,0.1,0.1,0.1,0.1,0.1,0.1,0.1,0.1,0.1,0.1,0.1,0.1,0.1,0.1,0.1,0.1,0.1,0.1,0.1,0.1,0.1,0.1,0.1,0.1,0.1,0.1,0.1,0.1,0.1,0.1,0.1,0.1,0.1,0.1,0.1,0.1,0.1,0.1,0.1,0.1,0.1,0.1,0.1,0.1,0.1,0.1,0.1,0.1,0.1,0.1,0.1,0.1,0.1,0.1,0.1,0.1,0.1,0.1,0.1,0.1,0.1,0.1,0.1,0.1,0.1,0.1,0.1,0.1,0.1,0.1,0.1,0.1,0.1,0.1,0.1,0.1,0.1,0.1,0.1,0.1,0.1,0.1,0.1,0.1,0.1,0.1,0.1,0.1,0.1,0.1,0.1,0.1,0.1,0.1,0.1,0.1,0.1,0.1,0.1,0.1,0.1,0.1,0.1,0.1,0.1,0.1,0.1,0.1,0.1,0.1,0.1,0.1,0.1,0.1,0.1,0.1,0.1,0.1,0.1,0.1,0.1,0.1,0.1,0.1,0.1,0.1,0.1,0.1,0.1,0.1,0.1,0.1,0.1,0.1,0.1,0.1,0.1,0.1,0.1,0.1,0.1,0.1,0.1,0.1,0.1,0.1,0.1,0.1,0.1,0.1,0.1,0.1,0.1,0.1,0.1,0.1,0.1,0.1,0.1,0.1,0.1,0.1,0.1,0.1,0.1,0.1,0.1,0.1,0.1,0.1,0.1,0.1,0.1,0.1,0.1,0.1,0.1,0.1,0.1,0.1,0.1,0.1,0.1,0.1,0.1,0.1,0.1,0.1,0.1,0.1,0.1,0.1,0.1,0.1,0.1,0.1,0.1,0.1,0.1,0.1,0.1,0.1,0.1,0.1,0.1,0.1,0.1,0.1,0.1,0.1,0.1,0.1,0.1,0.1,0.1,0.1,0.1,0.1,0.1,0.1,0.1,0.1,0.1,0.1,0.1,0.1,0.1,0.1,0.1,0.1,0.1,0.1,0.1,0.1,0.1,0.1,0.1,0.1,0.1,0.1,0.1,0.1,0.1,0.1,0.1,0.1,0.1,0.1,0.1,0.1,0.1,0.1,0.1,0.1,0.1,0.1,0.1,0.1,0.1,0.1,0.1,0.1,0.1,0.1,0.1,0.1,0.1,0.1,0.1,0.1,0.1,0.1,0.1,0.1,0.1,0.1,0.1,0.1,0.1,0.1,0.1,0.1,0.1,0.1,0.1,0.1,0.1,0.1,0.1,0.1,0.1,0.1,0.1
0.1,0.1,0.1,0.1,0.1,0.1,0.1,0.1,0.1,0.1,0.1,0.1,0.1,0.1,0.1,0.1,0.1,0.1,0.1,0.1,0.1,0.1,0.1,0.1,0.1,0.1,0.1,0.1,0.1,0.1,0.1,0.1,0.1,0.1,0.1,0.1,0.1,0.1,0.1,0.1,0.1,0.1,0.1,0.1,0.1,0.1,0.1,0.1,0.1,0.1,0.1,0.1,0.1,0.1,0.1,0.1,0.1,0.1,0.1,0.1,0.1,0.1,0.1,0.1,0.1,0.1,0.1,0.1,0.1,0.1,0.1,0.1,0.1,0.1,0.1,0.1,0.1,0.1,0.1,0.1,0.1,0.1,0.1,0.1,0.1,0.1,0.1,0.1,0.1,0.1,0.1,0.1,0.1,0.1,0.1,0.1,0.1,0.1,0.1,0.1,0.1,0.1,0.1,0.1,0.1,0.1,0.1,0.1,0.1,0.1,0.1,0.1,0.1,0.1,0.1,0.1,0.1,0.1,0.1,0.1,0.1,0.1,0.1,0.1,0.1,0.1,0.1,0.1,0.1,0.1,0.1,0.1,0.1,0.1,0.1,0.1,0.1,0.1,0.1,0.1,0.1,0.1,0.1,0.1,0.1,0.1,0.1,0.1,0.1,0.1,0.1,0.1,0.1,0.1,0.1,0.1,0.1,0.1,0.1,0.1,0.1,0.1,0.1,0.1,0.1,0.1,0.1,0.1,0.1,0.1,0.1,0.1,0.1,0.1,0.1,0.1,0.1,0.1,0.1,0.1,0.1,0.1,0.1,0.1,0.1,0.1,0.1,0.1,0.1,0.1,0.1,0.1,0.1,0.1,0.1,0.1,0.1,0.1,0.1,0.1,0.1,0.1,0.1,0.1,0.1,0.1,0.1,0.1,0.1,0.1,0.1,0.1,0.1,0.1,0.1,0.1,0.1,0.1,0.1,0.1,0.1,0.1,0.1,0.1,0.1,0.1,0.1,0.1,0.1,0.1,0.1,0.1,0.1,0.1,0.1,0.1,0.1,0.1,0.1,0.1,0.1,0.1,0.1,0.1,0.1,0.1,0.1,0.1,0.1,0.1,0.1,0.1,0.1,0.1,0.1,0.1,0.1,0.1,0.1,0.1,0.1,0.1,0.1,0.1,0.1,0.1,0.1,0.1,0.1,0.1,0.1,0.1,0.1,0.1,0.1,0.1,0.1,0.1,0.1,0.1,0.1,0.1,0.1,0.1,0.1,0.1,0.1,0.1,0.1,0.1,0.1,0.1,0.1,0.1,0.1,0.1,0.1,0.1,0.1,0.1,0.1,0.1,0.1,0.1,0.1,0.1,0.1,0.1,0.1,0.1,0.1,0.1,0.1,0.1,0.1,0.1,0.1,0.1,0.1,0.1,0.1,0.1,0.1,0.1,0.1,0.1,0.1,0.1,0.1,0.1,0.1,0.1,0.1,0.1,0.1,0.1,0.1,0.1,0.1,0.1,0.1,0.1,0.1,0.1,0.1,0.1,0.1,0.1,0.1,0.1,0.1,0.1,0.1,0.1,0.1,0.1,0.1,0.1,0.1,0.1,0.1,0.1,0.1,0.1,0.1,0.1,0.1,0.1,0.1,0.1,0.1,0.1,0.1,0.1,0.1,0.1,0.1,0.1,0.1,0.1,0.1,0.1,0.1,0.1,0.1,0.1,0.1,0.1,0.1,0.1,0.1,0.1,0.1,0.1,0.1,0.1,0.1,0.1,0.1,0.1,0.1,0.1,0.1,0.1,0.1,0.1,0.1,0.1,0.1,0.1,0.1,0.1,0.1,0.1,0.1,0.1,0.1,0.1,0.1,0.1,0.1,0.1,0.1,0.1,0.1,0.1,0.1,0.1,0.1,0.1,0.1,0.1,0.1,0.1,0.1,0.1,0.1,0.1,0.1,0.1,0.1,0.1,0.1,0.1,0.1,0.1,0.1,0.1,0.1,0.1,0.1,0.1,0.1,0.1,0.1,0.1,0.1,0.1,0.1,0.1,0.1,0.1,0.1,0.1,0.1,0.1,0.1,0.1,0.1,0.1,0.1,0.1,0.1,0.1,0.1,0.1,0.1,0.1,0.1,0.1,0.1,0.1,0.1,0.1,0.1,0.1,0.1,0.1,0.1,0.1,0.1,0.1,0.1,0.1,0.1,0.1,0.1,0.1,0.1,0.1,0.1,0.1,0.1,0.1,0.1,0.1,0.1,0.1,0.1,0.1,0.1,0.1,0.1,0.1,0.1,0.1,0.1,0.1,0.1,0.1,0.1,0.1,0.1,0.1,0.1,0.1,0.1,0.1,0.1,0.1,0.1,0.1,0.1,0.1,0.1,0.1,0.1,0.1,0.1,0.1,0.1,0.1,0.1,0.1,0.1,0.1,0.1,0.1,0.1,0.1
0.1,0.1,0.1,0.1,0.1,0.1,0.1,0.1,0.1,0.1,0.1,0.1,0.1,0.1,0.1,0.1,0.1,0.1,0.1,0.1,0.1,0.1,0.1,0.1,0.1,0.1,0.1,0.1,0.1,0.1,0.1,0.1,0.1,0.1,0.1,0.1,0.1,0.1,0.1,0.1,0.1,0.1,0.1,0.1,0.1,0.1,0.1,0.1,0.1,0.1,0.1,0.1,0.1,0.1,0.1,0.1,0.1,0.1,0.1,0.1,0.1,0.1,0.1,0.1,0.1,0.1,0.1,0.1,0.1,0.1,0.1,0.1,0.1,0.1,0.1,0.1,0.1,0.1,0.1,0.1,0.1,0.1,0.1,0.1,0.1,0.1,0.1,0.1,0.1,0.1,0.1,0.1,0.1,0.1,0.1,0.1,0.1,0.1,0.1,0.1,0.1,0.1,0.1,0.1,0.1,0.1,0.1,0.1,0.1,0.1,0.1,0.1,0.1,0.1,0.1,0.1,0.1,0.1,0.1,0.1,0.1,0.1,0.1,0.1,0.1,0.1,0.1,0.1,0.1,0.1,0.1,0.1,0.1,0.1,0.1,0.1,0.1,0.1,0.1,0.1,0.1,0.1,0.1,0.1,0.1,0.1,0.1,0.1,0.1,0.1,0.1,0.1,0.1,0.1,0.1,0.1,0.1,0.1,0.1,0.1,0.1,0.1,0.1,0.1,0.1,0.1,0.1,0.1,0.1,0.1,0.1,0.1,0.1,0.1,0.1,0.1,0.1,0.1,0.1,0.1,0.1,0.1,0.1,0.1,0.1,0.1,0.1,0.1,0.1,0.1,0.1,0.1,0.1,0.1,0.1,0.1,0.1,0.1,0.1,0.1,0.1,0.1,0.1,0.1,0.1,0.1,0.1,0.1,0.1,0.1,0.1,0.1,0.1,0.1,0.1,0.1,0.1,0.1,0.1,0.1,0.1,0.1,0.1,0.1,0.1,0.1,0.1,0.1,0.1,0.1,0.1,0.1,0.1,0.1,0.1,0.1,0.1,0.1,0.1,0.1,0.1,0.1,0.1,0.1,0.1,0.1,0.1,0.1,0.1,0.1,0.1,0.1,0.1,0.1,0.1,0.1,0.1,0.1,0.1,0.1,0.1,0.1,0.1,0.1,0.1,0.1,0.1,0.1,0.1,0.1,0.1,0.1,0.1,0.1,0.1,0.1,0.1,0.1,0.1,0.1,0.1,0.1,0.1,0.1,0.1,0.1,0.1,0.1,0.1,0.1,0.1,0.1,0.1,0.1,0.1,0.1,0.1,0.1,0.1,0.1,0.1,0.1,0.1,0.1,0.1,0.1,0.1,0.1,0.1,0.1,0.1,0.1,0.1,0.1,0.1,0.1,0.1,0.1,0.1,0.1,0.1,0.1,0.1,0.1,0.1,0.1,0.1,0.1,0.1,0.1,0.1,0.1,0.1,0.1,0.1,0.1,0.1,0.1,0.1,0.1,0.1,0.1,0.1,0.1,0.1,0.1,0.1,0.1,0.1,0.1,0.1,0.1,0.1,0.1,0.1,0.1,0.1,0.1,0.1,0.1,0.1,0.1,0.1,0.1,0.1,0.1,0.1,0.1,0.1,0.1,0.1,0.1,0.1,0.1,0.1,0.1,0.1,0.1,0.1,0.1,0.1,0.1,0.1,0.1,0.1,0.1,0.1,0.1,0.1,0.1,0.1,0.1,0.1,0.1,0.1,0.1,0.1,0.1,0.1,0.1,0.1,0.1,0.1,0.1,0.1,0.1,0.1,0.1,0.1,0.1,0.1,0.1,0.1,0.1,0.1,0.1,0.1,0.1,0.1,0.1,0.1,0.1,0.1,0.1,0.1,0.1,0.1,0.1,0.1,0.1,0.1,0.1,0.1,0.1,0.1,0.1,0.1,0.1,0.1,0.1,0.1,0.1,0.1,0.1,0.1,0.1,0.1,0.1,0.1,0.1,0.1,0.1,0.1,0.1,0.1,0.1,0.1,0.1,0.1,0.1,0.1,0.1,0.1,0.1,0.1,0.1,0.1,0.1,0.1,0.1,0.1,0.1,0.1,0.1,0.1,0.1,0.1,0.1,0.1,0.1,0.1,0.1,0.1,0.1,0.1,0.1,0.1,0.1,0.1,0.1,0.1,0.1,0.1,0.1,0.1,0.1,0.1,0.1,0.1,0.1,0.1,0.1,0.1,0.1,0.1,0.1,0.1,0.1,0.1,0.1,0.1,0.1,0.1,0.1,0.1,0.1,0.1,0.1,0.1,0.1,0.1,0.1,0.1,0.1,0.1,0.1,0.1,0.1,0.1,0.1,0.1,0.1,0.1,0.1,0.1,0.1,0.1,0.1,0.1,0.1,0.1,0.1,0.1,0.1,0.1,0.1,0.1,0.1,0.1,0.1
0.1,0.1,0.1,0.1,0.1,0.1,0.1,0.1,0.1,0.1,0.1,0.1,0.1,0.1,0.1,0.1,0.1,0.1,0.1,0.1,0.1,0.1,0.1,0.1,0.1,0.1,0.1,0.1,0.1,0.1,0.1,0.1,0.1,0.1,0.1,0.1,0.1,0.1,0.1,0.1,0.1,0.1,0.1,0.1,0.1,0.1,0.1,0.1,0.1,0.1,0.1,0.1,0.1,0.1,0.1,0.1,0.1,0.1,0.1,0.1,0.1,0.1,0.1,0.1,0.1,0.1,0.1,0.1,0.1,0.1,0.1,0.1,0.1,0.1,0.1,0.1,0.1,0.1,0.1,0.1,0.1,0.1,0.1,0.1,0.1,0.1,0.1,0.1,0.1,0.1,0.1,0.1,0.1,0.1,0.1,0.1,0.1,0.1,0.1,0.1,0.1,0.1,0.1,0.1,0.1,0.1,0.1,0.1,0.1,0.1,0.1,0.1,0.1,0.1,0.1,0.1,0.1,0.1,0.1,0.1,0.1,0.1,0.1,0.1,0.1,0.1,0.1,0.1,0.1,0.1,0.1,0.1,0.1,0.1,0.1,0.1,0.1,0.1,0.1,0.1,0.1,0.1,0.1,0.1,0.1,0.1,0.1,0.1,0.1,0.1,0.1,0.1,0.1,0.1,0.1,0.1,0.1,0.1,0.1,0.1,0.1,0.1,0.1,0.1,0.1,0.1,0.1,0.1,0.1,0.1,0.1,0.1,0.1,0.1,0.1,0.1,0.1,0.1,0.1,0.1,0.1,0.1,0.1,0.1,0.1,0.1,0.1,0.1,0.1,0.1,0.1,0.1,0.1,0.1,0.1,0.1,0.1,0.1,0.1,0.1,0.1,0.1,0.1,0.1,0.1,0.1,0.1,0.1,0.1,0.1,0.1,0.1,0.1,0.1,0.1,0.1,0.1,0.1,0.1,0.1,0.1,0.1,0.1,0.1,0.1,0.1,0.1,0.1,0.1,0.1,0.1,0.1,0.1,0.1,0.1,0.1,0.1,0.1,0.1,0.1,0.1,0.1,0.1,0.1,0.1,0.1,0.1,0.1,0.1,0.1,0.1,0.1,0.1,0.1,0.1,0.1,0.1,0.1,0.1,0.1,0.1,0.1,0.1,0.1,0.1,0.1,0.1,0.1,0.1,0.1,0.1,0.1,0.1,0.1,0.1,0.1,0.1,0.1,0.1,0.1,0.1,0.1,0.1,0.1,0.1,0.1,0.1,0.1,0.1,0.1,0.1,0.1,0.1,0.1,0.1,0.1,0.1,0.1,0.1,0.1,0.1,0.1,0.1,0.1,0.1,0.1,0.1,0.1,0.1,0.1,0.1,0.1,0.1,0.1,0.1,0.1,0.1,0.1,0.1,0.1,0.1,0.1,0.1,0.1,0.1,0.1,0.1,0.1,0.1,0.1,0.1,0.1,0.1,0.1,0.1,0.1,0.1,0.1,0.1,0.1,0.1,0.1,0.1,0.1,0.1,0.1,0.1,0.1,0.1,0.1,0.1,0.1,0.1,0.1,0.1,0.1,0.1,0.1,0.1,0.1,0.1,0.1,0.1,0.1,0.1,0.1,0.1,0.1,0.1,0.1,0.1,0.1,0.1,0.1,0.1,0.1,0.1,0.1,0.1,0.1,0.1,0.1,0.1,0.1,0.1,0.1,0.1,0.1,0.1,0.1,0.1,0.1,0.1,0.1,0.1,0.1,0.1,0.1,0.1,0.1,0.1,0.1,0.1,0.1,0.1,0.1,0.1,0.1,0.1,0.1,0.1,0.1,0.1,0.1,0.1,0.1,0.1,0.1,0.1,0.1,0.1,0.1,0.1,0.1,0.1,0.1,0.1,0.1,0.1,0.1,0.1,0.1,0.1,0.1,0.1,0.1,0.1,0.1,0.1,0.1,0.1,0.1,0.1,0.1,0.1,0.1,0.1,0.1,0.1,0.1,0.1,0.1,0.1,0.1,0.1,0.1,0.1,0.1,0.1,0.1,0.1,0.1,0.1,0.1,0.1,0.1,0.1,0.1,0.1,0.1,0.1,0.1,0.1,0.1,0.1,0.1,0.1,0.1,0.1,0.1,0.1,0.1,0.1,0.1,0.1,0.1,0.1,0.1,0.1,0.1,0.1,0.1,0.1,0.1,0.1,0.1,0.1,0.1,0.1,0.1,0.1,0.1,0.1,0.1,0.1,0.1,0.1,0.1,0.1,0.1,0.1,0.1,0.1,0.1,0.1,0.1,0.1,0.1,0.1,0.1,0.1,0.1,0.1,0.1,0.1,0.1,0.1,0.1,0.1,0.1,0.1,0.1,0.1,0.1,0.1,0.1,0.1,0.1,0.1,0.1,0.1,0.1,0.1,0.1,0.1,0.1,0.1,0.1,0.1,0.1
0.1,0.1,0.1,0.1,0.1,0.1,0.1,0.1,0.1,0.1,0.1,0.1,0.1,0.1,0.1,0.1,0.1,0.1,0.1,0.1,0.1,0.1,0.1,0.1,0.1,0.1,0.1,0.1,0.1,0.1,0.1,0.1,0.1,0.1,0.1,0.1,0.1,0.1,0.1,0.1,0.1,0.1,0.1,0.1,0.1,0.1,0.1,0.1,0.1,0.1,0.1,0.1,0.1,0.1,0.1,0.1,0.1,0.1,0.1,0.1,0.1,0.1,0.1,0.1,0.1,0.1,0.1,0.1,0.1,0.1,0.1,0.1,0.1,0.1,0.1,0.1,0.1,0.1,0.1,0.1,0.1,0.1,0.1,0.1,0.1,0.1,0.1,0.1,0.1,0.1,0.1,0.1,0.1,0.1,0.1,0.1,0.1,0.1,0.1,0.1,0.1,0.1,0.1,0.1,0.1,0.1,0.1,0.1,0.1,0.1,0.1,0.1,0.1,0.1,0.1,0.1,0.1,0.1,0.1,0.1,0.1,0.1,0.1,0.1,0.1,0.1,0.1,0.1,0.1,0.1,0.1,0.1,0.1,0.1,0.1,0.1,0.1,0.1,0.1,0.1,0.1,0.1,0.1,0.1,0.1,0.1,0.1,0.1,0.1,0.1,0.1,0.1,0.1,0.1,0.1,0.1,0.1,0.1,0.1,0.1,0.1,0.1,0.1,0.1,0.1,0.1,0.1,0.1,0.1,0.1,0.1,0.1,0.1,0.1,0.1,0.1,0.1,0.1,0.1,0.1,0.1,0.1,0.1,0.1,0.1,0.1,0.1,0.1,0.1,0.1,0.1,0.1,0.1,0.1,0.1,0.1,0.1,0.1,0.1,0.1,0.1,0.1,0.1,0.1,0.1,0.1,0.1,0.1,0.1,0.1,0.1,0.1,0.1,0.1,0.1,0.1,0.1,0.1,0.1,0.1,0.1,0.1,0.1,0.1,0.1,0.1,0.1,0.1,0.1,0.1,0.1,0.1,0.1,0.1,0.1,0.1,0.1,0.1,0.1,0.1,0.1,0.1,0.1,0.1,0.1,0.1,0.1,0.1,0.1,0.1,0.1,0.1,0.1,0.1,0.1,0.1,0.1,0.1,0.1,0.1,0.1,0.1,0.1,0.1,0.1,0.1,0.1,0.1,0.1,0.1,0.1,0.1,0.1,0.1,0.1,0.1,0.1,0.1,0.1,0.1,0.1,0.1,0.1,0.1,0.1,0.1,0.1,0.1,0.1,0.1,0.1,0.1,0.1,0.1,0.1,0.1,0.1,0.1,0.1,0.1,0.1,0.1,0.1,0.1,0.1,0.1,0.1,0.1,0.1,0.1,0.1,0.1,0.1,0.1,0.1,0.1,0.1,0.1,0.1,0.1,0.1,0.1,0.1,0.1,0.1,0.1,0.1,0.1,0.1,0.1,0.1,0.1,0.1,0.1,0.1,0.1,0.1,0.1,0.1,0.1,0.1,0.1,0.1,0.1,0.1,0.1,0.1,0.1,0.1,0.1,0.1,0.1,0.1,0.1,0.1,0.1,0.1,0.1,0.1,0.1,0.1,0.1,0.1,0.1,0.1,0.1,0.1,0.1,0.1,0.1,0.1,0.1,0.1,0.1,0.1,0.1,0.1,0.1,0.1,0.1,0.1,0.1,0.1,0.1,0.1,0.1,0.1,0.1,0.1,0.1,0.1,0.1,0.1,0.1,0.1,0.1,0.1,0.1,0.1,0.1,0.1,0.1,0.1,0.1,0.1,0.1,0.1,0.1,0.1,0.1,0.1,0.1,0.1,0.1,0.1,0.1,0.1,0.1,0.1,0.1,0.1,0.1,0.1,0.1,0.1,0.1,0.1,0.1,0.1,0.1,0.1,0.1,0.1,0.1,0.1,0.1,0.1,0.1,0.1,0.1,0.1,0.1,0.1,0.1,0.1,0.1,0.1,0.1,0.1,0.1,0.1,0.1,0.1,0.1,0.1,0.1,0.1,0.1,0.1,0.1,0.1,0.1,0.1,0.1,0.1,0.1,0.1,0.1,0.1,0.1,0.1,0.1,0.1,0.1,0.1,0.1,0.1,0.1,0.1,0.1,0.1,0.1,0.1,0.1,0.1,0.1,0.1,0.1,0.1,0.1,0.1,0.1,0.1,0.1,0.1,0.1,0.1,0.1,0.1,0.1,0.1,0.1,0.1,0.1,0.1,0.1,0.1,0.1,0.1,0.1,0.1,0.1,0.1,0.1,0.1,0.1,0.1,0.1,0.1,0.1,0.1,0.1,0.1,0.1,0.1,0.1,0.1,0.1,0.1,0.1,0.1,0.1,0.1,0.1,0.1,0.1,0.1,0.1,0.1,0.1,0.1,0.1,0.1,0.1,0.1,0.1,0.1,0.1,0.1,0.1
