0.0002548713249,0.0002512455655,0.0002477070529,0.0002442535462,0.0002408828726,0.0002375929249,0.0002343816593,0.0002312470939,0.0002281873061,0.0002252004309,0.0002222846593,0.0002194382363,0.0002166594594,0.002139466767,0.002112982853,0.002087127301,0.002061885022,0.002037241371,0.002013182138,0.001989693533,0.001966762173,0.001944375068,0.001922519612,0.001901183569,0.001880355065,0.001860022573,0.001840174904,0.001820801199,0.001801890918,0.001783433829,0.001765420002,0.001747839797,0.001730683857,0.0001713943102,0.0001697608717,0.0001681672146,0.0001666125088,0.0001650959483,0.0001636167511,0.0001621741584,0.0001607674337,0.0001593958625,0.0001580587516,0.0001567554283,0.0001554852403,0.0001542475547,0.0001530417576,0.0001518672539,0.0001507234664,0.0001496098356,0.0001485258192,0.0001474708913,0.0001464445428,0.0001454462801,0.0001444756252,0.001435321152,0.00142615302,0.001417247519,0.001408600451,0.001400207757,0.001392065511,0.001384169919,0.001376517314,0.001369104154,0.00136192702,0.001354982614,0.002696535509,0.002683558746,0.002671029034,0.002658940683,0.002647288223,0.002636066395,0.002625270148,0.002614894635,0.002604935212,0.00259538743,0.002586247036,0.002577509968,0.00256917235,0.002561230492,0.002553680889,0.002546520211,0.002539745309,0.002533353209,0.002527341107,0.002521706372,0.002516446542,0.002511559322,0.002507042582,0.002502894355,0.002499112838,0.002495696389,0.002492643525,0.002489952924,0.002487623418,0.002485654,0.002484043818,0.002482792176,0.001240949266,0.00124068125,0.001240591924,0.00124068125,0.001240949266,0.001241396088,0.001242021909,0.002485654,0.002487623418,0.002489952924,0.002492643525,0.002495696389,0.002499112838,0.002502894355,0.002507042582,0.002511559322,0.002516446542,0.002521706372,0.002527341107,0.002533353209,0.002539745309,0.002546520211,0.002553680889,0.002561230492,0.00256917235,0.002577509968,0.002586247036,0.00259538743,0.002604935212,0.002614894635,0.002625270148,0.002636066395,0.002647288223,0.002658940683,0.002671029034,0.002683558746,0.002696535509,0.002709965229,0.002723854041,0.001369104154,0.001376517314,0.001384169919,0.001392065511,0.001400207757,0.001408600451,0.001417247519,0.00142615302,0.001435321152,0.001444756252,0.001454462801,0.0001464445428,0.0001474708913,0.0001485258192,0.0001496098356,0.0001507234664,0.0001518672539,0.0001530417576,0.0001542475547,0.0001554852403,0.0001567554283,0.0001580587516,0.0001593958625,0.0001607674337,0.0001621741584,0.0001636167511,0.0001650959483,0.0001666125088,0.0001681672146,0.0001697608717,0.0001713943102,0.0001730683857,0.0001747839797,0.001765420002,0.001783433829,0.001801890918,0.001820801199,0.001840174904,0.001860022573,0.001880355065,0.001901183569,0.001922519612,0.001944375068,0.001966762173,0.001989693533,0.002013182138,0.002037241371,0.002061885022,0.002087127301,0.002112982853,0.002139466767,0.002166594594,0.002194382363,0.0002222846593,0.0002252004309,0.0002281873061,0.0002312470939,0.0002343816593,0.0002375929249,0.0002408828726,0.0002442535462,0.0002477070529,0.0002512455655,0.0002548713249,0.0002585866419,0.0002623938999
0.0002512455655,0.0002476713856,0.0002441832113,0.0002407788337,0.0002374561107,0.0002342129653,0.002310473827,0.002279574091,0.002249411493,0.00221996765,0.002191224727,0.00432633085,0.004271545921,0.004218062098,0.004165847782,0.004114872313,0.00609765891,0.006024779687,0.005953628777,0.005884165398,0.005816349971,0.005750144082,0.005685510451,0.005622412893,0.00556081629,0.005500686553,0.005441990595,0.005384696303,0.005328772504,0.005274188941,0.003480610829,0.003445950605,0.003412126842,0.003379121634,0.003346917604,0.001657748943,0.001642423054,0.001627473193,0.001612891649,0.0001598670943,0.0001584803815,0.0001571283221,0.0001558102327,0.0001545254503,0.0001532733317,0.0001520532532,0.0001508646096,0.0001497068142,0.0001485792981,0.0001474815096,0.001464129142,0.001453729936,0.001443612458,0.001433771842,0.002848406753,0.002829804998,0.004217594375,0.004191257936,0.004165685768,0.005521154487,0.005489048825,0.005457915742,0.006784675974,0.006748137467,0.008055314764,0.008014241069,0.007974525056,0.009258840016,0.009215609882,0.00917390254,0.009133699111,0.009094981452,0.01035169387,0.01031078222,0.01027151125,0.01023386343,0.01019782197,0.01016337087,0.01013049483,0.01009917932,0.0100694105,0.01004117526,0.01001446117,0.009989256497,0.008719856423,0.008700415408,0.008682267893,0.00866540596,0.008649822258,0.008635510007,0.008622462982,0.008610675517,0.007371550712,0.007363593735,0.007356704636,0.007350880432,0.007346118605,0.007342417094,0.007339774299,0.007338189079,0.007337660749,0.007338189079,0.007339774299,0.007342417094,0.007346118605,0.007350880432,0.007356704636,0.007363593735,0.007371550712,0.007380579014,0.007390682556,0.008635510007,0.008649822258,0.00866540596,0.008682267893,0.008700415408,0.008719856423,0.008740599435,0.008762653522,0.01004117526,0.0100694105,0.01009917932,0.01013049483,0.01016337087,0.01019782197,0.01023386343,0.01027151125,0.01031078222,0.01035169387,0.01039426452,0.01043851327,0.00917390254,0.009215609882,0.009258840016,0.009303612565,0.009349947914,0.008055314764,0.00809776496,0.008141611169,0.006822394677,0.006861311032,0.005521154487,0.00555424769,0.005588343914,0.004217594375,0.004244707497,0.00427261013,0.002867543684,0.002887224916,0.001453729936,0.001464129142,0.001474815096,0.001485792981,0.0001497068142,0.0001508646096,0.0001520532532,0.0001532733317,0.0001545254503,0.0001558102327,0.0001571283221,0.0001584803815,0.0001598670943,0.0001612891649,0.0001627473193,0.001642423054,0.001657748943,0.001673458802,0.001689560817,0.003412126842,0.003445950605,0.003480610829,0.00351612596,0.003552515003,0.005384696303,0.005441990595,0.005500686553,0.00556081629,0.005622412893,0.005685510451,0.005750144082,0.005816349971,0.005884165398,0.005953628777,0.006024779687,0.00609765891,0.00617230847,0.006248771673,0.004218062098,0.004271545921,0.00432633085,0.004382449454,0.004439935299,0.002249411493,0.002279574091,0.002310473827,0.002342129653,0.002374561107,0.0002407788337,0.0002441832113,0.0002476713856,0.0002512455655,0.000254908029,0.0002586611256
0.0002477070529,0.0002441832113,0.000240744164,0.0002373877332,0.002341118071,0.002309143378,0.002277933389,0.004494937682,0.004435462099,0.006566105668,0.006481091336,0.008530798643,0.008422771953,0.01039663853,0.01026794119,0.01217075682,0.01202356041,0.01187985481,0.01369615002,0.01353635153,0.01338034411,0.01322803939,0.0130793516,0.0129341975,0.0127924963,0.01265416959,0.01251914124,0.01238733739,0.01050744541,0.01039981578,0.01029477096,0.008493545618,0.008410177133,0.006663060974,0.00659956003,0.004903204212,0.003238582727,0.003209104108,0.003180351751,0.001576155452,0.001562483626,0.0001549153455,0.0001536158199,0.0001523491322,0.0001511146484,0.0001499117533,0.0001487398504,0.0001475983613,0.001464867249,0.001454043976,0.001443508522,0.002866511554,0.004269842376,0.00424073631,0.005616580263,0.006974875904,0.008316388556,0.009641867101,0.009583039072,0.01088679041,0.01217641886,0.01345261777,0.01471606709,0.015967434,0.01720737345,0.01711963381,0.01834516319,0.01956094203,0.01946961071,0.02067359632,0.02058299698,0.02177672998,0.02168754142,0.02160182858,0.02278540915,0.02270189455,0.02262194338,0.02254552011,0.02247259083,0.02240312328,0.02233708678,0.02103698265,0.02098101471,0.02092820912,0.02087854272,0.01960658238,0.01956568655,0.0195276878,0.01949256958,0.01824404681,0.01821648266,0.01819157954,0.01695803823,0.01693973343,0.01692388526,0.01691048685,0.0168995324,0.01689101719,0.01567887055,0.01567548428,0.01567435568,0.01567548428,0.01567887055,0.01568451596,0.01569242295,0.01691048685,0.01692388526,0.01693973343,0.01695803823,0.01697880757,0.01700205048,0.01824404681,0.01827428398,0.01830720731,0.01956568655,0.01960658238,0.01965039315,0.019697138,0.02098101471,0.02103698265,0.02109613752,0.02115850532,0.02247259083,0.02254552011,0.02262194338,0.02270189455,0.02278540915,0.02287252438,0.02296327915,0.02177672998,0.02186943429,0.02196569609,0.02076758475,0.02086500483,0.01965553198,0.01975342363,0.01853101756,0.0172980535,0.01739171565,0.01614314132,0.01488228972,0.01360848801,0.01232105024,0.01101927669,0.009702453315,0.009764826265,0.008424870395,0.00706789385,0.005693123168,0.004299767331,0.004330525565,0.002908087952,0.001464867249,0.001475983613,0.001487398504,0.0001499117533,0.0001511146484,0.0001523491322,0.0001536158199,0.0001549153455,0.0001562483626,0.0001576155452,0.001590175875,0.001604552054,0.003238582727,0.003268802808,0.003299780015,0.00499729573,0.006728141706,0.006794836494,0.008578975802,0.008666513152,0.01050744541,0.01061771776,0.01073069249,0.01265416959,0.0127924963,0.0129341975,0.0130793516,0.01322803939,0.01338034411,0.01353635153,0.01369615002,0.01385983062,0.01402748715,0.01217075682,0.01232152943,0.01247596624,0.01052846494,0.0106634983,0.008641455114,0.008754807558,0.006653193149,0.006742406524,0.004555866778,0.004618286755,0.002341118071,0.002373877332,0.00240744164,0.0002441832113,0.0002477070529,0.0002513179347,0.0002550181731
0.0002442535462,0.0002407788337,0.0002373877332,0.002340780975,0.00230847844,0.004553899068,0.004492349344,0.006648404574,0.008747246671,0.01079093615,0.01278146523,0.01261779467,0.01453434941,0.01640270344,0.01822461588,0.02000178894,0.02173587011,0.02147608298,0.02315177088,0.02288164986,0.02450276531,0.02422385717,0.02395157254,0.02368575899,0.02342626857,0.02317295767,0.02116217253,0.02093937323,0.01899507806,0.0188005081,0.01691873718,0.01507523303,0.01326867727,0.01149778919,0.009761324447,0.008058073724,0.006386861468,0.004746544655,0.004704017412,0.003108361704,0.001540699638,0.001527555314,0.0001514741237,0.000150225096,0.0001490078232,0.0001478216988,0.0001466661345,0.001455405598,0.001444444218,0.002867543684,0.004270149815,0.00565309388,0.007017187775,0.008363224787,0.009691980322,0.0123797392,0.01366740385,0.01629847057,0.01754894758,0.02012813977,0.02134516704,0.02387711291,0.0263834494,0.0275534309,0.02871417998,0.03116483743,0.03230249424,0.03343292395,0.03455670125,0.03567439247,0.03678655604,0.03789374296,0.03773854573,0.03884237648,0.03869443642,0.038552611,0.03965608984,0.03952212044,0.03816320487,0.0380452343,0.03793309037,0.03782672366,0.03650911682,0.03641722967,0.03511977821,0.03504147828,0.03376258152,0.03369701082,0.03243511037,0.03238144228,0.03113501785,0.03109245426,0.0298600196,0.02982778818,0.02979988244,0.02858523866,0.02856672143,0.02855232743,0.02854205044,0.02853588602,0.02734492187,0.02734689077,0.02735279834,0.02855232743,0.02856672143,0.02858523866,0.02860788714,0.02863467666,0.0298600196,0.02989659064,0.02993751716,0.0311821296,0.03123380999,0.03249354615,0.03255677504,0.03383315144,0.03390875137,0.03520332201,0.03529214626,0.03660650677,0.03670944229,0.0380452343,0.03816320487,0.03828705418,0.03841683704,0.03979624362,0.03994264405,0.03884237648,0.03899649725,0.03915686773,0.03805505798,0.03822256336,0.0371164569,0.03600468733,0.03488669378,0.03376190722,0.03262974998,0.03148963531,0.02902179435,0.02785663173,0.0266814588,0.02415376773,0.02159870471,0.02037308821,0.017767625,0.01650631893,0.01384568617,0.01254483718,0.009824062885,0.00847964082,0.007116916359,0.005735087368,0.004333332655,0.002910811197,0.001466661345,0.001478216988,0.0001490078232,0.000150225096,0.0001514741237,0.0001527555314,0.0001540699638,0.001554180852,0.001568005804,0.003164363103,0.004790146101,0.004834844235,0.006507549631,0.008212706565,0.009951507953,0.01172518125,0.01353498974,0.0153822339,0.01726825279,0.01919442546,0.01939865815,0.02139042246,0.02162424791,0.02368575899,0.02395157254,0.02422385717,0.02450276531,0.02478845402,0.02508108512,0.02342845416,0.0237118583,0.02200196783,0.02227453051,0.0205033793,0.01868702067,0.01682372622,0.01491170944,0.01294912337,0.01312087001,0.01108067429,0.008984698688,0.006830848602,0.00461695688,0.004681561949,0.002373877332,0.002407788337,0.0002442535462,0.0002478140854,0.0002514627355
0.0002408828726,0.0002374561107,0.002341118071,0.00230847844,0.004553243354,0.0067365836,0.008860710778,0.01092776213,0.01293980336,0.01489883128,0.01890762351,0.02073945068,0.02252450655,0.02628656523,0.02795818366,0.02958864949,0.03117951616,0.03465771588,0.03424841826,0.03572931866,0.03717635337,0.03675318531,0.03634006665,0.03593676611,0.03554305921,0.03515872808,0.03304438318,0.03097561808,0.03065391484,0.02696881897,0.02502789054,0.02312674993,0.02126405271,0.01781861855,0.0160443653,0.01271499703,0.01102276602,0.007801738051,0.006185469947,0.004598199952,0.003038876285,0.001506475209,0.001493837965,0.0001481520053,0.0001469515307,0.0001457817747,0.000144642157,0.001435321152,0.002849022076,0.004241957818,0.005614962921,0.008362622656,0.009688491837,0.01237171973,0.01502007885,0.0176350779,0.02156607214,0.02411033005,0.02795709633,0.03043723941,0.03420723466,0.03662961747,0.03902904081,0.04270073721,0.04505124795,0.04738276411,0.04969648815,0.05199360292,0.05301305701,0.05528614073,0.05629485318,0.05730191364,0.05830782041,0.05931306692,0.05908715956,0.06009705999,0.05988541113,0.0596831014,0.05949004107,0.05809581524,0.05792456928,0.05655876721,0.05640829517,0.05506916937,0.05374416555,0.05362434235,0.05232332506,0.05103485033,0.04975834767,0.04849325374,0.04841998735,0.04717443326,0.0459388089,0.04588922177,0.04467074367,0.04346076322,0.04343260977,0.04341072525,0.04222225966,0.04221314063,0.0422101014,0.04221314063,0.04222225966,0.04223746241,0.04225875545,0.04346076322,0.04349519778,0.04353592835,0.04476089072,0.04599507243,0.04605803675,0.04731049146,0.0485736251,0.04866113636,0.0499449921,0.05124103824,0.05254985076,0.05387201352,0.05400794219,0.05535538919,0.05671780742,0.05688548576,0.0582759586,0.05846507892,0.05988541113,0.06009705999,0.06031814205,0.06054875581,0.05954841234,0.05979330119,0.05879684666,0.05779914713,0.05679970393,0.05579801289,0.05351929493,0.05250522509,0.050199962,0.04787658415,0.04553388095,0.04317062059,0.03946988615,0.03705403059,0.03461354784,0.03080764395,0.02830546969,0.02441780017,0.02184738743,0.01787026183,0.01522477289,0.01254393398,0.009826185112,0.008483915636,0.005698044152,0.004305963456,0.00289284314,0.001457817747,0.0001469515307,0.0001481520053,0.0001493837965,0.0001506475209,0.001519438143,0.001532733317,0.003092734973,0.004681042831,0.006298723442,0.007946873143,0.01123105571,0.01295899531,0.01635696363,0.0181710178,0.02169083847,0.0235977166,0.02554492903,0.02753388274,0.03130520512,0.03164285528,0.03376590625,0.03593676611,0.03634006665,0.03675318531,0.03717635337,0.03760980911,0.03805379807,0.03658314454,0.03507695568,0.03550637939,0.0319522099,0.03033065219,0.02866755379,0.02696128589,0.02310931762,0.02128404469,0.01940970504,0.01529886699,0.01329106617,0.01122763933,0.009106486708,0.00692543532,0.004682236143,0.002374561107,0.002408828726,0.0002443942768,0.0002479925758
0.0002375929249,0.0002342129653,0.002309143378,0.004553899068,0.0067365836,0.008859434927,0.01092461539,0.015089917,0.01914460975,0.0230926849,0.02486584744,0.02863867145,0.03231544682,0.03589967999,0.03939476333,0.04280397948,0.04613050542,0.04747828499,0.04879428335,0.0500797878,0.05133604483,0.0525642617,0.05197342101,0.05139662216,0.0508335441,0.04854994849,0.04631646389,0.04413147124,0.04199339938,0.03990072339,0.03620622542,0.03258698244,0.02904041212,0.02556400598,0.02215532676,0.01881200582,0.01553174069,0.01231229264,0.009151484374,0.00604719776,0.004496057547,0.002971799923,0.001473435315,0.000146128564,0.0001449444854,0.0001437907057,0.001426666528,0.001415717718,0.00421516574,0.005578695595,0.008307411704,0.01099787602,0.01501683487,0.01762619206,0.02154899858,0.02542232189,0.03057781786,0.03435038276,0.03939323122,0.04307437122,0.04801466745,0.05161333543,0.05517758154,0.05998558151,0.06347991959,0.06694561257,0.07038444692,0.0725473632,0.07469858771,0.07807854834,0.07897029009,0.08109289631,0.08198442112,0.0828792168,0.08377772227,0.0834706546,0.08317668899,0.08289569478,0.08262754736,0.08117832911,0.08093904404,0.07952514356,0.07812978589,0.07675234144,0.07539219137,0.07404872703,0.0727213496,0.07140946958,0.0689439646,0.06766327961,0.06639620434,0.06514218317,0.06390066759,0.0626711159,0.06145299275,0.06024576877,0.06020674216,0.05901916704,0.05899792396,0.05898518179,0.05782444609,0.0578286096,0.05784110193,0.05901916704,0.0590489202,0.0590871963,0.06029350232,0.06034996346,0.06157700695,0.06281567662,0.06406651296,0.06533006307,0.06660688106,0.06789752845,0.06920257462,0.07169797379,0.07303618539,0.07439073094,0.07576221662,0.07715125868,0.07855848392,0.07998453016,0.08143004668,0.0816943079,0.08317668899,0.0834706546,0.08377772227,0.08409802882,0.08443171728,0.0835502568,0.08267202243,0.08179657445,0.07967849355,0.07880144623,0.07541190741,0.0732612364,0.07109750994,0.06764331532,0.06415997853,0.06064566913,0.05580082974,0.05221135906,0.04858498518,0.04359856273,0.03988411025,0.03478844048,0.03097668546,0.02576135763,0.0218426689,0.01787154853,0.01523025479,0.01115739119,0.00843033148,0.005662870871,0.004279999583,0.001437907057,0.001449444854,0.000146128564,0.0001473435315,0.0001485899962,0.001498685849,0.00302359888,0.004575742187,0.006156146322,0.009319044414,0.01254133721,0.0158252334,0.01917300449,0.02258698721,0.02606958595,0.02962327534,0.03325060283,0.03695419146,0.04073674268,0.04288561472,0.04508209502,0.04732778243,0.04962432484,0.05197342101,0.0525642617,0.053169475,0.05378940171,0.05254768976,0.05127654779,0.0499747142,0.04864088578,0.047273716,0.04387738665,0.04039430853,0.03682114901,0.03315446326,0.02939068987,0.02552614633,0.02371272672,0.01966430771,0.01550401112,0.01122763933,0.009107798137,0.006927430133,0.004684259306,0.002375929249,0.0002410563707,0.0002446055247
0.0002343816593,0.002310473827,0.002277933389,0.004492349344,0.008860710778,0.01092461539,0.01508774421,0.0191390969,0.02518113929,0.02899345031,0.03475050025,0.03834145177,0.04383318053,0.04918675837,0.05246411906,0.05758015662,0.06067601781,0.06369774414,0.06664816817,0.06770029492,0.06872869401,0.06973443695,0.06895059748,0.06818538663,0.06743837849,0.06499866838,0.06261285047,0.06027922771,0.0563391203,0.05248190935,0.04708132631,0.04339783216,0.03819720914,0.03309926449,0.02810041603,0.02474366127,0.01991836123,0.01518235224,0.01203705929,0.008948197298,0.005913719465,0.002931633582,0.001453520614,0.0001441535152,0.0001429854404,0.000141847255,0.001407383946,0.002793166236,0.004158194278,0.008254942342,0.01092684019,0.01491769208,0.01885401622,0.02407563616,0.02922940073,0.03431824584,0.04065654485,0.04561591574,0.05181439869,0.05794388912,0.06272756108,0.06873624681,0.07468550776,0.07931944843,0.08391339398,0.08846973362,0.09299081614,0.09624504104,0.09948011532,0.1026976693,0.1046820771,0.106662478,0.1086398512,0.1094128268,0.1101938625,0.1097899726,0.109403316,0.1090337209,0.1086810233,0.1071674034,0.1056773193,0.1042100937,0.1027650627,0.1013415751,0.09877691069,0.09623770563,0.094879899,0.09238598209,0.09106708894,0.08861472546,0.08618263757,0.08491728939,0.08366728699,0.08128719496,0.08006732679,0.07886102516,0.07766776673,0.07762863204,0.07645950413,0.07644299066,0.07529662895,0.0753020505,0.0753183175,0.07648703451,0.07652559369,0.07771811175,0.07777968888,0.07899741482,0.08022890533,0.08147469657,0.0838844339,0.08516220369,0.0864560971,0.08892150777,0.09140868319,0.09275923434,0.09529066679,0.09668219229,0.09926170826,0.1018682939,0.1033289344,0.1048120759,0.1063183924,0.1078485718,0.109403316,0.1097899726,0.1101938625,0.1106151656,0.1110540701,0.1102986989,0.1095510109,0.1075880345,0.1056208632,0.1036485057,0.1004300814,0.09719210173,0.09393290371,0.08939175934,0.08481235627,0.08019228794,0.07552910415,0.06953266694,0.0634726384,0.05864903452,0.05246005787,0.04619763864,0.04118688284,0.0347759189,0.02962773977,0.02441076885,0.01912197033,0.01513406096,0.01108851807,0.008379498709,0.004222151838,0.0028369451,0.001429854404,0.0001441535152,0.0001453520614,0.0001465816791,0.001478429866,0.002982732433,0.006018529646,0.009109411344,0.01225745306,0.01546478829,0.02029474491,0.02521848723,0.02864790686,0.03375386945,0.03896385626,0.04428161101,0.04805395555,0.05358153574,0.05753613287,0.06157768584,0.06398000011,0.06643704339,0.06895059748,0.06973443695,0.07053734386,0.07135977032,0.07035084418,0.06931813333,0.06826052004,0.06525751083,0.06217969667,0.05902411004,0.05379526701,0.05044927865,0.04497123562,0.03934825399,0.03567328066,0.02977192851,0.02586470436,0.01966430771,0.01550624386,0.01123087336,0.009111733555,0.004620947655,0.002343816593,0.002377982939,0.000241299478
0.0002312470939,0.002279574091,0.004494937682,0.006648404574,0.01092776213,0.015089917,0.0191390969,0.02517751346,0.03105546579,0.03677875547,0.04436980085,0.04977458181,0.05504159288,0.06211705111,0.06709950622,0.07195945125,0.07670145592,0.07948153569,0.08402261762,0.08665282642,0.08743860777,0.08820746785,0.08721598505,0.0862480657,0.08530317104,0.08269316261,0.08014116438,0.07599336395,0.07029950371,0.06634316162,0.06086770772,0.05391825742,0.04867822613,0.04198706059,0.03696614352,0.03051593167,0.02418704951,0.01947309912,0.0148450981,0.01029994724,0.007293288458,0.004338639901,0.00143408157,0.0001422256399,0.0001410731866,0.000139950223,0.001388561923,0.004133716628,0.006837639269,0.009501966456,0.01347588399,0.01873223718,0.02391668617,0.03035189153,0.03670353727,0.04427752217,0.05046450761,0.05786467607,0.06517984245,0.07241401742,0.0795711309,0.08665503555,0.09366951009,0.1006182626,0.1062692449,0.1118743235,0.1174363888,0.1217408749,0.1260193571,0.1290677497,0.1321049905,0.1351325897,0.1357701078,0.1376060393,0.1382636761,0.1389343123,0.1384450157,0.1368080103,0.1363654697,0.1347820211,0.1332262422,0.1305421864,0.1278905506,0.1264194049,0.1238263091,0.1212622696,0.1175845456,0.1150774224,0.1125958066,0.1101386032,0.1077047315,0.1052931239,0.1029027256,0.101662072,0.09930991728,0.09810366662,0.09691321815,0.09573805612,0.09457767196,0.09343156389,0.09342483706,0.09343156389,0.09345174729,0.09348539598,0.09465942238,0.09584840991,0.09705287371,0.0982733363,0.09951032802,0.1018965715,0.1031697954,0.1055968052,0.1080464811,0.1105199007,0.1130181555,0.1155423513,0.1180936096,0.1218223356,0.1244340492,0.1270764647,0.1285922859,0.1312962791,0.134034436,0.1356387111,0.1372717528,0.1377569029,0.1394454169,0.1399785572,0.1393430054,0.1387201806,0.1369088084,0.1363051936,0.1332897046,0.1302627361,0.1272227545,0.1229388171,0.1186261338,0.1130402704,0.1074077049,0.1017254765,0.09472753678,0.08765907371,0.08051627597,0.07329525636,0.06599204842,0.05860260288,0.05112278405,0.04486801357,0.03720373404,0.03077438966,0.02425659117,0.01900393291,0.01367527854,0.009645338798,0.006942809613,0.004198506691,0.001410731866,0.0001422256399,0.000143408157,0.00014462133,0.001458657692,0.004414263101,0.00742254905,0.01048551491,0.01511690594,0.01983535559,0.02464409568,0.03110152636,0.03768636861,0.04281743971,0.04965523525,0.05501628037,0.06212514282,0.06773321569,0.07179312642,0.07763031592,0.0818910442,0.08452310438,0.08721598505,0.08820746785,0.08922306915,0.09026336085,0.08950235355,0.08872357472,0.08605529201,0.0814278001,0.07860227871,0.0737639982,0.06880199111,0.06371146472,0.05647065562,0.05108160482,0.04554801649,0.0377662702,0.03189849483,0.02586842915,0.01966997184,0.01551294401,0.01123734421,0.006838722274,0.004624941879,0.002346180352,0.0002380723953
0.0002281873061,0.002249411493,0.004435462099,0.008747246671,0.01293980336,0.01914460975,0.02518113929,0.03105546579,0.03881642969,0.04637325255,0.05373333055,0.0609038157,0.06789162508,0.07470344954,0.08134576223,0.08782482673,0.09414670492,0.09849331423,0.1027373664,0.1051014493,0.1074118475,0.1079300151,0.1084380834,0.1072346421,0.1043763387,0.1015824199,0.09720343666,0.0929197197,0.08711496387,0.07983576835,0.07428761325,0.06728845921,0.05888054811,0.05217300148,0.04407639831,0.03764019323,0.02983376772,0.02364976896,0.01757840699,0.01306756494,0.008636143187,0.004281232401,0.00283021252,0.0001403437555,0.0001392065511,0.0001380984463,0.001370188914,0.004079020607,0.008096598966,0.01205516502,0.017286848,0.0237656291,0.03015584714,0.03776340279,0.0452723597,0.05397204578,0.06256518177,0.07105656957,0.08071203582,0.08900641988,0.09845941925,0.1065757415,0.1146133302,0.1225764368,0.1304692358,0.1370827067,0.1436460254,0.1489612476,0.1530485035,0.1571169678,0.1611686785,0.1640256071,0.1657042402,0.1673904745,0.1679190341,0.1673035661,0.166714359,0.1661511511,0.1644635975,0.1628086657,0.1600424426,0.1573137641,0.154621394,0.1519641174,0.1482093716,0.1444923966,0.1419380267,0.1382894537,0.1346739088,0.1322102222,0.1286542729,0.1262439874,0.1227420488,0.1203802943,0.1180404919,0.1168343329,0.1145346746,0.1133655368,0.1122137058,0.1110786834,0.111070686,0.1110786834,0.111102679,0.1111426831,0.1123107003,0.1134962092,0.1146997233,0.1170363972,0.1182787016,0.1206579702,0.1230606089,0.1266080941,0.129062496,0.1326679312,0.135179073,0.1388481624,0.1425525253,0.145159754,0.1489367839,0.1527539449,0.1554698014,0.1582225061,0.1610133122,0.1638434963,0.1655566204,0.1673035661,0.1679190341,0.1685610373,0.1692298624,0.1687457685,0.1670939976,0.1654489283,0.162614035,0.1585716507,0.1545100105,0.150427041,0.1451012996,0.1385113736,0.1318669498,0.1239252808,0.1159079239,0.1078105931,0.09962891921,0.09008957927,0.08171778844,0.07196272771,0.06338130357,0.05469182473,0.04588933261,0.03828906911,0.03058442338,0.02411033005,0.01754263109,0.01223706182,0.008221133482,0.004142953388,0.001392065511,0.0001403437555,0.000141510626,0.0001427077467,0.002878714396,0.004355854979,0.008789203496,0.01330299504,0.01790026063,0.02408972367,0.03039751608,0.03836250109,0.04493515513,0.05320482821,0.06006232561,0.06865876078,0.07582228336,0.08150852606,0.08896585728,0.09492127761,0.09932587066,0.1038303677,0.106716844,0.1096708218,0.1109335474,0.1104455908,0.1099470062,0.1076130656,0.1052227878,0.1009051201,0.09647985752,0.09002723406,0.08340971081,0.07662092944,0.06965431737,0.06250307953,0.05516018956,0.04761838087,0.0398701372,0.03190768292,0.02587960672,0.01968130501,0.0133063863,0.008997645974,0.004563746121,0.002315136441,0.0002349222973
0.0002252004309,0.00221996765,0.006566105668,0.01079093615,0.01489883128,0.0230926849,0.02899345031,0.03677875547,0.04637325255,0.0537255935,0.06285035141,0.07174014808,0.08231791302,0.09073921603,0.09895097615,0.1051167767,0.1111328672,0.1170049093,0.1227383837,0.1248224716,0.1285972872,0.1288515204,0.1291018934,0.127669126,0.1246089878,0.1199746013,0.1154424919,0.109400595,0.1034880237,0.09612471738,0.08735430451,0.07876259932,0.07034347439,0.06057656352,0.05249934456,0.04457699885,0.03533190761,0.02771649166,0.02168539136,0.01432946227,0.009943616352,0.005633590509,0.002793166236,0.0001385067152,0.0001373843963,0.0001362907961,0.002704507442,0.005367503939,0.009322387567,0.01454122758,0.0209976252,0.02866666865,0.03623092854,0.04497994326,0.05489228109,0.06467962625,0.07560762862,0.0851535697,0.09583558293,0.1063993981,0.1168507542,0.1271952774,0.137438486,0.1463760755,0.1552357653,0.1628249194,0.1703571735,0.1766508048,0.1817262122,0.1867772678,0.1906369482,0.1933226224,0.1960103254,0.1963908999,0.1979445815,0.1972190619,0.196524499,0.1947218597,0.192956941,0.1900974058,0.1872806721,0.184505459,0.1806484701,0.1768361604,0.1730668161,0.1682246789,0.1645385513,0.1597806478,0.1561705242,0.1525948407,0.1490520244,0.1455405215,0.1420587959,0.1386053284,0.1362776282,0.133973453,0.1316918029,0.1305285683,0.1282886186,0.1282609112,0.1271555086,0.1271646641,0.1271921347,0.1283348108,0.1283995079,0.1306790238,0.1318815757,0.1342051592,0.1365526411,0.1389250432,0.14242749,0.1459602824,0.1495249699,0.1531231208,0.1567563225,0.1604261839,0.1652508954,0.169001647,0.1739162289,0.1777552593,0.181639688,0.1855712771,0.1884167777,0.1913056868,0.1942393304,0.1960724395,0.1979445815,0.1987013811,0.1994897986,0.1979809988,0.1976542591,0.1950001664,0.1923465753,0.1885065635,0.1834615715,0.1783890661,0.1720830577,0.1645218699,0.1568988026,0.1479868131,0.1389908971,0.1286690395,0.1182387062,0.1076942205,0.09702979006,0.08623950167,0.07659388059,0.06554220303,0.05564035455,0.04560606377,0.03674584411,0.02908245516,0.02130831444,0.01476063583,0.009465776047,0.005451631843,0.002747687927,0.0001385067152,0.0001396583118,0.0001408397627,0.002841033243,0.005731784909,0.0101198493,0.01458762719,0.02208244225,0.02823209927,0.03599955056,0.04543242264,0.05352220877,0.0617745877,0.07175532156,0.08036656699,0.08915891277,0.09813876904,0.1056867884,0.1117571629,0.1179631751,0.1226295552,0.1274031843,0.1305695407,0.1320728896,0.1318547235,0.1316324694,0.1278053624,0.1257076695,0.1198700085,0.1138869725,0.107752819,0.1014616137,0.09306830021,0.08445515971,0.07362396147,0.0645193079,0.0551681332,0.04763209694,0.03778802983,0.02979766257,0.02374005952,0.01532091323,0.01109983825,0.006756012926,0.002284832285,0.0002318472639
0.0002222846593,0.002191224727,0.006481091336,0.01278146523,0.01890762351,0.02486584744,0.03475050025,0.04436980085,0.05373333055,0.06285035141,0.07366846197,0.08420802769,0.09447919287,0.1044917702,0.1142552532,0.1219585512,0.1312731235,0.1368112236,0.1422186665,0.1457652458,0.1492311942,0.1492283134,0.1492276501,0.1475715279,0.1443148597,0.1395099493,0.1348114887,0.1270401602,0.1194347221,0.1104342698,0.1016203048,0.09146214636,0.08150795885,0.07025589542,0.0607029739,0.05133314706,0.0406868577,0.03167726011,0.02425857026,0.01697271871,0.01121699642,0.006950812338,0.002757001853,0.001367134062,0.0001356056186,0.001345261777,0.002669490964,0.006622510555,0.01183073967,0.01696258406,0.02461183938,0.03344014624,0.04342507973,0.05327708117,0.06426185731,0.07636026641,0.08831063134,0.1001196307,0.111793803,0.1245607361,0.1359772367,0.1484851538,0.1596694518,0.1695560721,0.1793573995,0.1878967906,0.1963727102,0.2036192692,0.2096571284,0.2156652199,0.2193377317,0.2230060236,0.2255271052,0.225776067,0.2271880276,0.226355323,0.2255581484,0.2225481882,0.220707954,0.2177919354,0.2138091929,0.209878258,0.2048898359,0.1999552627,0.1961744224,0.1902388177,0.1854526027,0.1807115471,0.1760135514,0.1713565424,0.1667384713,0.1632456167,0.1586980349,0.1552693349,0.1529545034,0.1495816367,0.1473182937,0.1450787101,0.1439442039,0.1428310618,0.1417388028,0.1417490083,0.1417796294,0.1429133562,0.1440686255,0.1452459371,0.1475305849,0.1498403372,0.1532631707,0.1556274879,0.1591099138,0.1637164417,0.1672675364,0.1719497751,0.1766737813,0.1814416469,0.186255491,0.191117461,0.1971372475,0.2009945222,0.2060140661,0.211090645,0.2151062292,0.2191762459,0.2221747762,0.2240917697,0.2271880276,0.2280566334,0.2289615281,0.2276040859,0.2274185955,0.2249411433,0.2213047466,0.2176619774,0.2116592086,0.2056229029,0.198362157,0.1898550385,0.1812788512,0.1714218849,0.1614729686,0.1502055935,0.1375923729,0.126076572,0.1131868655,0.1013964193,0.08946258566,0.07737861788,0.06513761959,0.05401869778,0.04404223889,0.03392516813,0.02497600597,0.01721852744,0.01201270934,0.006726308883,0.002712112371,0.001367134062,0.0001378500926,0.001390162468,0.002804249104,0.00707196613,0.01141579777,0.01727850552,0.02470273503,0.03226654958,0.04145568949,0.05231821999,0.06188567246,0.07164534799,0.08314388574,0.09332473505,0.1037196271,0.1127481421,0.1219722993,0.129776697,0.1377550933,0.1425972067,0.147550935,0.1509240897,0.1526617963,0.152706448,0.1527533826,0.1492486075,0.1456592192,0.1401613201,0.1345263465,0.1250169393,0.1171541992,0.1071738534,0.09693218681,0.08641923319,0.07562468743,0.06453789214,0.05519197098,0.04558738698,0.03571439996,0.02556293046,0.01944327401,0.01314734836,0.006668539778,0.002255249531,0.0002288454328
0.0002194382363,0.00432633085,0.008530798643,0.01261779467,0.02073945068,0.02863867145,0.03834145177,0.04977458181,0.0609038157,0.07174014808,0.08420802769,0.09635490062,0.1081924552,0.1197319978,0.1309844669,0.1401634792,0.1491197124,0.1561075189,0.1629304473,0.1661687107,0.1693336128,0.1707542583,0.170490165,0.1685980723,0.1651320467,0.1601435835,0.1520973559,0.1442253779,0.1365219542,0.1259105672,0.1155188782,0.1038345875,0.09238485041,0.07968590107,0.06869526165,0.05791521193,0.04590382864,0.03695737278,0.0267653356,0.01954794084,0.01245752927,0.006861805064,0.002721697602,0.001349627493,0.0001338691472,0.001328035289,0.003952960976,0.007845248742,0.01297693715,0.02060968984,0.02941176721,0.03809069418,0.04917327425,0.06136066052,0.07339017473,0.08650445068,0.1006865143,0.1147003879,0.1285538288,0.1422544347,0.1558096506,0.1680350374,0.1813278185,0.1933177197,0.2040301797,0.2134893132,0.2228787709,0.2310481176,0.2380182656,0.2426642737,0.247298962,0.2507898469,0.2531531586,0.2544040173,0.2545564556,0.2536234384,0.2516168824,0.2496572621,0.2466376844,0.2425675358,0.2374552136,0.2335006333,0.2274127625,0.2224780883,0.2165101543,0.2105996173,0.2047438404,0.1989402207,0.1942654406,0.1885566698,0.1828925936,0.1783450955,0.1738347193,0.169359497,0.1659883725,0.162646827,0.1604027625,0.158184314,0.1559905214,0.1548886336,0.1538093615,0.1538204362,0.153853665,0.1549778752,0.1561253555,0.1583666473,0.1606339088,0.1629281237,0.1663233425,0.1697501511,0.1742858834,0.1788594697,0.1834729161,0.189209449,0.1949941337,0.1997439669,0.205630247,0.2115722997,0.2175727872,0.2236344093,0.228660576,0.2348494779,0.2388956943,0.244109323,0.2482768353,0.2513888707,0.2534350616,0.2555296988,0.2565436027,0.2564638253,0.2552763478,0.2529660589,0.2495167325,0.2449110046,0.2402911749,0.2333216538,0.22513675,0.2157142848,0.2062159504,0.1954450081,0.1833759734,0.169981994,0.1576603561,0.1439855933,0.1301557379,0.1161631195,0.1019999039,0.08765808645,0.07439033797,0.0622148005,0.04987212701,0.03864316845,0.02984695544,0.02092066331,0.01317653659,0.007968211732,0.004016074416,0.001349627493,0.0001360848801,0.001372361013,0.002768339838,0.006981407444,0.01267831687,0.01990012381,0.02725539826,0.03764488775,0.04677124197,0.05902659338,0.07003367692,0.08126185109,0.09423908481,0.1059491358,0.117905324,0.1285487064,0.1394225762,0.1473320968,0.1554183969,0.1636874488,0.1688349207,0.1724283196,0.1744136212,0.1747341082,0.173330263,0.1701396554,0.1668720591,0.1599301237,0.1528152113,0.1436783974,0.1343078754,0.1228052655,0.111001491,0.09888506897,0.08644412552,0.07366638108,0.06255710553,0.05114048473,0.0394049563,0.02944152089,0.02132699661,0.01297899255,0.008777529454,0.004452740744,0.0002259149971
0.0002166594594,0.004271545921,0.008422771953,0.01453434941,0.02252450655,0.03231544682,0.04383318053,0.05504159288,0.06789162508,0.08231791302,0.09447919287,0.1081924552,0.1215565231,0.1345841584,0.1454915164,0.1579049063,0.1665116897,0.1749123761,0.1814034793,0.1860525181,0.1905958222,0.1917320481,0.1912111966,0.1874729962,0.1838206864,0.1786706992,0.1705070263,0.1625206342,0.1516423024,0.1409927001,0.1275626836,0.1158918525,0.1029846415,0.08887567541,0.0764839211,0.0629000059,0.05098785984,0.0406996891,0.0305989923,0.02067900273,0.01366641983,0.008129895686,0.002687232367,0.001332536973,0.0001321739436,0.001311218193,0.003902904081,0.009036887144,0.01537513007,0.02289229478,0.03282705955,0.04387640416,0.0560199072,0.06923844793,0.08351417089,0.09761032319,0.1127471969,0.1289098674,0.1436897363,0.159497528,0.1739537067,0.1882634739,0.2024344677,0.2153103442,0.2269167665,0.2384299167,0.2475634793,0.2566376135,0.2633863578,0.270105379,0.274547654,0.2778655517,0.2800750387,0.2800795615,0.2801200083,0.2790932938,0.277011137,0.2738842416,0.2697223132,0.2645340739,0.2594126859,0.253273451,0.2472022005,0.2411961916,0.2341785097,0.2282973142,0.2214036302,0.2145686066,0.2077892162,0.2021262891,0.1965098286,0.1909373711,0.1854064788,0.1809730599,0.1765744209,0.173265145,0.1699854744,0.1677892665,0.1656190761,0.1645286355,0.163462195,0.1634739647,0.1635092789,0.1646234312,0.1657622328,0.1679826711,0.1702304298,0.173564806,0.176930754,0.1813905026,0.1858876757,0.1914880634,0.1971333589,0.2028260461,0.2085686372,0.2154354937,0.2223621628,0.2293517358,0.235327859,0.2424497992,0.2485585986,0.2547365156,0.2609863678,0.2662154829,0.2715148842,0.2757838871,0.2790128145,0.2811909883,0.2823067123,0.2823472541,0.2824240211,0.2802767113,0.2770097901,0.2726061761,0.2659015148,0.2591629529,0.2500715386,0.2409148175,0.2293477207,0.2176796417,0.204721029,0.1904448095,0.176019927,0.1614385256,0.145480254,0.1305538073,0.1142179102,0.09891206847,0.08465230421,0.07020224666,0.05681606461,0.0445127954,0.03331278181,0.0232377098,0.01561161632,0.009178527352,0.003965218307,0.001332536973,0.0001343616183,0.001354982614,0.002733283966,0.008271601092,0.01390863286,0.02105156333,0.03115924768,0.04145682207,0.05195134264,0.06410704456,0.07797408572,0.09063337183,0.1050516218,0.118251942,0.1301979364,0.1439468475,0.1548641798,0.1660214461,0.1742300419,0.1826245566,0.1879426291,0.1917320481,0.1956115018,0.1962008373,0.1950943079,0.1904986274,0.1857919906,0.1791954555,0.1706381982,0.1618647311,0.1491830057,0.1380386498,0.1247125346,0.1110334641,0.09698803583,0.0845281605,0.06973460538,0.05655203194,0.04504901309,0.03322137007,0.02316262287,0.01495041072,0.008666378377,0.004396355068,0.0002230542041
0.002139466767,0.004218062098,0.01039663853,0.01640270344,0.02628656523,0.03589967999,0.04918675837,0.06211705111,0.07470344954,0.09073921603,0.1044917702,0.1197319978,0.1345841584,0.149062433,0.1614068393,0.1734477626,0.1834656979,0.1932437687,0.2011011704,0.2054356773,0.2096718543,0.2105495522,0.2097967225,0.2074684073,0.2020386241,0.1967312394,0.1869084957,0.177298511,0.1663817737,0.1541980186,0.1407849453,0.1261782916,0.1118646933,0.09783401603,0.08265138934,0.0691706695,0.05594382586,0.04296182059,0.03296276048,0.02314275951,0.01484483356,0.00802810165,0.003980378488,0.001315852341,0.0001305189999,0.001294800493,0.005138714673,0.01019855624,0.01771305526,0.02637327169,0.03740311558,0.04951660548,0.06269428256,0.0769179562,0.09217066969,0.1084366676,0.1257013649,0.1427616371,0.1596269295,0.1763064929,0.1916408508,0.2079826015,0.2230095983,0.2367490673,0.24922689,0.260467639,0.2716263875,0.2804561879,0.2881152888,0.2935073424,0.2988877256,0.3020463308,0.3030130037,0.3040104664,0.3028525731,0.3017425377,0.298508892,0.2942549857,0.2889898609,0.2837965836,0.2776009596,0.2714784848,0.2643604122,0.2562520568,0.2492793456,0.2413147873,0.2334181138,0.2266399538,0.2188666638,0.2122015055,0.2055874072,0.2000689489,0.1935470139,0.1891578128,0.1837603786,0.1804850986,0.1761978195,0.1740249076,0.1718788894,0.1697588371,0.1687052246,0.1687173718,0.1687538187,0.1698566463,0.1720274569,0.1742254998,0.1764517272,0.1807972464,0.1841312132,0.1895941348,0.1940493384,0.200645978,0.2062397409,0.2129361426,0.2196876365,0.2275556108,0.2344286612,0.2424293318,0.2505028099,0.2575839167,0.2658109574,0.273046713,0.2792849775,0.2856004273,0.2909104838,0.2962959215,0.3006659119,0.3040104664,0.3052167347,0.306471918,0.3055543663,0.3046673174,0.3015681428,0.2962248089,0.29086659,0.2832159044,0.2743782275,0.2631822156,0.251896852,0.2393542788,0.2255285622,0.2103924149,0.1939171588,0.1784520464,0.1616160405,0.1445822235,0.1273410568,0.1098827946,0.09342677401,0.07798865364,0.06358529648,0.05023480322,0.03795654699,0.02677121013,0.01798550136,0.01035840394,0.005220759997,0.001315852341,0.0001326792829,0.001338016942,0.004048590971,0.008168032769,0.01510793189,0.02355970807,0.03356629552,0.04376103581,0.05700095817,0.07049804096,0.08426171703,0.09976888176,0.114109903,0.1287478602,0.14369335,0.1574288502,0.1699168142,0.181117649,0.1909896368,0.201084764,0.2065690806,0.2121817193,0.2146247327,0.2154569298,0.2146205768,0.2103449872,0.205966208,0.197975729,0.1880123623,0.1777973598,0.1655021408,0.152888551,0.1380784106,0.1228760217,0.1072664916,0.09317557667,0.07673134305,0.06382165331,0.05055108698,0.03690608274,0.02703126019,0.01687224839,0.01069733383,0.004341308516,0.00220261353
0.002112982853,0.004165847782,0.01026794119,0.01822461588,0.02795818366,0.03939476333,0.05246411906,0.06709950622,0.08134576223,0.09895097615,0.1142552532,0.1309844669,0.1454915164,0.1614068393,0.1751745332,0.1886037976,0.1999978384,0.2094301329,0.2169708633,0.2243365791,0.226642652,0.2288987306,0.2279196726,0.2253902296,0.219803181,0.2128003301,0.2029017257,0.1917084465,0.1807543937,0.1670746038,0.1522146237,0.1362085825,0.1205235805,0.1051485084,0.08866518859,0.07389111104,0.05939515986,0.04653613689,0.03391116965,0.02420076832,0.01466107315,0.007928723826,0.003931106397,0.000129956374,0.0001289033385,0.001278772487,0.005075103834,0.01133134978,0.0199929027,0.02976777563,0.04063412314,0.05379401725,0.06920270084,0.08440645381,0.1018095468,0.1189937308,0.137151042,0.1550938699,0.1739999357,0.1915364438,0.2088878813,0.2249160638,0.2407903787,0.2553841867,0.2698526786,0.281956714,0.2917370932,0.3014570177,0.3089070447,0.3152242954,0.3193296295,0.3223467985,0.3242912754,0.3240935462,0.3228591619,0.3195241195,0.3162547248,0.3109126146,0.3056469994,0.2993937793,0.2921599684,0.2839516574,0.2758267986,0.2677817194,0.2598127995,0.2508711716,0.2420029691,0.2342453396,0.2265495503,0.2189122046,0.2113299418,0.2048339507,0.1983838907,0.1930090811,0.1876726667,0.1834026802,0.179165135,0.175987361,0.1738664261,0.1717717286,0.1707308623,0.1707431554,0.1707800399,0.1718706976,0.1740167116,0.1761902153,0.1794233187,0.183719874,0.1880513964,0.1934542868,0.1988987688,0.2054247228,0.2120004967,0.219670074,0.2273993417,0.2351917234,0.2430506834,0.2520298535,0.261087962,0.2691735042,0.2773402599,0.2855919384,0.293932306,0.3012967605,0.3076783254,0.3130690868,0.3185399758,0.3219256964,0.3253795011,0.3267176025,0.3270110983,0.3251439411,0.3221933692,0.3181428305,0.3118568927,0.3044233844,0.2946926742,0.2848952482,0.2727436043,0.258194461,0.243510182,0.2275220787,0.2113690494,0.1938673374,0.1761681487,0.1570717247,0.1389400874,0.1205806483,0.10319701,0.08558139108,0.07018621269,0.05457425533,0.04123536183,0.03021693274,0.02030041534,0.01150895239,0.00515613354,0.00129956374,0.0001310368799,0.0001321453971,0.003998474495,0.008066922773,0.01492091465,0.02463677835,0.03453206969,0.04740184482,0.06051750967,0.07530906684,0.09039268536,0.107228033,0.1229425806,0.1389824138,0.1553591483,0.1705752319,0.184594803,0.1958379849,0.2073320785,0.2175094524,0.2247319849,0.2305106935,0.2331647427,0.2342337811,0.2319919231,0.2296975651,0.2222198204,0.2145584486,0.2049542038,0.1933334669,0.179619156,0.1655498123,0.1492689598,0.1344239676,0.1172892386,0.1016078237,0.0835539674,0.06894083583,0.0539193542,0.04049914639,0.02875023535,0.01874631502,0.01056491426,0.004287568564,0.002175347939
0.002087127301,0.004114872313,0.01217075682,0.02000178894,0.02958864949,0.04280397948,0.05758015662,0.07195945125,0.08782482673,0.1051167767,0.1219585512,0.1401634792,0.1579049063,0.1734477626,0.1886037976,0.2016781779,0.2144352247,0.225218581,0.2340989013,0.239514321,0.2431961843,0.2452046642,0.2440228188,0.2413146637,0.2355913049,0.2269511803,0.2169949157,0.205764088,0.1918226168,0.1781741902,0.1619175888,0.1445609388,0.1289695242,0.1108795499,0.0945310478,0.07849538956,0.06276151204,0.04867061997,0.03617591224,0.02523267049,0.01579818837,0.007831703858,0.003883003345,0.0001283661606,0.0001273260105,0.002526249531,0.006266252797,0.01243632613,0.0222167916,0.03185381521,0.04500198213,0.05917392103,0.07555125876,0.09171097404,0.1100285763,0.1292914282,0.1483193486,0.1671229757,0.1868662198,0.2052454191,0.2234311433,0.2414331901,0.2581339476,0.2735610594,0.2866255639,0.2995887145,0.3102490285,0.319743749,0.3270000085,0.3331409672,0.337100645,0.3399889994,0.3407463631,0.3404703372,0.3381069946,0.3347423938,0.3303867082,0.3239937972,0.3176860532,0.3093631965,0.3021777171,0.2929890666,0.2838904484,0.2748777489,0.2649120987,0.2560614282,0.2462541605,0.2375490988,0.2289098814,0.2203326945,0.2128370189,0.2053930646,0.1979975749,0.192686331,0.1863947574,0.1821762143,0.1779898627,0.174850461,0.1717389066,0.1706858279,0.1686417111,0.1686538538,0.1686902869,0.1707841713,0.1718873531,0.1750520048,0.1782463527,0.182491287,0.1867709083,0.1931307921,0.1985114503,0.2059854492,0.2135123557,0.2210954816,0.2297685264,0.2385088303,0.2473202797,0.257244082,0.2662122886,0.2763064151,0.2854481549,0.2946815533,0.3040108257,0.3113295445,0.3197973906,0.3262409997,0.3327740767,0.3372583529,0.3407463631,0.3432269899,0.3436041945,0.342939231,0.3401237547,0.3362253856,0.3301226318,0.322890059,0.3133921535,0.3027110083,0.289696177,0.2765713539,0.2610496521,0.2442305825,0.2260850561,0.2077431435,0.1891947596,0.1692542332,0.1502540773,0.1310156772,0.1115280487,0.09298759018,0.0766249966,0.0600321902,0.0456678494,0.03233444794,0.02255851007,0.01263124765,0.006366300527,0.002567323211,0.0001294334448,0.0001305283976,0.003949547092,0.007968211732,0.01607818322,0.02568727165,0.03683827881,0.04957603551,0.06394747351,0.08000170055,0.09637283128,0.1130724175,0.1315580409,0.1475048624,0.1652625621,0.1819073821,0.1958981877,0.2101963952,0.2217329929,0.2319734509,0.2408741372,0.2467969023,0.2496384673,0.2509197648,0.2489361556,0.2452380105,0.2397622197,0.2307335086,0.2197493789,0.206735717,0.193389155,0.1778998006,0.1620046427,0.1438440102,0.1251970934,0.1079391769,0.09020891203,0.07393414638,0.05917729898,0.04400393567,0.03042689206,0.02057436157,0.01252276381,0.004235103657,0.002148729256
0.002061885022,0.00609765891,0.01202356041,0.02173587011,0.03117951616,0.04613050542,0.06067601781,0.07670145592,0.09414670492,0.1111328672,0.1312731235,0.1491197124,0.1665116897,0.1834656979,0.1999978384,0.2144352247,0.2268541975,0.2389758178,0.2475541001,0.254323647,0.257756917,0.2595418853,0.258179844,0.2537765353,0.2479538957,0.2392537791,0.2292573624,0.216532621,0.2026220775,0.1861187718,0.169956771,0.1527104814,0.1344102668,0.1164713619,0.09888116173,0.08162741598,0.06604609594,0.05075320574,0.03706203513,0.02492749977,0.01560712083,0.007736985123,0.002557360838,0.0001268136657,0.0001257860955,0.002495696389,0.007428560458,0.01474310142,0.02438677305,0.03509955504,0.04926395562,0.06442338383,0.08056113432,0.09883832381,0.1180482147,0.1381781945,0.1580629781,0.1777136844,0.1982807435,0.2186216942,0.2376214252,0.2553099386,0.2728294389,0.2879740162,0.3018894014,0.314600267,0.3261300398,0.3354154459,0.3424927184,0.3473958635,0.3512275247,0.352937504,0.3536158355,0.3522182858,0.348769414,0.3443416152,0.3389444194,0.3325864167,0.3242360537,0.3159817315,0.3067867136,0.296655966,0.286620891,0.2766769507,0.2668196684,0.2560246074,0.2463295687,0.2367079439,0.2271554706,0.2176679315,0.2092520313,0.2018994881,0.1945946763,0.1883415821,0.1821279851,0.1769566201,0.1728228533,0.1687186615,0.1666501012,0.1646067097,0.1635912313,0.1625993108,0.1636383524,0.1647015505,0.1667941491,0.1689131374,0.1730718974,0.1772626655,0.1824955255,0.1887760214,0.19509972,0.2024817968,0.2099159929,0.2184214933,0.2280075347,0.237664277,0.2473960143,0.2572070912,0.2681292206,0.2781149681,0.2881935795,0.298369635,0.3086477819,0.3179901477,0.3263909224,0.3348932172,0.3413936258,0.3469297229,0.3514920167,0.3550700569,0.3565816028,0.3560000954,0.3543773238,0.3506122622,0.3457632863,0.3387159669,0.3294340549,0.3178790102,0.3051235358,0.2911429124,0.2759111336,0.2582681154,0.2404438901,0.2212822005,0.2007515197,0.1799800012,0.1601248061,0.1400209587,0.1196569789,0.1002141526,0.08170607273,0.06535779215,0.04999288475,0.03562916177,0.02476186819,0.01497417833,0.00754716573,0.002536273313,0.0001278680419,0.0001289497521,0.002601186804,0.007871842034,0.01588372934,0.02537660287,0.03774062625,0.05169736346,0.06729412396,0.08319382994,0.1008077001,0.1187748189,0.1371079833,0.1558203671,0.1734678217,0.1900184225,0.2069270999,0.2211968901,0.2342631898,0.2445482976,0.2535139432,0.2595418853,0.2641212854,0.2655911503,0.263840554,0.2604012359,0.2535429266,0.2448276187,0.2324761198,0.2198126758,0.2050722915,0.1881748752,0.1708348867,0.1530354237,0.134759009,0.1141168003,0.09670240339,0.07880628009,0.06235903231,0.0474237166,0.03206282777,0.02235808267,0.01237131013,0.00627582476,0.002122741946
0.002037241371,0.006024779687,0.01187985481,0.02147608298,0.03465771588,0.04747828499,0.06369774414,0.07948153569,0.09849331423,0.1170049093,0.1368112236,0.1561075189,0.1749123761,0.1932437687,0.2094301329,0.225218581,0.2389758178,0.2507752766,0.2590779518,0.2655976145,0.2703969597,0.2719816491,0.2704611915,0.2659399676,0.2600204334,0.2497750226,0.2397553011,0.2255878677,0.2102823697,0.1938730395,0.1763922769,0.1578707156,0.1397206595,0.1205592626,0.1017701396,0.08334019856,0.06658848262,0.05146625086,0.03792689358,0.02592585925,0.01542058451,0.007644512673,0.00252679526,0.0001252979887,0.0001242827,0.002465867824,0.008563070016,0.01578079952,0.02650483255,0.03826763602,0.05223674934,0.06836846184,0.08662164414,0.1057950921,0.1247210758,0.1457049534,0.1664334026,0.1880508513,0.2082960632,0.2283201059,0.248133869,0.2666416326,0.2838722203,0.2998531125,0.314610483,0.327086166,0.3373199256,0.3464217442,0.3533443223,0.3581212277,0.3607838772,0.3624151148,0.3609308111,0.3595043513,0.3550118257,0.3495615147,0.3431623272,0.3347921213,0.3265215685,0.3173232343,0.3072024229,0.2961635663,0.2852252711,0.2743825895,0.2626205605,0.2519567741,0.2413739877,0.2308674953,0.220432642,0.2110651296,0.2017570642,0.1935017938,0.1862916098,0.179124568,0.172991753,0.1678877059,0.1638078505,0.1597562136,0.1567229594,0.1547057044,0.1537029341,0.1537140012,0.153747207,0.1547948405,0.1568584265,0.1599403588,0.1640439037,0.1681780666,0.1733408561,0.1795377468,0.1867751039,0.1940598822,0.202397244,0.2117958326,0.2212594887,0.2318002322,0.2424189789,0.25312047,0.2639095035,0.2758086821,0.2867903018,0.2978743909,0.309066013,0.3193401773,0.3286916267,0.3371142204,0.3456420121,0.3521888558,0.3577831587,0.3624151148,0.3639579289,0.3655599475,0.3640193774,0.3614369282,0.3567185155,0.3498305683,0.3407373051,0.3304950365,0.3179808979,0.3031527276,0.2870786467,0.2697311054,0.2510812006,0.2310986365,0.2108916403,0.1904489942,0.1686044173,0.1476480956,0.1264207779,0.1072677591,0.08785271479,0.06936009028,0.05300966511,0.03884504498,0.02691250576,0.01602814086,0.008699789001,0.002505959773,0.000126339763,0.0001274085445,0.002570097418,0.007777757774,0.015693887,0.02639294916,0.03862131992,0.05242367329,0.06784675974,0.08493948048,0.103752965,0.1229435661,0.1425249597,0.1610856872,0.1800362754,0.1979351614,0.214750147,0.2304471934,0.2449903506,0.2553023689,0.2658510576,0.2719816491,0.2766852611,0.2783208535,0.2767789298,0.2719446182,0.2653455632,0.256916011,0.2448981393,0.2308664493,0.2147439073,0.1982039284,0.1794536828,0.1602067219,0.1404441703,0.1201465074,0.1011670054,0.08166265018,0.06546457444,0.0488092795,0.03563956444,0.02209085885,0.01222344823,0.006200816099,0.002097370933
0.002013182138,0.005953628777,0.01369615002,0.02315177088,0.03424841826,0.04879428335,0.06664816817,0.08402261762,0.1027373664,0.1227383837,0.1422186665,0.1629304473,0.1814034793,0.2011011704,0.2169708633,0.2340989013,0.2475541001,0.2590779518,0.2687397229,0.2750339645,0.2796317263,0.2810562357,0.2794156285,0.2748129753,0.2673464745,0.258578835,0.2470985045,0.2329912639,0.2163386804,0.2000356661,0.1812815004,0.1615286552,0.1421717058,0.1231969298,0.103250084,0.08501261922,0.06843417553,0.05216251209,0.03747898791,0.02561968233,0.01523847186,0.007554233184,0.002496954537,0.0001238182556,0.0001228149572,0.003655119955,0.009670791577,0.01799357635,0.02857289251,0.04136092874,0.05631256189,0.07338527849,0.09138236128,0.1114388045,0.1312364623,0.1530540921,0.1746063027,0.1959051468,0.216962425,0.2377896957,0.2572987185,0.2755193084,0.2935672025,0.3092890988,0.3227283986,0.3349964096,0.345050968,0.3539889212,0.3597204136,0.3633430388,0.3659328249,0.3664638201,0.3649629345,0.3614550815,0.3559632156,0.3495333925,0.3421739233,0.3328742511,0.3236801142,0.3125642039,0.3015573449,0.2906545102,0.2778446459,0.2661395865,0.2545283357,0.2430056876,0.2315664972,0.2202056771,0.2099083272,0.1996760535,0.1904913549,0.1823457205,0.1742470912,0.1671753164,0.1611241283,0.1551064502,0.1510817719,0.1470834213,0.1440898712,0.1420987681,0.1411086164,0.1401387851,0.1411492616,0.1421806406,0.1442144186,0.147252959,0.1512994864,0.1553747058,0.1614492822,0.1675609324,0.1746993255,0.1828716332,0.1910957884,0.2003673278,0.210695697,0.2210953387,0.2325690283,0.2441280417,0.2557775621,0.2675228364,0.2793691791,0.2923335111,0.3033866901,0.3145508979,0.3258312881,0.335183048,0.344646466,0.3521605223,0.3587419754,0.3643816393,0.3680238696,0.3696437852,0.3692145008,0.366707086,0.363155494,0.357472207,0.3485466705,0.33848772,0.3261857806,0.3126925484,0.2968831368,0.2787116434,0.2603549101,0.2406834661,0.2196659937,0.1984034527,0.1768839275,0.1550952434,0.1330249563,0.112990032,0.09268109145,0.07444967173,0.05714578501,0.04198501148,0.02901237473,0.01827559978,0.009825196575,0.003714547667,0.0001248477268,0.0001259038864,0.002539745309,0.007685904699,0.01550854672,0.02608125604,0.03816521328,0.05313288701,0.06972732945,0.08664399456,0.1052617437,0.1256333985,0.1450252003,0.1648181192,0.1850265029,0.2042269103,0.2209351334,0.2380100641,0.2524938926,0.2643010035,0.2733413757,0.2810562357,0.2858457647,0.2876069458,0.2862316576,0.2816064693,0.2752410718,0.2654219937,0.2536890094,0.2399694638,0.2224759652,0.206263013,0.1861133167,0.1672088125,0.1459952049,0.1260339264,0.1055262663,0.08632834747,0.06849683652,0.05016217023,0.03521867147,0.02381451511,0.01409227497,0.00612758625,0.002072601587
0.001989693533,0.005884165398,0.01353635153,0.02288164986,0.03572931866,0.0500797878,0.06770029492,0.08665282642,0.1051014493,0.1248224716,0.1457652458,0.1661687107,0.1860525181,0.2054356773,0.2243365791,0.239514321,0.254323647,0.2655976145,0.2750339645,0.2826980341,0.2855814557,0.2868844836,0.2851606472,0.280511757,0.2730348103,0.2642742291,0.2513983159,0.2373800483,0.2208479441,0.2032708335,0.1833010259,0.1637374723,0.144566189,0.1244355756,0.1046959543,0.08533356694,0.06763572651,0.0515539111,0.0370417055,0.0253207672,0.01506067848,0.00746609491,0.002467821565,0.0001223736182,0.001213820257,0.003612474202,0.01075270339,0.01896921393,0.03059281451,0.04321426012,0.05913401189,0.07713408283,0.09603237963,0.1158158508,0.1364725055,0.1579913862,0.180362544,0.2024706173,0.223228208,0.2437600635,0.2640773538,0.2820298823,0.2987388371,0.3142310021,0.3285318866,0.3395501817,0.349445493,0.3561436786,0.3617789549,0.3653310026,0.3668299587,0.3652749702,0.3627542242,0.3582585194,0.3528268418,0.345455246,0.3361626477,0.3259722123,0.3158922778,0.3039187284,0.2920582394,0.2793114012,0.2666721505,0.2541347679,0.2416936062,0.2293430866,0.2170776937,0.2058723166,0.1947376851,0.1846458449,0.1755874965,0.1665800842,0.1585926277,0.1516180654,0.1446792075,0.1397135036,0.1347749778,0.1308306059,0.127877215,0.1259124815,0.1249349283,0.1239753664,0.1249709147,0.1259850279,0.1279877487,0.1309814096,0.1349691936,0.1399551373,0.144971175,0.1519677961,0.159004233,0.1670605264,0.1761446398,0.1852850849,0.1954681495,0.2067040695,0.2180174979,0.2304023382,0.2428798397,0.2554556232,0.2681353802,0.2809248773,0.29382996,0.3058504708,0.3179916938,0.328233137,0.3385917531,0.348051724,0.3555811181,0.3611591959,0.3657966349,0.3684446191,0.3701196801,0.3687134555,0.365233693,0.3596481675,0.3529857163,0.3430889513,0.3320514412,0.3176888329,0.3021131866,0.2852976527,0.2672140618,0.24672649,0.2260098546,0.2050526502,0.1827152552,0.160098382,0.1383323564,0.1174280067,0.09739719606,0.07825284941,0.06000898231,0.04386630722,0.03106336534,0.01926652908,0.01092438232,0.003671208547,0.001233910783,0.0001244349152,0.00251011308,0.007596230161,0.01532760228,0.02577695555,0.0377199244,0.05251296427,0.06891379269,0.08697110121,0.1067357844,0.126896541,0.1474677427,0.167071918,0.1870877488,0.2075298626,0.2255402035,0.242493386,0.2568875903,0.2701224327,0.2791572651,0.2868844836,0.2917229924,0.2935710354,0.2923218137,0.2894536876,0.2816875837,0.2721013034,0.2606263198,0.2455206875,0.2300285679,0.2107087775,0.19088306,0.1705321091,0.1496359617,0.1281739724,0.1079545243,0.08903073386,0.06957814686,0.05148371219,0.03674152558,0.02353666159,0.01392785473,0.006056093239,0.002048419712
0.001966762173,0.005816349971,0.01338034411,0.02450276531,0.03717635337,0.05133604483,0.06872869401,0.08743860777,0.1074118475,0.1285972872,0.1492311942,0.1693336128,0.1905958222,0.2096718543,0.226642652,0.2431961843,0.257756917,0.2703969597,0.2796317263,0.2855814557,0.2898785527,0.291080186,0.2892918911,0.2846142579,0.27714312,0.2655344131,0.2541809537,0.2388593919,0.222474044,0.2036805627,0.1852754264,0.1645478926,0.1442355678,0.1243240428,0.1034893259,0.08435009147,0.06685621992,0.05095974858,0.03661479719,0.02377749637,0.01364651116,0.006150039693,0.002439379745,0.0001209632535,0.001199830892,0.004761120238,0.01180975301,0.02109441643,0.03256640168,0.04617968938,0.06189086983,0.07965906701,0.09944586622,0.1200928818,0.1404740158,0.1628160784,0.1848869585,0.206699002,0.227177324,0.2485141865,0.2674791234,0.2851881911,0.3016691424,0.316948436,0.3300003151,0.3408648297,0.3495797726,0.3551453246,0.359670576,0.3621464473,0.3626022172,0.3600480651,0.3565476171,0.3511028159,0.3437351199,0.335465512,0.3253033088,0.3142594244,0.3023388475,0.2905339366,0.2778539718,0.2643018981,0.2508597625,0.2375214813,0.2242810454,0.2121054775,0.2000118855,0.1879948902,0.1770164695,0.167066547,0.1571716978,0.1482905057,0.1404151294,0.1335385976,0.1266949902,0.1217994342,0.1169283867,0.1130376838,0.1101241925,0.1081856186,0.1072205036,0.1062708289,0.1072513875,0.1082479514,0.1102193809,0.1131679782,0.1170968849,0.1220100856,0.126950665,0.1338466252,0.1407795575,0.1487181979,0.1576704073,0.1676449278,0.1776804614,0.1887544158,0.2008778059,0.2130851149,0.2253818179,0.2387559897,0.2522362297,0.2658286699,0.2795395246,0.2923806037,0.3043481877,0.3164391098,0.3276539447,0.3379869061,0.3464184234,0.3539455555,0.3595379731,0.3631723579,0.3658540243,0.3654994157,0.3631051805,0.3586399895,0.3531213563,0.3444173005,0.333535601,0.3204361697,0.3050765906,0.2884925556,0.2706562377,0.2515384681,0.2300081805,0.2093349579,0.1872986877,0.164987417,0.1423883994,0.1217645739,0.1008591953,0.08081445642,0.06280663182,0.04687648096,0.03306730843,0.02142504107,0.01199830892,0.004838530141,0.001219689872,0.0001230007939,0.002481183847,0.006257235887,0.01388837135,0.02420588058,0.03728519957,0.0519077486,0.06811955629,0.08596875303,0.1055056468,0.1267828025,0.1471304857,0.1678988422,0.1891029374,0.2079481765,0.2272008524,0.2440045959,0.2597309868,0.2714105037,0.2833576984,0.291080186,0.2959493078,0.297864529,0.2967203318,0.2924060145,0.2863965745,0.2770181702,0.2641446735,0.2492948819,0.2323931517,0.2150536883,0.1955443234,0.1737801178,0.1531939464,0.1320501423,0.1103276404,0.08983807845,0.0706350714,0.05277518682,0.0382295546,0.02520418321,0.01376733521,0.005986296331,0.002024811528
0.001944375068,0.005750144082,0.01322803939,0.02422385717,0.03675318531,0.0525642617,0.06973443695,0.08820746785,0.1079300151,0.1288515204,0.1492283134,0.1707542583,0.1917320481,0.2105495522,0.2288987306,0.2452046642,0.2595418853,0.2719816491,0.2810562357,0.2868844836,0.291080186,0.2922169051,0.2889322849,0.2842753421,0.2768574665,0.2653498756,0.2526915246,0.237529584,0.2213163196,0.2027226785,0.1831664879,0.1626748898,0.1425937746,0.1216013555,0.1023113358,0.08338995791,0.06482415241,0.04912019578,0.03494981354,0.02226964146,0.01226470612,0.006080035507,0.001205806483,0.0001195863625,0.001186173552,0.005883657168,0.01284285848,0.02201287705,0.03449540081,0.0479367408,0.06458562684,0.08325246323,0.101665512,0.1231642493,0.1443859535,0.1653427282,0.1871344047,0.2086709924,0.2299644286,0.2499582087,0.2686824267,0.2861658233,0.3013856998,0.3154296384,0.3272830073,0.3369848605,0.3445720304,0.3500791811,0.3535388582,0.3549815364,0.3534258762,0.349916692,0.3454794079,0.3391268551,0.3308797822,0.3207571001,0.3097624178,0.2979010633,0.2851775277,0.2725724377,0.2591059191,0.244780456,0.2315352606,0.2174239264,0.2043754816,0.1914153067,0.1794974928,0.1676527033,0.155875689,0.1460706699,0.1363172996,0.1275632632,0.11980082,0.113023088,0.106275151,0.1014503441,0.09664702624,0.0937572011,0.0908833499,0.08897072702,0.08707146346,0.08707773283,0.08709654365,0.08902198893,0.09096190705,0.09386527163,0.09678629821,0.1016258018,0.1064896178,0.1132837934,0.1201117465,0.1279311749,0.1367498376,0.1465763635,0.1564603815,0.1683300436,0.1802745994,0.1922993838,0.2053785575,0.2185539786,0.2328056943,0.2461944599,0.2606777401,0.2743049395,0.2870728139,0.2999672881,0.3120007555,0.3231679442,0.3334627328,0.3418726301,0.3483769351,0.3529530705,0.3565953901,0.3582681678,0.3569149091,0.3535239947,0.3480628808,0.3404968944,0.3307891828,0.3189006591,0.3047899465,0.2894815153,0.2718738338,0.2530000633,0.2328300151,0.2113320963,0.1895754504,0.1675477626,0.1463536491,0.1248786948,0.1031103867,0.08445997189,0.06554126153,0.04866004401,0.03502597767,0.02235789724,0.01304790907,0.005979318127,0.001205806483,0.0001216007101,0.001226470612,0.006186011516,0.01248207627,0.02267085959,0.03558973073,0.05003397475,0.06604909019,0.0849901947,0.1043047055,0.1240062685,0.1454557404,0.1659876965,0.1869504315,0.2069702223,0.2260185303,0.2426461429,0.2582090361,0.2712218825,0.2830656395,0.2907335706,0.295581426,0.2990277422,0.2979503264,0.293740181,0.2878555456,0.2786416639,0.2659738771,0.251353729,0.2347064727,0.2159539149,0.1967100495,0.1752380678,0.1531909891,0.1323112018,0.1108598741,0.09062803742,0.07166871136,0.05403783522,0.03779439825,0.02491729102,0.01361062547,0.00591815599,0.002001763663
0.001922519612,0.005685510451,0.0130793516,0.02395157254,0.03634006665,0.05197342101,0.06895059748,0.08721598505,0.1084380834,0.1291018934,0.1492276501,0.170490165,0.1912111966,0.2097967225,0.2279196726,0.2440228188,0.258179844,0.2704611915,0.2794156285,0.2851606472,0.2892918911,0.2889322849,0.2871347605,0.2825140693,0.2737454917,0.2623672501,0.2498511834,0.2348596684,0.2174694626,0.1990987429,0.1797759587,0.1595279543,0.1396854987,0.1189416695,0.09860027448,0.07991562175,0.06283873162,0.04607739746,0.03208861074,0.02079602718,0.01212684653,0.004809355025,0.001192252796,0.00011824217,0.002345681092,0.006981027364,0.01385290937,0.02405654405,0.03638150446,0.05078348043,0.06722069663,0.08454145145,0.1049413387,0.1250711871,0.1460323866,0.1667322489,0.1882582325,0.2095325889,0.2295045904,0.2492609722,0.266712391,0.2839933123,0.2979980191,0.3108513701,0.3215496018,0.3301308024,0.3366308734,0.3410835814,0.3425132151,0.3429687587,0.3404673051,0.3360414512,0.3297144951,0.3224940848,0.3124236147,0.3024687301,0.2906739261,0.2780265004,0.2645304635,0.251154994,0.2369308104,0.2228203843,0.2088172957,0.1949152049,0.1811078474,0.1683401031,0.1556508023,0.1439815468,0.1333216346,0.1236612468,0.1140488846,0.1054215943,0.09777173457,0.09109251168,0.08537797214,0.08062299606,0.07682329164,0.07303899307,0.07114058316,0.06925350218,0.06737693459,0.0673817859,0.06739634194,0.06929340368,0.07120207518,0.07312318248,0.07693399687,0.08076243304,0.08555026775,0.09130263079,0.09802548763,0.1057256461,0.1144107644,0.1240893594,0.1338217264,0.1445632524,0.1563246683,0.1691176043,0.1819967256,0.1959282689,0.2099630759,0.2241075331,0.23836811,0.252751364,0.2662885296,0.2799548764,0.2927743307,0.3047421168,0.3148624908,0.3251051909,0.3324798024,0.3389574282,0.3435206069,0.3461441686,0.3457839787,0.3444398774,0.3400412721,0.3335714038,0.3249943554,0.3142720111,0.3013640009,0.2872838323,0.269880398,0.2522943417,0.232364447,0.2122046805,0.1907139378,0.1689558141,0.1480225199,0.1268121772,0.1064327697,0.08576765584,0.06821532087,0.05154973724,0.03694109165,0.02443359577,0.01407408655,0.0070945302,0.002384505592,0.0001202338756,0.001212684653,0.004893182866,0.01234177336,0.02117069613,0.03267614044,0.0469345715,0.06402615226,0.08144918671,0.1005213402,0.1212939818,0.1424890932,0.162776675,0.1834898591,0.2032703563,0.2220899408,0.2399187154,0.2553066762,0.2681732536,0.2798838827,0.2889322849,0.2937425355,0.2956665657,0.2961198237,0.2919751499,0.2861752488,0.2770839749,0.2645780815,0.2501422461,0.2337025736,0.2151817616,0.1961756749,0.1749670397,0.1531903083,0.1325682973,0.1113817344,0.08960934657,0.07086312997,0.05343043105,0.03736957599,0.02463721195,0.01345763728,0.005851633846,0.001979263139
0.001901183569,0.005622412893,0.0129341975,0.02368575899,0.03593676611,0.05139662216,0.06818538663,0.0862480657,0.1072346421,0.127669126,0.1475715279,0.1685980723,0.1874729962,0.2074684073,0.2253902296,0.2413146637,0.2537765353,0.2659399676,0.2748129753,0.280511757,0.2846142579,0.2842753421,0.2825140693,0.2765424076,0.2679022169,0.2566805841,0.2443330305,0.2295367939,0.2123677956,0.1942284892,0.1738301279,0.1538461763,0.1342623233,0.1137861709,0.09497338905,0.07651987322,0.05965569601,0.04310300365,0.03051201219,0.01935551411,0.01079303697,0.003566985753,0.001179021225,0.0001169299233,0.002319648821,0.006903552214,0.01484076789,0.02492240198,0.03710204855,0.05245188248,0.06869050696,0.08690334082,0.1059614768,0.1258530321,0.1465671242,0.1670231843,0.1882965956,0.2082643846,0.2280082875,0.2454502153,0.2627140326,0.2777440492,0.2916104574,0.3033164841,0.3129014881,0.3204026216,0.3248491585,0.3282902849,0.3287498996,0.327262067,0.3228658121,0.3175644998,0.3103890149,0.3013601016,0.2914682552,0.2797519483,0.2671916336,0.2537916682,0.2405138227,0.2263966987,0.2114426927,0.1975529606,0.1828186746,0.1691304701,0.1564750249,0.1429588954,0.1313980211,0.1199020174,0.1094008389,0.09988479361,0.09134505073,0.08377363115,0.07623371895,0.07057937506,0.06494650075,0.06025972038,0.05651479644,0.05370830441,0.05091195706,0.04997548924,0.04904648575,0.0481245452,0.04906061317,0.05000428342,0.050955964,0.05377021203,0.05659623637,0.06036393919,0.06507756496,0.07074217741,0.07643157306,0.08401524696,0.09163489072,0.1002305927,0.1098112034,0.1203864383,0.1319668885,0.1436191701,0.1572430051,0.170009519,0.1838218004,0.1986941491,0.212725373,0.2278357022,0.2421122745,0.2555519528,0.2691223556,0.2818545934,0.2937435472,0.3038000943,0.3129922398,0.3203201443,0.3257612641,0.3302920549,0.3318892331,0.3315206936,0.3281401969,0.3237418365,0.3162535947,0.3066542104,0.2949042896,0.2809621613,0.2658345472,0.24843721,0.2308494986,0.2109203032,0.1907528014,0.1692506294,0.1485645448,0.1276049055,0.107467406,0.08816380247,0.06970687909,0.05324331332,0.03767271849,0.02531302478,0.01507771734,0.0070157954,0.002358042449,0.0001188995251,0.00119922633,0.003629158895,0.01098432439,0.01970423024,0.031070675,0.04390484529,0.06078296899,0.07798827444,0.09682379082,0.1160365228,0.1369570705,0.1569791899,0.1774211963,0.1982980586,0.216879881,0.2344811823,0.2496680346,0.2623607457,0.2739095799,0.2828249577,0.2890155094,0.2909010814,0.291331788,0.287215165,0.2814612482,0.2724520397,0.2600656496,0.2473661779,0.2311089522,0.2127936834,0.1923404184,0.1730252628,0.1514902086,0.1310970599,0.1101456246,0.08861486579,0.07007669392,0.05283746236,0.03695484999,0.0243637892,0.01330828499,0.005786692658,0.00195729736
0.001880355065,0.00556081629,0.0127924963,0.02342626857,0.03554305921,0.0508335441,0.06743837849,0.08530317104,0.1043763387,0.1246089878,0.1443148597,0.1651320467,0.1838206864,0.2020386241,0.219803181,0.2355913049,0.2479538957,0.2600204334,0.2673464745,0.2730348103,0.27714312,0.2768574665,0.2737454917,0.2679022169,0.2594181505,0.2483794593,0.2362257517,0.220305463,0.204723692,0.185521822,0.1667158535,0.1470027173,0.1276840444,0.1087461122,0.08892314884,0.07195951247,0.05531450182,0.04019474176,0.02776351752,0.0167505309,0.008302617052,0.003527907476,0.0001166104403,0.0001156488922,0.003441353703,0.007965906701,0.01580726988,0.02689021468,0.03891954961,0.05408478575,0.0701295122,0.08703925799,0.1058810297,0.1255472973,0.146027294,0.1662522858,0.1862337036,0.2049371369,0.223431896,0.2406951216,0.2557277802,0.269595241,0.2823224161,0.2919128537,0.3004304252,0.3058961684,0.310348485,0.3108348087,0.3103687983,0.307983315,0.3027274576,0.2956097951,0.287620172,0.2778021317,0.2671348901,0.2546670313,0.2413678485,0.227241238,0.2132380241,0.199351731,0.1846339623,0.170025709,0.1564571915,0.1429802552,0.1295888254,0.1172071088,0.105823337,0.09542662349,0.08600695084,0.07663188407,0.06914105803,0.0616815737,0.05516966117,0.04959909909,0.04496448346,0.04126122155,0.03848552674,0.03571855386,0.03387463608,0.03203665401,0.03111908038,0.03112132104,0.03112804397,0.03205511244,0.03390391641,0.03575972534,0.03854098582,0.04133258258,0.04505522329,0.04971350716,0.05531284642,0.06185947269,0.06936044422,0.07689718204,0.08632956442,0.09581216036,0.1062814827,0.1177484454,0.130224848,0.1437233893,0.1573156719,0.171007883,0.1857540121,0.2006188335,0.2146552013,0.2288173702,0.2431119683,0.2565811355,0.2692202283,0.2800513849,0.2900324352,0.2981749292,0.3054423094,0.3108348087,0.3133326051,0.3138934539,0.3134926176,0.3090841981,0.3036489295,0.2951250933,0.2855113369,0.2727189361,0.2587653121,0.2436242495,0.2262160807,0.2075506244,0.1886630003,0.1684694502,0.1480173578,0.1272949148,0.1073858156,0.08830169101,0.07116717643,0.05490085497,0.0395181747,0.02731168012,0.01605965061,0.008095422452,0.00349831321,0.0001175969159,0.000118608815,0.003589399478,0.008449766202,0.01705231468,0.02827185649,0.04094248123,0.05635974222,0.07334040128,0.09065567155,0.1108967868,0.1302467606,0.1499963667,0.1701599518,0.1894089651,0.2090733664,0.2250510018,0.2413837336,0.2538759228,0.2652352692,0.2739884772,0.2800451422,0.2833103139,0.2836843146,0.2795595411,0.2738141179,0.2663875539,0.2540987127,0.2414992928,0.2253801459,0.2072245292,0.1885932825,0.1694682234,0.1481470613,0.1279547566,0.1072097299,0.08764404154,0.06930896547,0.05225859911,0.03654998943,0.02409687059,0.01316248546,0.00572329628,0.001935854098
0.001860022573,0.005500686553,0.01265416959,0.02317295767,0.03515872808,0.04854994849,0.06499866838,0.08269316261,0.1015824199,0.1199746013,0.1395099493,0.1601435835,0.1786706992,0.1967312394,0.2128003301,0.2269511803,0.2392537791,0.2497750226,0.258578835,0.2642742291,0.2655344131,0.2653498756,0.2623672501,0.2566805841,0.2483794593,0.2389065852,0.2256137808,0.2112792727,0.1946199918,0.1770081027,0.1584712167,0.1390353901,0.1199882133,0.1013161452,0.08300602893,0.06627234361,0.05106862119,0.03614555587,0.02507519377,0.01420234758,0.007039577068,0.002326506542,0.0001153495184,0.0001143983676,0.003404141955,0.009005451941,0.01787010752,0.02770775806,0.04069863428,0.05459179676,0.07045511874,0.08825054494,0.1058048621,0.1252511909,0.1444482843,0.1634070996,0.1821383562,0.199618254,0.2169039778,0.2329831778,0.2468670831,0.2596090144,0.2702285286,0.2787647972,0.2852548067,0.2897334124,0.2912494388,0.2918062662,0.2894691599,0.2852484032,0.2791684356,0.2712518417,0.2615193871,0.2509442131,0.2395326447,0.2263431421,0.2132778174,0.1993900384,0.1846829096,0.1700933341,0.1565464237,0.142169292,0.128816712,0.1155508116,0.1032878236,0.09201566272,0.08172312367,0.07148341396,0.06312160652,0.05479753361,0.04741944336,0.04189062354,0.03638207025,0.03179994897,0.02813931835,0.02448903557,0.0217539305,0.01993105518,0.01811261935,0.01720327208,0.01720203348,0.0162978367,0.01720698838,0.01721318401,0.01812827542,0.01995402898,0.02178527873,0.0245313892,0.02819610444,0.03187330052,0.03647649489,0.04201144243,0.04756990637,0.05498724151,0.06335837678,0.07177221692,0.08207693124,0.09244064931,0.1037947607,0.1161513824,0.1295235291,0.1429905501,0.1574960853,0.1711744669,0.1859103098,0.2007729963,0.2148189591,0.2280443609,0.2414025111,0.2529760084,0.2637127437,0.2736056112,0.2816720108,0.2878894035,0.2922333896,0.2946776686,0.2942000793,0.2927529949,0.2883107349,0.2818323542,0.2732808451,0.262617003,0.2497993678,0.2358184555,0.2196068181,0.2021639117,0.1845142318,0.1655863202,0.1464168293,0.1269946866,0.1073085655,0.08953054668,0.07149760077,0.05541551612,0.04132462363,0.02814203732,0.01815542376,0.009151869407,0.003460485552,0.0001163253271,0.0001173262845,0.00236705793,0.007164341076,0.01445822235,0.02553431059,0.03681796867,0.05203363008,0.06754409677,0.08462326619,0.103319877,0.1223964682,0.1418667882,0.1617449932,0.1807168622,0.1987549974,0.2158303809,0.2305400507,0.2441934206,0.2539490496,0.262511909,0.2684050554,0.2715345101,0.2718016164,0.2705896078,0.2648343718,0.2558912637,0.245182989,0.2326424974,0.2181996149,0.2017809152,0.1833095845,0.1643487689,0.1432145592,0.1231959361,0.1043399677,0.08496240985,0.06680158336,0.04991098574,0.03615477025,0.02383630839,0.01302015801,0.005661409629,0.001914921488
0.001840174904,0.005441990595,0.01251914124,0.02116217253,0.03304438318,0.04631646389,0.06261285047,0.08014116438,0.09720343666,0.1154424919,0.1348114887,0.1520973559,0.1705070263,0.1869084957,0.2029017257,0.2169949157,0.2292573624,0.2397553011,0.2470985045,0.2513983159,0.2541809537,0.2526915246,0.2498511834,0.2443330305,0.2362257517,0.2256137808,0.2125774598,0.1985078132,0.1821355238,0.1661058155,0.1478577724,0.1299801325,0.1112105213,0.09404768716,0.07599191922,0.0607084944,0.04571190573,0.03218387303,0.02126367848,0.01287989922,0.005803716777,0.00115084059,0.0001141186629,0.001131776615,0.00449042335,0.01002302755,0.01878438553,0.02850858191,0.04135257874,0.05508945157,0.07077567481,0.08730885336,0.1046758543,0.1228645536,0.1408206932,0.1585545257,0.176076081,0.1933951758,0.2084873989,0.2224094761,0.2351871873,0.2468450866,0.2554188402,0.2619512583,0.2674612483,0.2700106734,0.2706194897,0.269317165,0.2651669748,0.2601273827,0.2532533699,0.2445668553,0.2340879642,0.2227790401,0.2106459317,0.197693679,0.1839265241,0.1693479223,0.1558154981,0.1414647465,0.1281414275,0.1139926747,0.1017703521,0.08962516162,0.07846399991,0.06827534613,0.05814010534,0.04986711706,0.0416320382,0.03523832503,0.02977199495,0.02432560476,0.02069646348,0.01707862365,0.01347050964,0.01166519919,0.009864159112,0.008066609042,0.007167738298,0.006270416454,0.006269965001,0.006270416454,0.006271771011,0.006274029255,0.0071739339,0.00807590713,0.009878373733,0.01168537408,0.01349769358,0.01711801817,0.0207501783,0.02439576348,0.02986646219,0.03536031937,0.04178820071,0.05006858717,0.05839181389,0.06859068491,0.07884910162,0.09009098483,0.1023287659,0.1146511671,0.1289187752,0.1423639127,0.1568510459,0.1705225099,0.1852555739,0.1991795655,0.2122902995,0.2245827932,0.2360512542,0.2466890677,0.2555245394,0.2625357976,0.2676991355,0.2719672725,0.2733611288,0.2728247068,0.2703265546,0.2648337974,0.2583038767,0.2497051845,0.2379807383,0.2251160777,0.2110853603,0.1958614729,0.1783728781,0.1606690316,0.1427398014,0.1245748274,0.1061635122,0.08857519664,0.07182289992,0.0559206799,0.04198862647,0.02895541293,0.01908429924,0.01018598953,0.004564746515,0.00115084059,0.0001160743355,0.001170899929,0.005906577355,0.01311194827,0.02165300798,0.03278258698,0.04657569242,0.06187347839,0.07747249798,0.09590767057,0.1134426013,0.132627124,0.1509122911,0.169586145,0.1860052773,0.2027838149,0.217219082,0.2306064558,0.2415228107,0.249883841,0.255600959,0.258581125,0.26018019,0.2574059981,0.2530763092,0.2456261892,0.2349388402,0.2224365568,0.2080498578,0.1917060423,0.1749339555,0.1560912567,0.1383913336,0.118542139,0.09984211292,0.08234038025,0.0643495883,0.04761488819,0.03398052623,0.02176796238,0.01288122433,0.00560099865,0.001894488012
0.001820801199,0.005384696303,0.01238733739,0.02093937323,0.03097561808,0.04413147124,0.06027922771,0.07599336395,0.0929197197,0.109400595,0.1270401602,0.1442253779,0.1625206342,0.177298511,0.1917084465,0.205764088,0.216532621,0.2255878677,0.2329912639,0.2373800483,0.2388593919,0.237529584,0.2348596684,0.2295367939,0.220305463,0.2112792727,0.1985078132,0.1847108596,0.1699197975,0.1528902535,0.1362113673,0.1186224209,0.1013848702,0.08571088802,0.06912800227,0.05406240964,0.04046952202,0.02830669797,0.01870205378,0.01042715229,0.004594091331,0.001138724326,0.0001129172003,0.001119861059,0.005553934169,0.01101944805,0.0196799506,0.0303783181,0.04199397979,0.05557827248,0.07109160402,0.08638964947,0.1035738074,0.1194928757,0.1372738385,0.153809053,0.1691280993,0.1842717022,0.1982419694,0.2110651296,0.2217716824,0.2313911894,0.238962364,0.2435439746,0.2471320701,0.248775954,0.2475431,0.2444346929,0.239477044,0.2336443668,0.2250555582,0.2156271216,0.205366534,0.1933464035,0.1805137194,0.1668730718,0.1533520735,0.1399443921,0.1266437857,0.1125292265,0.1003392545,0.08732325564,0.07620456906,0.06515380741,0.05506875457,0.04593844078,0.03775274702,0.03050239326,0.0241789275,0.01877471582,0.01517561658,0.01158901864,0.008013352404,0.006225879843,0.004442896533,0.002663627491,0.001774601346,0.001773707173,0.0008865343765,0.0008863429057,0.0008862790913,0.0008863429057,0.0008865343765,0.0008868535863,0.0008873006732,0.001775751661,0.001777158613,0.002668234218,0.004451862447,0.006240240807,0.008034149955,0.01162244312,0.01522376917,0.01883971349,0.02426962308,0.03062562718,0.03791619167,0.04615061358,0.0553390323,0.06549244173,0.07662270344,0.08782768896,0.1009479451,0.1132444752,0.1274854587,0.1409150384,0.1544601929,0.1681273074,0.1819228657,0.1949118523,0.207088938,0.2174982114,0.2270738505,0.2358075861,0.2417638837,0.2468399544,0.2500509528,0.2513686806,0.2497795904,0.246223958,0.2416615194,0.234072229,0.2244058841,0.2136336767,0.2007122624,0.186621651,0.1713342645,0.1558602726,0.13914461,0.1211562157,0.105045803,0.08764266045,0.07214350374,0.05641687648,0.04263989296,0.03085445455,0.01999416301,0.01119861059,0.005645860016,0.001138724326,0.0001148522833,0.001158572476,0.004675513446,0.01061501174,0.01904448095,0.02883328514,0.04123424697,0.05509985658,0.07047484879,0.08740599435,0.1034197418,0.1210381173,0.1390252888,0.1560936841,0.1735300089,0.1886896649,0.202842225,0.215954735,0.2252455299,0.2347514602,0.2402644472,0.2430657979,0.2444970053,0.2430527349,0.2386277864,0.231111838,0.221898753,0.2109240906,0.1965725767,0.1818493896,0.1667402102,0.1480125697,0.1304136417,0.1123380163,0.09544211054,0.07807875681,0.06195123616,0.045368642,0.03185315329,0.02153878521,0.01274560839,0.005542030291,0.001874542489
0.001801890918,0.005328772504,0.01050744541,0.01899507806,0.03065391484,0.04199339938,0.0563391203,0.07029950371,0.08711496387,0.1034880237,0.1194347221,0.1365219542,0.1516423024,0.1663817737,0.1807543937,0.1918226168,0.2026220775,0.2102823697,0.2163386804,0.2208479441,0.222474044,0.2213163196,0.2174694626,0.2123677956,0.204723692,0.1946199918,0.1821355238,0.1699197975,0.1554160428,0.1399547036,0.1235636581,0.1075049338,0.09176699827,0.07633864899,0.06120900115,0.04755638585,0.03533754531,0.02451112415,0.01503760375,0.008025779294,0.003409783884,0.0001126897885,0.000111744477,0.002216461054,0.006595503261,0.01308600415,0.02055753628,0.03113649032,0.04262342896,0.05605876621,0.07035326849,0.0844498425,0.1004274526,0.1161953054,0.1317624958,0.1471379182,0.1613220115,0.1743421805,0.1872204101,0.1979839546,0.2066743062,0.2143093117,0.2199366659,0.2235918595,0.2253083118,0.2251174211,0.223048612,0.2181807685,0.2124411536,0.2049003342,0.1965160592,0.1863647901,0.1753934329,0.1626838291,0.1500935587,0.1376166495,0.1243330074,0.1111572281,0.09808317573,0.08601016742,0.07402152067,0.0630119169,0.05207097199,0.04298476001,0.03484223393,0.02763336247,0.02045940828,0.01509280239,0.01063458338,0.007077991388,0.00441706097,0.002646613537,0.001762250709,0.0008801742529,8.793507952e-05,8.786546251e-05,8.780854413e-05,8.776429978e-05,0.0008773271032,0.000877137621,0.0008770744693,0.000877137621,0.0008773271032,0.0008776429978,0.0008780854413,8.786546251e-05,8.793507952e-05,8.801742529e-05,8.811253546e-05,0.0008822045123,0.001766824388,0.002654246771,0.004431076408,0.007102495245,0.01067447389,0.01515377942,0.02054798411,0.02776099084,0.03501323979,0.04320817159,0.05235668535,0.06337591284,0.07447055935,0.08655685793,0.09873503526,0.1119282083,0.1252314355,0.1386509907,0.1512652358,0.1640010153,0.1768644533,0.187981958,0.19827841,0.206797424,0.2144698193,0.2203276887,0.2253083118,0.22746358,0.2277220346,0.2260522877,0.22242092,0.2167924303,0.2091291815,0.2003933109,0.1895533635,0.1765655018,0.1634263514,0.1491001706,0.1335581586,0.1178127432,0.101854732,0.08567471817,0.0713942435,0.05690462024,0.04327902375,0.03162451002,0.02088576033,0.01329876632,0.00670466862,0.002253795771,0.0001136594628,0.0001146539899,0.003470216251,0.008170374715,0.0153129363,0.02496710257,0.03600529479,0.04846898349,0.06240155883,0.07784840033,0.09360883191,0.1096942272,0.126116297,0.1428871024,0.1587180993,0.1735799927,0.1861124472,0.1989267959,0.2093143577,0.217192413,0.222474044,0.2264746433,0.2277249267,0.226125562,0.2215723437,0.2154315542,0.2076434771,0.1966330053,0.1853405918,0.1706524427,0.1555794407,0.1401068629,0.1226062454,0.1062666917,0.08947977929,0.07222864694,0.05790183914,0.04317063196,0.03152233624,0.01953883251,0.01081134551,0.00548447247,0.001855074067
0.001783433829,0.005274188941,0.01039981578,0.0188005081,0.02696881897,0.03990072339,0.05248190935,0.06634316162,0.07983576835,0.09612471738,0.1104342698,0.1259105672,0.1409927001,0.1541980186,0.1670746038,0.1781741902,0.1861187718,0.1938730395,0.2000356661,0.2032708335,0.2036805627,0.2027226785,0.1990987429,0.1942284892,0.185521822,0.1770081027,0.1661058155,0.1528902535,0.1399547036,0.1260417423,0.111179976,0.09539645803,0.08113879793,0.06716150991,0.05345472924,0.04000886874,0.0291463138,0.01963908999,0.0114489007,0.005673978436,0.002249904575,0.000111535487,0.0001105998585,0.003290636174,0.007615935075,0.01403129204,0.02141785451,0.03188022798,0.04324150034,0.05548454631,0.06859333452,0.08255289655,0.09734929746,0.1109341194,0.1253580684,0.138600308,0.1516860834,0.1636310335,0.1734748476,0.1832188318,0.1899460685,0.195648625,0.2003461666,0.2021412594,0.2020345855,0.200056286,0.1971780003,0.191534628,0.1850332714,0.1767536041,0.1667169517,0.1567874491,0.1451232899,0.133571277,0.1212145059,0.1089656142,0.09591397708,0.08386665665,0.07190999432,0.06093454947,0.05092693158,0.04098368333,0.03198885503,0.02481760136,0.01856902855,0.01235175247,0.008804277796,0.005272307343,0.002631412863,0.0008756862831,8.743632459e-05,8.731679348e-05,8.72099831e-05,0.0008711584717,0.002611030346,0.003478617639,0.004345455281,0.006080572013,0.006946723886,0.007813376501,0.007812813958,0.008681529445,0.007815064372,0.007817878302,0.00695272845,0.006087580868,0.004351717244,0.003484633887,0.002616299493,0.0008731679348,8.743632459e-05,8.756862831e-05,8.77137621e-05,0.0008787178905,0.002641283339,0.0052936082,0.008842394549,0.01240880068,0.01866016544,0.02494658985,0.03216437784,0.04122043053,0.05123587096,0.06132185647,0.07238790723,0.084448351,0.09660704978,0.1097846112,0.1221607441,0.1346527504,0.1463404354,0.1581479616,0.1682120649,0.1783900947,0.1868002108,0.1934193476,0.1991756055,0.2021412594,0.2041989775,0.204365643,0.2026091398,0.1979155295,0.192202246,0.1854485046,0.1756365176,0.1657177595,0.1536647289,0.1404487016,0.1270664514,0.1124783216,0.09873282999,0.08375025858,0.06960826885,0.0563217361,0.04390660175,0.0323799047,0.0217598145,0.01425942342,0.007741990094,0.003346064611,0.0001124952287,0.0001134795687,0.00228978014,0.00577620294,0.01165852552,0.02000443437,0.0296970718,0.04077663102,0.05449620757,0.06848976474,0.08276731548,0.09733916734,0.1134767867,0.12868263,0.1429282598,0.15618362,0.1697327308,0.180925168,0.1896819105,0.1986410139,0.2036805627,0.2074476315,0.2084878773,0.2081284101,0.2048749271,0.1986204087,0.1907311849,0.1826423133,0.1713137109,0.1581559564,0.1446533393,0.1292168332,0.1133667911,0.09870567949,0.08200298335,0.0681637358,0.05393763794,0.04101929041,0.02773284209,0.01933869278,0.01070060298,0.005428294044,0.001836072214
0.001765420002,0.003480610829,0.01029477096,0.01691873718,0.02502789054,0.03620622542,0.04708132631,0.06086770772,0.07428761325,0.08735430451,0.1016203048,0.1155188782,0.1275626836,0.1407849453,0.1522146237,0.1619175888,0.169956771,0.1763922769,0.1812815004,0.1833010259,0.1852754264,0.1831664879,0.1797759587,0.1738301279,0.1667158535,0.1584712167,0.1478577724,0.1362113673,0.1235636581,0.111179976,0.09782843275,0.08353678954,0.07072888646,0.05698554473,0.04468361069,0.03378052502,0.02423561053,0.01601000682,0.009066607557,0.004493334087,0.001113589547,0.000110408907,0.001094827289,0.003257398635,0.008616010558,0.0149579952,0.02332167246,0.03261015777,0.04280473341,0.05492411675,0.06687170235,0.07967608278,0.09332286995,0.1057837561,0.1180874259,0.1302409175,0.1412632617,0.1511797046,0.1600142784,0.1668199522,0.1725995945,0.1764145073,0.1792530664,0.1792360476,0.1782964543,0.175510214,0.1709048171,0.1645058869,0.1572622919,0.1482625945,0.1384443528,0.1278148901,0.1163807202,0.1050531922,0.09292471152,0.08179761854,0.06986532429,0.05891709967,0.04893876432,0.03902998736,0.03095506649,0.02293071232,0.01671247761,0.01140607355,0.007002464547,0.003493426238,0.001743069787,8.698422753e-05,8.682779675e-05,0.0008668412891,0.001731063231,0.003457393511,0.006043037438,0.008623592115,0.01120018147,0.01377392546,0.01634594089,0.01891734218,0.02062967254,0.02148460105,0.02234237639,0.02320336914,0.02234881192,0.02149697975,0.02064750428,0.01893914751,0.016369496,0.01379774738,0.01122278381,0.008643483777,0.006058721308,0.003467365157,0.001736555935,0.0008698422753,8.715348934e-05,8.733565594e-05,0.001750616137,0.003509561092,0.007036832678,0.01146535616,0.01680417895,0.02306317435,0.03114285002,0.03927806645,0.04926401072,0.05932574532,0.07037016989,0.08241241805,0.09365011078,0.1059037661,0.1173568024,0.1289239952,0.1396859181,0.1496352982,0.1587640377,0.166124641,0.1726362494,0.1773393698,0.1802065402,0.1812083798,0.1812777864,0.1784585535,0.1746497307,0.1688500597,0.1620082162,0.1531076434,0.1431059484,0.131977829,0.1196967245,0.1072562653,0.09464917872,0.08083171899,0.06786116273,0.05575285039,0.04346311686,0.03312127509,0.02369402903,0.01520119363,0.008758618309,0.003312267209,0.001113589547,0.0001123333522,0.001133325945,0.004574287664,0.009232613537,0.01630783966,0.02469357433,0.03442876661,0.04555419806,0.05811254925,0.07214846915,0.08523798162,0.09984942071,0.1135094728,0.126188961,0.1391454586,0.1510862423,0.1619780738,0.1704542424,0.1777792383,0.1839131071,0.1874356355,0.1896483389,0.1876813826,0.1856670608,0.1807115947,0.1741686559,0.1659780407,0.1560766953,0.1443985977,0.130874635,0.1185522704,0.1043187761,0.0896997798,0.07630421851,0.06253802572,0.04838725504,0.03722122179,0.02573692741,0.01740305415,0.01059252001,0.003582309858,0.001817526705
0.001747839797,0.003445950605,0.008493545618,0.01507523303,0.02312674993,0.03258698244,0.04339783216,0.05391825742,0.06728845921,0.07876259932,0.09146214636,0.1038345875,0.1158918525,0.1261782916,0.1362085825,0.1445609388,0.1527104814,0.1578707156,0.1615286552,0.1637374723,0.1645478926,0.1626748898,0.1595279543,0.1538461763,0.1470027173,0.1390353901,0.1299801325,0.1186224209,0.1075049338,0.09539645803,0.08353678954,0.07191732431,0.05934284922,0.0481904414,0.03725359783,0.02767790534,0.01942393304,0.01132184128,0.00673224112,0.002224294539,0.0001102500325,0.0001093094455,0.001083924904,0.004299948237,0.009596488025,0.01586683092,0.02413895292,0.032285423,0.04237848017,0.05335119315,0.06518723756,0.0768600291,0.08837644174,0.09974319267,0.1099760731,0.1210695264,0.1300763716,0.1380113159,0.1448971119,0.1507553658,0.1546519269,0.1566224446,0.1576444902,0.1567955043,0.1541056024,0.1496029805,0.1442385651,0.1371033375,0.1291363101,0.1203464355,0.1107418335,0.1003298066,0.09001702414,0.0789019102,0.06788302232,0.05784505055,0.04699985596,0.03800313815,0.02907085672,0.02195529737,0.01488559501,0.009604847283,0.005225069466,0.002605959434,0.0008665916748,8.646595992e-05,8.628560735e-05,0.001722360621,0.004298157902,0.006865673668,0.01028295092,0.01454759907,0.01880327538,0.02390560938,0.02814810924,0.03238731336,0.03577331562,0.03916055617,0.04169949096,0.04339213729,0.0450905431,0.04509378973,0.04510353104,0.04341713836,0.04173553489,0.03920569512,0.0358248663,0.03244332702,0.02820491307,0.02396075141,0.01885207669,0.01458955654,0.01031557896,0.006889442485,0.004314280367,0.001729319198,8.665916748e-05,8.686531447e-05,0.0008708449111,0.002619503804,0.005253739416,0.009660330842,0.01497589588,0.02209484776,0.02926406126,0.03826672575,0.04733947609,0.05827982004,0.06841293834,0.07954074754,0.09077199469,0.1012004117,0.1117349633,0.1214606748,0.1303694723,0.1384524478,0.1456998423,0.1511621329,0.1557565323,0.1585208984,0.1594251345,0.1584371679,0.1564888809,0.152589976,0.1467026747,0.1397713232,0.1317731326,0.122684127,0.1114748299,0.1011316172,0.08963245165,0.07797482076,0.06615177392,0.05415619342,0.04303030738,0.03279145057,0.02452435829,0.01612480589,0.009755324133,0.00437237782,0.001102500325,0.0001112147269,0.0001122040187,0.002264368255,0.006855505779,0.01153246056,0.01979097385,0.02820903887,0.0379794235,0.04914350494,0.06053390546,0.07338189079,0.08526253369,0.09739525085,0.1097890439,0.1211776336,0.1328182446,0.1421121459,0.1502990644,0.1573412869,0.1631991394,0.1664664301,0.1684315892,0.1676503174,0.1654363549,0.1617364959,0.1564949671,0.1481861332,0.1396645402,0.1294170221,0.1189007903,0.1065611638,0.09389087332,0.08087738612,0.06911506603,0.05539787015,0.04460158915,0.03350051786,0.02378192773,0.01550677772,0.008739198983,0.003546636906,0.001799427617
0.001730683857,0.003412126842,0.008410177133,0.01326867727,0.02126405271,0.02904041212,0.03819720914,0.04867822613,0.05888054811,0.07034347439,0.08150795885,0.09238485041,0.1029846415,0.1118646933,0.1205235805,0.1289695242,0.1344102668,0.1397206595,0.1421717058,0.144566189,0.1442355678,0.1425937746,0.1396854987,0.1342623233,0.1276840444,0.1199882133,0.1112105213,0.1013848702,0.09176699827,0.08113879793,0.07072888646,0.05934284922,0.04935870986,0.03840671004,0.02997144699,0.02169660079,0.01470780023,0.008968569302,0.004444107159,0.001101230976,0.0001091678722,0.0001082365175,0.002146571255,0.006386613076,0.010558104,0.01675849587,0.0249412349,0.03299976784,0.04196251376,0.05181161004,0.06253028557,0.07210005034,0.08253688062,0.09283831259,0.1020292485,0.1101347309,0.1181470067,0.124145843,0.1291273855,0.1331120222,0.1361190572,0.1362869195,0.1355334354,0.1338738479,0.1303976351,0.1251322914,0.1190189916,0.1111572281,0.1033832619,0.09388771272,0.08448815997,0.07518001385,0.06506742661,0.05504433815,0.0459903845,0.03700992951,0.02809873412,0.02100285653,0.01482889982,0.008695917968,0.005202171282,0.001729194692,8.622971238e-05,8.601268708e-05,0.0008580856353,0.002568517572,0.005980706905,0.01023272864,0.01532148944,0.02039485073,0.02630354782,0.03304632185,0.03977633849,0.04565114414,0.0523652398,0.05823130683,0.06325389692,0.06743682665,0.07162583837,0.07413779365,0.07581728446,0.0758227435,0.07583912298,0.07418050932,0.07168774984,0.06751455864,0.06334504814,0.05833201752,0.05247091461,0.04575644564,0.03987957249,0.03314163244,0.02638700959,0.02046545727,0.01537896061,0.01027407029,0.006006599447,0.002580380612,0.0008622971238,8.645973459e-05,8.670285471e-05,0.001739183594,0.00523372935,0.008751190222,0.0149274525,0.02114853115,0.02830177508,0.03728810003,0.04634939978,0.05549001022,0.06561314551,0.07583238335,0.08524584754,0.09475698131,0.1043705004,0.1122510262,0.12022477,0.1264364119,0.1317945821,0.1353470098,0.1370643284,0.137866023,0.1377358779,0.1347319227,0.1307364418,0.125729029,0.119688157,0.1116035034,0.1034197058,0.09413062128,0.08370989843,0.07314580241,0.06345550861,0.05259338,0.04260794295,0.03351699174,0.0253394496,0.0170309682,0.01073285628,0.00649419105,0.002183357444,0.0001101230976,0.000111102679,0.001121071163,0.004525476994,0.009135410859,0.0149857235,0.02211295427,0.03055539182,0.03916628049,0.0503493768,0.06055134174,0.07219003864,0.08283885734,0.09371673142,0.1035687736,0.1136387995,0.1226434684,0.1305471951,0.1373125237,0.1429000533,0.1459172749,0.1476398483,0.1480208967,0.1456111224,0.1431419994,0.1377412348,0.1322037284,0.1235815698,0.1147360239,0.1056584652,0.09481076983,0.08367235784,0.07223220651,0.06047891448,0.0500140431,0.0392567127,0.02985452386,0.02186646055,0.01364850737,0.008653419285,0.003511824855,0.001781765316
0.0001713943102,0.003379121634,0.006663060974,0.01149778919,0.01781861855,0.02556400598,0.03309926449,0.04198706059,0.05217300148,0.06057656352,0.07025589542,0.07968590107,0.08887567541,0.09783401603,0.1051485084,0.1108795499,0.1164713619,0.1205592626,0.1231969298,0.1244355756,0.1243240428,0.1216013555,0.1189416695,0.1137861709,0.1087461122,0.1013161452,0.09404768716,0.08571088802,0.07633864899,0.06716150991,0.05698554473,0.0481904414,0.03840671004,0.02996713142,0.0228319506,0.01583232844,0.0100838305,0.005551135692,0.002200559847,0.0001090578864,0.0001081119008,0.00107189555,0.003188711486,0.00737897524,0.01254717165,0.01763366691,0.02469998049,0.03268056394,0.041556614,0.05030435375,0.05892904349,0.06842752309,0.07681450198,0.08509367787,0.09326984165,0.09941724721,0.1054955729,0.1105551857,0.1136696422,0.1158171876,0.1170159629,0.1163522655,0.1147833214,0.1114031016,0.1071556616,0.101142137,0.09429418498,0.08752422411,0.07903268001,0.07062869283,0.06141801083,0.05229423144,0.04413564042,0.03516896711,0.02715213901,0.0200712981,0.01391346875,0.008666540716,0.004319253282,0.001722360621,8.586418549e-05,8.562341706e-05,0.001707912397,0.00425903469,0.007648069024,0.01271836262,0.01861469043,0.02533437084,0.03371841333,0.0420782773,0.05041764363,0.05874017268,0.06788762592,0.07618648845,0.08447952019,0.09193455722,0.09855682131,0.1043508063,0.1084857767,0.1117996493,0.114294397,0.1151369522,0.1143273185,0.1118640644,0.1085795489,0.1044710877,0.09869884537,0.09209355747,0.08465000269,0.07636222449,0.06806381889,0.05890958822,0.05057761999,0.04222395141,0.03384489169,0.02543672524,0.01869527984,0.01277710407,0.007685605785,0.004281170853,0.00171728371,8.611803106e-05,8.638506564e-05,0.001733308143,0.004347958984,0.008726651349,0.01401400723,0.02022215609,0.02736409706,0.03545371623,0.04450580495,0.0527480111,0.06196880592,0.07128261551,0.07978738729,0.0883854711,0.09524947695,0.1021962337,0.1083036177,0.112628993,0.1160798352,0.1177003939,0.1184058773,0.1172266193,0.1150860796,0.1119650551,0.1068716936,0.1007430899,0.09454092552,0.08627818129,0.07790619309,0.06942000817,0.05980098112,0.05106338116,0.04219580001,0.03319278478,0.02509434329,0.01792036844,0.01275484594,0.007503268852,0.003243357025,0.001090578864,0.0001100279924,0.0001110227138,0.002240851223,0.005654403013,0.01027437777,0.01613614769,0.02327679396,0.03055979211,0.039177562,0.04917181976,0.05816278018,0.06856871041,0.07796058277,0.08755716248,0.09610121546,0.1035582005,0.1111846041,0.1163711897,0.1216788504,0.1244355756,0.127258367,0.1274092207,0.1261773087,0.1235113973,0.1193577663,0.1136601069,0.1078163931,0.1003452087,0.09118318341,0.08177836075,0.07212150205,0.06220305272,0.05358928536,0.04313926009,0.03401736268,0.02628066101,0.01832341768,0.01182692572,0.006855772408,0.003477855277,0.0001764530454
0.0001697608717,0.003346917604,0.00659956003,0.009761324447,0.0160443653,0.02215532676,0.02810041603,0.03696614352,0.04407639831,0.05249934456,0.0607029739,0.06869526165,0.0764839211,0.08265138934,0.08866518859,0.0945310478,0.09888116173,0.1017701396,0.103250084,0.1046959543,0.1034893259,0.1023113358,0.09860027448,0.09497338905,0.08892314884,0.08300602893,0.07599191922,0.06912800227,0.06120900115,0.05345472924,0.04468361069,0.03725359783,0.02997144699,0.0228319506,0.01583004874,0.01120102976,0.006658485743,0.003298939035,0.00108979393,0.0001080185325,0.0001070815624,0.002123360137,0.004211096161,0.008352744481,0.01346322617,0.01952039083,0.02548393996,0.03236910849,0.04015665089,0.04783194082,0.05539959672,0.06384638051,0.07022994188,0.07750134245,0.08372023815,0.08890959942,0.09309124137,0.0962858563,0.09851304478,0.09885871579,0.0982838497,0.09680445091,0.09351870192,0.09027932486,0.08527040188,0.07851806629,0.07184271806,0.06524099733,0.0569305274,0.04958876591,0.04143675236,0.03336004022,0.02622900882,0.01915858804,0.01301292149,0.008643483777,0.004306521648,0.001716789203,8.556179039e-05,8.529730073e-05,0.001700917488,0.004240370027,0.008458177429,0.01434271242,0.02104216851,0.02939335666,0.03855069082,0.04851299179,0.05927979368,0.07001779488,0.0815640093,0.09308857831,0.1037664147,0.1144344659,0.1242689188,0.1332763762,0.1414627144,0.1488330897,0.1537388367,0.1578375045,0.1603050853,0.161143002,0.1603512598,0.1579284451,0.1538717245,0.1490046442,0.1416665675,0.1335068769,0.1245196977,0.1146984268,0.1040357261,0.09335705984,0.08182281381,0.07026019501,0.05950215323,0.04870899104,0.03871759005,0.0295291138,0.02114544357,0.01441725809,0.008504587438,0.004264865036,0.001711235808,8.583946017e-05,8.613043295e-05,0.001728696755,0.004337640497,0.008708449111,0.01311450441,0.0193137075,0.02644899087,0.03364951972,0.04180835606,0.05004788836,0.05747417445,0.06588297517,0.07257055479,0.07933637639,0.08618390177,0.091272768,0.09457502518,0.0979260864,0.09945126425,0.1000617722,0.09974061575,0.0975137542,0.09430555562,0.0900953106,0.08486117977,0.07858016062,0.07122805292,0.06477241987,0.05621931124,0.04855366274,0.04077430394,0.03287644771,0.02589081955,0.01983776814,0.01368606252,0.008493440547,0.004283262496,0.00216037065,0.000108979393,0.0001099646345,0.001109747624,0.003360308927,0.006784306605,0.0114159753,0.01613847146,0.02328349865,0.03057299679,0.03801225191,0.04560670674,0.05457473863,0.06250948194,0.07061706939,0.0776512004,0.08484289421,0.09091713621,0.09713101498,0.100869343,0.1046959543,0.1059319044,0.1071978804,0.1057479091,0.1042621851,0.1013316441,0.09690162888,0.09091484961,0.08477287608,0.07846969796,0.07049911984,0.06231490796,0.05390895931,0.04527289249,0.03798056015,0.02887985755,0.02277642371,0.01649890007,0.01004075281,0.006790434866,0.003444710286,0.0001747713957
0.0001681672146,0.001657748943,0.004903204212,0.008058073724,0.01271499703,0.01881200582,0.02474366127,0.03051593167,0.03764019323,0.04457699885,0.05133314706,0.05791521193,0.0629000059,0.0691706695,0.07389111104,0.07849538956,0.08162741598,0.08334019856,0.08501261922,0.08533356694,0.08435009147,0.08338995791,0.07991562175,0.07651987322,0.07195951247,0.06627234361,0.0607084944,0.05406240964,0.04755638585,0.04000886874,0.03378052502,0.02767790534,0.02169660079,0.01583232844,0.01120102976,0.00665752699,0.003297989077,0.001089323241,0.0001079563317,0.0001070044914,0.001060763173,0.003155140136,0.006257345745,0.009308623242,0.01436274862,0.02035488428,0.02625449366,0.03206523836,0.03878518212,0.04540862296,0.05193954973,0.0583818577,0.06377309325,0.06909640771,0.0743548907,0.0776574797,0.07998442114,0.08229031635,0.08271764934,0.08222480276,0.08082816148,0.0785431315,0.07447592142,0.07046142875,0.06470035851,0.05900624971,0.05248660884,0.04515144376,0.03789111831,0.03157922798,0.02445398366,0.0182627426,0.01299138993,0.00776402745,0.00429692021,0.001712468341,8.532186989e-05,8.503362866e-05,0.001695171311,0.005069793529,0.009267224206,0.01512202638,0.02262269237,0.03175921067,0.04168926364,0.05324328572,0.06558509606,0.07871498273,0.09180684185,0.1056921779,0.1195485262,0.1333819689,0.1471985608,0.1593614325,0.1715225724,0.1820472021,0.1917632885,0.1998575472,0.2063359594,0.2112030955,0.2136435626,0.2152961787,0.2137051008,0.2113247835,0.2065143107,0.2000879158,0.1920396265,0.1823620516,0.1718687107,0.1597290245,0.1475805944,0.1337666627,0.1199278565,0.106058082,0.09215121093,0.07903300224,0.06586903655,0.05348919693,0.04189387475,0.03192427791,0.02274682305,0.01520938059,0.00932344221,0.005102017719,0.001706437398,8.562341706e-05,8.593840421e-05,0.001725339433,0.004330463309,0.007826889687,0.01310034839,0.01842121632,0.02467328634,0.03187160736,0.03825295221,0.04559573841,0.05301834933,0.05962120894,0.06539349198,0.07123679369,0.07531715047,0.07945318019,0.08178823755,0.08322543359,0.0837483939,0.08333973431,0.08102776551,0.078693131,0.07536820112,0.07005822924,0.06467943928,0.05922863864,0.05270806801,0.04609378015,0.03938174049,0.03256781486,0.026673676,0.02068582943,0.0146004734,0.009465420409,0.006364579038,0.003210134743,0.001079563317,0.0001089323241,0.0001099329692,0.001109587832,0.003360308927,0.006785283615,0.01141926357,0.01614544478,0.02213206811,0.02824155441,0.03447837974,0.04084715395,0.04856679552,0.05522695301,0.06203406248,0.06773890416,0.07357311209,0.0782582682,0.08175470404,0.08533356694,0.0863409414,0.08737278882,0.08706924372,0.08538095005,0.08365031438,0.08046384003,0.07576591619,0.07094613461,0.06453309916,0.05943599847,0.05269627052,0.04577389751,0.03866197073,0.03135334303,0.02542999406,0.01933937694,0.01307521123,0.008288744714,0.005045016439,0.001706186262,0.0001731307015
0.0001666125088,0.001642423054,0.003238582727,0.006386861468,0.01102276602,0.01553174069,0.01991836123,0.02418704951,0.02983376772,0.03533190761,0.0406868577,0.04590382864,0.05098785984,0.05594382586,0.05939515986,0.06276151204,0.06604609594,0.06658848262,0.06843417553,0.06763572651,0.06685621992,0.06482415241,0.06283873162,0.05965569601,0.05531450182,0.05106862119,0.04571190573,0.04046952202,0.03533754531,0.0291463138,0.02423561053,0.01942393304,0.01470780023,0.0100838305,0.006658485743,0.003297989077,0.00108916639,0.0001079252448,0.0001069582755,0.001060152349,0.002101912835,0.004167961155,0.007232746016,0.01127202392,0.01524639108,0.02016670338,0.02601177088,0.03176879524,0.03744131535,0.04303278459,0.04757564267,0.05302194099,0.05743955547,0.06085121016,0.06422293107,0.06661837901,0.06805744069,0.06855893338,0.06814063401,0.06681930693,0.06461073029,0.0606248723,0.05669031302,0.05191000956,0.04629603601,0.04074536211,0.03525516621,0.02894554149,0.0226990974,0.01738182112,0.0121139533,0.007754530094,0.004290428176,0.001709388671,8.514390368e-05,8.483182859e-05,0.001690661384,0.005054849567,0.009237246989,0.01506876987,0.02337121492,0.0324614837,0.04316682853,0.05547881537,0.06939046196,0.08324775324,0.09870191676,0.1149285977,0.1319301992,0.1480736307,0.1650037698,0.1810928721,0.1971660663,0.2116026566,0.2252273034,0.2380482139,0.2484490329,0.2580620362,0.2652701643,0.2708902119,0.274114669,0.2749454546,0.2741936254,0.2710462896,0.2654994567,0.2583594949,0.2488070572,0.2384599168,0.2256818197,0.2120907511,0.1976777836,0.1816151714,0.1655273306,0.1485862585,0.1324250717,0.1153929253,0.09912923137,0.08363224407,0.0697310307,0.05576716431,0.04340368486,0.03264900138,0.02351299234,0.0151645487,0.009298637614,0.005089909715,0.001702878074,8.546943354e-05,8.580856353e-05,0.00172322891,0.004326411891,0.007821819506,0.01222259091,0.01754275242,0.02291585804,0.02923036847,0.03561233539,0.04117000758,0.0467920044,0.05248123274,0.057330648,0.0613273091,0.06537817588,0.06763246131,0.0689897344,0.06943324009,0.06894520541,0.06750681127,0.06509816287,0.0616982586,0.05825588898,0.05379098073,0.04827959085,0.04368209346,0.03801720359,0.03226672541,0.02642707787,0.02049458894,0.01549874146,0.01146189318,0.007356694924,0.004240609397,0.002139165509,0.001079252448,0.000108916639,0.0001099329692,0.001109747624,0.003361276835,0.006788215491,0.01028325867,0.015002997,0.01981949338,0.02473628172,0.02975700149,0.03608834663,0.04134126477,0.04671002376,0.052198734,0.05655485846,0.06101096697,0.06428482684,0.06633503946,0.06843417553,0.06925202192,0.07008973447,0.06821903483,0.06768285659,0.06433539974,0.06090216592,0.05737978581,0.05231167419,0.04710921014,0.04176727481,0.03628057427,0.03064363265,0.0248507851,0.02047085119,0.01596715367,0.01133503954,0.006569692217,0.003332250175,0.00169041257,0.0001715301083
0.0001650959483,0.001627473193,0.003209104108,0.004746544655,0.007801738051,0.01231229264,0.01518235224,0.01947309912,0.02364976896,0.02771649166,0.03167726011,0.03695737278,0.0406996891,0.04296182059,0.04653613689,0.04867061997,0.05075320574,0.05146625086,0.05216251209,0.0515539111,0.05095974858,0.04912019578,0.04607739746,0.04310300365,0.04019474176,0.03614555587,0.03218387303,0.02830669797,0.02451112415,0.01963908999,0.01601000682,0.01132184128,0.008968569302,0.005551135692,0.003298939035,0.001089323241,0.0001079252448,0.0001069428746,0.0001059847069,0.001050502503,0.003124170826,0.006195034554,0.009214600167,0.01218482437,0.01712196201,0.02098229656,0.02577500339,0.03049588718,0.03514785394,0.03973373958,0.0432942189,0.04776301661,0.05027643796,0.05276015756,0.05521563011,0.05578478633,0.05635226798,0.05600038063,0.05383382933,0.05169907509,0.04869326233,0.0448306308,0.04101615527,0.03636099704,0.03087715793,0.02633118571,0.02096055743,0.01564476539,0.01124624147,0.006889442485,0.003429625202,0.001707543527,8.502750646e-05,8.469146334e-05,0.001687377931,0.004202983104,0.009213998432,0.01502651611,0.02246686348,0.0323518197,0.0430086106,0.05608432315,0.07074146688,0.08615301623,0.1023197139,0.120059711,0.1385549587,0.1578085805,0.1770123822,0.1969854891,0.2161138348,0.2344094908,0.252691105,0.2693537621,0.2852156431,0.2986757946,0.3113548681,0.3216516638,0.3295742873,0.3351287698,0.3391226826,0.3407544326,0.339220364,0.3353218595,0.3298591626,0.3220224201,0.311803542,0.2991923526,0.2857912178,0.2699750687,0.25334693,0.2350855632,0.2167995691,0.1976674487,0.1776763588,0.1584461491,0.1391548109,0.1206142227,0.1028218995,0.0866007931,0.07112962522,0.05640830101,0.04326951485,0.03255745158,0.02261617797,0.01513073917,0.009280578622,0.004234573167,0.001700550129,8.537717637e-05,8.574063005e-05,0.001722360621,0.00346038199,0.006953229064,0.01135363527,0.01579871143,0.0211729083,0.02660560759,0.03120794423,0.03676111725,0.04147944569,0.04535006587,0.0492716404,0.05232822452,0.05450465263,0.05671453277,0.05708734639,0.05652874025,0.05596811018,0.0534945786,0.05099096892,0.04845577997,0.04393481742,0.04033327014,0.03568846624,0.03097386635,0.02618653013,0.02132344265,0.01740535587,0.01239006911,0.009372512477,0.006303015015,0.003179541208,0.001069428746,0.0001079252448,0.0001089323241,0.0001099646345,0.001110227138,0.003363213488,0.005660920638,0.009148575327,0.01155240588,0.01634074943,0.02005057773,0.02503190125,0.02891644469,0.03288660689,0.0369454317,0.0410960572,0.04408222699,0.04713776744,0.05026506332,0.05216251209,0.05278589831,0.0534244271,0.05272650497,0.05201097652,0.04989114649,0.04771687687,0.04406455986,0.04175638833,0.03792783069,0.03251843232,0.02846068333,0.02429176358,0.02000747555,0.0156034761,0.01265745241,0.00802276027,0.004882419578,0.003301918965,0.001675025893,0.0001699687862
0.0001636167511,0.001612891649,0.003180351751,0.004704017412,0.006185469947,0.009151484374,0.01203705929,0.0148450981,0.01757840699,0.02168539136,0.02425857026,0.0267653356,0.0305989923,0.03296276048,0.03391116965,0.03617591224,0.03706203513,0.03792689358,0.03747898791,0.0370417055,0.03661479719,0.03494981354,0.03208861074,0.03051201219,0.02776351752,0.02507519377,0.02126367848,0.01870205378,0.01503760375,0.0114489007,0.009066607557,0.00673224112,0.004444107159,0.002200559847,0.00108979393,0.0001079563317,0.0001069582755,0.0001059847069,0.001050351241,0.003123271194,0.005160299064,0.007162784289,0.01116138325,0.01408826178,0.01796670605,0.02178450804,0.02554406913,0.02924773121,0.03289777901,0.03649644225,0.03909242406,0.0416548687,0.04324519029,0.04481781132,0.04544618695,0.04607081314,0.04486100454,0.04367105975,0.04159608366,0.03865162195,0.03574591789,0.03198885503,0.02739366625,0.02285160057,0.01836030617,0.01391747641,0.01038637939,0.006890930765,0.003429378278,0.001706928922,8.497242648e-05,8.461222921e-05,0.001685313844,0.004196632995,0.00836129832,0.01416210829,0.02158341426,0.03143842224,0.04205718569,0.05508080247,0.06967265246,0.08582488279,0.1027158595,0.1219730255,0.1419641552,0.1626924374,0.1841617141,0.2063764788,0.2285371689,0.2506535762,0.271933277,0.2931903207,0.3128338389,0.3316775108,0.3489336602,0.3638164321,0.3771353011,0.3888991398,0.3975221752,0.4046045098,0.4085574205,0.4093833033,0.408675102,0.4048376292,0.3978657828,0.3893474098,0.3776787672,0.3644456504,0.34963782,0.3324425768,0.313645756,0.2940359259,0.2727961276,0.2515213336,0.2293944158,0.2072102686,0.1849590136,0.1634438541,0.142660916,0.1226069754,0.1032794613,0.08632066059,0.07009530948,0.05543090238,0.04233669721,0.03165647735,0.02173937563,0.01426855218,0.00842656922,0.004230611461,0.00169944853,8.534644612e-05,8.573445695e-05,0.001722732691,0.003462126462,0.006958738203,0.01049160353,0.01406252343,0.01855699972,0.02310306197,0.02770308636,0.03235949745,0.03617050753,0.03912199103,0.04211441243,0.04422798062,0.04544618695,0.04668522012,0.04606552879,0.04544167495,0.04385979285,0.0422590384,0.03967085116,0.0370471262,0.0334037827,0.02970614733,0.02595190874,0.02213869709,0.01826408168,0.01432556858,0.01135265794,0.007287632786,0.005251756205,0.003179541208,0.001069582755,0.0001079563317,0.000108979393,0.0001100279924,0.00111102679,0.002244080373,0.004533303779,0.006869340419,0.009253910003,0.01168878361,0.01535710112,0.01910490954,0.02172797023,0.02563009024,0.02838607873,0.03120519066,0.03282705955,0.03576440531,0.03747898791,0.03792689358,0.03838567924,0.03885560944,0.03798051001,0.03708310554,0.03477158215,0.03380884497,0.03139344386,0.02746816239,0.02490274324,0.02226764715,0.01805558894,0.01525247396,0.01237093989,0.009408034825,0.006360703501,0.004838674948,0.003272335022,0.001660018295,0.0001684459302
0.0001621741584,0.0001598670943,0.001576155452,0.003108361704,0.004598199952,0.00604719776,0.008948197298,0.01029994724,0.01306756494,0.01432946227,0.01697271871,0.01954794084,0.02067900273,0.02314275951,0.02420076832,0.02523267049,0.02492749977,0.02592585925,0.02561968233,0.0253207672,0.02377749637,0.02226964146,0.02079602718,0.01935551411,0.0167505309,0.01420234758,0.01287989922,0.01042715229,0.008025779294,0.005673978436,0.004493334087,0.002224294539,0.001101230976,0.0001090578864,0.0001080185325,0.0001070044914,0.001060152349,0.001050502503,0.003123271194,0.005159556034,0.007160721704,0.009128096651,0.01206869939,0.0149614789,0.01879764513,0.02159243619,0.02434504769,0.02802352829,0.03068962122,0.03236679812,0.03496748173,0.03565747432,0.03727295802,0.03701888092,0.03677183054,0.03653168907,0.03448342533,0.03246451225,0.03047385638,0.02672848913,0.02391575602,0.02025713018,0.01664163358,0.01306737707,0.009532508423,0.006035210734,0.003431601235,0.001707543527,8.497854471e-05,8.459395495e-05,0.00084223233,0.003354648462,0.007517045693,0.01331082143,0.02071894395,0.0289002049,0.04031779447,0.05248207627,0.06702514656,0.08311502043,0.100743954,0.1199056157,0.1405950711,0.1628087698,0.1857404621,0.209394709,0.2337767092,0.2588922985,0.283152724,0.3081656048,0.3315527245,0.3549195763,0.3766903238,0.3968803003,0.415503437,0.4317814681,0.4465173935,0.4589307744,0.4682409541,0.4752448138,0.4799469157,0.4815603595,0.4800851603,0.4755186337,0.4686456891,0.4594597673,0.4471608417,0.4325282314,0.4163419368,0.3977957667,0.3776679716,0.355943218,0.3326047491,0.3092324677,0.2842148349,0.2599382595,0.2347888092,0.2103618264,0.1866520772,0.1636549619,0.1413665161,0.1205982649,0.1013550997,0.08364330905,0.06747059483,0.05284608896,0.04060913014,0.02911742188,0.02088068248,0.01341859385,0.00758009097,0.003383758198,0.0008497854471,8.537717637e-05,8.579003088e-05,0.001724345924,0.003466366699,0.006098109302,0.00963462997,0.01321117186,0.01682960609,0.02049184167,0.02419982712,0.02705376021,0.03085359108,0.03287852016,0.03493323901,0.03701888092,0.03727295802,0.0375341835,0.03780268295,0.03617465673,0.03548487453,0.0328551711,0.03116166104,0.02846275679,0.02473374359,0.02194350239,0.01910877403,0.01521349442,0.01227552292,0.009287200862,0.007287632786,0.005252512513,0.003180457048,0.001070044914,0.001080185325,0.0001090578864,0.0001101230976,0.0001112147269,0.001123333522,0.002269591375,0.004586159597,0.005792862382,0.008196299505,0.01065176068,0.01316113142,0.01451663558,0.01712614003,0.01979523685,0.02127460201,0.02278869048,0.02433869821,0.02592585925,0.02623947345,0.02656070577,0.02554525545,0.0258654371,0.02481480328,0.02373678531,0.02121589839,0.02006124718,0.01742341991,0.01471421034,0.01342229595,0.01058259608,0.009196399905,0.006216723408,0.004728466356,0.003197341886,0.001621741584,0.0001645382078,0.0001669607591
0.0001607674337,0.0001584803815,0.001562483626,0.001540699638,0.003038876285,0.004496057547,0.005913719465,0.007293288458,0.008636143187,0.009943616352,0.01121699642,0.01245752927,0.01366641983,0.01484483356,0.01466107315,0.01579818837,0.01560712083,0.01542058451,0.01523847186,0.01506067848,0.01364651116,0.01226470612,0.01212684653,0.01079303697,0.008302617052,0.007039577068,0.005803716777,0.004594091331,0.003409783884,0.002249904575,0.001113589547,0.0001102500325,0.0001091678722,0.0001081119008,0.0001070815624,0.001060763173,0.002101912835,0.003124170826,0.005160299064,0.007160721704,0.009126782299,0.01105978876,0.01395801581,0.01680926072,0.0196153593,0.02140513993,0.02413387484,0.02586455477,0.02757121941,0.02925492185,0.02997982113,0.03069709992,0.03048345828,0.0302756629,0.02916229263,0.0271611055,0.02518843936,0.02324321268,0.02043585262,0.01766442795,0.01404936706,0.0113503659,0.007814501708,0.00518161142,0.002577224159,0.0008546943354,8.504587438e-05,8.463660104e-05,0.0008424142718,0.003354406936,0.006679413372,0.01163942396,0.01904359528,0.02721543253,0.03779217309,0.04911346266,0.06362264435,0.07885317682,0.09642448052,0.1163210363,0.1369186646,0.159825956,0.1834310096,0.2077381214,0.23354931,0.2600694718,0.2873051339,0.3144713277,0.3415801023,0.3678540505,0.3933086684,0.4179587088,0.4418181948,0.4633298227,0.483295171,0.5009433786,0.5170711358,0.5301223858,0.5401075147,0.5478168187,0.5524726119,0.5540775823,0.552631747,0.5481324521,0.5405743693,0.5307334387,0.5178162546,0.5018097571,0.4842704768,0.4643985653,0.442964873,0.4191641649,0.394556646,0.3691275535,0.3428613753,0.3157418358,0.2885489769,0.2612706373,0.2346955712,0.208817832,0.1844374953,0.1607492099,0.1377492579,0.1170603862,0.09706531638,0.07940009796,0.06408238045,0.04948260461,0.03808719057,0.02743578505,0.01920331345,0.01174042428,0.006739314174,0.003385464042,0.0008504587438,8.546943354e-05,8.590747195e-05,0.0008636019033,0.002604833903,0.005238630414,0.007902768972,0.01148187817,0.0142162453,0.01787939437,0.02069050376,0.02353962477,0.02551700605,0.0275233299,0.02955971712,0.03069709992,0.03091669054,0.03114233617,0.03042341452,0.02969634066,0.02799529481,0.02626994446,0.02451919912,0.02175316093,0.01994002258,0.01709240081,0.01419721691,0.01125256268,0.009288538315,0.007289731927,0.005254782088,0.003182289519,0.002141631248,0.001081119008,0.0001091678722,0.0001102500325,0.0001113589547,0.0001124952287,0.001136594628,0.002297045666,0.003482230066,0.004693051378,0.005930440751,0.007195357978,0.008488792572,0.01103823551,0.01240591924,0.0125505654,0.0139685992,0.01542058451,0.01560712083,0.01579818837,0.01599389798,0.01619436388,0.01503306181,0.01522586911,0.01402124552,0.01278464959,0.01151485758,0.01021060384,0.008870579198,0.007493429246,0.006077752571,0.004622098913,0.003124967253,0.001584803815,0.001607674337,0.000163110977,0.0001655125147
0.0001593958625,0.0001571283221,0.0001549153455,0.001527555314,0.001506475209,0.002971799923,0.002931633582,0.004338639901,0.004281232401,0.005633590509,0.006950812338,0.006861805064,0.008129895686,0.00802810165,0.007928723826,0.007831703858,0.007736985123,0.007644512673,0.007554233184,0.00746609491,0.006150039693,0.006080035507,0.004809355025,0.003566985753,0.003527907476,0.002326506542,0.00115084059,0.001138724326,0.0001126897885,0.000111535487,0.000110408907,0.0001093094455,0.0001082365175,0.00107189555,0.002123360137,0.003155140136,0.004167961155,0.006195034554,0.007162784289,0.009128096651,0.01105978876,0.013956006,0.01581592503,0.01764619856,0.01944801284,0.02122252414,0.02297085995,0.02374434622,0.02450813643,0.02526271238,0.02507966829,0.02490153603,0.02472822959,0.02274043116,0.0216851231,0.0197482144,0.01694633528,0.0150678294,0.01233309073,0.009632549114,0.006964753151,0.004328281305,0.002582611025,0.0008562341706,8.517456101e-05,8.474025967e-05,0.0008432031407,0.002517435972,0.005846591095,0.01080881474,0.01738387515,0.02472883583,0.03447857932,0.04578975217,0.05946286884,0.07385325841,0.09138491693,0.1104198092,0.130950426,0.1529706467,0.1764757239,0.2022585624,0.2287224143,0.2558729281,0.2845066578,0.3130481161,0.3422969566,0.3714759082,0.4005979131,0.4288931887,0.456378088,0.482287824,0.5074195954,0.5302300292,0.5515145109,0.5697321428,0.5864517358,0.6001308244,0.6107800263,0.6184073003,0.6230179543,0.6246146508,0.6231974093,0.6187636055,0.6113079683,0.6008225735,0.5872968346,0.570717491,0.5526274857,0.5314530876,0.508736533,0.483678815,0.4578261864,0.4303780078,0.4021005629,0.3729767227,0.3437788781,0.3144939705,0.2859030179,0.2572028175,0.2299774139,0.2034269334,0.1775462831,0.1539429457,0.1318207209,0.1111856748,0.09204526273,0.07440834727,0.05992705452,0.04616049355,0.03476775031,0.02494341863,0.01753977328,0.01090888921,0.005902421985,0.00254220779,0.0008517456101,8.562341706e-05,8.608703415e-05,0.000865656261,0.002611782431,0.004378431416,0.007047480416,0.009749771963,0.01248677336,0.01525998385,0.01716738912,0.02001157942,0.02198064853,0.02305697781,0.02507966829,0.02526271238,0.02545075706,0.02564389392,0.02488509828,0.0241165047,0.0233376154,0.02156757602,0.01976990629,0.01794343628,0.01608696547,0.01419926146,0.01125580388,0.009292551831,0.007293932022,0.006310280272,0.004246720273,0.003215686651,0.00216473035,0.001093094455,0.000110408907,0.000111535487,0.0001126897885,0.0001138724326,0.000115084059,0.001163253271,0.001175969159,0.002377990502,0.003607016269,0.003648021304,0.004920031754,0.006221745759,0.00629519432,0.007644512673,0.007736985123,0.007831703858,0.007928723826,0.00802810165,0.008129895686,0.008234166077,0.008340974806,0.007041988136,0.007135387334,0.005784853202,0.004397450373,0.004457699885,0.003012950418,0.003055110628,0.001549153455,0.001571283221,0.0001593958625,0.0001617194121,0.0001641004614
0.0001580587516,0.0001558102327,0.0001536158199,0.0001514741237,0.001493837965,0.001473435315,0.001453520614,0.00143408157,0.00283021252,0.002793166236,0.002757001853,0.002721697602,0.002687232367,0.003980378488,0.003931106397,0.003883003345,0.002557360838,0.00252679526,0.002496954537,0.002467821565,0.002439379745,0.001205806483,0.001192252796,0.001179021225,0.0001166104403,0.0001153495184,0.0001141186629,0.0001129172003,0.000111744477,0.0001105998585,0.001094827289,0.001083924904,0.002146571255,0.003188711486,0.004211096161,0.006257345745,0.007232746016,0.009214600167,0.01116138325,0.01206869939,0.01395801581,0.01581592503,0.0176436577,0.01847029198,0.02024911444,0.0210444965,0.02182907593,0.02166155087,0.021498407,0.02133956453,0.02118494609,0.02011993424,0.01907172861,0.01713774949,0.01523144388,0.01335174148,0.01061316565,0.008789077141,0.006114816574,0.004341702429,0.002589873188,0.0008583946017,8.536488295e-05,8.490515496e-05,0.0008446006419,0.002520882181,0.005852908824,0.009985272659,0.01573619704,0.02226076005,0.03119265914,0.04168637164,0.05454015628,0.06891927416,0.08481131569,0.1030100841,0.1226956066,0.1446593481,0.168090539,0.1929845371,0.2193380462,0.2471491039,0.2764170696,0.306357084,0.336193048,0.3675022048,0.398727495,0.429104051,0.4594272665,0.4897105421,0.5184173867,0.5455674395,0.5711789422,0.5952687576,0.6170810343,0.6358610152,0.6531646617,0.666692908,0.6779965839,0.6855442518,0.6908803762,0.6924689412,0.6910793784,0.6859392391,0.6785826261,0.6674613808,0.6541058963,0.6369607329,0.6183263245,0.596641838,0.5726613584,0.5471409384,0.5200623372,0.4914059096,0.4611505862,0.4308376912,0.4004537238,0.3691995627,0.3378430851,0.3079493627,0.2779337697,0.2485767905,0.2206686223,0.194211169,0.1692076666,0.1456626971,0.1235822029,0.1037843187,0.08547337925,0.06947728607,0.05499758323,0.04204810232,0.03147239408,0.02246686348,0.01588646681,0.01008352873,0.005912204493,0.002547154649,0.0008536488295,8.583946017e-05,8.632910625e-05,0.0008683404858,0.002620635674,0.00439453857,0.006191013299,0.00890116099,0.01075160745,0.01352980223,0.0154390184,0.01737630684,0.01934277687,0.02041175738,0.021498407,0.02166155087,0.02182907593,0.02200106452,0.02217760153,0.02138665388,0.02058426731,0.01878141097,0.01794602032,0.01609159918,0.01420539686,0.01228613356,0.01136574374,0.009386018617,0.007369418282,0.006377422971,0.00429314251,0.003251774711,0.002189654577,0.001105998585,0.00111744477,0.0001129172003,0.0001141186629,0.0001153495184,0.0001166104403,0.0001179021225,0.0001192252796,0.001205806483,0.001219689872,0.001233910783,0.002496954537,0.00252679526,0.002557360838,0.002588668897,0.002620737598,0.003980378488,0.00403084855,0.004082546403,0.002757001853,0.002793166236,0.00283021252,0.00286816314,0.002907041229,0.001473435315,0.001493837965,0.001514741237,0.001536158199,0.0001558102327,0.0001580587516,0.0001603628098,0.0001627238853
0.0001567554283,0.0001545254503,0.0001523491322,0.000150225096,0.0001481520053,0.000146128564,0.0001441535152,0.0001422256399,0.0001403437555,0.0001385067152,0.001367134062,0.001349627493,0.001332536973,0.001315852341,0.000129956374,0.0001283661606,0.0001268136657,0.0001252979887,0.0001238182556,0.0001223736182,0.0001209632535,0.0001195863625,0.00011824217,0.0001169299233,0.0001156488922,0.0001143983676,0.001131776615,0.001119861059,0.002216461054,0.003290636174,0.003257398635,0.004299948237,0.006386613076,0.00737897524,0.008352744481,0.009308623242,0.01127202392,0.01218482437,0.01408826178,0.0149614789,0.01680926072,0.01764619856,0.01847029198,0.01928209407,0.02008214398,0.01992228713,0.01976654893,0.01961485253,0.01854011749,0.01840313254,0.01644281135,0.01541902239,0.01351033333,0.01162913958,0.009774372372,0.007944987295,0.005262825726,0.003486641614,0.001732684265,0.0008611803106,8.561725239e-05,8.513164384e-05,0.000846609799,0.002526151282,0.005025817326,0.008333651509,0.01409699942,0.02063111655,0.02874870392,0.03843068485,0.04965953854,0.0632299101,0.07831002297,0.09488724083,0.1137514359,0.1348840254,0.1574732581,0.1815128821,0.2077880679,0.2347126758,0.2638624075,0.293663528,0.3249040421,0.356027514,0.3886024035,0.4210813071,0.4534787511,0.485809164,0.5173159245,0.5472474372,0.5771615877,0.6047690886,0.6316245514,0.656211104,0.6777819131,0.6978837238,0.7150011135,0.729147442,0.7403334516,0.7485672776,0.7530914462,0.7546718018,0.7533083678,0.7489985766,0.7409733761,0.7299879039,0.7160314567,0.6990907094,0.6791496997,0.6577247575,0.6332638459,0.606513334,0.5789929349,0.5491419962,0.5192563856,0.4877719008,0.4554420169,0.4230261272,0.390509666,0.3578779528,0.3266867902,0.2953599109,0.2654630829,0.2362045366,0.2091690247,0.1827718451,0.1586111571,0.135897828,0.1146394151,0.09565550502,0.07896680719,0.06377858337,0.05010488397,0.03878649912,0.0290232341,0.02083412877,0.01423981576,0.008420504274,0.005079658794,0.002553949315,0.0008561725239,8.611803106e-05,8.663421323e-05,0.0008716604035,0.001754275242,0.003531105464,0.005331475839,0.008050942786,0.009907577777,0.01179101713,0.01370234279,0.01564266266,0.01668610574,0.01868081193,0.0188252847,0.01992228713,0.02008214398,0.02024619878,0.02041453325,0.01960688729,0.0187868208,0.01795377468,0.01710717502,0.01523103046,0.01434621226,0.01241149766,0.01148502366,0.00948725388,0.008515484101,0.007524909414,0.006514797271,0.004387514899,0.003324691581,0.003359583178,0.00226355323,0.001143983676,0.001156488922,0.0001169299233,0.00011824217,0.0001195863625,0.0001209632535,0.0001223736182,0.0001238182556,0.0001252979887,0.0001268136657,0.0001283661606,0.000129956374,0.0001315852341,0.0001332536973,0.001349627493,0.001367134062,0.001385067152,0.001403437555,0.0001422256399,0.0001441535152,0.000146128564,0.0001481520053,0.000150225096,0.0001523491322,0.0001545254503,0.0001567554283,0.0001590404877,0.0001613820943
0.0001554852403,0.0001532733317,0.0001511146484,0.0001490078232,0.0001469515307,0.0001449444854,0.0001429854404,0.0001410731866,0.0001392065511,0.0001373843963,0.0001356056186,0.0001338691472,0.0001321739436,0.0001305189999,0.0001289033385,0.0001273260105,0.0001257860955,0.0001242827,0.0001228149572,0.001213820257,0.001199830892,0.001186173552,0.002345681092,0.002319648821,0.003441353703,0.003404141955,0.00449042335,0.005553934169,0.006595503261,0.007615935075,0.008616010558,0.009596488025,0.010558104,0.01254717165,0.01346322617,0.01436274862,0.01524639108,0.01712196201,0.01796670605,0.01879764513,0.0196153593,0.01944801284,0.02024911444,0.02008214398,0.01991941853,0.0188198638,0.01867274356,0.01760296938,0.015631404,0.01460320968,0.01268522529,0.01079582271,0.008933906136,0.007098405385,0.005288274931,0.003502492944,0.001740060363,0.0008645973459,8.593221687e-05,8.542021732e-05,0.0008492349646,0.001688836456,0.004198748631,0.007517045693,0.01246273292,0.01818547279,0.02549799516,0.03437942386,0.04481046961,0.05758444623,0.07186698596,0.08764376781,0.1049019335,0.1244276759,0.1462018763,0.1694159,0.1940632544,0.2209250034,0.2484223688,0.2781229701,0.3084608203,0.3402196825,0.3726262452,0.4056890121,0.4386461527,0.4722816632,0.5058378473,0.5385635568,0.570477782,0.6015987612,0.6319439975,0.6600077651,0.6865720531,0.7108945453,0.7329932241,0.7528840919,0.7698234876,0.7838246458,0.7956552543,0.8038091178,0.8082922131,0.8098641771,0.8085250348,0.8042722452,0.7963429975,0.7847281321,0.7709328319,0.7541862003,0.7344724289,0.7125343347,0.6883539563,0.6619113273,0.6339491706,0.6036814833,0.5726176541,0.5407394287,0.5080277937,0.4744629589,0.4407990302,0.4077975646,0.3746708449,0.3421850025,0.3103320443,0.2798907517,0.2500733807,0.2224573266,0.195465552,0.1706892477,0.1473431737,0.1254351172,0.1057817434,0.0884042907,0.07251148719,0.05811759748,0.04523837851,0.03471772078,0.0257563147,0.01837500058,0.01259624589,0.007599764051,0.004246174823,0.001708404346,0.0008593221687,8.645973459e-05,8.700301816e-05,0.000875623236,0.00176275831,0.003549202693,0.005360343682,0.007197215141,0.009060875206,0.01095240726,0.01287292094,0.01482355316,0.01587183203,0.01787887061,0.01897087479,0.01912585141,0.02024911444,0.02042041348,0.02059612726,0.01978699487,0.01996300673,0.01913631048,0.0182956693,0.01744048046,0.01553449173,0.01463836692,0.0137255352,0.01279531737,0.0107700132,0.009791916524,0.008794004348,0.007775507837,0.006735635025,0.005673569925,0.004588471604,0.003479473232,0.003518521638,0.002372347103,0.002399661784,0.001213820257,0.001228149572,0.001242827,0.0001257860955,0.0001273260105,0.0001289033385,0.0001305189999,0.0001321739436,0.0001338691472,0.0001356056186,0.0001373843963,0.0001392065511,0.0001410731866,0.0001429854404,0.0001449444854,0.0001469515307,0.0001490078232,0.0001511146484,0.0001532733317,0.0001554852403,0.0001577517839,0.0001600744164
0.0001542475547,0.0001520532532,0.0001499117533,0.0001478216988,0.0001457817747,0.0001437907057,0.000141847255,0.000139950223,0.0001380984463,0.0001362907961,0.001345261777,0.001328035289,0.001311218193,0.001294800493,0.001278772487,0.002526249531,0.002495696389,0.002465867824,0.003655119955,0.003612474202,0.004761120238,0.005883657168,0.006981027364,0.006903552214,0.007965906701,0.009005451941,0.01002302755,0.01101944805,0.01308600415,0.01403129204,0.0149579952,0.01586683092,0.01675849587,0.01763366691,0.01952039083,0.02035488428,0.02016670338,0.02098229656,0.02178450804,0.02159243619,0.02140513993,0.02122252414,0.0210444965,0.01992228713,0.0188198638,0.01773655214,0.01667169517,0.01470555547,0.01277045057,0.01086522447,0.008988749291,0.007139924237,0.005317674548,0.003520950511,0.001748726492,0.0008686531447,8.631046118e-05,8.577150223e-05,8.524818363e-05,0.001694805193,0.003369899711,0.006701572264,0.01082984751,0.01657157531,0.02307858506,0.03116123278,0.04079843117,0.05197067966,0.06466003142,0.07965465467,0.09612797401,0.1140669154,0.134254243,0.1558790447,0.1797211086,0.2049793066,0.2316482548,0.2597238922,0.2899808955,0.3208605475,0.3523698848,0.3852870812,0.4188456262,0.4522880069,0.4863940933,0.5204106864,0.5535915282,0.5867161683,0.6190406732,0.6498260574,0.6798496413,0.7076176502,0.733905817,0.7587311634,0.7806038851,0.7995419505,0.8163123993,0.8309268841,0.8418931,0.8492198459,0.8544143284,0.8559775635,0.8546604352,0.8497091374,0.84262081,0.8318846635,0.8174887359,0.8009247534,0.7821791698,0.7604812954,0.7358105684,0.7096585265,0.6820068201,0.6520757414,0.6213627056,0.5890865834,0.5559882167,0.5228142724,0.4887813179,0.4546387558,0.4211438316,0.3875127386,0.3545074754,0.322899974,0.2919081048,0.2615253223,0.2333221409,0.2065199527,0.1811240675,0.1571411353,0.1353802301,0.1150567234,0.09699004713,0.0803921451,0.06527748987,0.05248207627,0.04121175903,0.03148599309,0.02332582542,0.01675393066,0.01095217406,0.006779220774,0.003409927345,0.001715430045,8.631046118e-05,8.686531447e-05,8.743632459e-05,0.0008802376277,0.001772558183,0.003569962118,0.005393249574,0.007243482979,0.009121750409,0.01102916661,0.01296687402,0.0149360439,0.01693787742,0.01802492645,0.01913136045,0.02025786395,0.02140513993,0.02159243619,0.02178450804,0.02198145354,0.02218337372,0.0213726285,0.02054777982,0.02074549049,0.01990071384,0.01798240838,0.01709485166,0.01618995235,0.01526700484,0.01432528247,0.01336403674,0.01125681493,0.01024188004,0.009204736285,0.008144531925,0.007060388602,0.007141680357,0.006020790337,0.004873493274,0.003698801736,0.003743544583,0.002526249531,0.002557544975,0.002589600985,0.001311218193,0.001328035289,0.001345261777,0.001362907961,0.001380984463,0.000139950223,0.000141847255,0.0001437907057,0.0001457817747,0.0001478216988,0.0001499117533,0.0001520532532,0.0001542475547,0.0001564960562,0.0001588002002
0.0001530417576,0.0001508646096,0.0001487398504,0.0001466661345,0.000144642157,0.001426666528,0.001407383946,0.001388561923,0.001370188914,0.002704507442,0.002669490964,0.003952960976,0.003902904081,0.005138714673,0.005075103834,0.006266252797,0.007428560458,0.008563070016,0.009670791577,0.01075270339,0.01180975301,0.01284285848,0.01385290937,0.01484076789,0.01580726988,0.01787010752,0.01878438553,0.0196799506,0.02055753628,0.02141785451,0.02332167246,0.02413895292,0.0249412349,0.02469998049,0.02548393996,0.02625449366,0.02601177088,0.02577500339,0.02554406913,0.02434504769,0.02413387484,0.02297085995,0.02182907593,0.01976654893,0.01867274356,0.01667169517,0.01470343803,0.01276677321,0.009955487397,0.008085215936,0.006242937174,0.004427568385,0.002638052386,0.001746713119,8.675280994e-05,8.618626356e-05,8.563574772e-05,0.0008510100197,0.002537453229,0.005885447465,0.009194779674,0.01412951635,0.01983726925,0.02712935047,0.03598284357,0.04637645483,0.05829047743,0.07251245164,0.08741059554,0.1045776593,0.1231946642,0.1432497564,0.1655206821,0.1892039544,0.2142922484,0.2415587998,0.2694377562,0.2987078463,0.3301383533,0.3614144346,0.3940839229,0.4273836539,0.4613223694,0.4951487714,0.5288781337,0.5625256135,0.5961062627,0.6288809851,0.6601160256,0.69058478,0.7203044054,0.7477927743,0.7730711533,0.7969063974,0.8178200019,0.8365757286,0.853187039,0.8661746486,0.8770401135,0.8850455596,0.8894514438,0.8910054623,0.8897076428,0.8855554927,0.8777982036,0.8671730567,0.8544165134,0.8380225811,0.81947039,0.7987445865,0.7750775529,0.7499495217,0.7225899482,0.6929755699,0.6625921324,0.631421752,0.5986870122,0.565123713,0.5314738702,0.4977222874,0.4638536447,0.4298524871,0.3964745645,0.3637116263,0.3323324486,0.3007796669,0.2713847087,0.2433743812,0.2159650804,0.1907358634,0.1669088999,0.1444927965,0.1242994707,0.1055459018,0.0882453061,0.0732259813,0.05888101676,0.04685978718,0.03636832696,0.02742788468,0.02006133747,0.01429322956,0.009303995172,0.005957070138,0.002569072432,0.0008618626356,8.675280994e-05,8.733565594e-05,8.793507952e-05,0.001771027354,0.002675544503,0.004491786631,0.006335310162,0.008207211351,0.01010861364,0.01296687402,0.01493819485,0.01694275623,0.01898180516,0.02009950245,0.02220316485,0.02337124578,0.02456160493,0.02478365711,0.02601177088,0.02625449366,0.02650329756,0.0267583122,0.02598045302,0.02518847261,0.02544182451,0.02463053269,0.02380346306,0.02186661178,0.02099431323,0.02010387096,0.019194542,0.01826556048,0.0161617276,0.01517792365,0.01417170361,0.01314219303,0.01208848947,0.01100966145,0.009904747278,0.008772753916,0.007612655751,0.006423393342,0.005203872108,0.005270614634,0.004004236446,0.004056761163,0.002740377827,0.002777123845,0.001407383946,0.001426666528,0.00144642157,0.001466661345,0.0001487398504,0.0001508646096,0.0001530417576,0.0001552726819,0.0001575588138
0.0001518672539,0.0001497068142,0.0001475983613,0.001455405598,0.001435321152,0.001415717718,0.002793166236,0.004133716628,0.004079020607,0.005367503939,0.006622510555,0.007845248742,0.009036887144,0.01019855624,0.01133134978,0.01243632613,0.01474310142,0.01578079952,0.01799357635,0.01896921393,0.02109441643,0.02201287705,0.02405654405,0.02492240198,0.02689021468,0.02770775806,0.02850858191,0.0303783181,0.03113649032,0.03188022798,0.03261015777,0.032285423,0.03299976784,0.03268056394,0.03236910849,0.03206523836,0.03176879524,0.03049588718,0.02924773121,0.02802352829,0.02586455477,0.02374434622,0.02166155087,0.01961485253,0.01760296938,0.01470555547,0.01276677321,0.00995405391,0.008082887729,0.005348777835,0.003540015072,0.001757435781,0.0008726023053,8.666540716e-05,8.608703415e-05,0.0008552483568,0.001699570894,0.004222395141,0.007553939391,0.01168056037,0.0174189564,0.02391831428,0.03198817393,0.04160541205,0.05274852941,0.06459023628,0.07873093099,0.09434226137,0.1122046587,0.1307090809,0.1514312907,0.1735648535,0.1971004921,0.2220302877,0.2491237464,0.2768205909,0.3058959172,0.3363470568,0.3674071844,0.3998463338,0.432143644,0.4658313001,0.4986418776,0.532105845,0.5654796309,0.5987782339,0.6312668276,0.6629645861,0.6931430202,0.72256923,0.7505153262,0.77700034,0.8012993429,0.824172962,0.8441537,0.8619991218,0.877722253,0.8898548322,0.9006259952,0.9078241861,0.9121941288,0.9137383502,0.9124568786,0.9083472435,0.9014044723,0.8908805356,0.8789870835,0.8634899439,0.8458572304,0.8260740457,0.8033790049,0.7792413264,0.7528967289,0.7250707494,0.6957430119,0.6656430555,0.6339997992,0.6015437709,0.5682550078,0.5348714439,0.501377925,0.4685222308,0.4347651683,0.4023878031,0.3698489679,0.3386799408,0.3081063157,0.2789012035,0.251068484,0.2238279785,0.1987535691,0.1750709508,0.1527893225,0.1319192638,0.1132761354,0.09527059851,0.07952855203,0.06526339146,0.05331362321,0.04206324236,0.03234949045,0.02419544648,0.01762585858,0.01182270639,0.007648069024,0.004276241784,0.001721740683,0.0008666540716,8.726023053e-05,8.787178905e-05,0.0008850037679,0.001782925945,0.003592394546,0.005429483951,0.008207211351,0.01011006939,0.01297060902,0.01494464954,0.01789432463,0.01994525083,0.02203276887,0.02415821405,0.02632295809,0.02852841059,0.02978324554,0.03106319966,0.03236910849,0.03268056394,0.03299976784,0.03332688826,0.03366209835,0.03294290225,0.03328383448,0.03254819797,0.03179803367,0.03103268903,0.0291310659,0.02832091134,0.0274931932,0.02548859448,0.0246101525,0.02252594155,0.02159229162,0.01942252249,0.01842887678,0.01616722397,0.01510846637,0.0127481953,0.0116188549,0.01046033166,0.009271514777,0.008051255909,0.006798367678,0.00551162217,0.004189749354,0.004247153153,0.002870642304,0.001455405598,0.001475983613,0.001497068142,0.0001518672539,0.0001540810572,0.0001563496444
0.0001507234664,0.0001485792981,0.001464867249,0.001444444218,0.002849022076,0.00421516574,0.004158194278,0.006837639269,0.008096598966,0.009322387567,0.01183073967,0.01297693715,0.01537513007,0.01771305526,0.0199929027,0.0222167916,0.02438677305,0.02650483255,0.02857289251,0.03059281451,0.03256640168,0.03449540081,0.03638150446,0.03710204855,0.03891954961,0.04069863428,0.04135257874,0.04199397979,0.04262342896,0.04324150034,0.04280473341,0.04237848017,0.04196251376,0.041556614,0.04015665089,0.03878518212,0.03744131535,0.03514785394,0.03289777901,0.03068962122,0.02757121941,0.02450813643,0.021498407,0.01854011749,0.015631404,0.01277045057,0.009955487397,0.008082887729,0.005348007666,0.003538995694,0.001756676733,0.000872099831,8.660303053e-05,8.601268708e-05,0.0008543867008,0.002546421174,0.005903697046,0.009219307224,0.01416108865,0.02070105051,0.02798971575,0.03601653928,0.04639983445,0.05748502623,0.07087554404,0.08493750218,0.1012604297,0.1190233768,0.1374224726,0.1580282053,0.1808186028,0.2042149524,0.2289949566,0.2551514468,0.2826785741,0.3108043737,0.3402984088,0.3711583335,0.4018637317,0.4339434995,0.4658881796,0.4984654003,0.5309327097,0.5633048453,0.5948491294,0.6270763374,0.6577636591,0.6876767299,0.716833158,0.7445097694,0.7707261162,0.7955004194,0.8181125492,0.8393167474,0.8576559174,0.874616242,0.8887395848,0.9007719052,0.9099878813,0.9163946694,0.9207305906,0.922264291,0.9209957992,0.9169226648,0.9107744505,0.9018101924,0.8900202917,0.8761288855,0.8593866958,0.8412527626,0.8202358475,0.7977947629,0.7731716482,0.7470872465,0.7195220117,0.6904550398,0.6606113447,0.629972573,0.5977686519,0.5662325998,0.5338459368,0.5013448459,0.4687144092,0.4367016943,0.404534513,0.3737326666,0.3427573991,0.313140412,0.2848852511,0.2572173064,0.2309155317,0.2059870139,0.1824401792,0.1594913249,0.1387347619,0.1201945786,0.1022862965,0.08582271522,0.07163483213,0.05811759748,0.04692393523,0.0364338489,0.02832217731,0.02095297096,0.01433754997,0.009336877638,0.005980706905,0.002580380612,0.0008660303053,8.72099831e-05,8.783383664e-05,0.0008847489235,0.001782669222,0.003592394546,0.005430265853,0.008209575368,0.01011443788,0.01297808224,0.01589012691,0.01885241264,0.02186682918,0.02493531724,0.02805987033,0.03124253683,0.03350012426,0.03580170658,0.03814881834,0.03952946209,0.04093903781,0.04237848017,0.04280473341,0.04324150034,0.04368901468,0.04414751721,0.04352903025,0.04289856046,0.042255511,0.04159926655,0.0397922705,0.03794494089,0.03721874478,0.03529940136,0.03333504126,0.03132389302,0.02926412766,0.0271538564,0.02499112838,0.02277392819,0.02050017342,0.01816771201,0.01577431956,0.01331769652,0.01214489845,0.009572694977,0.008316388556,0.007025276234,0.004273533114,0.004333332655,0.002929734499,0.001485792981,0.001507234664,0.0001529205965,0.0001551720978
0.0001496098356,0.0001474815096,0.001454043976,0.002867543684,0.004241957818,0.005578695595,0.008254942342,0.009501966456,0.01205516502,0.01454122758,0.01696258406,0.02060968984,0.02289229478,0.02637327169,0.02976777563,0.03185381521,0.03509955504,0.03826763602,0.04136092874,0.04321426012,0.04617968938,0.0479367408,0.05078348043,0.05245188248,0.05408478575,0.05459179676,0.05508945157,0.05557827248,0.05605876621,0.05548454631,0.05492411675,0.05335119315,0.05181161004,0.05030435375,0.04783194082,0.04540862296,0.04303278459,0.03973373958,0.03649644225,0.03236679812,0.02925492185,0.02526271238,0.02133956453,0.01840313254,0.01460320968,0.01086522447,0.008085215936,0.005348777835,0.003538995694,0.00175642379,8.718487025e-05,8.65656261e-05,8.596315803e-05,0.001707543527,0.003392296022,0.006740284705,0.01088300046,0.01663852679,0.02315181395,0.03123311104,0.04004007877,0.05037560391,0.06302537671,0.07634828088,0.09113765646,0.1073758613,0.1250467486,0.1441356365,0.1646292793,0.1865158413,0.2097848711,0.234427279,0.2596647962,0.2862676016,0.3142301999,0.3427866378,0.3719420322,0.40170205,0.432072907,0.4623096438,0.4939252342,0.524678675,0.5553357256,0.5859103042,0.6164162207,0.6453869423,0.6743225142,0.7024986835,0.7291964379,0.7544355347,0.7782343984,0.8013426285,0.8223101653,0.8411542302,0.8578901407,0.873260868,0.885818414,0.8970312948,0.9054496897,0.9110803872,0.9153841673,0.916178359,0.9156478359,0.9116053207,0.9062323363,0.8980652703,0.8870949114,0.8747711673,0.8596213917,0.8430944839,0.824444358,0.8036538218,0.7807037544,0.7570473746,0.7319316665,0.7053368761,0.6772418887,0.6483677478,0.6194415946,0.5889555497,0.5583828521,0.5277095447,0.4969215458,0.4652481371,0.434944458,0.4044882326,0.3746296787,0.3453630582,0.3166831788,0.2885853963,0.2618425984,0.2364615059,0.2116662163,0.1882427165,0.1662013748,0.1455539454,0.126313594,0.1084949255,0.09211401211,0.07718842535,0.06373726824,0.05095928643,0.04051567441,0.0316132009,0.02344030868,0.01685071176,0.01102496207,0.00683017411,0.003438526321,0.001731312522,8.718487025e-05,8.782118948e-05,8.847489235e-05,0.001782925945,0.003593429305,0.005432612234,0.008214305446,0.01104187953,0.01484491446,0.01871312028,0.0217052646,0.02570304557,0.02977341341,0.03294993038,0.0371646776,0.04047290307,0.04384594576,0.04628000545,0.04876386828,0.05129922418,0.05285150857,0.05443766808,0.05605876621,0.05664708541,0.05724982222,0.05677546863,0.05629232802,0.05579987498,0.05529756758,0.05364349566,0.05195215055,0.049054025,0.04726963285,0.04424695414,0.04236153195,0.03920469564,0.03596939556,0.03265262209,0.03052305971,0.02705021791,0.02348665486,0.02115087648,0.01741301615,0.01493166157,0.01238241351,0.00976271729,0.008483915636,0.005735087368,0.004362131928,0.002949630193,0.001496098356,0.0001517907321,0.000154025598
0.0001485258192,0.001464129142,0.001443508522,0.004270149815,0.005614962921,0.008307411704,0.01092684019,0.01347588399,0.017286848,0.0209976252,0.02461183938,0.02941176721,0.03282705955,0.03740311558,0.04063412314,0.04500198213,0.04926395562,0.05223674934,0.05631256189,0.05913401189,0.06189086983,0.06458562684,0.06722069663,0.06869050696,0.0701295122,0.07045511874,0.07077567481,0.07109160402,0.07035326849,0.06859333452,0.06687170235,0.06518723756,0.06253028557,0.05892904349,0.05539959672,0.05193954973,0.04757564267,0.0432942189,0.03909242406,0.03496748173,0.02997982113,0.02507966829,0.02118494609,0.01644281135,0.01268522529,0.008988749291,0.006242937174,0.003540015072,0.001756676733,8.718487025e-05,8.655316155e-05,0.0008593840421,0.001706806028,0.004237928277,0.007577362628,0.01254646339,0.01828393996,0.02560285396,0.0336552375,0.04324633704,0.05435199084,0.06694967591,0.08101846895,0.09574116634,0.1126998039,0.1302862688,0.1492831287,0.1696765499,0.1914541127,0.2146047855,0.2383475495,0.2626838875,0.2883807948,0.3154318327,0.3423138352,0.3705520848,0.3986361338,0.4273302176,0.4566401125,0.4850795928,0.5141568874,0.5431367541,0.5720324223,0.6001188585,0.6274143391,0.6546711516,0.6804350386,0.7054584803,0.7297568542,0.7526155725,0.774051959,0.7940820392,0.8119942649,0.8292554809,0.8444259011,0.8575182306,0.8685433163,0.8782335804,0.8851490834,0.8907419504,0.8942925832,0.8950799794,0.8945501766,0.8912551656,0.8859141826,0.8792458884,0.8697949196,0.8590013031,0.8461299809,0.8311682883,0.8141016841,0.7963722918,0.776508044,0.7552211117,0.7324941849,0.708308631,0.6833808764,0.6576948375,0.6304936918,0.6032379524,0.5751711635,0.5462742492,0.5172759307,0.4881628145,0.4596749369,0.4302941556,0.4015166714,0.3733371932,0.3449860437,0.3179857586,0.2907994374,0.2649633092,0.240485044,0.216591725,0.1932823667,0.1713461839,0.1507955123,0.1316441037,0.1139071544,0.09679471216,0.08193359813,0.06772539574,0.05499758323,0.04377262128,0.03407461539,0.02592935768,0.01852244198,0.01271378483,0.007680627126,0.00429692021,0.001731063231,0.0008718487025,8.783383664e-05,8.850037679e-05,0.001783696335,0.003595499716,0.006342612644,0.009134895192,0.01289518458,0.01671977886,0.02154799644,0.02551681099,0.03051116024,0.03559746887,0.0398081908,0.04409961769,0.04847464713,0.05293625941,0.05647896762,0.06009448463,0.06378531609,0.06651474862,0.06825317092,0.0700305353,0.07184803352,0.07262296854,0.07232105946,0.07201424117,0.07170207641,0.07025103271,0.06876763314,0.06609095447,0.06335163213,0.06054714127,0.05767487487,0.05351587064,0.05048481966,0.04613050921,0.04166511404,0.03836317462,0.03367935915,0.03018408623,0.02526539323,0.02156141438,0.01775611531,0.01384568617,0.01122992584,0.008540299631,0.005774034086,0.004392387427,0.001485258192,0.001506909136,0.0001529095866
0.0001474708913,0.001453729936,0.002866511554,0.00565309388,0.008362622656,0.01099787602,0.01491769208,0.01873223718,0.0237656291,0.02866666865,0.03344014624,0.03809069418,0.04387640416,0.04951660548,0.05379401725,0.05917392103,0.06442338383,0.06836846184,0.07338527849,0.07713408283,0.07965906701,0.08325246323,0.08454145145,0.08690334082,0.08703925799,0.08825054494,0.08730885336,0.08638964947,0.0844498425,0.08255289655,0.07967608278,0.0768600291,0.07210005034,0.06842752309,0.06384638051,0.0583818577,0.05302194099,0.04776301661,0.0416548687,0.03565747432,0.03069709992,0.02490153603,0.02011993424,0.01541902239,0.01079582271,0.007139924237,0.004427568385,0.001757435781,0.000872099831,8.65656261e-05,0.0008593840421,0.001706560266,0.00423670793,0.00841565546,0.01337518796,0.01993176029,0.02723111314,0.03608142743,0.04645666262,0.05833246168,0.07088064726,0.08489470447,0.1003546619,0.1172420847,0.1355400407,0.1544490629,0.1747469059,0.1956442015,0.2179129551,0.2415425407,0.2649919369,0.2897979269,0.3151936285,0.3411819672,0.367012808,0.3934493362,0.4204957925,0.4474112879,0.4742084092,0.5008996089,0.5274972151,0.5540134406,0.5797256326,0.6046513494,0.6288074021,0.6529394126,0.6756021426,0.6975414287,0.7180459517,0.737856718,0.7562630521,0.7732796024,0.7889197515,0.8031956294,0.8161181269,0.8269777952,0.8365031213,0.8447010282,0.8508592124,0.8549826641,0.8577923792,0.8592898816,0.858039459,0.855475276,0.8515946725,0.8456746845,0.8377085535,0.8284080482,0.8177650806,0.8050483256,0.7909672839,0.7755098577,0.7586626925,0.7404111624,0.7207393547,0.7003595934,0.6785270571,0.6559551002,0.6318935919,0.6077940007,0.5829065864,0.5572137661,0.5306971852,0.5040833844,0.4773599922,0.4505145071,0.4235342877,0.3964065428,0.3698778243,0.3439443816,0.3178371497,0.2923126288,0.2673683775,0.243778886,0.2199938727,0.1975693597,0.1765172624,0.1560587209,0.1369920781,0.1185322289,0.1014881995,0.08587834636,0.07172256685,0.0590423358,0.04703555906,0.03654156053,0.02758632517,0.0201975731,0.01355746537,0.008532801328,0.00429692021,0.001731312522,0.000872099831,8.787178905e-05,0.0008855136769,0.001784981059,0.004498259463,0.007256010539,0.01097450959,0.01567874491,0.02046473328,0.02533557386,0.03124115153,0.03629989262,0.04241755279,0.04865154808,0.05402386043,0.059502194,0.06509032323,0.0697808159,0.07354715334,0.07842525172,0.08132207055,0.08428258484,0.08624411125,0.08825054494,0.08921523944,0.09020346769,0.08899100153,0.08887762966,0.08648698704,0.0851928676,0.08153919832,0.07897736109,0.07516061446,0.0700426004,0.06601993026,0.06065784172,0.05515890809,0.05078759225,0.04501558148,0.0390909118,0.03432813092,0.02943637272,0.02441076885,0.01924628304,0.01533147487,0.01130618776,0.008599534662,0.005814919746,0.002949417827,0.001496206079,0.0001518235224
0.0001464445428,0.001443612458,0.004269842376,0.007017187775,0.009688491837,0.01501683487,0.01885401622,0.02391668617,0.03015584714,0.03623092854,0.04342507973,0.04917327425,0.0560199072,0.06269428256,0.06920270084,0.07555125876,0.08056113432,0.08662164414,0.09138236128,0.09603237963,0.09944586622,0.101665512,0.1049413387,0.1059614768,0.1058810297,0.1058048621,0.1046758543,0.1035738074,0.1004274526,0.09734929746,0.09332286995,0.08837644174,0.08253688062,0.07681450198,0.07022994188,0.06377309325,0.05743955547,0.05027643796,0.04324519029,0.03727295802,0.03048345828,0.02472822959,0.01907172861,0.01351033333,0.008933906136,0.005317674548,0.002638052386,0.0008726023053,8.660303053e-05,8.596315803e-05,0.001706806028,0.00423670793,0.008414443693,0.01420704499,0.02075328295,0.02886485269,0.03769434262,0.04885951726,0.06070176269,0.07401717794,0.08878403296,0.1041868526,0.1210111324,0.1392393446,0.1580729003,0.1782877159,0.1990955198,0.2212662747,0.2432540566,0.2665976374,0.2897666659,0.3135298583,0.3378891408,0.362847007,0.3876581388,0.4115887494,0.436887433,0.461328856,0.484931984,0.5091866146,0.5326298078,0.5552788394,0.5778798733,0.5989875566,0.6200746148,0.6397016042,0.6593329312,0.6775342485,0.6943220613,0.7104306399,0.7258706584,0.7392181751,0.7519200988,0.7639846085,0.7739899357,0.7826605609,0.7907172863,0.7967384227,0.8014428406,0.8048341148,0.8076274573,0.8083984821,0.8078600875,0.8052978328,0.8021355864,0.7976567943,0.7918567394,0.7840141675,0.7755518733,0.7657468584,0.7538716037,0.7413501921,0.728173863,0.7128901358,0.6969264755,0.6802715813,0.6621874107,0.6426561512,0.6231179441,0.6021007705,0.5810506994,0.5584864746,0.5358609139,0.5124230632,0.4881548358,0.4645286067,0.4400443738,0.4146822937,0.3906843191,0.3657848347,0.3407230087,0.3162504925,0.2923652856,0.2690659578,0.2455769641,0.2234435567,0.2011125514,0.1801458187,0.1597663317,0.1407715489,0.1223779914,0.1053940251,0.08983860878,0.07491792647,0.06145816731,0.04948260461,0.03818604062,0.02924979851,0.02103610923,0.01440480696,0.00853403014,0.004298157902,0.001732060611,8.726023053e-05,8.793507952e-05,0.0008862790913,0.002680171841,0.005404133333,0.009081775531,0.01373790533,0.01939856436,0.02515924666,0.03102372347,0.03794448148,0.04403699253,0.0512117264,0.05852495156,0.06499688629,0.07159825789,0.07833366427,0.08419345876,0.09017619133,0.09525077977,0.09938900711,0.1025611906,0.1058048621,0.1069614483,0.1081462496,0.1082552757,0.1083687325,0.1073563328,0.1040350779,0.10179301,0.09832727173,0.09359308251,0.08874274839,0.08255760802,0.07744587846,0.07095854912,0.06430351248,0.05747437023,0.05046450761,0.04457820882,0.03720373404,0.03097445521,0.02457300251,0.01937698367,0.01543781311,0.009962965543,0.00721806229,0.004393336285,0.001485792981,0.000150766881
0.0001454462801,0.001433771842,0.00424073631,0.008363224787,0.01237171973,0.01762619206,0.02407563616,0.03035189153,0.03776340279,0.04497994326,0.05327708117,0.06136066052,0.06923844793,0.0769179562,0.08440645381,0.09171097404,0.09883832381,0.1057950921,0.1114388045,0.1158158508,0.1200928818,0.1231642493,0.1250711871,0.1258530321,0.1255472973,0.1252511909,0.1228645536,0.1194928757,0.1161953054,0.1109341194,0.1057837561,0.09974319267,0.09283831259,0.08509367787,0.07750134245,0.06909640771,0.06085121016,0.05276015756,0.04481781132,0.03701888092,0.0302756629,0.02274043116,0.01713774949,0.01162913958,0.007098405385,0.003520950511,0.001746713119,8.666540716e-05,8.601268708e-05,0.001707543527,0.004237928277,0.00841565546,0.01420704499,0.02075029469,0.02885654081,0.0393162388,0.05045909503,0.06227562177,0.07636477389,0.09109173466,0.1072445137,0.1240139958,0.1421811082,0.1617292138,0.18108872,0.2018161291,0.2231288811,0.2450263166,0.2667462356,0.2890581846,0.3119628832,0.3347094713,0.3573090574,0.3797725953,0.4021108924,0.4243346192,0.445716376,0.4677449585,0.4882239888,0.5086388742,0.5282704024,0.5471340582,0.5659692643,0.5833388829,0.5999828457,0.6159137883,0.631143669,0.6456837812,0.6588294236,0.6713083026,0.6824163906,0.6928771465,0.7026980768,0.7111756195,0.7183180757,0.7248417784,0.7307512449,0.7353419927,0.7386181521,0.7412906839,0.7433612021,0.743414726,0.7435753209,0.7417177904,0.739256594,0.7361895948,0.7318042847,0.7260953878,0.7197676657,0.7128160572,0.7045218327,0.694875509,0.6845817138,0.6736323577,0.6613007043,0.6482924337,0.6338761074,0.6187584681,0.6029275645,0.5863707635,0.5690747369,0.5502946441,0.5314750629,0.5118718414,0.4914687192,0.4709892109,0.4489371146,0.4275239628,0.4052498953,0.3828474627,0.3603057997,0.3376138902,0.314760558,0.2917344582,0.2692934771,0.2474373997,0.225389394,0.2039194435,0.1830287194,0.163508899,0.1437870887,0.1254508977,0.1085183629,0.09220027119,0.07731635528,0.06306979973,0.05111730086,0.0398405658,0.02924979851,0.02103913865,0.01440895614,0.008537717637,0.004300634354,0.001733308143,8.733565594e-05,8.802376277e-05,0.001774601346,0.003578196794,0.00721589452,0.0118250242,0.01743144227,0.02313680058,0.03081224528,0.03768582683,0.04563840762,0.05374165044,0.06200107396,0.0704223541,0.07901132986,0.08677657762,0.09470164832,0.1017744214,0.1079690891,0.1132584648,0.118664056,0.1220668386,0.1255472973,0.128022912,0.1283625341,0.1287121885,0.1279494254,0.1260348965,0.1229273411,0.1185835098,0.1141347311,0.1083856966,0.1012877446,0.09401083536,0.08654805991,0.07889227781,0.07103610822,0.06297192056,0.05469182473,0.04618766102,0.03878852492,0.03118480134,0.02474343946,0.01812032037,0.01272220893,0.008602631052,0.004363388403,0.001475664835,0.0001497391544
0.0001444756252,0.002848406753,0.005616580263,0.009691980322,0.01502007885,0.02154899858,0.02922940073,0.03670353727,0.0452723597,0.05489228109,0.06426185731,0.07339017473,0.08351417089,0.09217066969,0.1018095468,0.1100285763,0.1180482147,0.1247210758,0.1312364623,0.1364725055,0.1404740158,0.1443859535,0.1460323866,0.1465671242,0.146027294,0.1444482843,0.1408206932,0.1372738385,0.1317624958,0.1253580684,0.1180874259,0.1099760731,0.1020292485,0.09326984165,0.08372023815,0.0743548907,0.06422293107,0.05521563011,0.04544618695,0.03677183054,0.02916229263,0.0216851231,0.01523144388,0.009774372372,0.005288274931,0.001748726492,8.675280994e-05,8.608703415e-05,0.0008543867008,0.003392296022,0.007577362628,0.01337518796,0.02075328295,0.02885654081,0.03931057766,0.0504445649,0.0638655745,0.07792755414,0.0934215978,0.1095330476,0.1270454617,0.1451559162,0.1638606144,0.1839324857,0.2038127595,0.2250478919,0.2453323315,0.2669696141,0.2876774468,0.3089840889,0.3301395192,0.3511541561,0.3712941922,0.3913197134,0.411240361,0.4303300493,0.4486059592,0.4668150207,0.4835094081,0.5001629246,0.515335701,0.5304910689,0.544196285,0.5579051545,0.5701912377,0.581785015,0.5926964732,0.6022231051,0.6117985906,0.6200083832,0.6275714783,0.6344944154,0.640783133,0.6464429747,0.6514786954,0.6551899605,0.6589898287,0.6621762526,0.6640482348,0.6660146829,0.6666699699,0.6674212609,0.6668619985,0.6663984179,0.6646222204,0.6629395192,0.6599394577,0.6563231075,0.6527934012,0.6479340965,0.6424461973,0.6363243932,0.6295627773,0.6221548391,0.6140934578,0.6046561704,0.5952624605,0.5844720666,0.5729897392,0.5608048443,0.5471822893,0.5335555146,0.5184618954,0.5033420176,0.4867228054,0.4700528231,0.4518475779,0.4335644552,0.4144506314,0.3944880732,0.3744082274,0.3542012726,0.3331002016,0.3118448484,0.2904245669,0.2695966214,0.2478177871,0.2273933262,0.205996201,0.185956498,0.1657114718,0.1468377813,0.1285545064,0.1108660049,0.09458572426,0.07892133541,0.06469865907,0.05111730086,0.03984630325,0.02925822366,0.02104822952,0.01356918409,0.007689480307,0.003443481366,0.0008675280994,8.743632459e-05,8.813791552e-05,0.001777158613,0.005375803723,0.009939014753,0.01549246796,0.02206309832,0.0296791425,0.0374343255,0.04627828857,0.05624280194,0.06543650798,0.07578174634,0.08535139061,0.0951144416,0.1040770534,0.1122156902,0.1205269342,0.1279846313,0.1345619958,0.1402308161,0.1438955087,0.1476448237,0.1493017684,0.1498968677,0.1493930009,0.1477512249,0.1437895152,0.1397337979,0.1344113336,0.1277751209,0.1209736968,0.1127877932,0.1043927136,0.09453649627,0.08568247641,0.07531731592,0.06596829556,0.05636614652,0.04650131934,0.03771074751,0.03004015771,0.02215309788,0.01544559572,0.009969423637,0.005779025008,0.002931633582,0.0001487398504
0.001435321152,0.002829804998,0.006974875904,0.0123797392,0.0176350779,0.02542232189,0.03431824584,0.04427752217,0.05397204578,0.06467962625,0.07636026641,0.08650445068,0.09761032319,0.1084366676,0.1189937308,0.1292914282,0.1381781945,0.1457049534,0.1530540921,0.1579913862,0.1628160784,0.1653427282,0.1667322489,0.1670231843,0.1662522858,0.1634070996,0.1585545257,0.153809053,0.1471379182,0.138600308,0.1302409175,0.1210695264,0.1101347309,0.09941724721,0.08890959942,0.0776574797,0.06661837901,0.05578478633,0.04607081314,0.03653168907,0.0271611055,0.0197482144,0.01335174148,0.007944987295,0.003502492944,0.0008686531447,8.618626356e-05,0.0008552483568,0.002546421174,0.006740284705,0.01254646339,0.01993176029,0.02886485269,0.0393162388,0.0504445649,0.06385637852,0.07870825974,0.09417937871,0.1110564961,0.1285310905,0.1473824025,0.1660340336,0.1860462962,0.2058618437,0.2262580088,0.2464701638,0.2665086889,0.2863837884,0.3061054985,0.3256836966,0.3443826916,0.362963803,0.3806969014,0.397599717,0.4144226533,0.4297121524,0.4442198425,0.457960294,0.4709473318,0.4831940515,0.4939937749,0.5040812752,0.5134672209,0.5221616099,0.5301737812,0.5375124255,0.5434770204,0.549493516,0.5548586607,0.5588738882,0.5629553688,0.5664021657,0.5692186766,0.5721098272,0.5743764191,0.5760214066,0.577746619,0.5788537054,0.5800430496,0.58061647,0.5805746671,0.5813151661,0.5807418967,0.5809510014,0.5805444234,0.5795209291,0.5785791734,0.5770176321,0.5755355299,0.5734294879,0.5706960052,0.5680357552,0.5647416394,0.5608086978,0.5569399453,0.5517135464,0.5458299197,0.5399949982,0.5327758768,0.5248755241,0.5162846148,0.5069931615,0.4969905022,0.4862652884,0.4740772418,0.4611366805,0.4474297672,0.4329419141,0.4176577656,0.4008189235,0.3838897969,0.3661133969,0.3474711064,0.3286990711,0.3090285937,0.289201833,0.2692086816,0.2490388596,0.2286819057,0.2081271689,0.1881477478,0.1679578054,0.1491330091,0.1300952435,0.1124403711,0.09538041348,0.07973495742,0.06470797635,0.05113202476,0.03986352058,0.02927508125,0.02022085412,0.01273210587,0.006841986854,0.002585587907,0.0008686531447,8.75623236e-05,0.0008827763661,0.003560464396,0.00807881498,0.01358055275,0.02009242899,0.02764248789,0.03718985755,0.04691435141,0.05682254612,0.06787722106,0.07914771137,0.09064185814,0.1013834245,0.1123452189,0.1235350571,0.1329314985,0.1415043288,0.150264093,0.1571222112,0.1620165588,0.1670231843,0.1699802798,0.170817653,0.170569225,0.1691964491,0.1666589003,0.1617669168,0.1567567753,0.1492728307,0.1416025397,0.1325337049,0.122012904,0.111220008,0.1001446117,0.0887759576,0.07838797125,0.06641628326,0.05543716636,0.04549257601,0.0352701558,0.02613500498,0.01813467735,0.01273412249,0.00717660576,0.002912488307,0.001477684925
0.00142615302,0.004217594375,0.008316388556,0.01366740385,0.02156607214,0.03057781786,0.04065654485,0.05046450761,0.06256518177,0.07560762862,0.08831063134,0.1006865143,0.1127471969,0.1257013649,0.137151042,0.1483193486,0.1580629781,0.1664334026,0.1746063027,0.180362544,0.1848869585,0.1871344047,0.1882582325,0.1882965956,0.1862337036,0.1821383562,0.176076081,0.1691280993,0.1613220115,0.1516860834,0.1412632617,0.1300763716,0.1181470067,0.1054955729,0.09309124137,0.07998442114,0.06805744069,0.05635226798,0.04486100454,0.03448342533,0.02518843936,0.01694633528,0.01061316565,0.005262825726,0.001740060363,8.631046118e-05,8.563574772e-05,0.001699570894,0.005903697046,0.01088300046,0.01828393996,0.02723111314,0.03769434262,0.05045909503,0.0638655745,0.07870825974,0.09496383326,0.1118175487,0.1300519645,0.1480810322,0.1674724151,0.1874346684,0.2071949222,0.2267636029,0.2461509454,0.2661251926,0.2851760815,0.3033245946,0.3213380975,0.3384817046,0.3547740901,0.3702330763,0.3848756549,0.3979864145,0.4103179109,0.4218844158,0.4326994506,0.4420546688,0.4499691364,0.4578937077,0.4644031285,0.4695130802,0.4746590691,0.4784258878,0.4815330794,0.4839870989,0.486497833,0.4876610447,0.4888882982,0.4894798838,0.4901387482,0.4901669403,0.4902647324,0.4897355323,0.4899733391,0.4895854339,0.4892682853,0.4890217562,0.4881513569,0.4880459276,0.4880107895,0.4880459276,0.4881513569,0.488327123,0.4885733019,0.4895854339,0.4899733391,0.4904321689,0.4909621217,0.4908651838,0.4915371469,0.4915806558,0.4916939699,0.4911744528,0.4907221267,0.4896312633,0.4886040498,0.4862224578,0.4838964462,0.4809124873,0.4772635228,0.4722252791,0.4672203493,0.4608041327,0.4529596255,0.4451207348,0.4358261292,0.4250553435,0.4135209804,0.401208752,0.3881035975,0.3734457488,0.3579556947,0.3416155707,0.3244066535,0.3063093385,0.288065193,0.2688987318,0.2487879549,0.2292589333,0.2095352542,0.189606401,0.1694616507,0.1498830973,0.1316725419,0.1132435166,0.09620257425,0.0797579244,0.06473593624,0.05116148529,0.03823005629,0.02762607809,0.01855447643,0.01104721081,0.00599450234,0.001726209224,8.700301816e-05,8.77137621e-05,0.001768860942,0.005351474298,0.01079504544,0.01724171266,0.02563485974,0.03510469153,0.0456823917,0.05740058459,0.06934347571,0.08151930636,0.09490497257,0.1075819615,0.1205183072,0.132725323,0.1441815478,0.1548642837,0.1647495495,0.1727712408,0.1799206967,0.1861689505,0.1904097552,0.1925743583,0.1925905817,0.1914960344,0.1892507022,0.1846726796,0.1788303767,0.1705088575,0.1619801099,0.1520387937,0.1406309122,0.1289278536,0.1156744889,0.1033304258,0.09065567155,0.07763770402,0.0642635709,0.05184934332,0.04178426478,0.03143502885,0.02217703615,0.01405864792,0.008556918121,0.004340827127,0.001468246194
0.001417247519,0.004191257936,0.009641867101,0.01629847057,0.02411033005,0.03435038276,0.04561591574,0.05786467607,0.07105656957,0.0851535697,0.1001196307,0.1147003879,0.1289098674,0.1427616371,0.1550938699,0.1671229757,0.1777136844,0.1880508513,0.1959051468,0.2024706173,0.206699002,0.2086709924,0.2095325889,0.2082643846,0.2049371369,0.199618254,0.1933951758,0.1842717022,0.1743421805,0.1636310335,0.1511797046,0.1380113159,0.124145843,0.1105551857,0.0962858563,0.08229031635,0.06855893338,0.05600038063,0.04367105975,0.03246451225,0.02324321268,0.0150678294,0.008789077141,0.003486641614,0.0008645973459,8.577150223e-05,0.0008510100197,0.004222395141,0.009219307224,0.01663852679,0.02560285396,0.03608142743,0.04885951726,0.06227562177,0.07792755414,0.09417937871,0.1118175487,0.1300332384,0.1488216629,0.1681786877,0.1881008146,0.2078154825,0.2273331954,0.2466642597,0.2650614744,0.2832998187,0.3006389523,0.3170989253,0.3326988931,0.3467178691,0.3599190385,0.3723186491,0.3824723289,0.3925931222,0.4005131601,0.4077043807,0.4134591275,0.418512018,0.4221584177,0.4251260601,0.4267129582,0.427640471,0.4279150136,0.4268380254,0.4258250621,0.4241745655,0.4218905078,0.4196745618,0.4168287131,0.4140513621,0.4113412897,0.4086973094,0.4054252316,0.4029107491,0.4004588846,0.3980685729,0.3964294209,0.3948490796,0.3933268652,0.3925520177,0.3918339066,0.3918621196,0.391946771,0.3927781928,0.3936668465,0.3953042078,0.3970006904,0.3987570301,0.4012670241,0.4038401257,0.4064774569,0.4098760542,0.4126464852,0.4154847991,0.4183922449,0.4213701055,0.4237170172,0.4261336722,0.4279150136,0.429056499,0.4302629828,0.4301107878,0.4293015381,0.4278282102,0.4249640771,0.4214147935,0.4164467758,0.4107687297,0.4036396906,0.3957717923,0.3856801148,0.375549419,0.3631467828,0.3499279905,0.3358759368,0.32021921,0.3036847178,0.2862523507,0.267901072,0.249378579,0.2299009956,0.2102233596,0.1903350741,0.1702253302,0.1506761295,0.1316915041,0.1132761354,0.09543536843,0.07898955291,0.06314249801,0.04955391089,0.03660475893,0.02598168399,0.01688958056,0.009361110216,0.004288575112,0.0008645973459,8.716604035e-05,0.0008789077141,0.003545371623,0.008939697183,0.01533046412,0.02365515736,0.03304940496,0.04447065949,0.05704215111,0.06985444477,0.08386945124,0.09816182937,0.1127416383,0.1266375448,0.1408218591,0.1543028494,0.1670595102,0.1780463523,0.1882410478,0.1976179534,0.2040356661,0.2095325889,0.2129957798,0.2143545206,0.2135345855,0.2115775586,0.207309071,0.2006444823,0.1926556526,0.1821178018,0.1713139646,0.1590289953,0.1464260271,0.1322567961,0.1177122875,0.1027782524,0.08743995495,0.07298546518,0.05945258555,0.04688119732,0.0353133529,0.02479337255,0.01676503174,0.009920732632,0.00431372117,0.001459077846
0.001408600451,0.004165685768,0.009583039072,0.01754894758,0.02795709633,0.03939323122,0.05181439869,0.06517984245,0.08071203582,0.09583558293,0.111793803,0.1285538288,0.1436897363,0.1596269295,0.1739999357,0.1868662198,0.1982807435,0.2082960632,0.216962425,0.223228208,0.227177324,0.2299644286,0.2295045904,0.2280082875,0.223431896,0.2169039778,0.2084873989,0.1982419694,0.1872204101,0.1734748476,0.1600142784,0.1448971119,0.1291273855,0.1136696422,0.09851304478,0.08271764934,0.06814063401,0.05383382933,0.04159608366,0.03047385638,0.02043585262,0.01233309073,0.006114816574,0.001732684265,8.593221687e-05,8.524818363e-05,0.002537453229,0.007553939391,0.01416108865,0.02315181395,0.0336552375,0.04645666262,0.06070176269,0.07636477389,0.0934215978,0.1110564961,0.1300519645,0.1488216629,0.1689329646,0.1888205039,0.2084950801,0.22796728,0.2464867253,0.2648325602,0.2822616985,0.298046236,0.3129624874,0.3270292116,0.3395261989,0.3504805155,0.3606492205,0.3685901392,0.3750605569,0.380804139,0.384392614,0.3872869004,0.3880669761,0.3881804925,0.3876347767,0.3857287562,0.382474745,0.3785874855,0.3747729824,0.3696294093,0.3645618463,0.3588711908,0.353254963,0.3470166363,0.3415430722,0.3354448343,0.3301038679,0.3248250461,0.3196060603,0.3151326961,0.3107133563,0.3070329952,0.3034019535,0.3011908258,0.2990249058,0.2975889458,0.2961962412,0.2962175681,0.296281558,0.2977604064,0.2992833749,0.3015379976,0.303839167,0.3075640069,0.3113403863,0.3158595989,0.3204355537,0.3257618906,0.3311512952,0.3366061372,0.3428242063,0.3484186319,0.3547843255,0.3605286852,0.3663511177,0.3715505434,0.3768293613,0.3807744419,0.3847949615,0.3881804925,0.3902109925,0.3908728902,0.3908711412,0.3901977895,0.3873933025,0.3838873584,0.3782061805,0.3717885553,0.3638835131,0.3537254738,0.3427684386,0.3302472112,0.3161331023,0.3011524542,0.2852855617,0.2677468054,0.2492708707,0.2306086482,0.2109715825,0.191118346,0.1710380381,0.1507195305,0.1317484072,0.1125375615,0.0946947498,0.07742777103,0.06156445883,0.04713047839,0.03415321381,0.02350114477,0.01437890163,0.007672336526,0.002577966506,8.663421323e-05,8.735452248e-05,0.001761870104,0.006219607318,0.01254805851,0.02079804183,0.0310228847,0.04235769141,0.05483529563,0.06942824108,0.08430498466,0.100432411,0.1159176895,0.1317190706,0.1478478815,0.1633199322,0.1771095767,0.1911982,0.2025122447,0.2130397148,0.2217039109,0.2284420692,0.233188229,0.2347861339,0.2353243178,0.2325392145,0.2285627072,0.222211178,0.213396609,0.2031945557,0.1915523154,0.178414756,0.1637242159,0.1474203996,0.1319295038,0.1147624259,0.09840878174,0.0829030379,0.06696849308,0.05325161206,0.04049757133,0.02874911722,0.01805130499,0.009860203157,0.004287401816,0.001450175558
0.001400207757,0.005521154487,0.01088679041,0.02012813977,0.03043723941,0.04307437122,0.05794388912,0.07241401742,0.08900641988,0.1063993981,0.1245607361,0.1422544347,0.159497528,0.1763064929,0.1915364438,0.2052454191,0.2186216942,0.2283201059,0.2377896957,0.2437600635,0.2485141865,0.2499582087,0.2492609722,0.2454502153,0.2406951216,0.2329831778,0.2224094761,0.2110651296,0.1979839546,0.1832188318,0.1668199522,0.1507553658,0.1331120222,0.1158171876,0.09885871579,0.08222480276,0.06681930693,0.05169907509,0.03865162195,0.02672848913,0.01766442795,0.009632549114,0.004341702429,0.0008611803106,8.542021732e-05,0.001694805193,0.005885447465,0.01168056037,0.02070105051,0.03123311104,0.04324633704,0.05833246168,0.07401717794,0.09109173466,0.1095330476,0.1285310905,0.1480810322,0.1681786877,0.1888205039,0.208465059,0.2279016349,0.246380266,0.2639238318,0.280554231,0.2962924089,0.310413986,0.3229491456,0.3331893021,0.3426391598,0.3498530541,0.3555916824,0.3598771235,0.3620088805,0.3634512928,0.362782553,0.3607399335,0.3573382434,0.3525909843,0.3472160956,0.3405144391,0.3331975068,0.3252681858,0.3174264197,0.3089727811,0.299908735,0.2909278606,0.2820261502,0.2731996468,0.2651330983,0.2571317041,0.2491919437,0.241995875,0.235537534,0.2291276233,0.2234466749,0.219173082,0.2149370646,0.2114187832,0.2086156837,0.2072074209,0.2058293939,0.2051626108,0.2058886813,0.2073268068,0.2087960056,0.211662478,0.2152467969,0.2195521405,0.2238975977,0.229656142,0.2361488392,0.2426938277,0.2499826356,0.2580218886,0.2661276172,0.2743034114,0.2832471386,0.2922715497,0.3013806886,0.3105786548,0.3191681381,0.3271471367,0.3352187915,0.342678788,0.3495236893,0.3550365353,0.3599203632,0.3634512928,0.3656145466,0.3663940131,0.36504504,0.362999933,0.3587806192,0.3530922029,0.3459111261,0.3364679177,0.3262209351,0.3136491001,0.2994665828,0.2836414791,0.2669049348,0.2492349783,0.2306086482,0.2110019646,0.191173396,0.1703234082,0.1500126522,0.1302451996,0.1110257669,0.092359731,0.07506911335,0.05917852617,0.04388622709,0.03170437815,0.02101945523,0.01186363635,0.005979415212,0.001722360621,8.683404858e-05,0.0008756862831,0.004416106988,0.009800446014,0.01797749858,0.02721003952,0.03935931778,0.05266082873,0.06808194578,0.08380268045,0.1007848168,0.1181077069,0.135783682,0.1538254363,0.170266201,0.1870577215,0.2021904328,0.215611625,0.2272657801,0.2381389323,0.2460924005,0.2510264062,0.2549971653,0.2557841025,0.2543796745,0.2495852138,0.2435423018,0.2339109804,0.2240395979,0.2103924149,0.1963962098,0.1808319085,0.163638614,0.1459898718,0.1278683778,0.1092562368,0.09142258061,0.07440118665,0.05955112059,0.0442819075,0.03129952243,0.02070432933,0.01120166206,0.00568247561,0.001441535152
0.001392065511,0.005489048825,0.01217641886,0.02134516704,0.03420723466,0.04801466745,0.06272756108,0.0795711309,0.09845941925,0.1168507542,0.1359772367,0.1558096506,0.1739537067,0.1916408508,0.2088878813,0.2234311433,0.2376214252,0.248133869,0.2572987185,0.2640773538,0.2674791234,0.2686824267,0.266712391,0.2627140326,0.2557277802,0.2468670831,0.2351871873,0.2217716824,0.2066743062,0.1899460685,0.1725995945,0.1546519269,0.1361190572,0.1170159629,0.0982838497,0.08082816148,0.06461073029,0.04869326233,0.03574591789,0.02391575602,0.01404936706,0.006964753151,0.002589873188,8.561725239e-05,0.0008492349646,0.003369899711,0.009194779674,0.0174189564,0.02798971575,0.04004007877,0.05435199084,0.07088064726,0.08878403296,0.1072445137,0.1270454617,0.1473824025,0.1674724151,0.1881008146,0.2084950801,0.2279016349,0.2463447898,0.2638478327,0.2804330577,0.294626229,0.3079589816,0.3189698913,0.3284352057,0.3356489451,0.3413761401,0.3449141093,0.3462943794,0.3462662174,0.3441311131,0.3406287295,0.3350630481,0.3288734991,0.3206524485,0.3118263286,0.3023982066,0.2916711139,0.2810479191,0.2691329019,0.2580131307,0.2462943473,0.2346667074,0.2231249971,0.2123512834,0.2016505786,0.1910181415,0.1818163174,0.1726692841,0.1649361369,0.1572464522,0.1502768598,0.1447014695,0.139156417,0.1349960405,0.1315378684,0.1287793785,0.1267186457,0.1253543402,0.1246857262,0.1253904474,0.1267916566,0.1288906919,0.1316894873,0.1351905748,0.1393970872,0.1449934819,0.1506234969,0.1576545637,0.1654118376,0.1732171678,0.1824457616,0.1917346539,0.2024652751,0.2132706253,0.2241555296,0.2358184528,0.2475744524,0.2594288484,0.2706875806,0.2827528474,0.293525009,0.3044079412,0.3139891382,0.3229694774,0.331345347,0.3376786547,0.3433866646,0.3470173322,0.3492709191,0.3493999382,0.3481075304,0.3446360454,0.3389517638,0.3317625743,0.3222941744,0.3112581392,0.2978683269,0.2836006377,0.2669049348,0.2492708707,0.230675073,0.2110931372,0.1904995947,0.169656983,0.1493479153,0.1287768406,0.1087373566,0.09004583557,0.07190871289,0.05515620457,0.04064423159,0.02842022808,0.01769197348,0.00934158461,0.003424690096,0.0008632910625,8.705941438e-05,0.002634256324,0.007086149933,0.01429836715,0.02434663117,0.03640041143,0.04959909909,0.06583163518,0.08237923791,0.1001987504,0.1193301905,0.1388510704,0.1578013492,0.176165242,0.1939259106,0.2110654245,0.2265488047,0.2403224922,0.2523300788,0.2614621471,0.2686824267,0.2728501902,0.2749447346,0.2737922261,0.2703880277,0.2635232868,0.2542099232,0.243510182,0.2290341875,0.2141878974,0.196559867,0.1784701232,0.159901032,0.1395880374,0.1199882133,0.1011321903,0.08175470404,0.06446748071,0.04936069877,0.03517632115,0.0219561953,0.0125285896,0.005649431862,0.001433152586
0.001384169919,0.005457915742,0.01345261777,0.02387711291,0.03662961747,0.05161333543,0.06873624681,0.08665503555,0.1065757415,0.1271952774,0.1484851538,0.1680350374,0.1882634739,0.2079826015,0.2249160638,0.2414331901,0.2553099386,0.2666416326,0.2755193084,0.2820298823,0.2851881911,0.2861658233,0.2839933123,0.2777440492,0.269595241,0.2596090144,0.2468450866,0.2313911894,0.2143093117,0.195648625,0.1764145073,0.1566224446,0.1362869195,0.1163522655,0.09680445091,0.0785431315,0.0606248723,0.0448306308,0.03198885503,0.02025713018,0.0113503659,0.004328281305,0.0008583946017,8.513164384e-05,0.001688836456,0.006701572264,0.01412951635,0.02391831428,0.03601653928,0.05037560391,0.06694967591,0.08489470447,0.1041868526,0.1240139958,0.1451559162,0.1660340336,0.1874346684,0.2078154825,0.22796728,0.246380266,0.2638478327,0.2796409553,0.2937938219,0.30633889,0.3165672879,0.3245194585,0.3309657194,0.3344738946,0.3358134098,0.3350156261,0.3321097593,0.327838729,0.3207930484,0.3131347155,0.3034538509,0.2924749856,0.280910797,0.2680634249,0.2546387762,0.2406374391,0.226752881,0.2122872629,0.1986191364,0.1843609653,0.1708840951,0.1581775813,0.1462311573,0.1350352228,0.1239000647,0.1141800517,0.1051855297,0.09690947097,0.0900223301,0.08316386835,0.07768209179,0.07289586025,0.06880149242,0.0653959024,0.06335053842,0.06131546715,0.06063730476,0.05996787447,0.06065477082,0.06135079503,0.06340529693,0.06547128189,0.06890063793,0.07302193319,0.07783885685,0.08335569881,0.09025597064,0.09718897254,0.1055192858,0.1145753406,0.124364816,0.135580784,0.1468642423,0.1589081455,0.171722795,0.1853191741,0.1997089594,0.2135135659,0.2281284379,0.2421669583,0.2563311023,0.2699226976,0.2829406535,0.2946732584,0.3058227062,0.3156700426,0.3234835318,0.3306835275,0.3350881108,0.3381174011,0.3390201949,0.3377651507,0.3343187246,0.3279015789,0.3199586661,0.3097098752,0.2971123159,0.2828810462,0.2669818145,0.249378579,0.2308079801,0.2104656764,0.1898796309,0.1682482873,0.1471341048,0.1257402698,0.1056675608,0.0861260325,0.06794029001,0.0511357064,0.03657051291,0.02429319946,0.01435510987,0.006810531507,0.001716789203,8.65656261e-05,0.000873105069,0.004403723953,0.01155153098,0.02062209017,0.03257455825,0.04566461134,0.06177045915,0.08005035865,0.09869052794,0.1186533671,0.1390223019,0.1598119957,0.1800589651,0.1997479498,0.2188626476,0.2363755228,0.2522349414,0.2653539801,0.2756405679,0.2840538984,0.2905287939,0.2928356249,0.2919192672,0.288769569,0.2821846689,0.2731708864,0.2616370538,0.2474876766,0.2306227556,0.2133210759,0.1931514196,0.1724474434,0.1524280953,0.1306104884,0.1094688375,0.08903300361,0.0706428337,0.05306025092,0.03766732974,0.02456062084,0.01384169919,0.005617389109,0.001425023954
0.001376517314,0.006784675974,0.01471606709,0.0263834494,0.03902904081,0.05517758154,0.07468550776,0.09366951009,0.1146133302,0.137438486,0.1596694518,0.1813278185,0.2024344677,0.2230095983,0.2407903787,0.2581339476,0.2728294389,0.2838722203,0.2935672025,0.2987388371,0.3016691424,0.3013856998,0.2979980191,0.2916104574,0.2823224161,0.2702285286,0.2554188402,0.238962364,0.2199366659,0.2003461666,0.1792530664,0.1576444902,0.1355334354,0.1147833214,0.09351870192,0.07447592142,0.05669031302,0.04101615527,0.02739366625,0.01664163358,0.007814501708,0.002582611025,8.536488295e-05,0.000846609799,0.004198748631,0.01082984751,0.01983726925,0.03198817393,0.04639983445,0.06302537671,0.08101846895,0.1003546619,0.1210111324,0.1421811082,0.1638606144,0.1860462962,0.2071949222,0.2273331954,0.2464867253,0.2639238318,0.2804330577,0.2937938219,0.3062947804,0.3157366995,0.3229081885,0.3271161211,0.3291359224,0.3290013393,0.3260226324,0.3209570194,0.3138314432,0.3046707908,0.2942068654,0.2817460238,0.2680109931,0.2530114088,0.2374540761,0.2213391203,0.2053599058,0.1888174016,0.1724000316,0.1567879495,0.1412824096,0.1265604992,0.11329289,0.1001019544,0.08834088939,0.07731771272,0.06702357838,0.05812616576,0.05061483611,0.04380622337,0.03769457988,0.03294715524,0.02888575997,0.0248355113,0.02213624222,0.0201137167,0.01809582936,0.01742184993,0.01675057269,0.01608170763,0.01675539755,0.01743188781,0.01811147091,0.02013690105,0.02216814138,0.02487846416,0.0289440524,0.033023153,0.03779241096,0.04393256714,0.05077543817,0.05832739732,0.067274985,0.07763008706,0.08872334755,0.1005642886,0.113848932,0.1272182924,0.142057626,0.157693654,0.1734458664,0.1900175467,0.2067247251,0.2228743158,0.2391699151,0.2549130692,0.2701031704,0.2840272091,0.2966743711,0.307314551,0.3166458752,0.3239286314,0.3291359224,0.3322387449,0.33247039,0.3305253037,0.3263674966,0.3192110992,0.3097544767,0.2971978966,0.2837640387,0.2671356404,0.2495581962,0.2302322915,0.2098976442,0.1885274363,0.1660937112,0.1441602683,0.122730948,0.1018102239,0.08221725052,0.06397634785,0.04711351447,0.03248954254,0.02015399343,0.01100592739,0.004268244147,0.0008608703415,8.682779675e-05,0.002627626355,0.00795299988,0.01694145544,0.02789523339,0.04177917543,0.05776155118,0.07590509962,0.09534076149,0.1170533939,0.1382536949,0.1608548549,0.1829561646,0.2045439165,0.2246095638,0.244109786,0.2609959026,0.2762084966,0.2886531335,0.2982353267,0.3048557882,0.3084102383,0.3087892056,0.3058778188,0.3006691776,0.2908233995,0.2795907241,0.2646072436,0.2468998421,0.2287337841,0.2076903395,0.1860892775,0.1639093862,0.1411287285,0.1177246139,0.0962399678,0.07675711359,0.05672441622,0.04013472843,0.0271387039,0.01514169045,0.006982915591,0.001417145481
0.001369104154,0.006748137467,0.015967434,0.0275534309,0.04270073721,0.05998558151,0.07931944843,0.1006182626,0.1225764368,0.1463760755,0.1695560721,0.1933177197,0.2153103442,0.2367490673,0.2553841867,0.2735610594,0.2879740162,0.2998531125,0.3092890988,0.3142310021,0.316948436,0.3154296384,0.3108513701,0.3033164841,0.2919128537,0.2787647972,0.2619512583,0.2435439746,0.2235918595,0.2021412594,0.1792360476,0.1567955043,0.1338738479,0.1114031016,0.09027932486,0.07046142875,0.05191000956,0.03636099704,0.02285160057,0.01306737707,0.00518161142,0.0008562341706,8.490515496e-05,0.002526151282,0.007517045693,0.01657157531,0.02712935047,0.04160541205,0.05748502623,0.07634828088,0.09574116634,0.1172420847,0.1392393446,0.1617292138,0.1839324857,0.2058618437,0.2267636029,0.2466642597,0.2648325602,0.280554231,0.294626229,0.30633889,0.3157366995,0.322126245,0.3255587398,0.3260823171,0.3244663575,0.3193010517,0.3127883823,0.3028028939,0.2915215069,0.2782495117,0.26300763,0.2472193005,0.2301857,0.2119148038,0.1938026562,0.1751484872,0.156640699,0.1389586381,0.1220877653,0.1053303104,0.09072507246,0.07620777524,0.0631294965,0.05215197464,0.0419049102,0.03305407715,0.02558767482,0.01882287967,0.01409583074,0.0100546863,0.006694924597,0.004012618789,0.00267257649,0.001335230324,0.0006671826874,0.000666846512,6.666064905e-05,6.66462519e-05,6.664145354e-05,6.66462519e-05,6.666064905e-05,6.66846512e-05,6.671826874e-05,0.0006676151618,0.0006681441225,0.001337539596,0.002677969839,0.004021874521,0.006712300351,0.01008368554,0.01414055714,0.01888804408,0.02568365464,0.03318762023,0.042086331,0.05239284548,0.06343933638,0.07660386212,0.09122288082,0.1059387637,0.1228283895,0.1398418751,0.157681731,0.1763633071,0.1952030708,0.2135075777,0.2319826013,0.2492209367,0.2652134685,0.2806640031,0.2941358641,0.3056064242,0.3157752944,0.3224430055,0.3277535179,0.3294807255,0.3290464432,0.3256709559,0.3193030452,0.3098883195,0.2981257963,0.2839684224,0.2681326385,0.2498098777,0.2297215855,0.2086072468,0.1864391225,0.1639804834,0.1412182204,0.118942585,0.09715779082,0.07750027735,0.05836920859,0.04225751705,0.02756250088,0.01684100855,0.007641463947,0.002568702512,8.636019033e-05,0.0008711584717,0.005273446284,0.01330280379,0.02327000429,0.03703741768,0.0528909176,0.07181356963,0.09203827045,0.1136063235,0.1365607981,0.1599885797,0.1829387941,0.206376621,0.2283424176,0.2487900878,0.2676709559,0.2849336669,0.2984586244,0.3102072934,0.3180049308,0.3227815055,0.3244291246,0.3217402011,0.3167714178,0.3071956159,0.2951106157,0.2804212253,0.2618639321,0.2428259162,0.2209005165,0.1983940196,0.1740585403,0.1503062935,0.1259038864,0.1033794064,0.08151958922,0.06166720248,0.04391044351,0.02834217736,0.01642924984,0.006945309474,0.00140951352
0.00136192702,0.008055314764,0.01720737345,0.02871417998,0.04505124795,0.06347991959,0.08391339398,0.1062692449,0.1304692358,0.1552357653,0.1793573995,0.2040301797,0.2269167665,0.24922689,0.2698526786,0.2866255639,0.3018894014,0.314610483,0.3227283986,0.3285318866,0.3300003151,0.3272830073,0.3215496018,0.3129014881,0.3004304252,0.2852548067,0.2674612483,0.2471320701,0.2253083118,0.2020345855,0.1782964543,0.1541056024,0.1303976351,0.1071556616,0.08527040188,0.06470035851,0.04629603601,0.03087715793,0.01836030617,0.009532508423,0.002577224159,8.517456101e-05,0.0008446006419,0.005025817326,0.01246273292,0.02307858506,0.03598284357,0.05274852941,0.07087554404,0.09113765646,0.1126998039,0.1355400407,0.1580729003,0.18108872,0.2038127595,0.2262580088,0.2461509454,0.2650614744,0.2822616985,0.2962924089,0.3079589816,0.3165672879,0.3229081885,0.3255587398,0.3253076071,0.3222007845,0.3155608506,0.3068723365,0.2954485167,0.2820343591,0.2659450655,0.2486187704,0.2300650815,0.2102923884,0.1906998507,0.1698913023,0.1499452125,0.1301562483,0.111201621,0.09306586881,0.07641656521,0.06123398182,0.0481782898,0.03587356011,0.02565962598,0.0175174436,0.01075748021,0.006039330738,0.002679319876,0.0006687216485,6.677113054e-05,0.0006667985008,0.001331965677,0.003326319828,0.005317132558,0.007969384584,0.00995527762,0.01260366447,0.01458846396,0.01591125076,0.01657302624,0.01723718832,0.01657779996,0.01592041828,0.01460107384,0.01261819226,0.009969623546,0.007983167586,0.00532786271,0.003333992504,0.001335422611,0.0006687216485,6.69829969e-05,0.0006710367487,0.002689370052,0.006063730476,0.01080405305,0.01759835024,0.02578556356,0.03606001151,0.04844264402,0.0615877073,0.07688013301,0.09365740617,0.1119406655,0.1310590046,0.1510287139,0.1711682232,0.1921885132,0.2119950421,0.2319946316,0.250776143,0.2683300538,0.2846456019,0.2982698451,0.3098919905,0.3187577895,0.3255587398,0.3287926202,0.3291412223,0.3265555384,0.3202352299,0.3116169152,0.2998981253,0.2857789613,0.2684417053,0.2493618231,0.2292754181,0.2065903251,0.1836094738,0.1603194394,0.1375059378,0.1143673551,0.09251280542,0.07196568715,0.05357528674,0.03655734989,0.02345381419,0.01266900963,0.00511047366,0.0008590747195,8.665916748e-05,0.002622900882,0.009704249635,0.01869647608,0.03145156316,0.04717086062,0.06594194558,0.08693175676,0.1092748817,0.1330148151,0.1572438991,0.1819797903,0.2062677121,0.2300953386,0.2524554735,0.2733012563,0.2915672957,0.3071671915,0.3200100516,0.3289493587,0.3349111465,0.3377890572,0.3363828347,0.330535841,0.32231435,0.3093708533,0.2938133519,0.2766995265,0.2556240183,0.2328082801,0.2093877765,0.1841201365,0.1594038673,0.1340109426,0.1091854617,0.08624096035,0.06525949997,0.04632754391,0.02953615414,0.01770505126,0.008290680833,0.001402124552
0.001354982614,0.008014241069,0.01711963381,0.03116483743,0.04738276411,0.06694561257,0.08846973362,0.1118743235,0.1370827067,0.1628249194,0.1878967906,0.2134893132,0.2384299167,0.260467639,0.281956714,0.2995887145,0.314600267,0.327086166,0.3349964096,0.3395501817,0.3408648297,0.3369848605,0.3301308024,0.3204026216,0.3058961684,0.2897334124,0.2700106734,0.248775954,0.2251174211,0.200056286,0.175510214,0.1496029805,0.1251322914,0.101142137,0.07851806629,0.05900624971,0.04074536211,0.02633118571,0.01391747641,0.006035210734,0.0008546943354,8.474025967e-05,0.002520882181,0.008333651509,0.01818547279,0.03116123278,0.04637645483,0.06459023628,0.08493750218,0.1073758613,0.1302862688,0.1544490629,0.1782877159,0.2018161291,0.2250478919,0.2464701638,0.2661251926,0.2832998187,0.298046236,0.310413986,0.3189698913,0.3245194585,0.3271161211,0.3260823171,0.3222007845,0.3140747035,0.3039168301,0.2910408973,0.2747719048,0.2572721544,0.2378486433,0.2172204901,0.195395601,0.1730757777,0.1509510612,0.1297008424,0.1086200113,0.08906897539,0.07034175745,0.05378466966,0.03937108384,0.02707633442,0.01687768691,0.009427716863,0.004030861371,0.0006703124202,6.68914268e-05,0.001335230324,0.003998487213,0.007983742395,0.01395044017,0.02056535426,0.0278286549,0.03507920613,0.04298141846,0.05021541061,0.05678589229,0.0626969947,0.06729254358,0.07057595163,0.07254949288,0.07387389329,0.07257039014,0.07061661509,0.06735070947,0.06276926326,0.05686772288,0.05030225785,0.0430681564,0.0351601218,0.02790088034,0.02062466785,0.01399470524,0.008011381942,0.004013485608,0.00134062484,6.718102285e-05,0.0006734083474,0.004050644858,0.009476717046,0.01697029476,0.02723274413,0.03960992167,0.0541265312,0.07080924787,0.08968675273,0.1094048976,0.1306756876,0.1521294322,0.1744771033,0.1970343791,0.2191054062,0.2399816637,0.2596541339,0.277395786,0.2939047684,0.3069958037,0.3173479693,0.3256525143,0.329670561,0.3308110009,0.3282795392,0.3227586123,0.3141915543,0.3017601899,0.2869126365,0.2695966214,0.2497571253,0.2281148505,0.2046254083,0.1808215489,0.1566892199,0.1322140364,0.1089960237,0.08624393354,0.06560259533,0.04711690677,0.03166787573,0.01848646933,0.008474025967,0.002564083006,8.62172962e-05,0.0008698422753,0.006143943333,0.01417229987,0.02682102259,0.04151529942,0.06013856796,0.08004786291,0.1031424276,0.127643792,0.1526495832,0.1791359904,0.2042479623,0.2299003922,0.2541347679,0.275906348,0.2961450099,0.312755497,0.3276815974,0.3377280368,0.3448391253,0.3489099985,0.3476644348,0.3431006396,0.3350955252,0.3223967208,0.3071015831,0.2891106719,0.2671532936,0.24462035,0.2190952959,0.1928862864,0.1671967912,0.1408039422,0.1149443537,0.09092368248,0.06882234933,0.04872511162,0.03205696428,0.01761477399,0.008248407016,0.001394975181
0.002696535509,0.007974525056,0.01834516319,0.03230249424,0.04969648815,0.07038444692,0.09299081614,0.1174363888,0.1436460254,0.1703571735,0.1963727102,0.2228787709,0.2475634793,0.2716263875,0.2917370932,0.3102490285,0.3261300398,0.3373199256,0.345050968,0.349445493,0.3495797726,0.3445720304,0.3366308734,0.3248491585,0.310348485,0.2912494388,0.2706194897,0.2475431,0.223048612,0.1971780003,0.1709048171,0.1442385651,0.1190189916,0.09429418498,0.07184271806,0.05248660884,0.03525516621,0.02096055743,0.01038637939,0.003431601235,8.504587438e-05,0.0008432031407,0.005852908824,0.01409699942,0.02549799516,0.04079843117,0.05829047743,0.07873093099,0.1012604297,0.1250467486,0.1492831287,0.1747469059,0.1990955198,0.2231288811,0.2453323315,0.2665086889,0.2851760815,0.3006389523,0.3129624874,0.3229491456,0.3284352057,0.3309657194,0.3291359224,0.3244663575,0.3155608506,0.3039168301,0.288859292,0.27185358,0.2522156323,0.230678792,0.2079614576,0.184071032,0.1604025085,0.1362528502,0.1136857539,0.09130173144,0.07114240145,0.05317654684,0.03737499167,0.02371056395,0.01350895633,0.006061984374,0.00134352372,6.700711512e-05,0.001336961904,0.006002915098,0.01264638752,0.02192212027,0.03381871191,0.04634103555,0.06015232711,0.07525264646,0.09032457297,0.1053746862,0.1197515657,0.1334633092,0.1458604008,0.1562940701,0.1647718126,0.1706431023,0.1745684507,0.1758936593,0.1746187336,0.1707414211,0.1649142369,0.1564742246,0.1460705911,0.1336941332,0.1199932283,0.1056177494,0.09055899795,0.07546968647,0.06034319185,0.04650146724,0.0339455665,0.02201068869,0.01270113809,0.00603064036,0.00134352372,6.735538193e-05,0.001350895633,0.006097002158,0.01359090606,0.02386127102,0.03762338538,0.05354537633,0.07165647519,0.09198796486,0.1145732203,0.1373560353,0.1617478003,0.185668296,0.2098264504,0.2328145542,0.2546241166,0.2745286461,0.2917857181,0.3070842312,0.3189414469,0.3280368193,0.3328536165,0.3348004904,0.3323363557,0.3268792599,0.3168623127,0.3044728896,0.2888960166,0.2700628871,0.248675727,0.2262348336,0.2019250741,0.1772814664,0.1514919814,0.1269335418,0.1028179255,0.07996492509,0.05922115006,0.041461763,0.02592002479,0.01433445339,0.005953211207,0.0008579003088,8.655316155e-05,0.003493426238,0.01057654986,0.02135048495,0.03592135903,0.05349381648,0.07324245639,0.09615904339,0.1214077936,0.1471759237,0.174435453,0.2013093693,0.227787628,0.2528753573,0.2765284578,0.2976945848,0.3173076511,0.3322291517,0.3443776927,0.352603133,0.3578306334,0.357796215,0.3533984378,0.3455798788,0.3342122255,0.3180292287,0.2991392042,0.2785984637,0.2539910503,0.2287313099,0.2015872794,0.1749312875,0.1475454283,0.1206590519,0.09557016952,0.0723575871,0.05110438316,0.03322718773,0.01887574856,0.008207530551,0.002776124261
0.002683558746,0.009258840016,0.01956094203,0.03343292395,0.05199360292,0.0725473632,0.09624504104,0.1217408749,0.1489612476,0.1766508048,0.2036192692,0.2310481176,0.2566376135,0.2804561879,0.3014570177,0.319743749,0.3354154459,0.3464217442,0.3539889212,0.3561436786,0.3551453246,0.3500791811,0.3410835814,0.3282902849,0.3108348087,0.2918062662,0.269317165,0.2444346929,0.2181807685,0.191534628,0.1645058869,0.1371033375,0.1111572281,0.08752422411,0.06524099733,0.04515144376,0.02894554149,0.01564476539,0.006890930765,0.001707543527,8.463660104e-05,0.002517435972,0.009985272659,0.02063111655,0.03437942386,0.05197067966,0.07251245164,0.09434226137,0.1190233768,0.1441356365,0.1696765499,0.1956442015,0.2212662747,0.2450263166,0.2669696141,0.2863837884,0.3033245946,0.3170989253,0.3270292116,0.3331893021,0.3356489451,0.3344738946,0.3290013393,0.3193010517,0.3068723365,0.2910408973,0.27185358,0.2500601619,0.2270969336,0.2022724016,0.176996665,0.1512665763,0.1257695558,0.1011816292,0.07885421374,0.05806992455,0.04016540558,0.02510338095,0.01284922634,0.004719291926,0.0006721973026,6.703124202e-05,0.004011174506,0.0113363907,0.02195371086,0.03650794137,0.05365409414,0.07404429497,0.09568852315,0.1199068643,0.1447233762,0.1701459648,0.1948707976,0.2195665016,0.2429342149,0.2643334836,0.2831243928,0.2993201713,0.3122784807,0.3220084533,0.3278632967,0.3298463872,0.3279577349,0.3221939836,0.3125484059,0.2996651869,0.2835323856,0.2647906467,0.2434244643,0.2200729661,0.1953765578,0.1706366915,0.1451825868,0.1203219793,0.09604745247,0.07434344425,0.05388638121,0.03667655816,0.02206145978,0.01139531114,0.004033183816,6.741845608e-05,0.0006762750706,0.004749288287,0.01293462214,0.02527749657,0.04045564009,0.05850638421,0.0794697743,0.1020008565,0.126824382,0.1525791818,0.1785839664,0.2041451605,0.2292655518,0.2525207786,0.2746077217,0.2940741063,0.3101598529,0.3228146739,0.3327175133,0.3383493135,0.3396357798,0.3372440335,0.3311043223,0.3211427706,0.3072812652,0.2902030437,0.270607883,0.2484370813,0.2244109208,0.1984818601,0.1721871518,0.1463104562,0.1208540861,0.09582094062,0.07367019398,0.05281565838,0.0349484543,0.0209786331,0.01015639213,0.002561315291,8.613663457e-05,0.001738307266,0.007017100968,0.01593580368,0.02949250564,0.04601789103,0.06651211188,0.08925519284,0.1133882384,0.1398953901,0.1679043305,0.1955477543,0.2228163596,0.2496999929,0.2751976969,0.2982637344,0.31780488,0.3357484544,0.3489328699,0.3582386415,0.3635275448,0.3646544676,0.3625526179,0.3549045737,0.3437277434,0.3277620509,0.3091057478,0.2876549064,0.2633007792,0.2371151742,0.2090262668,0.1813939036,0.153004937,0.1250816607,0.09891465921,0.07458113805,0.05346657489,0.0343899772,0.0201266906,0.009529371564,0.002762764487
0.002671029034,0.009215609882,0.01946961071,0.03455670125,0.05301305701,0.07469858771,0.09948011532,0.1260193571,0.1530485035,0.1817262122,0.2096571284,0.2380182656,0.2633863578,0.2881152888,0.3089070447,0.3270000085,0.3424927184,0.3533443223,0.3597204136,0.3617789549,0.359670576,0.3535388582,0.3425132151,0.3287498996,0.3103687983,0.2894691599,0.2651669748,0.239477044,0.2124411536,0.1850332714,0.1572622919,0.1291363101,0.1033832619,0.07903268001,0.0569305274,0.03789111831,0.0226990974,0.01124624147,0.003429378278,8.497854471e-05,0.0008424142718,0.005846591095,0.01573619704,0.02874870392,0.04481046961,0.06466003142,0.08741059554,0.1122046587,0.1374224726,0.1646292793,0.1914541127,0.2179129551,0.2432540566,0.2667462356,0.2876774468,0.3061054985,0.3213380975,0.3326988931,0.3395261989,0.3426391598,0.3413761401,0.3358134098,0.3260226324,0.3127883823,0.2954485167,0.2747719048,0.2522156323,0.2270969336,0.2001438653,0.1727658777,0.1456525738,0.1187906975,0.09285502464,0.06919476022,0.04845659751,0.0305993606,0.01626218467,0.006753019354,0.001346234996,6.710367487e-05,0.004683411384,0.01334365375,0.0272817148,0.04646130732,0.06952656944,0.09645950136,0.1265862629,0.1598995918,0.1957382113,0.2327922472,0.2710714929,0.3092790711,0.3467786377,0.382284239,0.415817685,0.4467478097,0.4744434133,0.497621853,0.515649796,0.5291907694,0.5376035102,0.5402426651,0.5377583623,0.5294956711,0.51609551,0.4981954437,0.475127104,0.4475204573,0.416656819,0.3831660373,0.3476786539,0.3101710787,0.271931609,0.2335981691,0.1964724288,0.1605456084,0.1271342984,0.09690501241,0.06986780619,0.04670278812,0.02743140953,0.01342073497,0.004711822485,6.753019354e-05,0.001355182056,0.006799857911,0.01637969493,0.03082934861,0.04883486481,0.06975500263,0.09363379743,0.1198214958,0.1469587822,0.1743654475,0.2020551004,0.2293315898,0.2547708224,0.2776355595,0.29861365,0.3162303383,0.3297051609,0.339704349,0.3454310023,0.3468088908,0.3437570346,0.336941679,0.3255297425,0.3101877654,0.2915979227,0.2704593414,0.246711194,0.2210736037,0.1942869441,0.1671133215,0.13953618,0.1139633054,0.08880620341,0.06571132323,0.04555214933,0.02923295547,0.01600587116,0.00594849813,0.0008573445695,8.650954974e-05,0.003492168831,0.01145545437,0.02312802676,0.03861824137,0.05803972599,0.08059571127,0.1054582428,0.1317661175,0.1605110938,0.1889101782,0.2169547976,0.2446355526,0.2709568874,0.2958749096,0.3173284199,0.3362185107,0.3503954035,0.3617789549,0.3681596022,0.3704244104,0.3684227665,0.3619966649,0.3509804056,0.3352002776,0.316744801,0.2955106002,0.2702247433,0.2442683502,0.215224458,0.1866055864,0.1572031452,0.129477552,0.1022394671,0.07679266945,0.05451490998,0.03554592383,0.02003271775,0.009484878301,0.002749864957
0.002658940683,0.00917390254,0.02067359632,0.03567439247,0.05528614073,0.07807854834,0.1026976693,0.1290677497,0.1571169678,0.1867772678,0.2156652199,0.2426642737,0.270105379,0.2935073424,0.3152242954,0.3331409672,0.3473958635,0.3581212277,0.3633430388,0.3653310026,0.3621464473,0.3549815364,0.3429687587,0.327262067,0.307983315,0.2852484032,0.2601273827,0.2336443668,0.2049003342,0.1767536041,0.1482625945,0.1203464355,0.09388771272,0.07062869283,0.04958876591,0.03157922798,0.01738182112,0.006889442485,0.001706928922,8.459395495e-05,0.003354406936,0.01080881474,0.02226076005,0.03843068485,0.05758444623,0.07965465467,0.1045776593,0.1307090809,0.1580282053,0.1865158413,0.2146047855,0.2415425407,0.2665976374,0.2890581846,0.3089840889,0.3256836966,0.3384817046,0.3467178691,0.3504805155,0.3498530541,0.3449141093,0.3350156261,0.3209570194,0.3028028939,0.2820343591,0.2572721544,0.230678792,0.2022724016,0.1727658777,0.1435511499,0.1153042672,0.08800229445,0.06367729844,0.04228375664,0.02445834734,0.01083053377,0.002698097742,6.722457026e-05,0.003350355756,0.01202399674,0.02730726244,0.0484839136,0.07551316953,0.1083595703,0.1463337549,0.1887574466,0.2349624255,0.2849445656,0.3367414833,0.389712675,0.4438749727,0.4972935088,0.5493442262,0.5987558069,0.6449093925,0.6871858713,0.7236692295,0.7550341579,0.7800074489,0.7986068946,0.8095504827,0.8134917881,0.8097836668,0.7990670247,0.7806816665,0.7559044584,0.7247120638,0.688374355,0.6462108413,0.6001369307,0.5507699734,0.4987277784,0.4452833983,0.3910618521,0.3380046065,0.2860957814,0.2359796588,0.189629248,0.1470519617,0.1089227648,0.0759275102,0.04876398678,0.0274729172,0.01210042265,0.003372622177,6.769083604e-05,0.002717594148,0.0109119372,0.02464927682,0.04262611137,0.06421135837,0.08876592842,0.1163383128,0.1448802323,0.174415672,0.2042627819,0.2330157929,0.2599534278,0.2850557868,0.3061349687,0.3245823302,0.3388973217,0.3490109955,0.3541105742,0.354847853,0.3511394338,0.3428969767,0.3300270612,0.3131949322,0.2930818726,0.2703865348,0.245045917,0.2177801635,0.1893301233,0.1604588513,0.1327577578,0.1062473585,0.08094974044,0.05853755421,0.03907802253,0.02264224682,0.01099721414,0.003413857845,8.611803106e-05,0.001738182112,0.007017606217,0.01771027354,0.03218522711,0.05055492223,0.07202551822,0.09577211071,0.1227972408,0.1513254762,0.1804570313,0.2092537617,0.2386772353,0.2658072559,0.2915607506,0.3148894451,0.3346968772,0.3508614305,0.3632552583,0.3706939096,0.3740613417,0.3721330303,0.3668905424,0.3560050609,0.3414952349,0.3232223364,0.3010410565,0.2771182126,0.2490363571,0.2213920911,0.1917922636,0.1613820517,0.132609598,0.1055462687,0.08026738306,0.05685238987,0.03669561016,0.02127152547,0.009441952322,0.002737419817
0.002647288223,0.009133699111,0.02058299698,0.03678655604,0.05629485318,0.07897029009,0.1046820771,0.1321049905,0.1611686785,0.1906369482,0.2193377317,0.247298962,0.274547654,0.2988877256,0.3193296295,0.337100645,0.3512275247,0.3607838772,0.3659328249,0.3668299587,0.3626022172,0.3534258762,0.3404673051,0.3228658121,0.3027274576,0.2791684356,0.2532533699,0.2250555582,0.1965160592,0.1667169517,0.1384443528,0.1107418335,0.08448815997,0.06141801083,0.04143675236,0.02445398366,0.0121139533,0.003429625202,8.497242648e-05,0.00084223233,0.006679413372,0.01738387515,0.03119265914,0.04965953854,0.07186698596,0.09612797401,0.1231946642,0.1514312907,0.1808186028,0.2097848711,0.2383475495,0.2649919369,0.2897666659,0.3119628832,0.3301395192,0.3443826916,0.3547740901,0.3599190385,0.3606492205,0.3555916824,0.3462943794,0.3321097593,0.3138314432,0.2915215069,0.2659450655,0.2378486433,0.2079614576,0.176996665,0.1456525738,0.1153042672,0.08661478517,0.06092094215,0.03817528491,0.02037021949,0.00744063278,0.000673941898,0.0006715684203,0.00736229641,0.02134830886,0.04256463341,0.07161609582,0.1077841724,0.1510239792,0.2006392261,0.2566024971,0.3175824642,0.3829178262,0.4513046359,0.5227541816,0.5946807392,0.6671127483,0.738134891,0.8071363146,0.8728611509,0.933410632,0.98818015,1.036562251,1.077945741,1.11042584,1.13402634,1.148763288,1.153356334,1.14909418,1.134679727,1.111385662,1.07918825,1.038055976,0.9898892015,0.9352942859,0.8748745415,0.8092311256,0.7402637836,0.6692295127,0.5967395114,0.5247150417,0.4531279696,0.3845756094,0.3190492611,0.2578619034,0.2016820405,0.1518526476,0.1084068007,0.07205054241,0.04283517911,0.02149018945,0.007413360878,0.0006764211618,0.0006790073162,0.007498716678,0.02053514904,0.03849546008,0.06144957951,0.08739154427,0.116371823,0.1470434548,0.1787383296,0.2100683097,0.2403274862,0.268794129,0.2947294401,0.3173762684,0.3359577858,0.3504076605,0.3599190385,0.3651432702,0.3645089528,0.3594018856,0.3489754286,0.3346386692,0.3163054044,0.2938848426,0.2688354275,0.2418742349,0.2129502526,0.1835997899,0.1538047584,0.1251616048,0.09769089549,0.07305649115,0.0504960183,0.03172721352,0.01768687893,0.006797794118,0.0008574063005,8.652823783e-05,0.003493426238,0.01234286241,0.02492325077,0.04224407998,0.06263267634,0.08618390177,0.112997045,0.1413044045,0.1702100861,0.2006913497,0.2299034176,0.2587831493,0.2853462376,0.3095157319,0.3302007472,0.3483024114,0.3616633396,0.3711604367,0.3755961184,0.3747854684,0.3696183921,0.3599316786,0.3455542106,0.3274318333,0.3065595427,0.2816758238,0.253792747,0.2251621244,0.1957555769,0.1655437498,0.1357301861,0.1075857194,0.08118412368,0.05788967901,0.0378396106,0.02117830579,0.009400574201,0.002725423432
0.002636066395,0.009094981452,0.02177672998,0.03789374296,0.05730191364,0.08109289631,0.106662478,0.1351325897,0.1640256071,0.1933226224,0.2230060236,0.2507898469,0.2778655517,0.3020463308,0.3223467985,0.3399889994,0.352937504,0.3624151148,0.3664638201,0.3652749702,0.3600480651,0.349916692,0.3360414512,0.3175644998,0.2956097951,0.2712518417,0.2445668553,0.2156271216,0.1863647901,0.1567874491,0.1278148901,0.1003298066,0.07518001385,0.05229423144,0.03336004022,0.0182627426,0.007754530094,0.001707543527,8.461222921e-05,0.003354648462,0.01163942396,0.02472883583,0.04168637164,0.0632299101,0.08764376781,0.1140669154,0.1432497564,0.1735648535,0.2042149524,0.234427279,0.2626838875,0.2897979269,0.3135298583,0.3347094713,0.3511541561,0.362963803,0.3702330763,0.3723186491,0.3685901392,0.3598771235,0.3462662174,0.327838729,0.3046707908,0.2782495117,0.2486187704,0.2172204901,0.184071032,0.1512665763,0.1187906975,0.08800229445,0.06092094215,0.03680658135,0.01832791834,0.006085161099,6.735538193e-05,0.002013255195,0.01203698967,0.03065727587,0.05779468071,0.09403994898,0.1393235264,0.1935841673,0.2554554338,0.3255573542,0.40189662,0.4844608719,0.571941962,0.663047374,0.7564982771,0.8503804372,0.9440857844,1.035719527,1.124685206,1.207812019,1.285154962,1.355478495,1.416260762,1.468188809,1.509373484,1.53920278,1.557697075,1.56358365,1.558145757,1.540089617,1.510678146,1.469881137,1.418301647,1.357822787,1.287748447,1.210598026,1.127604171,1.038706698,0.9470813907,0.8533244363,0.7593359154,0.6657261779,0.5744180959,0.4866984189,0.4038691306,0.3272494256,0.2568571175,0.1947024296,0.1401687084,0.0946376777,0.05817878342,0.03086991299,0.01212396875,0.002028387033,6.788117903e-05,0.006134430224,0.01848163414,0.03712596797,0.06146727954,0.08881707233,0.1199250663,0.1527550543,0.1859358509,0.2194843477,0.2512822176,0.2813113985,0.3081121435,0.3316372688,0.3503791639,0.3642566311,0.3731831406,0.377066691,0.3750625242,0.3678043404,0.3559396942,0.3393686249,0.3179857586,0.294001208,0.266570663,0.2379644824,0.2073560009,0.176285233,0.1455368988,0.1159215018,0.08909440214,0.06429497316,0.04240075871,0.02515986347,0.01184571209,0.003415087055,8.616144549e-05,0.001739308819,0.007901062158,0.01861320102,0.03401000627,0.05332845574,0.07668893406,0.1023729815,0.1304553531,0.1600725357,0.190324401,0.2202718856,0.249906965,0.277254455,0.302238465,0.3247789986,0.3437747062,0.3580723652,0.3685460009,0.3740039702,0.3753293094,0.3712895739,0.3616840349,0.348514997,0.3305255554,0.3097992226,0.2850798652,0.2573752985,0.2289278258,0.1985133618,0.1684782324,0.1388408679,0.1096210522,0.08336623452,0.05892526936,0.03897849194,0.02240656436,0.00936072526,0.00271387039
0.002625270148,0.01035169387,0.02168754142,0.03773854573,0.05830782041,0.08198442112,0.1086398512,0.1357701078,0.1657042402,0.1960103254,0.2255271052,0.2531531586,0.2800750387,0.3030130037,0.3242912754,0.3407463631,0.3536158355,0.3609308111,0.3649629345,0.3627542242,0.3565476171,0.3454794079,0.3297144951,0.3103890149,0.287620172,0.2615193871,0.2340879642,0.205366534,0.1753934329,0.1451232899,0.1163807202,0.09001702414,0.06506742661,0.04413564042,0.02622900882,0.01299138993,0.004290428176,8.502750646e-05,0.001685313844,0.007517045693,0.01904359528,0.03447857932,0.05454015628,0.07831002297,0.1049019335,0.134254243,0.1655206821,0.1971004921,0.2289949566,0.2596647962,0.2883807948,0.3151936285,0.3378891408,0.3573090574,0.3712941922,0.3806969014,0.3848756549,0.3824723289,0.3750605569,0.3620088805,0.3441311131,0.3207930484,0.2942068654,0.26300763,0.2300650815,0.195395601,0.1604025085,0.1257695558,0.09285502464,0.06367729844,0.03817528491,0.01832791834,0.005408253243,6.733598637e-05,0.003353976095,0.01604007782,0.03796102181,0.0710194269,0.1144543688,0.1688424561,0.2334468465,0.3082038203,0.3924049251,0.4853574639,0.586383423,0.693519698,0.8061226457,0.9222655751,1.040686163,1.160133736,1.278080303,1.392655486,1.503280753,1.60745381,1.70331906,1.790301493,1.8659015,1.930174232,1.980608464,2.01788017,2.04009737,2.047911952,2.040685003,2.019042803,1.982320449,1.932399074,1.868590334,1.793397809,1.706756415,1.611161653,1.507182311,1.396672115,1.282135682,1.164150095,1.044589795,0.9259916566,0.8096126285,0.696722811,0.5892613958,0.48788009,0.3945580504,0.3099841968,0.2348630112,0.1699156382,0.1152150311,0.0715120136,0.03823532748,0.01616063673,0.003380158277,6.788117903e-05,0.00545361213,0.01848695761,0.03851763985,0.06426686096,0.09374172572,0.1270071407,0.1620275421,0.1974320011,0.2325297635,0.2659017935,0.2975300248,0.3245099526,0.3482186989,0.3664143303,0.3797341862,0.387349857,0.3898961056,0.3857739299,0.3763541993,0.3622827971,0.3426912363,0.3197652535,0.292647792,0.263582801,0.2325171486,0.2001897589,0.1681634048,0.1364370503,0.106638216,0.07962909985,0.05547482104,0.03507954657,0.01938110921,0.007652475581,0.001716171271,8.660926617e-05,0.00437150147,0.01324069213,0.02674003833,0.04500851207,0.06637337948,0.0918501835,0.1187849704,0.1481639834,0.1791199402,0.2097902775,0.2391992676,0.2673066279,0.2940696848,0.3174404994,0.3373021491,0.3535316592,0.3649629345,0.3714229858,0.3737921144,0.369768924,0.3623791769,0.3492913534,0.3325193687,0.3107907081,0.2873467178,0.259800668,0.2315158534,0.20127323,0.1702024335,0.1394958807,0.1116532731,0.08428275212,0.05995967334,0.03881885201,0.02231479625,0.01065415722,0.002702755489
0.002614894635,0.01031078222,0.02160182858,0.03884237648,0.05931306692,0.0828792168,0.1094128268,0.1376060393,0.1673904745,0.1963908999,0.225776067,0.2544040173,0.2800795615,0.3040104664,0.3240935462,0.3404703372,0.3522182858,0.3595043513,0.3614550815,0.3582585194,0.3511028159,0.3391268551,0.3224940848,0.3013601016,0.2778021317,0.2509442131,0.2227790401,0.1933464035,0.1626838291,0.133571277,0.1050531922,0.0789019102,0.05504433815,0.03516896711,0.01915858804,0.00776402745,0.001709388671,8.469146334e-05,0.004196632995,0.01331082143,0.02721543253,0.04578975217,0.06891927416,0.09488724083,0.1244276759,0.1558790447,0.1892039544,0.2220302877,0.2551514468,0.2862676016,0.3154318327,0.3411819672,0.362847007,0.3797725953,0.3913197134,0.397599717,0.3979864145,0.3925931222,0.380804139,0.3634512928,0.3406287295,0.3131347155,0.2817460238,0.2472193005,0.2102923884,0.1730757777,0.1362528502,0.1011816292,0.06919476022,0.04228375664,0.02037021949,0.006085161099,6.733598637e-05,0.004024191788,0.01803989131,0.04327018776,0.08092879292,0.130238626,0.1924196042,0.2673722304,0.3543538189,0.453293847,0.5628298669,0.6822731335,0.8103023534,0.945616659,1.08693362,1.231698903,1.37866807,1.525324272,1.670450085,1.811554534,1.946157788,2.073064801,2.189803481,2.295178157,2.387350428,2.465112623,2.526610793,2.571252966,2.598433168,2.608166994,2.599181625,2.572734434,2.528794728,2.467954069,2.390790689,2.299147654,2.194222578,2.077846649,1.951208772,1.816779331,1.675750462,1.530604913,1.383839479,1.236675138,1.091639331,0.9499841154,0.8142793214,0.6858192209,0.5659181137,0.4559123536,0.3565034447,0.269071679,0.1936984224,0.1311419537,0.08151358294,0.04359541104,0.01818071632,0.004056774066,6.790073162e-05,0.006137964674,0.02055289907,0.04267524495,0.06985552219,0.1021772664,0.1376332243,0.174879562,0.212545246,0.2499397276,0.2849284341,0.3167628856,0.344674714,0.367874296,0.3855493391,0.397599717,0.4031778865,0.4029021639,0.3966526288,0.3850590273,0.3680038048,0.3461305317,0.3200990878,0.2905870082,0.2590759542,0.2255102931,0.192224807,0.1584134444,0.1264871385,0.09648554921,0.07010035653,0.04658787501,0.02769777777,0.01355063413,0.004273471677,8.626697167e-05,0.001741689822,0.0079130176,0.01953186192,0.03586450464,0.05614911999,0.08050871488,0.1072234328,0.1363699271,0.1661403011,0.1975112247,0.2276434134,0.2564974327,0.2840314875,0.3082064653,0.329915577,0.3470310444,0.3593896239,0.3668198468,0.3701993995,0.3683075346,0.3609469929,0.3490084055,0.3323166226,0.3118137735,0.287351358,0.2610843729,0.2317714262,0.2016640231,0.1719344421,0.1413821934,0.1124476894,0.08520263228,0.06099339834,0.0399542811,0.0222266044,0.01061205018,0.002692073741
0.002604935212,0.01027151125,0.02278540915,0.03869443642,0.05908715956,0.08377772227,0.1101938625,0.1382636761,0.1679190341,0.1979445815,0.2271880276,0.2545564556,0.2801200083,0.3028525731,0.3228591619,0.3381069946,0.348769414,0.3550118257,0.3559632156,0.3528268418,0.3437351199,0.3308797822,0.3124236147,0.2914682552,0.2671348901,0.2395326447,0.2106459317,0.1805137194,0.1500935587,0.1212145059,0.09292471152,0.06788302232,0.0459903845,0.02715213901,0.01301292149,0.00429692021,8.514390368e-05,0.001687377931,0.00836129832,0.02071894395,0.03779217309,0.05946286884,0.08481131569,0.1137514359,0.1462018763,0.1797211086,0.2142922484,0.2491237464,0.2826785741,0.3142301999,0.3423138352,0.367012808,0.3876581388,0.4021108924,0.411240361,0.4144226533,0.4103179109,0.4005131601,0.384392614,0.362782553,0.3350630481,0.3034538509,0.2680109931,0.2301857,0.1906998507,0.1509510612,0.1136857539,0.07885421374,0.04845659751,0.02445834734,0.00744063278,6.735538193e-05,0.003353976095,0.01803989131,0.04526075533,0.08554760699,0.1407555629,0.2094321889,0.2934382479,0.3920048537,0.5043849025,0.629851899,0.7676988144,0.9172369751,1.075857661,1.242274309,1.415219193,1.591516259,1.769940039,1.947997415,2.122573994,2.292485533,2.454640203,2.606592003,2.746533251,2.872653348,2.982501398,3.074888315,3.147978469,3.201824702,3.233927111,3.245572406,3.234858616,3.203669485,3.150699497,3.078432628,2.986799294,2.877621584,2.752075847,2.612604515,2.461010883,2.299097408,2.129308971,1.95474134,1.776579115,1.597946206,1.421346165,1.248011918,1.081137975,0.9220042778,0.7719111768,0.6334903145,0.5074446658,0.3944964816,0.2953884347,0.2108847986,0.1417726601,0.0861905918,0.04561407489,0.01818595312,0.003382105809,6.793985371e-05,0.007507360177,0.02468479734,0.04891932441,0.07963014697,0.1148375014,0.1525242632,0.1927428139,0.2327186875,0.2710382619,0.3069698525,0.3390429236,0.367197418,0.38918253,0.4056207562,0.4156702392,0.4199494533,0.4168447555,0.4077082734,0.3931675535,0.3723360276,0.3473788472,0.3189715258,0.2870264786,0.2530284028,0.2177136636,0.1826431506,0.1486217342,0.1156674983,0.08626474292,0.06049931633,0.03846197227,0.02109222414,0.008514390368,0.001718768084,8.675280994e-05,0.004379377259,0.01326645707,0.02768912752,0.04691344659,0.06926543192,0.09484439599,0.1237542509,0.1532825307,0.1844021153,0.2152453791,0.2448333343,0.2731250468,0.2980898938,0.3196133571,0.3385917531,0.3518480339,0.3612583681,0.3645746744,0.3637050005,0.3574126508,0.3465857967,0.3310509188,0.3106261595,0.2873928549,0.261240814,0.2332208806,0.2032594212,0.1724773499,0.1420578769,0.1132503892,0.08612632623,0.06076109106,0.0398021061,0.0234444169,0.01057163177,0.002681820364
0.00259538743,0.01023386343,0.02270189455,0.038552611,0.06009705999,0.0834706546,0.1097899726,0.1389343123,0.1673035661,0.1972190619,0.226355323,0.2536234384,0.2790932938,0.3017425377,0.3195241195,0.3347423938,0.3443416152,0.3495615147,0.3495333925,0.345455246,0.335465512,0.3207571001,0.3024687301,0.2797519483,0.2546670313,0.2263431421,0.197693679,0.1668730718,0.1376166495,0.1089656142,0.08179761854,0.05784505055,0.03700992951,0.0200712981,0.008643483777,0.001712468341,8.483182859e-05,0.004202983104,0.01416210829,0.0289002049,0.04911346266,0.07385325841,0.1030100841,0.1348840254,0.1694159,0.2049793066,0.2415587998,0.2768205909,0.3108043737,0.3427866378,0.3705520848,0.3934493362,0.4115887494,0.4243346192,0.4303300493,0.4297121524,0.4218844158,0.4077043807,0.3872869004,0.3607399335,0.3288734991,0.2924749856,0.2530114088,0.2119148038,0.1698913023,0.1297008424,0.09130173144,0.05806992455,0.0305993606,0.01083053377,0.000673941898,0.002013255195,0.01604007782,0.04327018776,0.08554760699,0.144038941,0.2185895111,0.3097159568,0.4179413359,0.5431438846,0.6832671973,0.8395336824,1.008639552,1.190552827,1.383322848,1.58438565,1.791848982,2.003203473,2.21660201,2.428301995,2.635858108,2.836837394,3.028181056,3.208105948,3.372927666,3.521494975,3.650749539,3.759521363,3.845361724,3.908332999,3.946582585,3.959500766,3.947719364,3.910584847,3.848685552,3.763854827,3.656010405,3.527585379,3.379734347,3.215505946,3.036040283,2.845019261,2.644221747,2.436708725,2.224916523,2.011296694,1.799606514,1.591703346,1.390112203,1.196740678,1.014173956,0.84438335,0.687412119,0.5465961695,0.4207189687,0.311864129,0.220169035,0.1451215528,0.08621541827,0.04362052923,0.01617460555,0.002030725081,0.0006799857911,0.01093080933,0.03089156327,0.05864133832,0.09222670694,0.131052576,0.1717113439,0.2142467365,0.2558692526,0.2958637794,0.3327798552,0.3651299409,0.3921128822,0.4129036838,0.4273876216,0.4354428553,0.4361945986,0.4302413543,0.417438267,0.399155996,0.3760349212,0.3479588433,0.3155848836,0.2811593555,0.2454155561,0.2083120156,0.1722199844,0.1371560513,0.104775387,0.07514053274,0.0499839116,0.02942088173,0.01442141086,0.004281170853,8.643483777e-05,0.00174533027,0.008811887979,0.02046824866,0.03775274702,0.05902304102,0.08348743404,0.1112487145,0.1405405301,0.1704676384,0.2020103143,0.2313519573,0.2603776123,0.2861074134,0.3094293827,0.328233137,0.3433832449,0.3537106128,0.3579893011,0.3581212277,0.3528751219,0.3431368209,0.3276312579,0.3094876319,0.2863394835,0.2602832968,0.232366064,0.2025144213,0.1718451745,0.1427469166,0.1128352963,0.0858106503,0.06179960183,0.03965622078,0.02335848687,0.01053288392,0.002671990777
0.002586247036,0.01019782197,0.02262194338,0.03965608984,0.05988541113,0.08317668899,0.109403316,0.1384450157,0.166714359,0.196524499,0.2255581484,0.2516168824,0.277011137,0.298508892,0.3162547248,0.3303867082,0.3389444194,0.3431623272,0.3421739233,0.3361626477,0.3253033088,0.3097624178,0.2906739261,0.2671916336,0.2413678485,0.2132778174,0.1839265241,0.1533520735,0.1243330074,0.09591397708,0.06986532429,0.04699985596,0.02809873412,0.01391346875,0.004306521648,8.532186989e-05,0.001690661384,0.009213998432,0.02158341426,0.04031779447,0.06362264435,0.09138491693,0.1226956066,0.1574732581,0.1940632544,0.2316482548,0.2694377562,0.3058959172,0.3402984088,0.3719420322,0.3986361338,0.4204957925,0.436887433,0.445716376,0.4486059592,0.4442198425,0.4326994506,0.4134591275,0.3880669761,0.3573382434,0.3206524485,0.280910797,0.2374540761,0.1938026562,0.1499452125,0.1086200113,0.07114240145,0.04016540558,0.01626218467,0.002698097742,0.0006715684203,0.01203698967,0.03796102181,0.08092879292,0.1407555629,0.2185895111,0.3155761115,0.4315521922,0.5670241158,0.7212082408,0.8926986582,1.081413082,1.285996368,1.503836565,1.733001525,1.972227811,2.217719224,2.466992489,2.717588158,2.965797018,3.208567949,3.443498099,3.667559818,3.876468842,4.06910319,4.241178746,4.391559337,4.517833662,4.618204694,4.690855974,4.735207831,4.750656205,4.736571767,4.693558685,4.622196547,4.523041205,4.397887737,4.248513839,4.077314776,3.885410523,3.677078463,3.453429668,3.21874881,2.976064544,2.727781878,2.476959483,2.227320495,1.981336808,1.741507105,1.511652696,1.293052628,1.087659996,0.8981140593,0.7257923233,0.5707925509,0.4345454136,0.3178564589,0.2202324529,0.1418543446,0.08158404111,0.03827939996,0.01214143984,0.0006775910281,0.002723078344,0.01641747726,0.04056063713,0.0718631433,0.1097520419,0.1515515721,0.1959352809,0.2401361949,0.2841656011,0.3244611549,0.3616868541,0.3929026784,0.4187318188,0.4383437314,0.4501440221,0.4547195731,0.451920745,0.4430964965,0.4265947389,0.404534513,0.3775541547,0.3455325692,0.3106903957,0.2737396312,0.2354145677,0.197275289,0.1601257837,0.1247982639,0.09297777092,0.06475024279,0.04104417483,0.021978598,0.009385405687,0.001722608659,8.695917968e-05,0.004390427207,0.01418863576,0.02866269715,0.04795698854,0.07130863658,0.0979236132,0.1269746562,0.156655388,0.187942554,0.2179975061,0.2467802124,0.2732617507,0.2973631473,0.3169821964,0.332981191,0.3441959487,0.3504517916,0.3515653433,0.3473441723,0.3386719065,0.3242789103,0.3061709852,0.284203267,0.258224051,0.2315477209,0.2018012093,0.1712399729,0.1422441928,0.1124379148,0.08550844373,0.06158195699,0.04079128788,0.02327622333,0.01049578938,0.002662580603
0.002577509968,0.01016337087,0.02254552011,0.03952212044,0.0596831014,0.08289569478,0.1090337209,0.1368080103,0.1661511511,0.1947218597,0.2225481882,0.2496572621,0.2738842416,0.2942549857,0.3109126146,0.3239937972,0.3325864167,0.3347921213,0.3328742511,0.3259722123,0.3142594244,0.2979010633,0.2780265004,0.2537916682,0.227241238,0.1993900384,0.1693479223,0.1399443921,0.1111572281,0.08386665665,0.05891709967,0.03800313815,0.02100285653,0.008666540716,0.001716789203,8.503362866e-05,0.005054849567,0.01502651611,0.03143842224,0.05248207627,0.07885317682,0.1104198092,0.1446593481,0.1815128821,0.2209250034,0.2597238922,0.2987078463,0.3363470568,0.3711583335,0.40170205,0.4273302176,0.4474112879,0.461328856,0.4677449585,0.4668150207,0.457960294,0.4420546688,0.418512018,0.3881804925,0.3525909843,0.3118263286,0.2680634249,0.2213391203,0.1751484872,0.1301562483,0.08906897539,0.05317654684,0.02510338095,0.006753019354,6.722457026e-05,0.00736229641,0.03065727587,0.0710194269,0.130238626,0.2094321889,0.3097159568,0.4315521922,0.5754140244,0.7404870645,0.9259852879,1.132441043,1.357178964,1.598854338,1.855511394,2.125227816,2.40419912,2.690573,2.98125018,3.271893027,3.559462576,3.840938863,4.112054454,4.369818481,4.611244506,4.83271716,5.030618657,5.20383559,5.348725608,5.463512639,5.547024839,5.598064428,5.615405941,5.599676902,5.550220845,5.468235154,5.35489089,5.211334511,5.039319081,4.842469745,4.621881062,4.381159743,4.123914241,3.853126252,3.57178536,3.284165955,2.993294847,2.702221418,2.415303234,2.135658445,1.865155341,1.60762725,1.365018872,1.139310799,0.9318709568,0.745408332,0.5794050633,0.4346705807,0.3120438145,0.2110670818,0.1312931162,0.07161506508,0.03092330232,0.007428321289,6.784697553e-05,0.006817506005,0.02535040069,0.05371527707,0.08999724637,0.1315506092,0.1770758394,0.2238392155,0.2711693715,0.3155301985,0.3568818236,0.3930176093,0.4238491469,0.4478209823,0.4640677182,0.4731767881,0.4742559652,0.4678852822,0.4539006215,0.4336531659,0.4077632126,0.3768671532,0.3416188131,0.303477051,0.2639466801,0.2245816398,0.1845703381,0.1471384021,0.1123444445,0.08025070941,0.05342761285,0.03201404726,0.01530605316,0.00515036761,8.666540716e-05,0.001750238044,0.008837939105,0.02142439988,0.0387770563,0.06013423814,0.08562387148,0.1135189369,0.1429588954,0.1730456289,0.2038024002,0.2323368308,0.2595573621,0.2844246689,0.3048443837,0.3216766463,0.3337619917,0.3409271419,0.3429901762,0.340828605,0.3321186787,0.3188012573,0.3018078902,0.2809951871,0.2562129733,0.2284578328,0.1999501689,0.1706614762,0.1405622651,0.1120580679,0.0852195722,0.06137391585,0.04065348346,0.02319758971,0.01046033166,0.002653585658
0.00256917235,0.01013049483,0.02247259083,0.03816320487,0.05949004107,0.08262754736,0.1086810233,0.1363654697,0.1644635975,0.192956941,0.220707954,0.2466376844,0.2697223132,0.2889898609,0.3056469994,0.3176860532,0.3242360537,0.3265215685,0.3236801142,0.3158922778,0.3023388475,0.2851775277,0.2645304635,0.2405138227,0.2132380241,0.1846829096,0.1558154981,0.1266437857,0.09808317573,0.07190999432,0.04893876432,0.02907085672,0.01482889982,0.004319253282,8.556179039e-05,0.001695171311,0.009237246989,0.02246686348,0.04205718569,0.06702514656,0.09642448052,0.130950426,0.168090539,0.2077880679,0.2484223688,0.2899808955,0.3301383533,0.3674071844,0.4018637317,0.432072907,0.4566401125,0.4742084092,0.484931984,0.4882239888,0.4835094081,0.4709473318,0.4499691364,0.4221584177,0.3876347767,0.3472160956,0.3023982066,0.2546387762,0.2053599058,0.156640699,0.111201621,0.07034175745,0.03737499167,0.01284922634,0.001346234996,0.003350355756,0.02134830886,0.05779468071,0.1144543688,0.1924196042,0.2934382479,0.4179413359,0.5670241158,0.7404870645,0.9375060362,1.157932847,1.400997392,1.664674667,1.946980707,2.245331063,2.557819163,2.880663344,3.210126311,3.544408252,3.877938041,4.207709329,4.529474465,4.839635417,5.133977306,5.408921437,5.660889249,5.886923435,6.083428649,6.248045755,6.379018847,6.473940445,6.531624933,6.551480154,6.533506312,6.477670509,6.384532701,6.255247651,6.092195096,5.897104833,5.672313113,5.421397959,5.147301836,4.853593657,4.543846594,4.22227633,3.892484255,3.558728155,3.224024054,2.893968071,2.570372952,2.257001082,1.957663788,1.674290862,1.409496299,1.165292801,0.9437366894,0.7456230405,0.5711214221,0.4210826269,0.2957289183,0.193977549,0.1154142948,0.05829619015,0.02153975993,0.003381375353,0.001359090606,0.01297566399,0.03775363675,0.0710748546,0.1123929214,0.1583643896,0.2076795108,0.2575891766,0.3059900893,0.3514415254,0.3924650934,0.4275420478,0.4558386889,0.4772279531,0.4900986871,0.4950200635,0.4918238589,0.481086413,0.4633967417,0.4385923264,0.4080448339,0.3731657636,0.3354093812,0.2946956247,0.2525341273,0.2112881107,0.1709711377,0.1332329133,0.09813343328,0.0682326965,0.04282723604,0.0228848127,0.009411796943,0.001727701313,8.72288225e-05,0.00440467526,0.01512652715,0.02966287266,0.04994976542,0.07341668737,0.1001671059,0.1293717844,0.1592177246,0.188769813,0.2180196128,0.2459778676,0.2706180504,0.2918242947,0.3094747174,0.3234411764,0.3315105805,0.3345171023,0.3322713025,0.3256527537,0.31340204,0.2964076207,0.2767252011,0.253114105,0.2265687322,0.1981378619,0.1689281124,0.1401075803,0.1116955873,0.0849439076,0.06117538616,0.03925566747,0.02312255115,0.01042649503,0.002645001954
0.002561230492,0.01009917932,0.02240312328,0.0380452343,0.05809581524,0.08117832911,0.1071674034,0.1347820211,0.1628086657,0.1900974058,0.2177919354,0.2425675358,0.2645340739,0.2837965836,0.2993937793,0.3093631965,0.3159817315,0.3173232343,0.3125642039,0.3039187284,0.2905339366,0.2725724377,0.251154994,0.2263966987,0.199351731,0.1700933341,0.1414647465,0.1125292265,0.08601016742,0.06093454947,0.03902998736,0.02195529737,0.008695917968,0.001722360621,8.529730073e-05,0.005069793529,0.01506876987,0.0323518197,0.05508080247,0.08311502043,0.1163210363,0.1529706467,0.1929845371,0.2347126758,0.2781229701,0.3208605475,0.3614144346,0.3998463338,0.4339434995,0.4623096438,0.4850795928,0.5008996089,0.5091866146,0.5086388742,0.5001629246,0.4831940515,0.4578937077,0.4251260601,0.3857287562,0.3405144391,0.2916711139,0.2406374391,0.1888174016,0.1389586381,0.09306586881,0.05378466966,0.02371056395,0.004719291926,6.710367487e-05,0.01202399674,0.04256463341,0.09403994898,0.1688424561,0.2673722304,0.3920048537,0.5431438846,0.7212082408,0.9259852879,1.157932847,1.415595066,1.698197759,2.003078137,2.328261335,2.67117542,3.028655914,3.39758248,3.774241936,4.153698707,4.532949793,4.907129003,5.27140023,5.622204212,5.955365036,6.26608823,6.550207429,6.80479932,7.026925332,7.212379818,7.359429087,7.466309002,7.531845737,7.554206603,7.534015221,7.470610834,7.365790381,7.220693267,7.037051393,6.816568178,6.563425967,6.280541941,5.970821365,5.638419499,5.288126506,4.92411738,4.549952967,4.170480229,3.79058193,3.413274667,3.043520573,2.685058748,2.341036502,2.01464916,1.70849958,1.424592751,1.165628454,0.9324078691,0.7264196788,0.5472262112,0.3950649658,0.2695370369,0.1702585336,0.09485597429,0.04294635192,0.01213532209,6.774446842e-05,0.004765730223,0.02395077506,0.05434520993,0.09406288136,0.1404877535,0.1909501537,0.2434256114,0.2951355804,0.3446583134,0.3905353219,0.4305475354,0.4638666311,0.4896379967,0.5069791581,0.515719124,0.5164231973,0.5081647467,0.4922570239,0.4692852964,0.4406180235,0.40611335,0.3671848201,0.3260773416,0.2827263177,0.2386662446,0.1962917488,0.15563695,0.1183826202,0.08461245151,0.05608931006,0.03295365794,0.01535351413,0.005167081864,8.695917968e-05,0.00175642379,0.008870451674,0.02240240789,0.03983628807,0.06221127968,0.08783758771,0.1149531873,0.1445536248,0.1738573805,0.2038219374,0.2315400278,0.2569347739,0.2789254119,0.2973911843,0.3111814943,0.3201257542,0.3250935285,0.3238124208,0.3171211825,0.3069901598,0.291081043,0.2714022579,0.248937079,0.2235752803,0.1952015477,0.1672282559,0.1384806791,0.1101399831,0.08345406233,0.05974166209,0.03913431987,0.02305107443,0.01039426452,0.002636825691
0.002553680889,0.0100694105,0.02233708678,0.03793309037,0.05792456928,0.08093904404,0.1056773193,0.1332262422,0.1600424426,0.1872806721,0.2138091929,0.2374552136,0.2594126859,0.2776009596,0.2921599684,0.3021777171,0.3067867136,0.3072024229,0.3015573449,0.2920582394,0.2778539718,0.2591059191,0.2369308104,0.2114426927,0.1846339623,0.1565464237,0.1281414275,0.1003392545,0.07402152067,0.05092693158,0.03095506649,0.01488559501,0.005202171282,8.586418549e-05,0.001700917488,0.009267224206,0.02337121492,0.0430086106,0.06967265246,0.100743954,0.1369186646,0.1764757239,0.2193380462,0.2638624075,0.3084608203,0.3523698848,0.3940839229,0.432143644,0.4658881796,0.4939252342,0.5141568874,0.5274972151,0.5326298078,0.5282704024,0.515335701,0.4939937749,0.4644031285,0.4267129582,0.382474745,0.3331975068,0.2810479191,0.226752881,0.1724000316,0.1220877653,0.07641656521,0.03937108384,0.01350895633,0.0006721973026,0.004683411384,0.02730726244,0.07161609582,0.1393235264,0.2334468465,0.3543538189,0.5043849025,0.6832671973,0.8926986582,1.132441043,1.400997392,1.698197759,2.021979651,2.370328242,2.741273195,3.130981838,3.536310992,3.953530794,4.378326518,4.806428183,5.232976093,5.653773529,6.062770782,6.456447714,6.829418893,7.177556962,7.495486389,7.780318041,8.028522118,8.235925426,8.400194019,8.519581967,8.592927671,8.617786823,8.59540279,8.52449066,8.407454922,8.245418679,8.040091518,7.793774053,7.510612531,7.194113119,6.847143708,6.475069085,6.082008096,5.673346774,5.252605078,4.825846823,4.397281802,3.971790702,3.553667224,3.147254991,2.756314557,2.38402073,2.034245639,1.708991699,1.410308403,1.140295589,0.8991492829,0.6884027055,0.5083222883,0.3572228806,0.2354047594,0.1405324969,0.07225834707,0.02756008941,0.004728134714,0.0006788117903,0.01364581522,0.03978140667,0.07723521415,0.1234312318,0.1743473444,0.2293801783,0.2843862034,0.337252338,0.3872407625,0.4321546706,0.470460963,0.5005817468,0.5223587096,0.5356239229,0.5401995662,0.5351481293,0.5217645577,0.501377925,0.4730540476,0.4389168741,0.4003759133,0.3580989816,0.3135663043,0.2683069829,0.2230968829,0.1795517245,0.1393453049,0.1025589945,0.07094833102,0.04380869625,0.02381284483,0.009445060404,0.001734057094,8.75623236e-05,0.005306582827,0.01518873398,0.03159455151,0.05199397733,0.07559422344,0.1025006346,0.1309393916,0.1600106864,0.1887741417,0.2162462934,0.242383252,0.2651450228,0.2844119441,0.2990375744,0.3088526174,0.3147248888,0.3143895312,0.3097555109,0.2995728088,0.2847263903,0.2661479016,0.2436905131,0.2194867784,0.1923091843,0.1643869412,0.1368822068,0.1086085674,0.0832080692,0.05956556475,0.0390189657,0.022983128,0.01036362589,0.00262905326
0.002546520211,0.01004117526,0.02103698265,0.03782672366,0.05655876721,0.07952514356,0.1042100937,0.1305421864,0.1573137641,0.184505459,0.209878258,0.2335006333,0.253273451,0.2714784848,0.2839516574,0.2929890666,0.296655966,0.2961635663,0.2906545102,0.2793114012,0.2643018981,0.244780456,0.2228203843,0.1975529606,0.170025709,0.142169292,0.1139926747,0.08732325564,0.0630119169,0.04098368333,0.02293071232,0.009604847283,0.001729194692,8.562341706e-05,0.004240370027,0.01512202638,0.0324614837,0.05608432315,0.08582488279,0.1199056157,0.159825956,0.2022585624,0.2471491039,0.293663528,0.3402196825,0.3852870812,0.4273836539,0.4658313001,0.4984654003,0.524678675,0.5431367541,0.5540134406,0.5552788394,0.5471340582,0.5304910689,0.5040812752,0.4695130802,0.427640471,0.3785874855,0.3252681858,0.2691329019,0.2122872629,0.1567879495,0.1053303104,0.06123398182,0.02707633442,0.006061984374,6.703124202e-05,0.01334365375,0.0484839136,0.1077841724,0.1935841673,0.3082038203,0.453293847,0.629851899,0.8395336824,1.081413082,1.357178964,1.664674667,2.003078137,2.370328242,2.764413524,3.182734615,3.621476324,4.076881247,4.543984208,5.019762552,5.498091573,5.974151677,6.443158521,6.899107329,7.336644455,7.751054681,8.137627969,8.49103111,8.807165855,9.081916086,9.312382096,9.495012466,9.627459852,9.707955552,9.735926051,9.710751845,9.633006866,9.503219702,9.323116142,9.095003466,8.822397794,8.508166295,8.156398679,7.771171474,7.357804447,6.920998358,6.465464599,5.996560825,5.520304629,5.041494834,4.564971204,4.0968906,3.640298803,3.200198276,2.780382492,2.384707426,2.015809932,1.675738074,1.36659228,1.089227354,0.8458437058,0.6347687192,0.4569639867,0.3107887181,0.1952639808,0.108750778,0.04893280667,0.01347107639,6.769083604e-05,0.006123398182,0.02735852219,0.06188998008,0.1064893762,0.1585589189,0.2147469528,0.2723296597,0.3292265215,0.3833050639,0.4330940117,0.4756375707,0.5108037754,0.5377206152,0.5547501606,0.5631704869,0.562048951,0.5511732221,0.5325953952,0.5061323415,0.4731325357,0.4342073117,0.3915513707,0.3458508227,0.2986100822,0.2513845439,0.205783962,0.1626585874,0.1220658798,0.08739630227,0.0571276552,0.03307488621,0.01541221507,0.00432298673,8.731679348e-05,0.001763900948,0.009800446014,0.02340442628,0.04184239333,0.06435070345,0.08920426167,0.1164817012,0.1453153989,0.173838317,0.2020410113,0.2279481054,0.2504856694,0.2705400112,0.2859861242,0.2976860214,0.3034157237,0.3040077224,0.300336434,0.2911562321,0.2784467646,0.2598492718,0.2396320901,0.2154514596,0.1894594564,0.1615841902,0.1341244959,0.1071006443,0.08175453178,0.05816106969,0.03890955413,0.02164542179,0.01033456565,0.002621681233
0.002539745309,0.01001446117,0.02098101471,0.03650911682,0.05640829517,0.07812978589,0.1027650627,0.1278905506,0.154621394,0.1806484701,0.2048898359,0.2274127625,0.2472022005,0.2643604122,0.2758267986,0.2838904484,0.286620891,0.2852252711,0.2778446459,0.2666721505,0.2508597625,0.2315352606,0.2088172957,0.1828186746,0.1564571915,0.128816712,0.1017703521,0.07620456906,0.05207097199,0.03198885503,0.01671247761,0.005225069466,8.622971238e-05,0.001707912397,0.008458177429,0.02262269237,0.04316682853,0.07074146688,0.1027158595,0.1405950711,0.1834310096,0.2287224143,0.2764170696,0.3249040421,0.3726262452,0.4188456262,0.4613223694,0.4986418776,0.5309327097,0.5553357256,0.5720324223,0.5797256326,0.5778798733,0.5659692643,0.544196285,0.5134672209,0.4746590691,0.4279150136,0.3747729824,0.3174264197,0.2580131307,0.1986191364,0.1412824096,0.09072507246,0.0481782898,0.01687768691,0.00134352372,0.004011174506,0.0272817148,0.07551316953,0.1510239792,0.2554554338,0.3924049251,0.5628298669,0.7676988144,1.008639552,1.285996368,1.598854338,1.946980707,2.328261335,2.741273195,3.182734615,3.650059171,4.139449367,4.645907626,5.165757384,5.693487946,6.223644214,6.750818413,7.26901841,7.7729095,8.256557785,8.714047009,9.140090068,9.530017368,9.877908872,10.18092299,10.43433197,10.63523075,10.78067352,10.86952378,10.90059615,10.87265465,10.78688497,10.64442356,10.44635924,10.19559408,9.894992655,9.549249262,9.161173114,8.736663116,8.280370945,7.797573123,7.294183598,6.776140852,6.248788605,5.718137018,5.189616122,4.668709763,4.16096399,3.670087041,3.201120065,2.757902652,2.343060032,1.959920316,1.609943901,1.295288955,1.016220593,0.7736917106,0.5673868762,0.3956960155,0.2576721311,0.1523783583,0.07621231562,0.02754223625,0.004050644858,0.001357134924,0.01705358505,0.04869442273,0.09172342065,0.142878239,0.2009204591,0.261077808,0.3212893254,0.3794430283,0.4333720555,0.4808506856,0.5203148934,0.5516126063,0.5738475527,0.5860927276,0.5881340772,0.5804964421,0.563715021,0.5390990334,0.5064573719,0.4686878967,0.425655536,0.3787937621,0.3303768207,0.2811540801,0.2327090832,0.1866819986,0.1431280842,0.104596546,0.07205746457,0.04398252263,0.02305681736,0.008622971238,0.001741689822,8.796040847e-05,0.005331475839,0.01705773221,0.03265910103,0.05317730109,0.07784607055,0.1039925045,0.1316673356,0.159965543,0.1869719887,0.2136227665,0.236931762,0.2567806114,0.2730448324,0.284566261,0.2922095824,0.2937239572,0.2910096473,0.282825225,0.271145986,0.2536203914,0.2333843588,0.2103305727,0.1854989068,0.1588187332,0.1314000944,0.1056155314,0.080320057,0.0580063348,0.03755422938,0.02158783513,0.01030707101,0.002614706369
0.002533353209,0.009989256497,0.02092820912,0.03641722967,0.05506916937,0.07675234144,0.1013415751,0.1264194049,0.1519641174,0.1768361604,0.1999552627,0.2224780883,0.2411961916,0.2562520568,0.2677817194,0.2748777489,0.2766769507,0.2743825895,0.2661395865,0.2541347679,0.2375214813,0.2174239264,0.1949152049,0.1691304701,0.1429802552,0.1155508116,0.08962516162,0.06515380741,0.04298476001,0.02481760136,0.01140607355,0.002605959434,8.601268708e-05,0.00425903469,0.01434271242,0.03175921067,0.05547881537,0.08615301623,0.1219730255,0.1628087698,0.2077381214,0.2558729281,0.306357084,0.356027514,0.4056890121,0.4522880069,0.4951487714,0.532105845,0.5633048453,0.5859103042,0.6001188585,0.6046513494,0.5989875566,0.5833388829,0.5579051545,0.5221616099,0.4784258878,0.4268380254,0.3696294093,0.3089727811,0.2462943473,0.1843609653,0.1265604992,0.07620777524,0.03587356011,0.009427716863,6.700711512e-05,0.0113363907,0.04646130732,0.1083595703,0.2006392261,0.3255573542,0.4853574639,0.6822731335,0.9172369751,1.190552827,1.503836565,1.855511394,2.245331063,2.67117542,3.130981838,3.621476324,4.139449367,4.680491863,5.240261183,5.813221209,6.394524774,6.977502825,7.556788864,8.126432822,8.679276706,9.209434878,9.710417649,10.17698209,10.60388036,10.98461657,11.31576391,11.59262867,11.81233099,11.97194615,12.06911687,12.10266579,12.07259328,11.97884398,11.82254125,11.60599108,11.33207035,11.00361439,10.62527935,10.20045689,9.735619699,9.23599628,8.706816254,8.15456636,7.585134511,7.005692909,6.422208876,5.840070345,5.265980411,4.704818534,4.16216252,3.642396219,3.149975395,2.688153718,2.260253504,1.868381116,1.514703262,1.199501147,0.9243972128,0.6877972273,0.4894281449,0.3283823562,0.2024385533,0.109362828,0.04690498058,0.01144794191,6.768596248e-05,0.009525971906,0.03625787275,0.07704637358,0.12799004,0.1864970841,0.249219829,0.3127328107,0.3742353611,0.4322813328,0.48466664,0.5291252321,0.5655083007,0.5914589563,0.6075003943,0.613421321,0.6089984564,0.5947509303,0.5719690877,0.5404458388,0.503054375,0.4596416483,0.4124037669,0.3620245454,0.311607182,0.2603328349,0.2114199108,0.1657419931,0.1242063031,0.08775571371,0.0565271607,0.03236866364,0.0146221568,0.004343265723,8.77390273e-05,0.002659028717,0.01164170584,0.02533759177,0.04389803834,0.0665572675,0.09158212422,0.1181078702,0.1461864037,0.1729728126,0.1994007497,0.2224915283,0.243127517,0.2602078432,0.2725780329,0.2811013961,0.2835335852,0.2817709338,0.2745760217,0.2628295063,0.2474584466,0.2283201059,0.2052649646,0.1815842361,0.1560893225,0.1298885778,0.1041525595,0.07890399761,0.05662927174,0.03745971187,0.02153350227,0.01028112989,0.002608125604
0.002527341107,0.008719856423,0.02087854272,0.03511977821,0.05374416555,0.07539219137,0.09877691069,0.1238263091,0.1482093716,0.1730668161,0.1961744224,0.2165101543,0.2341785097,0.2492793456,0.2598127995,0.2649120987,0.2668196684,0.2626205605,0.2545283357,0.2416936062,0.2242810454,0.2043754816,0.1811078474,0.1564750249,0.1295888254,0.1032878236,0.07846399991,0.05506875457,0.03484223393,0.01856902855,0.007002464547,0.0008665916748,0.0008580856353,0.007648069024,0.02104216851,0.04168926364,0.06939046196,0.1023197139,0.1419641552,0.1857404621,0.23354931,0.2845066578,0.336193048,0.3886024035,0.4386461527,0.4863940933,0.5288781337,0.5654796309,0.5948491294,0.6164162207,0.6274143391,0.6288074021,0.6200746148,0.5999828457,0.5701912377,0.5301737812,0.4815330794,0.4258250621,0.3645618463,0.299908735,0.2346667074,0.1708840951,0.11329289,0.0631294965,0.02565962598,0.004030861371,0.001336961904,0.02195371086,0.06952656944,0.1463337549,0.2566024971,0.40189662,0.586383423,0.8103023534,1.075857661,1.383322848,1.733001525,2.125227816,2.557819163,3.028655914,3.536310992,4.076881247,4.645907626,5.240261183,5.85373561,6.480828181,7.116723858,7.754167804,8.385966517,9.006838417,9.609671826,10.18676715,10.73230183,11.24045717,11.70417632,12.11824151,12.47802611,12.77948537,13.01791789,13.19103602,13.29649765,13.33313308,13.30032759,13.19863625,13.02917024,12.79421582,12.49600741,12.13919993,11.72779574,11.26638504,10.76015604,10.21614732,9.64016354,9.038019901,8.417422424,7.785495723,7.147534608,6.510760749,5.882465774,5.267497232,4.671399715,4.100431844,3.557763407,3.047906399,2.574818396,2.139968275,1.745524164,1.393720048,1.084256141,0.8168630487,0.5913014063,0.4053840508,0.2589037015,0.1476886003,0.07019049996,0.02216973754,0.001350506631,0.004072870742,0.02593451698,0.06382418008,0.1145725689,0.1728640625,0.2374540761,0.3035584601,0.3691046512,0.4312554516,0.4878143629,0.5372442549,0.577961819,0.6083346029,0.6288871427,0.6379277375,0.6366978119,0.6257171415,0.6039985573,0.5743427108,0.5373222643,0.4943022573,0.4459063969,0.3951481358,0.3419544505,0.2894656552,0.237688557,0.1890868312,0.1445634624,0.1042231591,0.07070168618,0.04248927236,0.02145214088,0.007799325073,0.0008753080683,0.0008842394549,0.007147124909,0.01895809584,0.03558251159,0.05625497534,0.0801772589,0.1055735108,0.1324946883,0.1600298582,0.1852756462,0.2091389572,0.2295745773,0.2474693743,0.2606858829,0.2690513503,0.2734320188,0.2715553723,0.2664049101,0.2556778204,0.2402585623,0.2221954607,0.2013837262,0.1777136844,0.1522326506,0.1272243229,0.1015167572,0.07750571743,0.05526673074,0.03612511947,0.02148239941,0.008974639555,0.002601936054
0.002521706372,0.008700415408,0.01960658238,0.03504147828,0.05362434235,0.07404872703,0.09623770563,0.1212622696,0.1444923966,0.1682246789,0.1902388177,0.2105996173,0.2282973142,0.2413147873,0.2508711716,0.2560614282,0.2560246074,0.2519567741,0.2430056876,0.2293430866,0.2121054775,0.1914153067,0.1683401031,0.1429588954,0.1172071088,0.09201566272,0.06827534613,0.04593844078,0.02763336247,0.01235175247,0.003493426238,8.646595992e-05,0.002568517572,0.01271836262,0.02939335666,0.05324328572,0.08324775324,0.120059711,0.1626924374,0.209394709,0.2600694718,0.3130481161,0.3675022048,0.4210813071,0.4722816632,0.5204106864,0.5625256135,0.5987782339,0.6270763374,0.6453869423,0.6546711516,0.6529394126,0.6397016042,0.6159137883,0.581785015,0.5375124255,0.4839870989,0.4241745655,0.3588711908,0.2909278606,0.2231249971,0.1581775813,0.1001019544,0.05215197464,0.0175174436,0.0006703124202,0.006002915098,0.03650794137,0.09645950136,0.1887574466,0.3175824642,0.4844608719,0.693519698,0.945616659,1.242274309,1.58438565,1.972227811,2.40419912,2.880663344,3.39758248,3.953530794,4.543984208,5.165757384,5.813221209,6.480828181,7.163727597,7.85401597,8.545108534,9.231096118,9.90363467,10.55628221,11.18076986,11.77131951,12.32030701,12.82133879,13.26923579,13.65817668,13.98292001,14.24063622,14.42782845,14.54155591,14.58127028,14.54574448,14.43614127,14.25294545,13.99903761,13.67785862,13.29218485,12.84721268,12.34872572,11.80187034,11.21301689,10.58977754,9.937920844,9.265722121,8.579631964,7.888018712,7.196814227,6.512636118,5.843435195,5.194101888,4.570233081,3.977514201,3.419177905,2.899808196,2.420874508,1.986479094,1.596294059,1.251971889,0.9532729403,0.6993362305,0.4886647484,0.3204305353,0.1905050759,0.0973806227,0.03686718311,0.006063730476,0.000677298372,0.01770510758,0.05272586043,0.1012326376,0.1600103233,0.2257752735,0.2944682934,0.3633430845,0.4295839068,0.4903003935,0.5446807684,0.5897135966,0.6244873041,0.6487930717,0.662409763,0.664357927,0.6551249937,0.6367214549,0.6081632215,0.5715069638,0.5288719179,0.4800986251,0.4281741235,0.3738001582,0.3185045957,0.2646787415,0.2131672419,0.1656712713,0.1222931719,0.08482082923,0.05426501384,0.02996603834,0.01296989399,0.002620069678,8.822680333e-05,0.003565595158,0.01261055237,0.0282204764,0.04692798799,0.06976613618,0.09405190489,0.1198353276,0.1462066664,0.1722140804,0.1958767134,0.2171116389,0.2348237134,0.2488844789,0.2581264397,0.2623694336,0.2624827511,0.2572364104,0.2475088286,0.2342246715,0.2161297199,0.1952905048,0.1727415351,0.148414775,0.1245899217,0.09890712033,0.07612459074,0.05514351295,0.03604457812,0.02017365098,0.008954630498,0.002596135009
0.002516446542,0.008682267893,0.01956568655,0.03376258152,0.05232332506,0.0727213496,0.094879899,0.1175845456,0.1419380267,0.1645385513,0.1854526027,0.2047438404,0.2214036302,0.2334181138,0.2420029691,0.2462541605,0.2463295687,0.2413739877,0.2315664972,0.2170776937,0.2000118855,0.1794974928,0.1556508023,0.1313980211,0.105823337,0.08172312367,0.05814010534,0.03775274702,0.02045940828,0.008804277796,0.001743069787,8.628560735e-05,0.005980706905,0.01861469043,0.03855069082,0.06558509606,0.09870191676,0.1385549587,0.1841617141,0.2337767092,0.2873051339,0.3422969566,0.398727495,0.4534787511,0.5058378473,0.5535915282,0.5961062627,0.6312668276,0.6577636591,0.6743225142,0.6804350386,0.6756021426,0.6593329312,0.631143669,0.5926964732,0.5434770204,0.486497833,0.4218905078,0.353254963,0.2820261502,0.2123512834,0.1462311573,0.08834088939,0.0419049102,0.01075748021,6.68914268e-05,0.01264638752,0.05365409414,0.1265862629,0.2349624255,0.3829178262,0.571941962,0.8061226457,1.08693362,1.415219193,1.791848982,2.217719224,2.690573,3.210126311,3.774241936,4.378326518,5.019762552,5.693487946,6.394524774,7.116723858,7.85401597,8.599160217,9.344366864,10.08376733,10.80844474,11.51014968,12.18251473,12.81733933,13.40766328,13.94652079,14.42754373,14.84494939,15.1941423,15.47047833,15.67109528,15.79368049,15.83585431,15.79822972,15.68012443,15.4838506,15.21165604,14.86634151,14.45249608,13.97466533,13.43859015,12.85060497,12.21765094,11.54667165,10.84586335,10.12159172,9.38211941,8.636388945,7.890290788,7.151652774,6.427760062,5.724728108,5.048759816,4.404886874,3.798231452,3.23146077,2.709234661,2.233744424,1.805316708,1.426266835,1.095734089,0.8128835764,0.5769049498,0.3863518231,0.2371378482,0.1277950739,0.05418205571,0.01277450775,6.758856484e-05,0.01087272485,0.04236603621,0.08933872763,0.1479254808,0.2148735897,0.2854582541,0.3576568729,0.4272707214,0.4928438784,0.550724908,0.6007737564,0.6399291846,0.6687034,0.6854011973,0.6905030268,0.6844971658,0.6678807811,0.6411610271,0.6056237656,0.562592239,0.5142102138,0.4611172795,0.405560562,0.3482632484,0.2923971074,0.2379885173,0.1875336418,0.1411324852,0.1005670195,0.06684366108,0.03930178824,0.01898283362,0.006100744254,8.804277796e-05,0.001779078981,0.008988749291,0.02089410035,0.03856596847,0.05940959272,0.08353159915,0.1081962894,0.1343831497,0.1592327632,0.1836811255,0.2047326112,0.2222652137,0.2371685517,0.2472845127,0.2524341316,0.2524295438,0.2481431991,0.2394094641,0.2271520045,0.210120177,0.1903771945,0.1689564344,0.1457910643,0.1208112743,0.09751165124,0.07476000194,0.05380563801,0.03472907157,0.02013157234,0.008935952736,0.002590719935
0.002511559322,0.00866540596,0.0195276878,0.03369701082,0.05103485033,0.07140946958,0.09238598209,0.1150774224,0.1382894537,0.1597806478,0.1807115471,0.1989402207,0.2145686066,0.2266399538,0.2342453396,0.2375490988,0.2367079439,0.2308674953,0.2202056771,0.2058723166,0.1879948902,0.1676527033,0.1439815468,0.1199020174,0.09542662349,0.07148341396,0.04986711706,0.03050239326,0.01509280239,0.005272307343,8.698422753e-05,0.001722360621,0.01023272864,0.02533437084,0.04851299179,0.07871498273,0.1149285977,0.1578085805,0.2063764788,0.2588922985,0.3144713277,0.3714759082,0.429104051,0.485809164,0.5385635568,0.5867161683,0.6288809851,0.6629645861,0.6876767299,0.7024986835,0.7054584803,0.6975414287,0.6775342485,0.6456837812,0.6022231051,0.549493516,0.4876610447,0.4196745618,0.3470166363,0.2731996468,0.2016505786,0.1350352228,0.07731771272,0.03305407715,0.006039330738,0.001335230324,0.02192212027,0.07404429497,0.1598995918,0.2849445656,0.4513046359,0.663047374,0.9222655751,1.231698903,1.591516259,2.003203473,2.466992489,2.98125018,3.544408252,4.153698707,4.806428183,5.498091573,6.223644214,6.977502825,7.754167804,8.545108534,9.344366864,10.14418905,10.93626865,11.71174007,12.46301774,13.18254493,13.86094015,14.49190325,15.06789726,15.58136866,16.02779598,16.40016619,16.69569801,16.91032537,17.04052739,17.08576778,17.04543577,16.92006852,16.71012932,16.41907006,16.05089263,15.60831654,15.09830478,14.52533109,13.89691431,13.22056538,12.50256319,11.75228586,10.97729079,10.18517298,9.384821849,8.584575255,7.792225298,7.013768118,6.257793342,5.529851962,4.835585543,4.180100093,3.567964344,3.001927962,2.484818933,2.018259761,1.603940131,1.241671478,0.9300005937,0.6688009229,0.4553519239,0.2875827528,0.161426522,0.07477289813,0.02214421271,0.001349146006,0.006104029952,0.03341780767,0.0781910407,0.1365998234,0.2040457821,0.2765243369,0.3513408103,0.4250265162,0.4940222635,0.5568216404,0.6104302175,0.6546716951,0.6871633952,0.7076586948,0.7158967253,0.7130984769,0.6982539475,0.6733556025,0.638921773,0.5962554446,0.5474775823,0.4939922754,0.4364576866,0.3779507938,0.3200447738,0.2635565983,0.2101551501,0.1607442805,0.117100325,0.08022550768,0.04945818841,0.02583540932,0.0104381073,0.001757435781,8.878119056e-05,0.005382775282,0.01541347255,0.03115943685,0.050955964,0.07306529184,0.09756644292,0.1226259773,0.1472949655,0.1715602638,0.1924319881,0.2107920609,0.2255328908,0.2365207478,0.2425740627,0.2435061829,0.2401887387,0.2324573231,0.220139521,0.204164161,0.1855102427,0.1640707805,0.1420434475,0.1182353513,0.09494855876,0.073411345,0.05248066097,0.03466162384,0.02009247458,0.008918598118,0.002585688467
0.002507042582,0.008649822258,0.01949256958,0.03243511037,0.04975834767,0.0689439646,0.09106708894,0.1125958066,0.1346739088,0.1561705242,0.1760135514,0.1942654406,0.2077892162,0.2188666638,0.2265495503,0.2289098814,0.2271554706,0.220432642,0.2099083272,0.1947376851,0.1770164695,0.155875689,0.1333216346,0.1094008389,0.08600695084,0.06312160652,0.0416320382,0.0241789275,0.01063458338,0.002631412863,8.682779675e-05,0.004298157902,0.01532148944,0.03371841333,0.05927979368,0.09180684185,0.1319301992,0.1770123822,0.2285371689,0.283152724,0.3415801023,0.4005979131,0.4594272665,0.5173159245,0.570477782,0.6190406732,0.6601160256,0.6931430202,0.716833158,0.7291964379,0.7297568542,0.7180459517,0.6943220613,0.6588294236,0.6117985906,0.5548586607,0.4888882982,0.4168287131,0.3415430722,0.2651330983,0.1910181415,0.1239000647,0.06702357838,0.02558767482,0.002679319876,0.003998487213,0.03381871191,0.09568852315,0.1957382113,0.3367414833,0.5227541816,0.7564982771,1.040686163,1.37866807,1.769940039,2.21660201,2.717588158,3.271893027,3.877938041,4.532949793,5.232976093,5.974151677,6.750818413,7.556788864,8.385966517,9.231096118,10.08376733,10.93626865,11.7797197,12.6053008,13.40546884,14.17025341,14.89216434,15.56310214,16.17496149,16.72084176,17.19503112,17.59116154,17.90464281,18.13204096,18.271071,18.31937183,18.27633382,18.14248803,17.92011911,17.61143823,17.2198098,16.74976036,16.2076031,15.59900086,14.9308149,14.21112256,13.4480047,12.64894008,11.82390564,10.9804527,10.12742343,9.273731164,8.427124882,7.596064973,6.787860145,6.008662085,5.264721033,4.561761743,3.903710768,3.294586691,2.737225402,2.233262224,1.783756742,1.389830597,1.049414372,0.7630627399,0.5274422272,0.3398592374,0.1976073755,0.09663010764,0.03416132842,0.004040159182,0.002708023369,0.02586924427,0.06778063086,0.1253356465,0.193287053,0.268359623,0.3457990402,0.4221443755,0.4952655257,0.5622583355,0.6201361979,0.6680003248,0.7041897972,0.7284606191,0.7405546276,0.7401990658,0.7278588332,0.7040070401,0.6706555158,0.6291055059,0.5799200352,0.526029745,0.4673005567,0.4075804,0.3476340033,0.2882541087,0.2327215936,0.180305329,0.1344231941,0.09356859698,0.0604347639,0.03438526321,0.01562900342,0.004385688105,8.862152815e-05,0.0026865475,0.01086053171,0.02469975907,0.04254107246,0.06451844346,0.08793554621,0.1118862308,0.1363897388,0.1595087571,0.1811944522,0.1993913444,0.2149864275,0.2258303762,0.2327848591,0.2346503174,0.2322976878,0.2244845091,0.213184115,0.1993666266,0.1806874943,0.1603637246,0.1383297554,0.1156856355,0.09359308251,0.07087672266,0.05116799515,0.03336360014,0.02005634065,0.008902559081,0.002581038414
0.002502894355,0.008635510007,0.01824404681,0.03238144228,0.04849325374,0.06766327961,0.08861472546,0.1101386032,0.1322102222,0.1525948407,0.1713565424,0.1885566698,0.2021262891,0.2122015055,0.2189122046,0.2203326945,0.2176679315,0.2110651296,0.1996760535,0.1846458449,0.167066547,0.1460706699,0.1236612468,0.09988479361,0.07663188407,0.05479753361,0.03523832503,0.01877471582,0.007077991388,0.0008756862831,0.0008668412891,0.006865673668,0.02039485073,0.0420782773,0.07001779488,0.1056921779,0.1480736307,0.1969854891,0.2506535762,0.3081656048,0.3678540505,0.4288931887,0.4897105421,0.5472474372,0.6015987612,0.6498260574,0.69058478,0.72256923,0.7445097694,0.7544355347,0.7526155725,0.737856718,0.7104306399,0.6713083026,0.6200083832,0.5588738882,0.4894798838,0.4140513621,0.3354448343,0.2571317041,0.1818163174,0.1141800517,0.05812616576,0.01882287967,0.0006687216485,0.007983742395,0.04634103555,0.1199068643,0.2327922472,0.389712675,0.5946807392,0.8503804372,1.160133736,1.525324272,1.947997415,2.428301995,2.965797018,3.559462576,4.207709329,4.907129003,5.653773529,6.443158521,7.26901841,8.126432822,9.006838417,9.90363467,10.80844474,11.71174007,12.6053008,13.48034794,14.32692212,15.13694245,15.90050869,16.61017825,17.25727577,17.83432785,18.33504632,18.75370458,19.08573649,19.32589904,19.4725298,19.52327615,19.4781387,19.33703397,19.10223369,18.7753213,18.36146781,17.86517221,17.29210153,16.64849222,15.94177626,15.18059968,14.37238178,13.52701662,12.6525835,11.75905713,10.85523823,9.949375926,9.051044024,8.168669633,7.308903505,6.480378204,5.688071163,4.938319278,4.235673711,3.584150805,2.987227815,2.446553368,1.963204089,1.537674215,1.169863749,0.8577595561,0.6000138203,0.3933208681,0.2350152517,0.1210867597,0.04681051539,0.008066948431,0.0006758856484,0.01903000861,0.05878271915,0.1155030115,0.1839759297,0.2602608561,0.3396248121,0.4193316059,0.4958648282,0.5663271106,0.6284578738,0.6806529097,0.7205273117,0.7485587243,0.7637515726,0.7658189878,0.7559611411,0.7338944634,0.7016107379,0.6603914221,0.6115561127,0.5564654327,0.4981028023,0.4363688668,0.3743736106,0.3137176309,0.2552429435,0.200649994,0.1508716771,0.1077203899,0.07138197756,0.04291046042,0.02080419094,0.007005490265,0.0008847489235,0.0008940340865,0.007228374366,0.01917913676,0.03600775276,0.05601016464,0.07835025562,0.1021539979,0.1265070385,0.1494752078,0.1710096894,0.1890583388,0.2045066147,0.2162334815,0.223062199,0.225858038,0.2244665632,0.2176482703,0.2073741595,0.1935079501,0.175906821,0.1566920335,0.1357991897,0.1131610021,0.09107269606,0.06956013527,0.04986706128,0.03330839574,0.01877170766,0.008887828643,0.002576767752
0.002499112838,0.008622462982,0.01821648266,0.03113501785,0.04841998735,0.06639620434,0.08618263757,0.1077047315,0.1286542729,0.1490520244,0.1667384713,0.1828925936,0.1965098286,0.2055874072,0.2113299418,0.2128370189,0.2092520313,0.2017570642,0.1904913549,0.1755874965,0.1571716978,0.1363172996,0.1140488846,0.09134505073,0.06914105803,0.04741944336,0.02977199495,0.01517561658,0.00441706097,8.743632459e-05,0.001731063231,0.01028295092,0.02630354782,0.05041764363,0.0815640093,0.1195485262,0.1650037698,0.2161138348,0.271933277,0.3315527245,0.3933086684,0.456378088,0.5184173867,0.5771615877,0.6319439975,0.6798496413,0.7203044054,0.7505153262,0.7707261162,0.7782343984,0.774051959,0.7562630521,0.7258706584,0.6824163906,0.6275714783,0.5629553688,0.4901387482,0.4113412897,0.3301038679,0.2491919437,0.1726692841,0.1051855297,0.05061483611,0.01409583074,6.677113054e-05,0.01395044017,0.06015232711,0.1447233762,0.2710714929,0.4438749727,0.6671127483,0.9440857844,1.278080303,1.670450085,2.122573994,2.635858108,3.208567949,3.840938863,4.529474465,5.27140023,6.062770782,6.899107329,7.7729095,8.679276706,9.609671826,10.55628221,11.51014968,12.46301774,13.40546884,14.32692212,15.21930437,16.07151141,16.87552517,17.62210808,18.3032361,18.91025227,19.43690145,19.87748553,20.22624469,20.47917374,20.63279652,20.6865932,20.63873962,20.49097315,20.24372772,19.90039759,19.46491075,18.94295744,18.34017264,17.66275623,16.91932327,16.11786408,15.26759558,14.37652163,13.45575299,12.51337007,11.55998108,10.6050378,9.656836143,8.724386901,7.815559444,6.938960855,6.099549527,5.304905855,4.559577295,3.867579396,3.231753004,2.655669495,2.139143468,1.683975054,1.288799531,0.952278025,0.6730953977,0.4479846326,0.2736600376,0.1461474685,0.06076172879,0.01409583074,6.748644815e-05,0.01425094273,0.05118654666,0.1064042735,0.174720248,0.2522244732,0.3342172919,0.4165869729,0.496532287,0.5704630225,0.636124039,0.6919156222,0.7361867644,0.7672320271,0.7855051405,0.7899769455,0.7825807238,0.7622785745,0.7318048704,0.6909031522,0.6424036077,0.5868834659,0.5273016015,0.4643328324,0.4002793664,0.3375261016,0.2769122671,0.2201341827,0.1681217335,0.1218426388,0.08315315116,0.0514147546,0.02683148008,0.01049235895,0.001766824388,8.926833284e-05,0.004510908326,0.01550251033,0.03042206553,0.04846880243,0.07069145742,0.09342024729,0.1166734689,0.1394945111,0.1608812997,0.1797835225,0.19509972,0.2066974895,0.2144377351,0.2181743913,0.2166919192,0.2108644021,0.2016118771,0.1876951418,0.1711661197,0.1530540921,0.1321467109,0.1106603406,0.08857314759,0.06825753913,0.04979171926,0.03202629107,0.01874334628,0.008874400401,0.002572874623
0.002495696389,0.008610675517,0.01819157954,0.03109245426,0.04717443326,0.06514218317,0.08491728939,0.1052931239,0.1262439874,0.1455405215,0.1632456167,0.1783450955,0.1909373711,0.2000689489,0.2048339507,0.2053930646,0.2018994881,0.1935017938,0.1823457205,0.1665800842,0.1482905057,0.1275632632,0.1054215943,0.08377363115,0.0616815737,0.04189062354,0.02432560476,0.01158901864,0.002646613537,8.731679348e-05,0.003457393511,0.01454759907,0.03304632185,0.05874017268,0.09308857831,0.1333819689,0.1810928721,0.2344094908,0.2931903207,0.3549195763,0.4179587088,0.482287824,0.5455674395,0.6047690886,0.6600077651,0.7076176502,0.7477927743,0.77700034,0.7955004194,0.8013426285,0.7940820392,0.7732796024,0.7392181751,0.6928771465,0.6344944154,0.5664021657,0.4901669403,0.4086973094,0.3248250461,0.241995875,0.1649361369,0.09690947097,0.04380622337,0.0100546863,0.0006667985008,0.02056535426,0.07525264646,0.1701459648,0.3092790711,0.4972935088,0.738134891,1.035719527,1.392655486,1.811554534,2.292485533,2.836837394,3.443498099,4.112054454,4.839635417,5.622204212,6.456447714,7.336644455,8.256557785,9.209434878,10.18676715,11.18076986,12.18251473,13.18254493,14.17025341,15.13694245,16.07151141,16.96534806,17.8074155,18.58912889,19.30189183,19.93769211,20.48908701,20.94979776,21.3146963,21.57918726,21.74041492,21.79664959,21.74667706,21.59162045,21.33312016,20.97394583,20.51861255,19.97217422,19.3408437,18.63200762,17.85363219,17.01427868,16.1225067,15.18934622,14.22340628,13.23580425,12.23525703,11.23240973,10.23676385,9.257300549,8.301861507,7.379025467,6.495614631,5.657939588,4.871799572,4.14057543,3.468380755,2.858159362,2.31038139,1.826221969,1.404335653,1.044706913,0.7447544651,0.5018977495,0.3122324717,0.1718202179,0.07601502909,0.02077968503,0.000673941898,0.01016532912,0.0443010285,0.09803232329,0.1668952466,0.2449408323,0.3288726907,0.4139092749,0.4965608469,0.5739557863,0.6431413221,0.7025219918,0.7497239766,0.7844953886,0.8058315937,0.8134338487,0.8077360828,0.7891787028,0.7597321218,0.7191226345,0.6709318724,0.6149559956,0.5549169297,0.4906941793,0.425366285,0.3613139392,0.2985585189,0.2387701913,0.1845148606,0.1359415425,0.09490225762,0.05990187852,0.03370958673,0.01484385489,0.003528818049,8.914629725e-05,0.002702844974,0.01183865448,0.02485675358,0.0428176337,0.06306470374,0.08567681856,0.1078476405,0.1305364403,0.1517904917,0.1705608595,0.1867570265,0.1982400723,0.2069029805,0.210543763,0.2100311082,0.2052042966,0.1958947401,0.1830282316,0.1675805142,0.1494483049,0.129670996,0.1081825542,0.08727270153,0.06696836303,0.04851087878,0.03198250906,0.01871772292,0.008862268521,0.002569357337
0.002492643525,0.007371550712,0.01695803823,0.0298600196,0.0459388089,0.06390066759,0.08366728699,0.1029027256,0.1227420488,0.1420587959,0.1586980349,0.1738347193,0.1854064788,0.1935470139,0.1983838907,0.1979975749,0.1945946763,0.1862916098,0.1742470912,0.1585926277,0.1404151294,0.11980082,0.09777173457,0.07623371895,0.05516966117,0.03638207025,0.02069646348,0.008013352404,0.001762250709,8.72099831e-05,0.006043037438,0.01880327538,0.03977633849,0.06788762592,0.1037664147,0.1471985608,0.1971660663,0.252691105,0.3128338389,0.3766903238,0.4418181948,0.5074195954,0.5711789422,0.6316245514,0.6865720531,0.733905817,0.7730711533,0.8012993429,0.8181125492,0.8223101653,0.8119942649,0.7889197515,0.7519200988,0.7026980768,0.640783133,0.5692186766,0.4902647324,0.4054252316,0.3196060603,0.235537534,0.1572464522,0.0900223301,0.03769457988,0.006694924597,0.001331965677,0.0278286549,0.09032457297,0.1948707976,0.3467786377,0.5493442262,0.8071363146,1.124685206,1.503280753,1.946157788,2.454640203,3.028181056,3.667559818,4.369818481,5.133977306,5.955365036,6.829418893,7.751054681,8.714047009,9.710417649,10.73230183,11.77131951,12.81733933,13.86094015,14.89216434,15.90050869,16.87552517,17.8074155,18.68518344,19.50027967,20.24292468,20.90574743,21.48011891,21.96039358,22.34025023,22.6157177,22.78395141,22.84201442,22.79051413,22.62874811,22.35956054,21.98570653,21.51107256,20.94190379,20.28377558,19.54526011,18.73367826,17.85877478,16.92907161,15.95555591,14.94802511,13.91694028,12.87283001,11.82568691,10.78497602,9.760887158,8.761860974,7.795829583,6.870848375,5.993218021,5.168097653,4.400127293,3.69406154,3.050941183,2.473801889,1.961915052,1.515888732,1.134444585,0.8143746916,0.5544303836,0.3500901332,0.1967883454,0.0912396489,0.02811868331,0.001346234996,0.006768596248,0.03812035206,0.09106538379,0.159114224,0.2384038968,0.3235886711,0.4105954695,0.4966599146,0.5768098586,0.6495157425,0.7124796293,0.7626064205,0.8003623851,0.8240088558,0.8347177585,0.8306960118,0.8138585576,0.7854140984,0.7458382143,0.6979358387,0.6422638197,0.5809673415,0.5162640016,0.449648638,0.3834769166,0.3185617021,0.2573918969,0.2008917789,0.1500232721,0.1057881343,0.06923024116,0.04057467994,0.01918619628,0.006167877482,8.903724893e-05,0.001799692477,0.008185965805,0.02114837012,0.03718717998,0.05640676994,0.07796561302,0.100021736,0.1225930742,0.143729239,0.1623825261,0.1784624752,0.1908533325,0.1994171401,0.2029628145,0.2034173939,0.1985149572,0.1902202474,0.1783994182,0.1629121739,0.1458730945,0.1260739941,0.1057265591,0.08598802692,0.06569204311,0.04724024935,0.03071479463,0.01744850468,0.007586938063,0.002566214367
0.002489952924,0.007363593735,0.01693973343,0.02982778818,0.04588922177,0.0626711159,0.08128719496,0.101662072,0.1203802943,0.1386053284,0.1552693349,0.169359497,0.1809730599,0.1891578128,0.1930090811,0.192686331,0.1883415821,0.179124568,0.1671753164,0.1516180654,0.1335385976,0.113023088,0.09109251168,0.07057937506,0.04959909909,0.03179994897,0.01707862365,0.006225879843,0.0008801742529,0.0008711584717,0.008623592115,0.02390560938,0.04565114414,0.07618648845,0.1144344659,0.1593614325,0.2116026566,0.2693537621,0.3316775108,0.3968803003,0.4633298227,0.5302300292,0.5952687576,0.656211104,0.7108945453,0.7587311634,0.7969063974,0.824172962,0.8393167474,0.8411542302,0.8292554809,0.8031956294,0.7639846085,0.7111756195,0.6464429747,0.5721098272,0.4897355323,0.4029107491,0.3151326961,0.2291276233,0.1502768598,0.08316386835,0.03294715524,0.004012618789,0.003326319828,0.03507920613,0.1053746862,0.2195665016,0.382284239,0.5987558069,0.8728611509,1.207812019,1.60745381,2.073064801,2.606592003,3.208105948,3.876468842,4.611244506,5.408921437,6.26608823,7.177556962,8.137627969,9.140090068,10.17698209,11.24045717,12.32030701,13.40766328,14.49190325,15.56310214,16.61017825,17.62210808,18.58912889,19.50027967,20.34582571,21.11662917,21.80352511,22.39912808,22.89720761,23.29146275,23.57733093,23.751372,23.81186792,23.75821338,23.59091539,23.31159527,22.92360039,22.43140606,21.84123417,21.15924324,20.39275654,19.55088995,18.64274275,17.67802344,16.66768233,15.62147961,14.55045256,13.46570968,12.37720998,11.29562539,10.22987655,9.190241731,8.184635959,7.221098363,6.305916207,5.444869059,4.643227835,3.904480137,3.23221841,2.626939872,2.089849581,1.620935485,1.218292726,0.8806889465,0.6042994463,0.3859347884,0.2217270576,0.1064422345,0.0354447993,0.003361954617,0.004056774066,0.03331930376,0.08412745572,0.1520618468,0.231915981,0.3190595644,0.4080489208,0.4961238114,0.579739566,0.6552527167,0.7210751794,0.7748423916,0.8148453229,0.8415254757,0.8538461559,0.8522263537,0.8370906877,0.8096298988,0.7710671899,0.7226609042,0.6672645154,0.6054699886,0.5394720249,0.4715415213,0.4040306432,0.3377503941,0.274364528,0.2156011676,0.1624195468,0.116664035,0.0776932305,0.04656739742,0.02439243721,0.008801742529,0.0008894114061,0.0008988749291,0.006359989794,0.01745153487,0.03250365957,0.05071129516,0.07218281252,0.09318880552,0.1156573704,0.1366904058,0.1552412923,0.1712196201,0.1835107914,0.1930090811,0.1975183791,0.1979062117,0.1940130946,0.1856717222,0.1738066816,0.1593924267,0.1423269009,0.1236481275,0.1044518598,0.08354191655,0.06442802248,0.04718925742,0.03068164056,0.01742967046,0.007578748593,0.002563444352
0.002487623418,0.007356704636,0.01692388526,0.02979988244,0.04467074367,0.06145299275,0.08006732679,0.09930991728,0.1180404919,0.1362776282,0.1529545034,0.1659883725,0.1765744209,0.1837603786,0.1876726667,0.1863947574,0.1821279851,0.172991753,0.1611241283,0.1446792075,0.1266949902,0.106275151,0.08537797214,0.06494650075,0.04496448346,0.02813931835,0.01347050964,0.004442896533,8.793507952e-05,0.002611030346,0.01120018147,0.02814810924,0.0523652398,0.08447952019,0.1242689188,0.1715225724,0.2252273034,0.2852156431,0.3489336602,0.415503437,0.483295171,0.5515145109,0.6170810343,0.6777819131,0.7329932241,0.7806038851,0.8178200019,0.8441537,0.8576559174,0.8578901407,0.8444259011,0.8161181269,0.7739899357,0.7183180757,0.6514786954,0.5743764191,0.4899733391,0.4004588846,0.3107133563,0.2234466749,0.1447014695,0.07768209179,0.02888575997,0.00267257649,0.005317132558,0.04298141846,0.1197515657,0.2429342149,0.415817685,0.6449093925,0.933410632,1.285154962,1.70331906,2.189803481,2.746533251,3.372927666,4.06910319,4.83271716,5.660889249,6.550207429,7.495486389,8.49103111,9.530017368,10.60388036,11.70417632,12.82133879,13.94652079,15.06789726,16.17496149,17.25727577,18.3032361,19.30189183,20.24292468,21.11662917,21.91207353,22.62194221,23.23705286,23.7505908,24.15748547,24.452582,24.63244993,24.69537617,24.6395451,24.46667075,24.17836656,23.77796725,23.27053832,22.66106672,21.95629283,21.16533798,20.2954624,19.35756141,18.3613127,17.31702009,16.23563405,15.12877367,14.00690008,12.88055585,11.76162047,10.65899361,9.582308561,8.540080576,7.540956453,6.5918413,5.698511446,4.86623661,4.098506458,3.398278945,2.767973546,2.207533448,1.717604755,1.296306807,0.9417814338,0.6508803494,0.4197884554,0.2453247115,0.1209647657,0.04342936796,0.005374094879,0.002701985801,0.02921203375,0.07858216395,0.1464202321,0.2261658986,0.3145851552,0.4055657886,0.4963647203,0.5820363855,0.6603570642,0.7283170585,0.784989915,0.8279552506,0.8569203635,0.8708345895,0.8708476002,0.8573845951,0.8308774124,0.7932955349,0.7451253489,0.6891986695,0.6276560662,0.5611274987,0.49186072,0.4229893012,0.3553224967,0.2905214863,0.2294832701,0.1748140566,0.1266900963,0.08615027373,0.05341625009,0.02872133381,0.01143156034,0.00266573792,8.980339758e-05,0.004538599735,0.01376463779,0.02876202176,0.04597275423,0.06642196936,0.08734275841,0.108752156,0.129685274,0.1481366161,0.1650220418,0.1772278021,0.1866414982,0.19106903,0.1924343989,0.1884771197,0.1811588799,0.1703470353,0.1570161261,0.1399367016,0.1212448091,0.1020351578,0.08228821202,0.06317575076,0.04593625999,0.03065293598,0.01741336393,0.007571658203,0.00256104609
0.002485654,0.007350880432,0.01691048685,0.02858523866,0.04346076322,0.06024576877,0.07886102516,0.09810366662,0.1168343329,0.133973453,0.1495816367,0.162646827,0.173265145,0.1804850986,0.1834026802,0.1821762143,0.1769566201,0.1678877059,0.1551064502,0.1397135036,0.1217994342,0.1014503441,0.08062299606,0.06025972038,0.04126122155,0.02448903557,0.01166519919,0.002663627491,8.786546251e-05,0.003478617639,0.01377392546,0.03238731336,0.05823130683,0.09193455722,0.1332763762,0.1820472021,0.2380482139,0.2986757946,0.3638164321,0.4317814681,0.5009433786,0.5697321428,0.6358610152,0.6978837238,0.7528840919,0.7995419505,0.8365757286,0.8619991218,0.874616242,0.873260868,0.8575182306,0.8269777952,0.7826605609,0.7248417784,0.6551899605,0.5760214066,0.4895854339,0.3980685729,0.3070329952,0.219173082,0.139156417,0.07289586025,0.0248355113,0.001335230324,0.007969384584,0.05021541061,0.1334633092,0.2643334836,0.4467478097,0.6871858713,0.98818015,1.355478495,1.790301493,2.295178157,2.872653348,3.521494975,4.241178746,5.030618657,5.886923435,6.80479932,7.780318041,8.807165855,9.877908872,10.98461657,12.11824151,13.26923579,14.42754373,15.58136866,16.72084176,17.83432785,18.91025227,19.93769211,20.90574743,21.80352511,22.62194221,23.35127848,23.98358749,24.51146696,24.92986133,25.23302318,25.41813567,25.48228005,25.42545714,25.24756159,24.95141003,24.53972044,24.01814873,23.39166438,22.66759405,21.85381835,20.96000541,19.99519542,18.97025495,17.89606991,16.78356193,15.64431956,14.49000554,13.33052152,12.1777179,11.04170868,9.932108946,8.858041511,7.827515987,6.848051406,5.926047853,5.065510741,4.271825429,3.547962902,2.895078175,2.313761301,1.805316708,1.367240568,0.9970421234,0.6935482491,0.4510139414,0.2669345511,0.1348154226,0.0507387523,0.008054760421,0.001349923338,0.02511603624,0.0737404762,0.1408093155,0.2218402985,0.3108589332,0.4031449942,0.4959717551,0.5837033107,0.6641189066,0.7349315711,0.7937837675,0.8389724296,0.8702064122,0.8864372412,0.888068793,0.8755097182,0.8499325952,0.8125415098,0.7653454401,0.709639081,0.6467578831,0.5796626668,0.5098217108,0.4395606034,0.3704777663,0.3042320359,0.2425464486,0.1855406518,0.1358730493,0.09375274921,0.05940005356,0.03304686757,0.014058474,0.003551503321,8.973230144e-05,0.002721003952,0.01191990845,0.02503096077,0.04218645143,0.0616287137,0.08247835702,0.103814895,0.124674172,0.1430522464,0.158858784,0.1719987722,0.181341976,0.1867446974,0.188056072,0.1851177702,0.1777636842,0.1669177447,0.1535536947,0.1375706589,0.1200059079,0.1007958055,0.08104845033,0.06193468377,0.04469200096,0.02940352173,0.017399578,0.007565663824,0.002559018545
0.002484043818,0.007346118605,0.0168995324,0.02856672143,0.04343260977,0.06020674216,0.07766776673,0.09691321815,0.1145346746,0.1316918029,0.1473182937,0.1604027625,0.1699854744,0.1761978195,0.179165135,0.1779898627,0.1728228533,0.1638078505,0.1510817719,0.1347749778,0.1169283867,0.09664702624,0.07682329164,0.05651479644,0.03848552674,0.0217539305,0.009864159112,0.001774601346,8.780854413e-05,0.004345455281,0.01634594089,0.03577331562,0.06325389692,0.09855682131,0.1414627144,0.1917632885,0.2484490329,0.3113548681,0.3771353011,0.4465173935,0.5170711358,0.5864517358,0.6531646617,0.7150011135,0.7698234876,0.8163123993,0.853187039,0.877722253,0.8887395848,0.885818414,0.8685433163,0.8365031213,0.7907172863,0.7307512449,0.6589898287,0.577746619,0.4892682853,0.3964294209,0.3034019535,0.2149370646,0.1349960405,0.06880149242,0.02213624222,0.0006671826874,0.00995527762,0.05678589229,0.1458604008,0.2831243928,0.4744434133,0.7236692295,1.036562251,1.416260762,1.8659015,2.387350428,2.982501398,3.650749539,4.391559337,5.20383559,6.083428649,7.026925332,8.028522118,9.081916086,10.18092299,11.31576391,12.47802611,13.65817668,14.84494939,16.02779598,17.19503112,18.33504632,19.43690145,20.48908701,21.48011891,22.39912808,23.23705286,23.98358749,24.63080409,25.17131654,25.59947708,25.90954965,26.09872423,26.16469106,26.10624175,25.92447785,25.62160459,25.2003306,24.666298,24.02506696,23.28394601,22.45079517,21.5358676,20.54818064,19.4985752,18.39852187,17.25952998,16.09255051,14.90921829,13.72125878,12.53926833,11.37457715,10.2367857,9.13437887,8.077225752,7.071589277,6.123859038,5.239929097,4.423292667,3.678188956,3.005783733,2.406679853,1.88155077,1.428550269,1.045858114,0.730369392,0.4789740188,0.2859103647,0.1473381088,0.05737771111,0.01006192828,0.0006745244355,0.02238627807,0.06959866853,0.1365995221,0.217552731,0.307182645,0.4014849386,0.4956504695,0.5854515308,0.6679705595,0.7409232973,0.8019549954,0.8486359127,0.8813946295,0.8991842643,0.9024093682,0.8914792869,0.8668091238,0.8295846252,0.7825652079,0.7270448009,0.6643580654,0.5966736851,0.5262353039,0.4545620167,0.3840404986,0.3171469771,0.2531438048,0.195443188,0.144218885,0.100505982,0.06452345087,0.03650182436,0.01668362339,0.004436503366,8.967417375e-05,0.001812827542,0.01007954272,0.02223532975,0.03934851523,0.05779871177,0.07859121076,0.098899624,0.119688157,0.1379957043,0.1547367407,0.1678190134,0.1771057657,0.1824533634,0.1837110096,0.1807204457,0.1743988624,0.1646147537,0.1512302499,0.1352277463,0.1176438231,0.09957268896,0.07982209363,0.06189456309,0.04466304992,0.02938447442,0.01738830673,0.007560762862,0.002557360838
0.002482792176,0.007342417094,0.01689101719,0.02855232743,0.04341072525,0.05901916704,0.07762863204,0.09573805612,0.1133655368,0.1305285683,0.1450787101,0.158184314,0.1677892665,0.1740249076,0.175987361,0.174850461,0.1687186615,0.1597562136,0.1470834213,0.1308306059,0.1130376838,0.0937572011,0.07303899307,0.05370830441,0.03571855386,0.01993105518,0.008066609042,0.001773707173,8.776429978e-05,0.006080572013,0.01891734218,0.03916055617,0.06743682665,0.1043508063,0.1488330897,0.1998575472,0.2580620362,0.3216516638,0.3888991398,0.4589307744,0.5301223858,0.6001308244,0.666692908,0.729147442,0.7838246458,0.8309268841,0.8661746486,0.8898548322,0.9007719052,0.8970312948,0.8782335804,0.8447010282,0.7967384227,0.7353419927,0.6621762526,0.5788537054,0.4890217562,0.3948490796,0.3011908258,0.2114187832,0.1315378684,0.0653959024,0.0201137167,0.000666846512,0.01260366447,0.0626969947,0.1562940701,0.2993201713,0.497621853,0.7550341579,1.077945741,1.468188809,1.930174232,2.465112623,3.074888315,3.759521363,4.517833662,5.348725608,6.248045755,7.212379818,8.235925426,9.312382096,10.43433197,11.59262867,12.77948537,13.98292001,15.1941423,16.40016619,17.59116154,18.75370458,19.87748553,20.94979776,21.96039358,22.89720761,23.7505908,24.51146696,25.17131654,25.72216162,26.15836557,26.47480566,26.6674688,26.73465288,26.67515013,26.49005954,26.18097616,25.75181063,25.20758934,24.55385939,23.79852029,22.9500236,22.01738875,21.01022014,19.94055726,18.81862951,17.65714629,16.46642514,15.25992298,14.04750198,12.84220715,11.6528809,10.49158513,9.366176195,8.285887235,7.258222533,6.289570187,5.385824064,4.550479448,3.787778321,3.098891852,2.485071657,1.946362555,1.480928919,1.08761273,0.7620247157,0.5023737966,0.3022655113,0.1578774813,0.06335041864,0.01273868724,0.0006741845608,0.02034090748,0.06615361926,0.1331002738,0.213991634,0.3049439644,0.3998844438,0.4954007246,0.5865733815,0.6712004081,0.7455779484,0.8080617045,0.8569527235,0.8912282746,0.9105663328,0.9146267589,0.9038020268,0.8800040951,0.8444367234,0.796798106,0.7414294144,0.6781181478,0.6105912024,0.5395178641,0.4671990417,0.3960197285,0.3276353233,0.2629384584,0.203692774,0.15173286,0.1064145548,0.06879033519,0.03995804465,0.01930814595,0.006207975104,8.962898935e-05,0.001811914107,0.008242743198,0.02037211547,0.03651949654,0.05492846125,0.07471982488,0.09594244435,0.1157056248,0.1339570735,0.1506416621,0.1636681641,0.1728998634,0.1792352341,0.1804526073,0.1784917597,0.1721456336,0.1623380513,0.1489311954,0.1340332786,0.1164429481,0.0983652784,0.07978187343,0.06067369578,0.04464054542,0.02936966838,0.01737954523,0.007556953197,0.002556072253
0.001240949266,0.007339774299,0.01567887055,0.02854205044,0.04222225966,0.05899792396,0.07645950413,0.09457767196,0.1122137058,0.1282886186,0.1439442039,0.1559905214,0.1656190761,0.1718788894,0.1738664261,0.1717389066,0.1666501012,0.1567229594,0.1440898712,0.127877215,0.1101241925,0.0908833499,0.07114058316,0.05091195706,0.03387463608,0.01811261935,0.007167738298,0.0008865343765,0.0008773271032,0.006946723886,0.02062967254,0.04169949096,0.07162583837,0.1084857767,0.1537388367,0.2063359594,0.2652701643,0.3295742873,0.3975221752,0.4682409541,0.5401075147,0.6107800263,0.6779965839,0.7403334516,0.7956552543,0.8418931,0.8770401135,0.9006259952,0.9099878813,0.9054496897,0.8851490834,0.8508592124,0.8014428406,0.7386181521,0.6640482348,0.5800430496,0.4881513569,0.3933268652,0.2990249058,0.2086156837,0.1287793785,0.06335053842,0.01809582936,6.666064905e-05,0.01458846396,0.06729254358,0.1647718126,0.3122784807,0.515649796,0.7800074489,1.11042584,1.509373484,1.980608464,2.526610793,3.147978469,3.845361724,4.618204694,5.463512639,6.379018847,7.359429087,8.400194019,9.495012466,10.63523075,11.81233099,13.01791789,14.24063622,15.47047833,16.69569801,17.90464281,19.08573649,20.22624469,21.3146963,22.34025023,23.29146275,24.15748547,24.92986133,25.59947708,26.15836557,26.60089846,26.92195967,27.11754076,27.18594191,27.12535174,26.93747119,26.62389157,26.18851737,25.63636688,24.97297737,24.20623609,23.34518815,22.39823126,21.37617111,20.29042304,19.15181091,17.97180344,16.76315095,15.53745536,14.3064085,13.0818099,11.87372511,10.69358624,9.549861551,8.451152335,7.406206463,6.421413725,5.501407251,4.651575759,3.874263867,3.17255257,2.547067754,1.997219778,1.522470971,1.120384109,0.7872292243,0.5205738939,0.3153513317,0.1664411116,0.06799386203,0.01474474985,6.73941898e-05,0.01830022746,0.06408455644,0.1303090186,0.2111544224,0.3027510549,0.3983428172,0.4945189715,0.587778587,0.6730979017,0.7488997119,0.8128329818,0.8632002271,0.8982461021,0.9191117505,0.9239844866,0.9147420123,0.8910430393,0.8555812364,0.8088245286,0.7528038444,0.6896155369,0.6214260217,0.5496799617,0.476676957,0.4048006482,0.3357053307,0.2702827936,0.2102955056,0.1567341875,0.1106313026,0.07306342357,0.0425486838,0.02105585048,0.007092275012,0.0008959672872,0.0009056309676,0.007324245639,0.01851343893,0.03463423127,0.05206858588,0.07277772723,0.09300161094,0.1127233686,0.1309331053,0.147575692,0.1605606345,0.1707800399,0.1760456504,0.1782778589,0.1762906578,0.1699190979,0.1600866523,0.147766563,0.1317331859,0.1152598495,0.09717305124,0.07858031658,0.06065185718,0.04341841075,0.0293590972,0.01613234045,0.007554233184,0.001277576116
0.00124068125,0.007338189079,0.01567548428,0.02853588602,0.04221314063,0.05898518179,0.07644299066,0.09343156389,0.1110786834,0.1282609112,0.1428310618,0.1548886336,0.1645286355,0.1697588371,0.1717717286,0.1706858279,0.1646067097,0.1547057044,0.1420987681,0.1259124815,0.1081856186,0.08897072702,0.06925350218,0.04997548924,0.03203665401,0.01720327208,0.006270416454,0.0008863429057,0.000877137621,0.007813376501,0.02148460105,0.04339213729,0.07413779365,0.1117996493,0.1578375045,0.2112030955,0.2708902119,0.3351287698,0.4046045098,0.4752448138,0.5478168187,0.6184073003,0.6855442518,0.7485672776,0.8038091178,0.8492198459,0.8850455596,0.9078241861,0.9163946694,0.9110803872,0.8907419504,0.8549826641,0.8048341148,0.7412906839,0.6660146829,0.58061647,0.4880459276,0.3925520177,0.2975889458,0.2072074209,0.1267186457,0.06131546715,0.01742184993,6.66462519e-05,0.01591125076,0.07057595163,0.1706431023,0.3220084533,0.5291907694,0.7986068946,1.13402634,1.53920278,2.01788017,2.571252966,3.201824702,3.908332999,4.690855974,5.547024839,6.473940445,7.466309002,8.519581967,9.627459852,10.78067352,11.97194615,13.19103602,14.42782845,15.67109528,16.91032537,18.13204096,19.32589904,20.47917374,21.57918726,22.6157177,23.57733093,24.452582,25.23302318,25.90954965,26.47480566,26.92195967,27.24650465,27.44383142,27.51284566,27.45173638,27.26220316,26.9452303,26.50532221,25.94688628,25.27666354,24.50192813,23.63171573,22.67441368,21.6414249,20.54415464,19.3928049,18.20005457,16.97864544,15.73894085,14.49446529,13.25577769,12.03416986,10.83982706,9.683074036,8.57126453,7.51376572,6.51696617,5.585498687,4.724752016,3.937708441,3.226819144,2.592071377,2.034804081,1.552559109,1.144196258,0.8060008749,0.5342441742,0.3251770482,0.1723718832,0.07131148953,0.01608170763,6.737963423e-05,0.01761863523,0.0620259056,0.1282238084,0.2097290218,0.3012972014,0.3975580884,0.4944121669,0.5883596546,0.6750911486,0.7516094453,0.816272453,0.8673834861,0.9039217235,0.9248274078,0.9304898181,0.9220530245,0.8991763013,0.863027106,0.8171133507,0.7611763633,0.6972925506,0.6291862403,0.5575258994,0.483807001,0.4120126576,0.3413631427,0.2760090394,0.2152560411,0.1609127112,0.1140107137,0.0756257957,0.04427580017,0.02192844052,0.007977086152,0.0008957737792,0.0009054353724,0.006407330801,0.01758396844,0.03275503481,0.05111084318,0.07084721923,0.09104440967,0.11073904,0.1289214203,0.1455364202,0.1584939831,0.1686860089,0.1749661633,0.1761300136,0.1741161881,0.1688003458,0.1589558302,0.1466238621,0.1317047346,0.1140940159,0.09599549193,0.07856334507,0.0606387578,0.04340903339,0.02935275632,0.01612885624,0.007552601646,0.00127730019
0.001240591924,0.007337660749,0.01567435568,0.02734492187,0.0422101014,0.05782444609,0.07529662895,0.09342483706,0.111070686,0.1271555086,0.1417388028,0.1538093615,0.163462195,0.1687052246,0.1707308623,0.1686417111,0.1635912313,0.1537029341,0.1411086164,0.1249349283,0.1072205036,0.08707146346,0.06737693459,0.04904648575,0.03111908038,0.01720203348,0.006269965001,0.0008862790913,0.0008770744693,0.007812813958,0.02234237639,0.0450905431,0.07581728446,0.114294397,0.1603050853,0.2136435626,0.274114669,0.3391226826,0.4085574205,0.4799469157,0.5524726119,0.6230179543,0.6908803762,0.7530914462,0.8082922131,0.8544143284,0.8894514438,0.9121941288,0.9207305906,0.9153841673,0.8942925832,0.8577923792,0.8076274573,0.7433612021,0.6666699699,0.5805746671,0.4880107895,0.3918339066,0.2961962412,0.2058293939,0.1253543402,0.06063730476,0.01675057269,6.664145354e-05,0.01657302624,0.07254949288,0.1745684507,0.3278632967,0.5376035102,0.8095504827,1.148763288,1.557697075,2.04009737,2.598433168,3.233927111,3.946582585,4.735207831,5.598064428,6.531624933,7.531845737,8.592927671,9.707955552,10.86952378,12.06911687,13.29649765,14.54155591,15.79368049,17.04052739,18.271071,19.4725298,20.63279652,21.74041492,22.78395141,23.751372,24.63244993,25.41813567,26.09872423,26.6674688,27.11754076,27.44383142,27.64294122,27.71196498,27.65090354,27.45964362,27.14098044,26.69820742,26.13633347,25.46209617,24.68215904,23.80615825,22.84308401,21.80311756,20.69826487,19.53994329,18.33960611,17.10937349,15.86205678,14.60871802,13.36175692,12.13184563,10.92916484,9.764034728,8.645055172,7.579719014,6.575034029,5.636892284,4.769424359,3.976245515,3.259172153,2.619471647,2.057207616,1.571213886,1.159065367,0.8170457853,0.5427372508,0.3310895039,0.1763369992,0.0733055989,0.01675057269,6.737478307e-05,0.0169397757,0.06133988561,0.1268432977,0.208334225,0.2998871424,0.3968308194,0.4943765705,0.5883172942,0.6757553659,0.753708785,0.8191054946,0.8702339538,0.9075248929,0.9291961264,0.9348924305,0.9264914598,0.9036525304,0.8683060444,0.8216706478,0.7657767383,0.7027201211,0.6338772587,0.5622642083,0.4885938176,0.4160379444,0.345431354,0.2792944269,0.2177433402,0.1634283687,0.1165548001,0.07733899518,0.04600879331,0.0228039362,0.007976511822,0.0008957092858,0.0009053701834,0.00640686949,0.01758270244,0.03181688578,0.05016073439,0.06892746657,0.08910087907,0.1097511461,0.1279205065,0.1445223148,0.157466658,0.1676453648,0.1728707857,0.1750627379,0.1730355317,0.167706217,0.1578482176,0.1455025987,0.1305696518,0.1140858014,0.0959885805,0.07738518589,0.05944548232,0.04340590805,0.02812769954,0.01612769501,0.007552057878,0.001277208227
0.00124068125,0.007338189079,0.01567548428,0.02734689077,0.04221314063,0.0578286096,0.0753020505,0.09343156389,0.1110786834,0.1271646641,0.1417490083,0.1538204362,0.1634739647,0.1687173718,0.1707431554,0.1686538538,0.1625993108,0.1537140012,0.1401387851,0.1239753664,0.1062708289,0.08707773283,0.0673817859,0.0481245452,0.03112132104,0.0162978367,0.006270416454,0.0008863429057,0.000877137621,0.008681529445,0.02320336914,0.04509378973,0.0758227435,0.1151369522,0.161143002,0.2152961787,0.2749454546,0.3407544326,0.4093833033,0.4815603595,0.5540775823,0.6246146508,0.6924689412,0.7546718018,0.8098641771,0.8559775635,0.8910054623,0.9137383502,0.922264291,0.916178359,0.8950799794,0.8592898816,0.8083984821,0.743414726,0.6674212609,0.5813151661,0.4880459276,0.3918621196,0.2962175681,0.2051626108,0.1246857262,0.05996787447,0.01608170763,6.66462519e-05,0.01723718832,0.07387389329,0.1758936593,0.3298463872,0.5402426651,0.8134917881,1.153356334,1.56358365,2.047911952,2.608166994,3.245572406,3.959500766,4.750656205,5.615405941,6.551480154,7.554206603,8.617786823,9.735926051,10.90059615,12.10266579,13.33313308,14.58127028,15.83585431,17.08576778,18.31937183,19.52327615,20.6865932,21.79664959,22.84201442,23.81186792,24.69537617,25.48228005,26.16469106,26.73465288,27.18594191,27.51284566,27.71196498,27.78160247,27.71994717,27.52869763,27.20944072,26.76546894,26.20239535,25.5263515,24.74521227,23.86679371,22.90129772,21.85951442,20.75223225,19.59086532,18.38808811,17.15479666,15.90441318,14.64861582,13.39857216,12.16556892,10.9604077,9.792166803,8.670065128,7.602222008,6.595021208,5.654354077,4.784984362,3.98926079,3.270908356,2.629284283,2.065087739,1.577151542,1.163699603,0.8210235816,0.5454016078,0.3330921082,0.1776756335,0.07464380213,0.01742184993,6.737963423e-05,0.01626335559,0.06066269888,0.126166742,0.2076593275,0.299908735,0.3968593922,0.4944121669,0.5890676686,0.6765168955,0.753763054,0.8198874771,0.8717531762,0.9083239397,0.9300023014,0.9364497209,0.9280598846,0.9052313605,0.8698946957,0.8232686301,0.7673837139,0.7043359097,0.635501786,0.563897624,0.4902363299,0.4168789488,0.3470934593,0.2801409112,0.2194276698,0.1642826109,0.1174140185,0.07734456379,0.04601210606,0.02368271577,0.008863429057,0.0008957737792,0.0009054353724,0.006407330801,0.01665849641,0.03181917668,0.04921784899,0.06893242952,0.08910729457,0.108779057,0.1269380139,0.1435290213,0.157477996,0.1666288625,0.1728832328,0.1750753429,0.1730479907,0.1677182923,0.1578595831,0.1455130752,0.1305790532,0.1140940159,0.09599549193,0.07739075783,0.05944976255,0.04340903339,0.0281297248,0.01612885624,0.007552601646,0.00127730019
0.001240949266,0.007339774299,0.01567887055,0.02735279834,0.04222225966,0.05784110193,0.0753183175,0.09345174729,0.111102679,0.1271921347,0.1417796294,0.153853665,0.1635092789,0.1687538187,0.1707800399,0.1686902869,0.1636383524,0.153747207,0.1411492616,0.1249709147,0.1072513875,0.08709654365,0.06739634194,0.04906061317,0.03112804397,0.01720698838,0.006271771011,0.0008865343765,0.0008773271032,0.007815064372,0.02234881192,0.04510353104,0.07583912298,0.1143273185,0.1603512598,0.2137051008,0.2741936254,0.339220364,0.408675102,0.4800851603,0.552631747,0.6231974093,0.6910793784,0.7533083678,0.8085250348,0.8546604352,0.8897076428,0.9124568786,0.9209957992,0.9156478359,0.8945501766,0.858039459,0.8078600875,0.7435753209,0.6668619985,0.5807418967,0.4881513569,0.391946771,0.296281558,0.2058886813,0.1253904474,0.06065477082,0.01675539755,6.666064905e-05,0.01657779996,0.07257039014,0.1746187336,0.3279577349,0.5377583623,0.8097836668,1.14909418,1.558145757,2.040685003,2.599181625,3.234858616,3.947719364,4.736571767,5.599676902,6.533506312,7.534015221,8.59540279,9.710751845,10.87265465,12.07259328,13.30032759,14.54574448,15.79822972,17.04543577,18.27633382,19.4781387,20.63873962,21.74667706,22.79051413,23.75821338,24.6395451,25.42545714,26.10624175,26.67515013,27.12535174,27.45173638,27.65090354,27.71994717,27.65886814,27.46755314,27.14879817,26.70589761,26.14386181,25.46943031,24.68926852,23.81301542,22.84966377,21.80939777,20.70422683,19.5455716,18.34488867,17.1143017,15.86662571,14.61292594,13.36560566,12.1353401,10.93231289,9.766847175,8.647545306,7.581902287,6.576927911,5.638515942,4.770798151,3.977390838,3.26011093,2.620226163,2.057800178,1.571666461,1.159399226,0.8172811283,0.5428935817,0.3311848714,0.1763877916,0.07332671395,0.01675539755,6.73941898e-05,0.01694465506,0.06135755404,0.1268798339,0.2083942339,0.2999735223,0.3969451231,0.4945189715,0.588486754,0.6759500115,0.7539258844,0.8193414309,0.8704846173,0.9077862977,0.9294637734,0.9351617183,0.9267583278,0.9039128198,0.8685561525,0.8219073231,0.7659973138,0.7029225337,0.6340598417,0.5624261637,0.4887345529,0.4161577806,0.3455308526,0.2793748753,0.2178060594,0.1634754429,0.1165883727,0.07736127202,0.04602204575,0.02281050468,0.007978809388,0.0008959672872,0.0009056309676,0.006408714934,0.01758776698,0.03182605036,0.05017518276,0.06894732054,0.08912654382,0.109782759,0.1279573529,0.1445639432,0.1575120149,0.1676936536,0.1729205796,0.1751131632,0.1730853731,0.1677545234,0.1578936844,0.1455445095,0.1306072613,0.1141186629,0.0960162292,0.07740747604,0.05946260508,0.04341841075,0.02813580148,0.01613234045,0.007554233184,0.001277576116
0.001241396088,0.007342417094,0.01568451596,0.02855232743,0.04223746241,0.05901916704,0.07648703451,0.09348539598,0.1111426831,0.1283348108,0.1429133562,0.1549778752,0.1646234312,0.1698566463,0.1718706976,0.1707841713,0.1647015505,0.1547948405,0.1421806406,0.1259850279,0.1082479514,0.08902198893,0.06929340368,0.05000428342,0.03205511244,0.01721318401,0.006274029255,0.0008868535863,0.0008776429978,0.007817878302,0.02149697975,0.04341713836,0.07418050932,0.1118640644,0.1579284451,0.2113247835,0.2710462896,0.3353218595,0.4048376292,0.4755186337,0.5481324521,0.6187636055,0.6859392391,0.7489985766,0.8042722452,0.8497091374,0.8855554927,0.9083472435,0.9169226648,0.9116053207,0.8912551656,0.855475276,0.8052978328,0.7417177904,0.6663984179,0.5809510014,0.488327123,0.3927781928,0.2977604064,0.2073268068,0.1267916566,0.06135079503,0.01743188781,6.66846512e-05,0.01592041828,0.07061661509,0.1707414211,0.3221939836,0.5294956711,0.7990670247,1.134679727,1.540089617,2.019042803,2.572734434,3.203669485,3.910584847,4.693558685,5.550220845,6.477670509,7.470610834,8.52449066,9.633006866,10.78688497,11.97884398,13.19863625,14.43614127,15.68012443,16.92006852,18.14248803,19.33703397,20.49097315,21.59162045,22.62874811,23.59091539,24.46667075,25.24756159,25.92447785,26.49005954,26.93747119,27.26220316,27.45964362,27.52869763,27.46755314,27.27791071,26.96075522,26.52059367,25.96183599,25.29122709,24.51604531,23.64533152,22.6874779,21.65389395,20.55599148,19.40397837,18.21054082,16.98842796,15.74800909,14.50281651,13.26341522,12.04110354,10.8460726,9.688653093,8.576203,7.518094895,6.520721024,5.588716861,4.727474257,3.939977214,3.228678327,2.59356484,2.035976465,1.55345364,1.144855505,0.8064652651,0.5345519875,0.3253644041,0.172471198,0.07135257678,0.01609097336,6.741845608e-05,0.01762878648,0.06206164281,0.1282976866,0.2098498605,0.3014707986,0.3977871478,0.4946970304,0.5886986474,0.6754801131,0.7520424971,0.8167427613,0.8678832429,0.9044425324,0.9253602619,0.9310259346,0.92258428,0.899694376,0.8635243528,0.8175841435,0.7616149272,0.6976943068,0.6295487559,0.5578471268,0.4840857541,0.4122500452,0.3415598245,0.2761680664,0.2153800643,0.1610054236,0.1140764028,0.07566936871,0.04430131038,0.02194107494,0.007981682277,0.0008962898935,0.0009059570534,0.006411022487,0.01759409972,0.03277390715,0.05114029151,0.07088803899,0.09109686635,0.110802844,0.1289957005,0.1456202733,0.1585853019,0.1687832,0.1750669729,0.1762314937,0.174216508,0.1688976028,0.1590474151,0.1467083417,0.1317806184,0.114159753,0.09605080126,0.07860861059,0.06067369578,0.04343404419,0.02936966838,0.01613814914,0.007556953197,0.001278036126
0.001242021909,0.007346118605,0.01569242295,0.02856672143,0.04225875545,0.0590489202,0.07652559369,0.09465942238,0.1123107003,0.1283995079,0.1440686255,0.1561253555,0.1657622328,0.1720274569,0.1740167116,0.1718873531,0.1667941491,0.1568584265,0.1442144186,0.1279877487,0.1102193809,0.09096190705,0.07120207518,0.050955964,0.03390391641,0.01812827542,0.0071739339,0.0008873006732,0.0008780854413,0.00695272845,0.02064750428,0.04173553489,0.07168774984,0.1085795489,0.1538717245,0.2065143107,0.2654994567,0.3298591626,0.3978657828,0.4686456891,0.5405743693,0.6113079683,0.6785826261,0.7409733761,0.7963429975,0.84262081,0.8777982036,0.9014044723,0.9107744505,0.9062323363,0.8859141826,0.8515946725,0.8021355864,0.739256594,0.6646222204,0.5805444234,0.4885733019,0.3936668465,0.2992833749,0.2087960056,0.1288906919,0.06340529693,0.01811147091,6.671826874e-05,0.01460107384,0.06735070947,0.1649142369,0.3125484059,0.51609551,0.7806816665,1.111385662,1.510678146,1.982320449,2.528794728,3.150699497,3.848685552,4.622196547,5.468235154,6.384532701,7.365790381,8.407454922,9.503219702,10.64442356,11.82254125,13.02917024,14.25294545,15.4838506,16.71012932,17.92011911,19.10223369,20.24372772,21.33312016,22.35956054,23.31159527,24.17836656,24.95141003,25.62160459,26.18097616,26.62389157,26.9452303,27.14098044,27.20944072,27.14879817,26.96075522,26.64690455,26.21115402,25.65852627,24.99456334,24.22715931,23.36536711,22.4175917,21.3946481,20.30796154,19.16836522,17.98733779,16.77764057,15.55088553,14.31877457,13.09311747,11.88398844,10.70282949,9.558116197,8.458457285,7.412608191,6.426964224,5.506162521,4.655596457,3.877612678,3.175294839,2.549269372,1.998946121,1.523786954,1.121352539,0.7879096843,0.5210238641,0.315623913,0.1665849788,0.06805263411,0.01475749482,6.745244355e-05,0.01831604569,0.06413994943,0.1304216542,0.2113369386,0.3030127449,0.3986871341,0.4949464205,0.5882866472,0.6736797096,0.7495470408,0.8135355729,0.8639463544,0.8990225221,0.9199062062,0.9247831542,0.915532691,0.8918132332,0.856320778,0.809523655,0.753454548,0.6902116222,0.6219631658,0.5501550905,0.4770889839,0.4051505471,0.3359955054,0.2705164188,0.2104772794,0.1568696644,0.1107269293,0.07312657765,0.04258546175,0.02107405059,0.007098405385,0.0008967417375,0.0009064137709,0.007330576522,0.01852944145,0.03466416818,0.05211359258,0.07284063436,0.09308199906,0.1128208037,0.1310462804,0.1477032525,0.1606994189,0.1709276576,0.1761978195,0.1784319576,0.1764430387,0.1700659714,0.1602250269,0.1478942885,0.1318470526,0.1153594771,0.09725704503,0.07864823931,0.06070428303,0.04345594047,0.02938447442,0.01614628482,0.007560762862,0.001278680419
0.002485654,0.007350880432,0.01691048685,0.02858523866,0.04346076322,0.0590871963,0.07771811175,0.09584840991,0.1134962092,0.1306790238,0.1452459371,0.1583666473,0.1679826711,0.1742254998,0.1761902153,0.1750520048,0.1689131374,0.1599403588,0.147252959,0.1309814096,0.1131679782,0.09386527163,0.07312318248,0.05377021203,0.03575972534,0.01995402898,0.00807590713,0.001775751661,8.786546251e-05,0.006087580868,0.01893914751,0.03920569512,0.06751455864,0.1044710877,0.1490046442,0.2000879158,0.2583594949,0.3220224201,0.3893474098,0.4594597673,0.5307334387,0.6008225735,0.6674613808,0.7299879039,0.7847281321,0.8318846635,0.8671730567,0.8908805356,0.9018101924,0.8980652703,0.8792458884,0.8456746845,0.7976567943,0.7361895948,0.6629395192,0.5795209291,0.4895854339,0.3953042078,0.3015379976,0.211662478,0.1316894873,0.06547128189,0.02013690105,0.0006676151618,0.01261819226,0.06276926326,0.1564742246,0.2996651869,0.4981954437,0.7559044584,1.07918825,1.469881137,1.932399074,2.467954069,3.078432628,3.763854827,4.523041205,5.35489089,6.255247651,7.220693267,8.245418679,9.323116142,10.44635924,11.60599108,12.79421582,13.99903761,15.21165604,16.41907006,17.61143823,18.7753213,19.90039759,20.97394583,21.98570653,22.92360039,23.77796725,24.53972044,25.2003306,25.75181063,26.18851737,26.50532221,26.69820742,26.76546894,26.70589761,26.52059367,26.21115402,25.78149381,25.23664522,24.58216174,23.82595198,22.97647726,22.0427674,21.03443787,19.96354202,18.84032106,17.67749905,16.4854054,15.27751254,14.06369403,12.8570099,11.66631275,10.5036784,9.376972248,8.295438077,7.266588823,6.296819947,5.392032108,4.555724621,3.792144356,3.102463832,2.48793611,1.948606057,1.482635932,1.088866382,0.762903074,0.5029528647,0.3026139218,0.1580594609,0.06342344038,0.01275337067,0.0006749616689,0.02036435371,0.06622987215,0.1332536937,0.2142382945,0.3052954623,0.4003453761,0.4959717551,0.5872495034,0.6719740765,0.7464373491,0.808993128,0.8579405019,0.8922555612,0.9116159097,0.915681016,0.9048438067,0.8810184439,0.8454100751,0.7977165463,0.7422840332,0.6788997901,0.6112950088,0.5401397468,0.4677375651,0.3964762061,0.3280129767,0.263241538,0.2039275633,0.1519077569,0.106537215,0.06886962732,0.04000410285,0.01933040175,0.006215130812,8.973230144e-05,0.001814002635,0.008252244309,0.02039559767,0.03656159124,0.0549917753,0.07480595172,0.09605303373,0.1158389944,0.134111481,0.1508153013,0.1638568185,0.1730991589,0.1794418321,0.1806606085,0.1786975007,0.1723440597,0.1625251725,0.149102863,0.1341877739,0.1165771676,0.0984786605,0.07987383511,0.06074363216,0.04469200096,0.02940352173,0.017399578,0.007565663824,0.002559018545
0.002487623418,0.007356704636,0.01692388526,0.02860788714,0.04349519778,0.06029350232,0.07777968888,0.09705287371,0.1146997233,0.1318815757,0.1475305849,0.1606339088,0.1702304298,0.1764517272,0.1794233187,0.1782463527,0.1730718974,0.1640439037,0.1512994864,0.1349691936,0.1170968849,0.09678629821,0.07693399687,0.05659623637,0.03854098582,0.02178527873,0.009878373733,0.001777158613,8.793507952e-05,0.004351717244,0.016369496,0.0358248663,0.06334504814,0.09869884537,0.1416665675,0.1920396265,0.2488070572,0.311803542,0.3776787672,0.4471608417,0.5178162546,0.5872968346,0.6541058963,0.7160314567,0.7709328319,0.8174887359,0.8544165134,0.8789870835,0.8900202917,0.8870949114,0.8697949196,0.8377085535,0.7918567394,0.7318042847,0.6599394577,0.5785791734,0.4899733391,0.3970006904,0.303839167,0.2152467969,0.1351905748,0.06890063793,0.02216814138,0.0006681441225,0.009969623546,0.05686772288,0.1460705911,0.2835323856,0.475127104,0.7247120638,1.038055976,1.418301647,1.868590334,2.390790689,2.986799294,3.656010405,4.397887737,5.211334511,6.092195096,7.037051393,8.040091518,9.095003466,10.19559408,11.33207035,12.49600741,13.67785862,14.86634151,16.05089263,17.2198098,18.36146781,19.46491075,20.51861255,21.51107256,22.43140606,23.27053832,24.01814873,24.666298,25.20758934,25.63636688,25.94688628,26.13633347,26.20239535,26.14386181,25.96183599,25.65852627,25.23664522,24.70184305,24.05968797,23.31749905,22.4831476,21.56690159,20.57779133,19.52667337,18.42503482,17.28440161,16.11574048,14.93070303,13.74103163,12.55733788,11.39096834,10.25153729,9.147541851,8.088865335,7.0817797,6.132683747,5.24748003,4.429666796,3.683489364,3.010115179,2.410147968,1.884262155,1.430608864,1.047365235,0.7314218815,0.4796642383,0.2863223722,0.1475504285,0.05746039453,0.0100764279,0.0006754964503,0.02241853753,0.0696989628,0.1367963671,0.2178662326,0.3076253067,0.4020634934,0.4963647203,0.5862951883,0.66893313,0.7419909954,0.8031106425,0.8498588287,0.8826647521,0.9004800223,0.9037097738,0.8927639418,0.8680582281,0.8307800876,0.7836929135,0.7280924996,0.6653154302,0.5975335141,0.5269936286,0.4552170575,0.3845939152,0.3176039977,0.2535085944,0.195724829,0.1444267098,0.1006508149,0.06461643157,0.03655442485,0.01670766511,0.004442896533,8.980339758e-05,0.001815439894,0.01009406771,0.02226737168,0.03940521791,0.05788200187,0.07870446363,0.09904214205,0.1198606321,0.1381945613,0.1549597221,0.1680608468,0.1773609817,0.1827162855,0.183975744,0.1809808706,0.1746501777,0.1648519697,0.1514481783,0.1354226145,0.1178133523,0.09971617692,0.07993712025,0.06198375547,0.04472741105,0.02942681854,0.01741336393,0.007571658203,0.00256104609
0.002489952924,0.007363593735,0.01693973343,0.02863467666,0.04353592835,0.06034996346,0.07899741482,0.0982733363,0.1170363972,0.1342051592,0.1498403372,0.1629281237,0.173564806,0.1807972464,0.183719874,0.182491287,0.1772626655,0.1681780666,0.1553747058,0.1399551373,0.1220100856,0.1016258018,0.08076243304,0.06036393919,0.04133258258,0.0245313892,0.01168537408,0.002668234218,8.801742529e-05,0.003484633887,0.01379774738,0.03244332702,0.05833201752,0.09209355747,0.1335068769,0.1823620516,0.2384599168,0.2991923526,0.3644456504,0.4325282314,0.5018097571,0.570717491,0.6369607329,0.6990907094,0.7541862003,0.8009247534,0.8380225811,0.8634899439,0.8761288855,0.8747711673,0.8590013031,0.8284080482,0.7840141675,0.7260953878,0.6563231075,0.5770176321,0.4904321689,0.3987570301,0.3075640069,0.2195521405,0.1393970872,0.07302193319,0.02487846416,0.001337539596,0.007983167586,0.05030225785,0.1336941332,0.2647906467,0.4475204573,0.688374355,0.9898892015,1.357822787,1.793397809,2.299147654,2.877621584,3.527585379,4.248513839,5.039319081,5.897104833,6.816568178,7.793774053,8.822397794,9.894992655,11.00361439,12.13919993,13.29218485,14.45249608,15.60831654,16.74976036,17.86517221,18.94295744,19.97217422,20.94190379,21.84123417,22.66106672,23.39166438,24.02506696,24.55385939,24.97297737,25.27666354,25.46209617,25.5263515,25.46943031,25.29122709,24.99456334,24.58216174,24.05968797,23.43212012,22.70679751,21.89161439,20.99625561,20.02977699,19.00306389,17.92702106,16.812589,15.67137631,14.51506592,13.35357658,12.19877918,11.06080524,9.949286467,8.87336144,7.841053628,6.859895069,5.936296916,5.074271511,4.279213525,3.554099082,2.900085195,2.317762937,1.808438992,1.369605203,0.9987665016,0.6947477365,0.4517939673,0.2673962128,0.135048585,0.05082650466,0.00806869108,0.001352258022,0.02515947427,0.0738680099,0.1410528443,0.2222239699,0.3113965618,0.4038422309,0.4968295352,0.584712822,0.6652674962,0.7362026307,0.7951566116,0.8404234272,0.8717114289,0.8879703289,0.8896047026,0.8770239069,0.8514025484,0.8139467953,0.7666691003,0.7108663974,0.6478764469,0.5806651898,0.5107034443,0.4403208207,0.3711185054,0.3047582033,0.2429659312,0.1858615433,0.1361080409,0.09391489401,0.05950278559,0.03310402192,0.01408278805,0.003557645624,8.988749291e-05,0.002725709912,0.01194052386,0.02507425166,0.04225941264,0.06173530018,0.08262100283,0.1039944423,0.1248897952,0.1432996544,0.1591335293,0.172296243,0.1816556058,0.1870676712,0.1883813138,0.1854379302,0.1780711254,0.1672064279,0.1538192649,0.1378085865,0.1202134573,0.1009701312,0.08118862313,0.06204179942,0.0447692955,0.02945437494,0.01742967046,0.007578748593,0.002563444352
0.002492643525,0.007371550712,0.01695803823,0.0298600196,0.04476089072,0.06157700695,0.08022890533,0.09951032802,0.1182787016,0.1365526411,0.1532631707,0.1663233425,0.176930754,0.1841312132,0.1880513964,0.1867709083,0.1824955255,0.1733408561,0.1614492822,0.144971175,0.126950665,0.1064896178,0.08555026775,0.06507756496,0.04505522329,0.02819610444,0.01349769358,0.004451862447,8.811253546e-05,0.002616299493,0.01122278381,0.02820491307,0.05247091461,0.08465000269,0.1245196977,0.1718687107,0.2256818197,0.2857912178,0.34963782,0.4163419368,0.4842704768,0.5526274857,0.6183263245,0.6791496997,0.7344724289,0.7821791698,0.81947039,0.8458572304,0.8593866958,0.8596213917,0.8461299809,0.8177650806,0.7755518733,0.7197676657,0.6527934012,0.5755355299,0.4909621217,0.4012670241,0.3113403863,0.2238975977,0.1449934819,0.07783885685,0.0289440524,0.002677969839,0.00532786271,0.0430681564,0.1199932283,0.2434244643,0.416656819,0.6462108413,0.9352942859,1.287748447,1.706756415,2.194222578,2.752075847,3.379734347,4.077314776,4.842469745,5.672313113,6.563425967,7.510612531,8.508166295,9.549249262,10.62527935,11.72779574,12.84721268,13.97466533,15.09830478,16.2076031,17.29210153,18.34017264,19.3408437,20.28377558,21.15924324,21.95629283,22.66759405,23.28394601,23.79852029,24.20623609,24.50192813,24.68215904,24.74521227,24.68926852,24.51604531,24.22715931,23.82595198,23.31749905,22.70679751,22.00060136,21.20805034,20.33641932,19.39662561,18.39836644,17.35196642,16.2683981,15.15930404,14.03516648,12.90654925,11.78535582,10.68050381,9.601645981,8.557314745,7.556174356,6.605143857,5.710011233,4.876056839,4.106777381,3.405136786,2.773559409,2.211988324,1.721070939,1.298922798,0.9436819803,0.6521938477,0.4206356026,0.245819785,0.1212088766,0.04351700988,0.005384939982,0.002707438499,0.02927098462,0.07874074539,0.146715713,0.2266223089,0.3152199986,0.4063842339,0.4973664009,0.5832109544,0.6616896869,0.7297868268,0.7865740509,0.8296260921,0.8586496575,0.8725919629,0.8726049998,0.8591148259,0.8325541508,0.7948964318,0.7466290368,0.6905894955,0.6289226972,0.5622598728,0.4928533114,0.4238429078,0.3560395494,0.2911077684,0.229946375,0.1751668373,0.1269457611,0.08632412787,0.05352404588,0.02877929442,0.01145462961,0.002671117468,8.998462384e-05,0.004547758781,0.01379241529,0.02882006448,0.04606552879,0.06655601112,0.08751901903,0.1089716215,0.1299469832,0.1484355607,0.1653550618,0.1775854538,0.187018147,0.1914546137,0.1928227379,0.1888574728,0.1815244646,0.1706908013,0.1573329899,0.1402190986,0.1214894852,0.1022410681,0.08245427239,0.06330324154,0.0460289609,0.03071479463,0.01744850468,0.007586938063,0.002566214367
0.002495696389,0.007380579014,0.01697880757,0.02989659064,0.04599507243,0.06281567662,0.08147469657,0.1018965715,0.1206579702,0.1389250432,0.1556274879,0.1697501511,0.1813905026,0.1895941348,0.1934542868,0.1931307921,0.1887760214,0.1795377468,0.1675609324,0.1519677961,0.1338466252,0.1132837934,0.09130263079,0.07074217741,0.04971350716,0.03187330052,0.01711801817,0.006240240807,0.0008822045123,0.0008731679348,0.008643483777,0.02396075141,0.04575644564,0.07636222449,0.1146984268,0.1597290245,0.2120907511,0.2699750687,0.3324425768,0.3977957667,0.4643985653,0.5314530876,0.596641838,0.6577247575,0.7125343347,0.7604812954,0.7987445865,0.8260740457,0.8412527626,0.8430944839,0.8311682883,0.8050483256,0.7657468584,0.7128160572,0.6479340965,0.5734294879,0.4908651838,0.4038401257,0.3158595989,0.229656142,0.1506234969,0.08335569881,0.033023153,0.004021874521,0.003333992504,0.0351601218,0.1056177494,0.2200729661,0.3831660373,0.6001369307,0.8748745415,1.210598026,1.611161653,2.077846649,2.612604515,3.215505946,3.885410523,4.621881062,5.421397959,6.280541941,7.194113119,8.156398679,9.161173114,10.20045689,11.26638504,12.34872572,13.43859015,14.52533109,15.59900086,16.64849222,17.66275623,18.63200762,19.54526011,20.39275654,21.16533798,21.85381835,22.45079517,22.9500236,23.34518815,23.63171573,23.80615825,23.86679371,23.81301542,23.64533152,23.36536711,22.97647726,22.4831476,21.89161439,21.20805034,20.43979562,19.59598714,18.68574515,17.71880056,16.70612895,15.65751299,14.58401545,13.49677044,12.40575995,11.32168052,10.25347336,9.211440459,8.2035151,7.237754955,6.320461788,5.4574285,4.653938165,3.913486431,3.239674027,2.63299932,2.094670146,1.624674426,1.221102909,0.8827203932,0.6056933574,0.3868250072,0.2222385057,0.1066877601,0.03552655827,0.00336970949,0.004066131649,0.03339615994,0.08432150884,0.1524126012,0.2324509315,0.3197955251,0.4089901494,0.4972681985,0.5810768258,0.6567641594,0.722738452,0.7766296867,0.816724891,0.8434665857,0.8558156855,0.854192147,0.8390215682,0.8114974367,0.7728457769,0.7243278345,0.6688036653,0.6068665997,0.5407164015,0.4726292055,0.404962603,0.3385294682,0.2749973927,0.2160984854,0.1627941929,0.1169331389,0.07787244208,0.0466748124,0.02444870217,0.008822045123,0.0008914629725,0.0009009483245,0.006374660104,0.01749178956,0.03257863433,0.05082826869,0.07234931345,0.09340376006,0.1159241522,0.1370057035,0.1555993806,0.1716145649,0.1839340877,0.1934542868,0.1979739861,0.1983627133,0.1944606161,0.186100003,0.1742075939,0.1597600902,0.1426552001,0.1239333413,0.1046927944,0.08373461904,0.06457663578,0.04729810682,0.03075241256,0.01746987472,0.007596230161,0.002569357337
0.002499112838,0.007390682556,0.01700205048,0.02993751716,0.04605803675,0.06406651296,0.0838844339,0.1031697954,0.1230606089,0.14242749,0.1591099138,0.1742858834,0.1858876757,0.1940493384,0.1988987688,0.1985114503,0.19509972,0.1867751039,0.1746993255,0.159004233,0.1407795575,0.1201117465,0.09802548763,0.07643157306,0.05531284642,0.03647649489,0.0207501783,0.008034149955,0.001766824388,8.743632459e-05,0.006058721308,0.01885207669,0.03987957249,0.06806381889,0.1040357261,0.1475805944,0.1976777836,0.25334693,0.313645756,0.3776679716,0.442964873,0.508736533,0.5726613584,0.6332638459,0.6883539563,0.7358105684,0.7750775529,0.8033790049,0.8202358475,0.824444358,0.8141016841,0.7909672839,0.7538716037,0.7045218327,0.6424461973,0.5706960052,0.4915371469,0.4064774569,0.3204355537,0.2361488392,0.1576545637,0.09025597064,0.03779241096,0.006712300351,0.001335422611,0.02790088034,0.09055899795,0.1953765578,0.3476786539,0.5507699734,0.8092311256,1.127604171,1.507182311,1.951208772,2.461010883,3.036040283,3.677078463,4.381159743,5.147301836,5.970821365,6.847143708,7.771171474,8.736663116,9.735619699,10.76015604,11.80187034,12.85060497,13.89691431,14.9308149,15.94177626,16.91932327,17.85363219,18.73367826,19.55088995,20.2954624,20.96000541,21.5358676,22.01738875,22.39823126,22.67441368,22.84308401,22.90129772,22.84966377,22.6874779,22.4175917,22.0427674,21.56690159,20.99625561,20.33641932,19.59598714,18.78229894,17.90512476,16.97300868,15.99696636,14.98682065,13.95305978,12.90623967,11.85637885,10.81296694,9.786220195,8.784601176,7.816062584,6.888680715,6.008772592,5.181510738,4.411547217,3.703648967,3.058859481,2.480222301,1.967006932,1.519823012,1.13738888,0.8164882889,0.5558693312,0.3509987439,0.1972990824,0.09147644883,0.02819166147,0.001349728963,0.006786163206,0.03821928818,0.09130173144,0.159527183,0.2390226413,0.3244285009,0.4116611135,0.4979489269,0.578306889,0.651201471,0.7143287719,0.7645856604,0.8024396154,0.8261474572,0.8368841534,0.8328519688,0.8159708153,0.7874525325,0.7477739345,0.699747235,0.6439307269,0.5824751622,0.5176038937,0.4508156391,0.3844721781,0.3193884851,0.2580599221,0.2014131658,0.1504126368,0.1060626928,0.06940991871,0.04067998593,0.01923599141,0.006183885358,8.926833284e-05,0.001804363331,0.008207211351,0.0212032578,0.03728369418,0.05655316594,0.07816796202,0.1002813287,0.1229112476,0.1441022685,0.1628039676,0.1789256499,0.191348666,0.1999346998,0.2034895765,0.2039453357,0.1990301754,0.1907139378,0.1788624293,0.16333499,0.146251688,0.1264012018,0.1060009578,0.08621119699,0.06586253775,0.0473628549,0.03079451065,0.01749378987,0.007606628915,0.002572874623
0.002502894355,0.008635510007,0.01824404681,0.0311821296,0.04731049146,0.06533006307,0.08516220369,0.1055968052,0.1266080941,0.1459602824,0.1637164417,0.1788594697,0.1914880634,0.200645978,0.2054247228,0.2059854492,0.2024817968,0.1940598822,0.1828716332,0.1670605264,0.1487181979,0.1279311749,0.1057256461,0.08401524696,0.06185947269,0.04201144243,0.02439576348,0.01162244312,0.002654246771,8.756862831e-05,0.003467365157,0.01458955654,0.03314163244,0.05890958822,0.09335705984,0.1337666627,0.1816151714,0.2350855632,0.2940359259,0.355943218,0.4191641649,0.483678815,0.5471409384,0.606513334,0.6619113273,0.7096585265,0.7499495217,0.7792413264,0.7977947629,0.8036538218,0.7963722918,0.7755098577,0.7413501921,0.694875509,0.6363243932,0.5680357552,0.4915806558,0.4098760542,0.3257618906,0.2426938277,0.1654118376,0.09718897254,0.04393256714,0.01008368554,0.0006687216485,0.02062466785,0.07546968647,0.1706366915,0.3101710787,0.4987277784,0.7402637836,1.038706698,1.396672115,1.816779331,2.299097408,2.845019261,3.453429668,4.123914241,4.853593657,5.638419499,6.475069085,7.357804447,8.280370945,9.23599628,10.21614732,11.21301689,12.21765094,13.22056538,14.21112256,15.18059968,16.11786408,17.01427868,17.85877478,18.64274275,19.35756141,19.99519542,20.54818064,21.01022014,21.37617111,21.6414249,21.80311756,21.85951442,21.80939777,21.65389395,21.3946481,21.03443787,20.57779133,20.02977699,19.39662561,18.68574515,17.90512476,17.06335044,16.16900644,15.2331546,14.26442873,13.27397831,12.27054537,11.2648057,10.26628822,9.284000003,8.32580533,7.400307693,6.514348966,5.674257941,4.885850579,4.152517475,3.47838409,2.866402725,2.317044879,1.83148907,1.408385969,1.047720006,0.7469024495,0.5033452985,0.3131329974,0.1723157734,0.07623426793,0.02083961678,0.0006758856484,0.01019464747,0.04442879936,0.09831506333,0.1673765977,0.2456472787,0.3298212093,0.4151030519,0.4979930034,0.5756111616,0.6449962389,0.7045481714,0.7518862939,0.7867579919,0.8081557338,0.8157799149,0.8100657158,0.7914548134,0.7619233041,0.7211966929,0.6728669413,0.6167296217,0.556517394,0.4921094155,0.4265931057,0.3623560232,0.2994196068,0.2394588406,0.1850470293,0.1363336185,0.09517597008,0.06007464459,0.03380681028,0.01488666681,0.003538995694,8.940340865e-05,0.002710640387,0.01187279895,0.02492844422,0.04294112623,0.06324659188,0.08592392346,0.1081586894,0.1309129271,0.1522282784,0.1710527828,0.187295662,0.1988118266,0.20749972,0.211151003,0.2106368697,0.2057961368,0.1964597301,0.1835561127,0.1680638417,0.1498793364,0.1300449867,0.108494569,0.0875244092,0.06716150991,0.04865079149,0.03207475145,0.01877170766,0.008887828643,0.002576767752
0.002507042582,0.008649822258,0.01827428398,0.03123380999,0.0485736251,0.06660688106,0.0864560971,0.1080464811,0.129062496,0.1495249699,0.1672675364,0.1834729161,0.1971333589,0.2062397409,0.2120004967,0.2135123557,0.2099159929,0.202397244,0.1910957884,0.1761446398,0.1576704073,0.1367498376,0.1144107644,0.09163489072,0.06936044422,0.04756990637,0.02986646219,0.01522376917,0.004431076408,8.77137621e-05,0.001736555935,0.01031557896,0.02638700959,0.05057761999,0.08182281381,0.1199278565,0.1655273306,0.2167995691,0.2727961276,0.3326047491,0.394556646,0.4578261864,0.5200623372,0.5789929349,0.6339491706,0.6820068201,0.7225899482,0.7528967289,0.7731716482,0.7807037544,0.776508044,0.7586626925,0.728173863,0.6845817138,0.6295627773,0.5647416394,0.4916939699,0.4126464852,0.3311512952,0.2499826356,0.1732171678,0.1055192858,0.05077543817,0.01414055714,6.69829969e-05,0.01399470524,0.06034319185,0.1451825868,0.271931609,0.4452833983,0.6692295127,0.9470813907,1.282135682,1.675750462,2.129308971,2.644221747,3.21874881,3.853126252,4.543846594,5.288126506,6.082008096,6.920998358,7.797573123,8.706816254,9.64016354,10.58977754,11.54667165,12.50256319,13.4480047,14.37238178,15.26759558,16.1225067,16.92907161,17.67802344,18.3613127,18.97025495,19.4985752,19.94055726,20.29042304,20.54415464,20.69826487,20.75223225,20.70422683,20.55599148,20.30796154,19.96354202,19.52667337,19.00306389,18.39836644,17.71880056,16.97300868,16.16900644,15.31604002,14.42213866,13.4984484,12.55307529,11.59666117,10.63868783,9.68747751,8.752069585,7.840358397,6.96097834,6.11890354,5.321738446,4.57404494,3.879851316,3.242007432,2.664095996,2.145931021,1.689318346,1.292888922,0.9552996255,0.6752311452,0.4494060984,0.2745283673,0.1466111978,0.06095452718,0.01414055714,6.770058423e-05,0.01429616131,0.05134896278,0.1067418967,0.1752746395,0.2530247874,0.3352777712,0.4179088132,0.4981077956,0.572273115,0.6381424754,0.6941110867,0.7385227023,0.7696664723,0.7879975667,0.7924835609,0.7850638708,0.7646973022,0.7341269044,0.6930954041,0.6444419694,0.5887456609,0.5289747418,0.4658061714,0.4015494622,0.3385970798,0.2777909163,0.2208326736,0.1686551877,0.1222292483,0.08341699805,0.05157789482,0.02691661699,0.01052565145,0.001772430563,8.955158335e-05,0.004525221544,0.01555170016,0.03051859546,0.04862259508,0.07091576307,0.09371667193,0.1170436766,0.1399371305,0.1613917799,0.1803539798,0.195718776,0.2073533455,0.215118151,0.2188666638,0.2173794877,0.2115334798,0.2022515963,0.1882907029,0.1717092338,0.1535397363,0.1325660155,0.1110114684,0.08885419226,0.0684741219,0.04994970955,0.03212791125,0.01880281936,0.008902559081,0.002581038414
0.002511559322,0.00866540596,0.01830720731,0.03249354615,0.04866113636,0.06789752845,0.08892150777,0.1105199007,0.1326679312,0.1531231208,0.1719497751,0.189209449,0.2028260461,0.2129361426,0.219670074,0.2210954816,0.2184214933,0.2117958326,0.2003673278,0.1852850849,0.1676449278,0.1465763635,0.1240893594,0.1002305927,0.07689718204,0.05498724151,0.03536031937,0.01883971349,0.007102495245,0.0008787178905,0.0008698422753,0.006889442485,0.02046545727,0.04222395141,0.07026019501,0.106058082,0.1485862585,0.1976674487,0.2515213336,0.3092324677,0.3691275535,0.4303780078,0.4914059096,0.5491419962,0.6036814833,0.6520757414,0.6929755699,0.7250707494,0.7470872465,0.7570473746,0.7552211117,0.7404111624,0.7128901358,0.6736323577,0.6221548391,0.5608086978,0.4911744528,0.4154847991,0.3366061372,0.2580218886,0.1824457616,0.1145753406,0.05832739732,0.01888804408,0.0006710367487,0.008011381942,0.04650146724,0.1203219793,0.2335981691,0.3910618521,0.5967395114,0.8533244363,1.164150095,1.530604913,1.95474134,2.436708725,2.976064544,3.57178536,4.22227633,4.92411738,5.673346774,6.465464599,7.294183598,8.15456636,9.038019901,9.937920844,10.84586335,11.75228586,12.64894008,13.52701662,14.37652163,15.18934622,15.95555591,16.66768233,17.31702009,17.89606991,18.39852187,18.81862951,19.15181091,19.3928049,19.53994329,19.59086532,19.5455716,19.40397837,19.16836522,18.84032106,18.42503482,17.92702106,17.35196642,16.70612895,15.99696636,15.2331546,14.42213866,13.57384686,12.69638648,11.79976674,10.89281883,9.983820455,9.082378547,8.196949394,7.334206774,6.502813136,5.707763145,4.955415635,4.250337524,3.59655906,2.997569534,2.455023284,1.97000066,1.542997611,1.173913793,0.8607291015,0.6020910555,0.3946825366,0.2358288696,0.1215059595,0.04697257241,0.008094876036,0.0006782255502,0.0190958901,0.05898622368,0.1159028804,0.1846128505,0.2611618737,0.340800586,0.420783323,0.4975815017,0.5682877231,0.6306335816,0.6830093156,0.723021762,0.7511502188,0.7663956644,0.7684702369,0.7585782626,0.7364351905,0.7040396995,0.6626776832,0.6136733071,0.5583919043,0.4998272237,0.4378795666,0.3756696841,0.3148037147,0.2561265892,0.20134464,0.1513939916,0.1080933156,0.07162910046,0.04305901553,0.02087621461,0.007029743124,0.0008878119056,0.0008971292136,0.007253398845,0.01924553453,0.03613241084,0.05620407065,0.07862150255,0.1025076529,0.1269450032,0.1499926878,0.1716017213,0.1897128548,0.2052146123,0.2169820773,0.2238344356,0.2266399538,0.2252436617,0.218401764,0.2080920845,0.1941778705,0.1765158067,0.157234498,0.1362693236,0.1135527631,0.09138798781,0.06980095098,0.05003969999,0.0334237087,0.01883669492,0.008918598118,0.002585688467
0.002516446542,0.008682267893,0.01956568655,0.03255677504,0.0499449921,0.06920257462,0.09140868319,0.1130181555,0.135179073,0.1567563225,0.1766737813,0.1949941337,0.2085686372,0.2196876365,0.2273993417,0.2297685264,0.2280075347,0.2212594887,0.210695697,0.1954681495,0.1776804614,0.1564603815,0.1338217264,0.1098112034,0.08632956442,0.06335837678,0.04178820071,0.02426962308,0.01067447389,0.002641283339,8.715348934e-05,0.004314280367,0.01537896061,0.03384489169,0.05950215323,0.09215121093,0.1324250717,0.1776763588,0.2293944158,0.2842148349,0.3428613753,0.4021005629,0.4611505862,0.5192563856,0.5726176541,0.6213627056,0.6625921324,0.6957430119,0.7195220117,0.7319316665,0.7324941849,0.7207393547,0.6969264755,0.6613007043,0.6140934578,0.5569399453,0.4907221267,0.4183922449,0.3428242063,0.2661276172,0.1917346539,0.124364816,0.067274985,0.02568365464,0.002689370052,0.004013485608,0.0339455665,0.09604745247,0.1964724288,0.3380046065,0.5247150417,0.7593359154,1.044589795,1.383839479,1.776579115,2.224916523,2.727781878,3.284165955,3.892484255,4.549952967,5.252605078,5.996560825,6.776140852,7.585134511,8.417422424,9.265722121,10.12159172,10.97729079,11.82390564,12.6525835,13.45575299,14.22340628,14.94802511,15.62147961,16.23563405,16.78356193,17.25952998,17.65714629,17.97180344,18.20005457,18.33960611,18.38808811,18.34488867,18.21054082,17.98733779,17.67749905,17.28440161,16.812589,16.2683981,15.65751299,14.98682065,14.26442873,13.4984484,12.69638648,11.86825731,11.02164057,10.16541158,9.308517093,8.458735175,7.624557946,6.813321528,6.031200682,5.284469093,4.578872991,3.918353655,3.306944743,2.747492782,2.24163923,1.790447645,1.395043875,1.053350744,0.7659250016,0.5294206722,0.3411340553,0.1983486042,0.09699256887,0.03428946816,0.00405531389,0.002718181212,0.02596628026,0.0680348772,0.1258057827,0.1940120762,0.2693662446,0.3470961384,0.4237278464,0.4971232754,0.5643673763,0.6224623396,0.6705060057,0.7068312255,0.7311930876,0.7433324609,0.7429755655,0.7305890445,0.7066477829,0.6731711564,0.6314652916,0.5820953254,0.5280028918,0.4690534092,0.4091092412,0.3489379846,0.2893353549,0.2335945363,0.1809816575,0.1349274179,0.09391957443,0.06066145575,0.03451424294,0.01568762808,0.004402138898,8.895394906e-05,0.002696624787,0.01090126975,0.0247924083,0.04270064477,0.06476045328,0.08826539398,0.112305918,0.1369013391,0.1601070773,0.1818741158,0.2001392648,0.2157928453,0.2266774699,0.2336580392,0.2355304949,0.2331690405,0.2253265545,0.2139837724,0.2001144543,0.1813652563,0.1609652517,0.1388486327,0.1161195744,0.09394415181,0.07114258249,0.05135992719,0.03348874759,0.02013157234,0.008935952736,0.002590719935
0.002521706372,0.008700415408,0.01960658238,0.03383315144,0.05124103824,0.07169797379,0.09275923434,0.1155423513,0.1388481624,0.1604261839,0.1814416469,0.1997439669,0.2154354937,0.2275556108,0.2351917234,0.2385088303,0.237664277,0.2318002322,0.2210953387,0.2067040695,0.1887544158,0.1683300436,0.1445632524,0.1203864383,0.09581216036,0.07177221692,0.05006858717,0.03062562718,0.01515377942,0.0052936082,8.733565594e-05,0.001729319198,0.01027407029,0.02543672524,0.04870899104,0.07903300224,0.1153929253,0.1584461491,0.2072102686,0.2599382595,0.3157418358,0.3729767227,0.4308376912,0.4877719008,0.5407394287,0.5890865834,0.631421752,0.6656430555,0.6904550398,0.7053368761,0.708308631,0.7003595934,0.6802715813,0.6482924337,0.6046561704,0.5517135464,0.4896312633,0.4213701055,0.3484186319,0.2743034114,0.2024652751,0.135580784,0.07763008706,0.03318762023,0.006063730476,0.00134062484,0.02201068869,0.07434344425,0.1605456084,0.2860957814,0.4531279696,0.6657261779,0.9259916566,1.236675138,1.597946206,2.011296694,2.476959483,2.993294847,3.558728155,4.170480229,4.825846823,5.520304629,6.248788605,7.005692909,7.785495723,8.579631964,9.38211941,10.18517298,10.9804527,11.75905713,12.51337007,13.23580425,13.91694028,14.55045256,15.12877367,15.64431956,16.09255051,16.46642514,16.76315095,16.97864544,17.10937349,17.15479666,17.1143017,16.98842796,16.77764057,16.4854054,16.11574048,15.67137631,15.15930404,14.58401545,13.95305978,13.27397831,12.55307529,11.79976674,11.02164057,10.2263225,9.422737838,8.619258136,7.823706975,7.042104719,6.2830757,5.552193335,4.855121983,4.196988281,3.582379417,3.014056169,2.494857948,2.026413812,1.610420272,1.246688004,0.9337579257,0.6715029719,0.4571916092,0.2887446272,0.1620787076,0.07507499106,0.02223367841,0.001354596744,0.006128691084,0.03355282027,0.07850694341,0.1371517057,0.2048701555,0.2776415338,0.3527602762,0.4267436826,0.4960181824,0.5590712775,0.6128964407,0.65731666,0.6899396312,0.7105177346,0.7187890479,0.7159794942,0.7010749908,0.676076053,0.641503106,0.5986643997,0.5496894681,0.4959880731,0.4382210365,0.3794777677,0.3213377993,0.2646214037,0.2110042062,0.1613937098,0.1175734267,0.08054962991,0.04965800639,0.02593978797,0.01048027871,0.001764536067,8.913987895e-05,0.005404522444,0.01547574512,0.03128532532,0.0511618332,0.07336048581,0.09796062495,0.1231214033,0.1478900577,0.1722533912,0.1932094401,0.2116436902,0.2264440751,0.2374763246,0.2435540958,0.2444899818,0.2411591347,0.2333964831,0.2210289153,0.2049890127,0.18625973,0.1647336493,0.1426173228,0.1187130386,0.09533216418,0.07370793707,0.05269269016,0.03480166163,0.02017365098,0.008954630498,0.002596135009
0.002527341107,0.008719856423,0.01965039315,0.03390875137,0.05254985076,0.07303618539,0.09529066679,0.1180936096,0.1425525253,0.1652508954,0.186255491,0.205630247,0.2223621628,0.2344286612,0.2430506834,0.2473202797,0.2473960143,0.2424189789,0.2325690283,0.2180174979,0.2008778059,0.1802745994,0.1563246683,0.1319668885,0.1062814827,0.08207693124,0.05839181389,0.03791619167,0.02054798411,0.008842394549,0.001750616137,8.665916748e-05,0.006006599447,0.01869527984,0.03871759005,0.06586903655,0.09912923137,0.1391548109,0.1849590136,0.2347888092,0.2885489769,0.3437788781,0.4004537238,0.4554420169,0.5080277937,0.5559882167,0.5986870122,0.6339997992,0.6606113447,0.6772418887,0.6833808764,0.6785270571,0.6621874107,0.6338761074,0.5952624605,0.5458299197,0.4886040498,0.4237170172,0.3547843255,0.2832471386,0.2132706253,0.1468642423,0.08872334755,0.042086331,0.01080405305,6.718102285e-05,0.01270113809,0.05388638121,0.1271342984,0.2359796588,0.3845756094,0.5744180959,0.8096126285,1.091639331,1.421346165,1.799606514,2.227320495,2.702221418,3.224024054,3.79058193,4.397281802,5.041494834,5.718137018,6.422208876,7.147534608,7.888018712,8.636388945,9.384821849,10.12742343,10.85523823,11.55998108,12.23525703,12.87283001,13.46570968,14.00690008,14.49000554,14.90921829,15.25992298,15.53745536,15.73894085,15.86205678,15.90441318,15.86662571,15.74800909,15.55088553,15.27751254,14.93070303,14.51506592,14.03516648,13.49677044,12.90623967,12.27054537,11.59666117,10.89281883,10.16541158,9.422737838,8.673778849,7.924450576,7.182614744,6.455588051,5.749512429,5.070617637,4.423957148,3.814675305,3.245450877,2.720963871,2.243415074,1.813132546,1.432441636,1.100477899,0.8164028296,0.5794025702,0.3880244733,0.2381644997,0.1283483428,0.0544166285,0.01282981299,6.788117903e-05,0.01091979662,0.04254945339,0.08972550578,0.1485659011,0.2158038515,0.2866941012,0.3592052927,0.4291205236,0.4949775694,0.5531091859,0.603374713,0.6426996586,0.6715984475,0.6883685353,0.6934924524,0.6874605899,0.6707722672,0.6439368342,0.6082457196,0.5650278947,0.516436407,0.4631136152,0.4073163734,0.349771,0.2936629953,0.2390188516,0.1883455396,0.1417434964,0.1010024088,0.06713305032,0.03947193922,0.01906501685,0.006127156478,8.842394549e-05,0.001786781227,0.009027664684,0.02098455812,0.03873293384,0.05966679732,0.08389323624,0.1086647084,0.1349649407,0.1599221367,0.1844763444,0.2056189693,0.2232274764,0.2381953361,0.2483550925,0.2535270059,0.2535223983,0.2492174965,0.2404459502,0.2281354238,0.2110298597,0.191201403,0.1696879051,0.1464222441,0.121334308,0.09793381279,0.07508366376,0.05403858116,0.03487942569,0.02021872885,0.008974639555,0.002601936054
0.002533353209,0.008740599435,0.019697138,0.03520332201,0.05387201352,0.07439073094,0.09668219229,0.1218223356,0.145159754,0.169001647,0.191117461,0.2115722997,0.2293517358,0.2424293318,0.2520298535,0.257244082,0.2572070912,0.25312047,0.2441280417,0.2304023382,0.2130851149,0.1922993838,0.1691176043,0.1436191701,0.1177484454,0.09244064931,0.06859068491,0.04615061358,0.02776099084,0.01240880068,0.003509561092,8.686531447e-05,0.002580380612,0.01277710407,0.0295291138,0.05348919693,0.08363224407,0.1206142227,0.1634438541,0.2103618264,0.2612706373,0.3144939705,0.3691995627,0.4230261272,0.4744629589,0.5228142724,0.565123713,0.6015437709,0.629972573,0.6483677478,0.6576948375,0.6559551002,0.6426561512,0.6187584681,0.5844720666,0.5399949982,0.4862224578,0.4261336722,0.3605286852,0.2922715497,0.2241555296,0.1589081455,0.1005642886,0.05239284548,0.01759835024,0.0006734083474,0.00603064036,0.03667655816,0.09690501241,0.189629248,0.3190492611,0.4866984189,0.696722811,0.9499841154,1.248011918,1.591703346,1.981336808,2.415303234,2.893968071,3.413274667,3.971790702,4.564971204,5.189616122,5.840070345,6.510760749,7.196814227,7.890290788,8.584575255,9.273731164,9.949375926,10.6050378,11.23240973,11.82568691,12.37720998,12.88055585,13.33052152,13.72125878,14.04750198,14.3064085,14.49446529,14.60871802,14.64861582,14.61292594,14.50281651,14.31877457,14.06369403,13.74103163,13.35357658,12.90654925,12.40575995,11.85637885,11.2648057,10.63868783,9.983820455,9.308517093,8.619258136,7.924450576,7.230053672,6.542715595,5.870423878,5.218091539,4.591341311,3.99588488,3.434969833,2.913201346,2.432055639,1.995653913,1.603666756,1.257754288,0.9576757583,0.702566208,0.4909217116,0.3219104864,0.1913849489,0.09783038807,0.03703745911,0.006091736623,0.0006804265647,0.01778688097,0.05296938183,0.101700194,0.1607493523,0.2268180466,0.2958283344,0.3650212329,0.4315679973,0.4925649112,0.547196449,0.5924372674,0.6273715819,0.6517896089,0.6654691907,0.6674263526,0.6581507757,0.6396622377,0.6109721043,0.5741465448,0.5313145833,0.4823160245,0.4301517027,0.375526604,0.3199756516,0.2659011955,0.2141517832,0.1664364461,0.1228579992,0.08521258553,0.05451564403,0.03010444048,0.01302979717,0.002632170819,8.863429057e-05,0.003582063334,0.01266879589,0.02835081643,0.04714473115,0.07008836037,0.09448629613,0.120388803,0.1468819414,0.173009474,0.1967813961,0.2181143979,0.235908278,0.250033985,0.2593186311,0.2635812218,0.2636950626,0.258424491,0.2486519811,0.2353064693,0.2171279438,0.19619248,0.1735393648,0.1491002484,0.1251653568,0.09936393604,0.0764761823,0.05539820061,0.0362110548,0.02026682567,0.008995988651,0.002608125604
0.002539745309,0.008762653522,0.02098101471,0.03529214626,0.05400794219,0.07576221662,0.09926170826,0.1244340492,0.1489367839,0.1739162289,0.1971372475,0.2175727872,0.235327859,0.2505028099,0.261087962,0.2662122886,0.2681292206,0.2639095035,0.2557775621,0.2428798397,0.2253818179,0.2053785575,0.1819967256,0.1572430051,0.130224848,0.1037947607,0.07884910162,0.0553390323,0.03501323979,0.01866016544,0.007036832678,0.0008708449111,0.0008622971238,0.007685605785,0.02114544357,0.04189387475,0.0697310307,0.1028218995,0.142660916,0.1866520772,0.2346955712,0.2859030179,0.3378430851,0.390509666,0.4407990302,0.4887813179,0.5314738702,0.5682550078,0.5977686519,0.6194415946,0.6304936918,0.6318935919,0.6231179441,0.6029275645,0.5729897392,0.5327758768,0.4838964462,0.4279150136,0.3663511177,0.3013806886,0.2358184528,0.171722795,0.113848932,0.06343933638,0.02578556356,0.004050644858,0.00134352372,0.02206145978,0.06986780619,0.1470519617,0.2578619034,0.4038691306,0.5892613958,0.8142793214,1.081137975,1.390112203,1.741507105,2.135658445,2.570372952,3.043520573,3.553667224,4.0968906,4.668709763,5.265980411,5.882465774,6.512636118,7.151652774,7.792225298,8.427124882,9.051044024,9.656836143,10.23676385,10.78497602,11.29562539,11.76162047,12.1777179,12.53926833,12.84220715,13.0818099,13.25577769,13.36175692,13.39857216,13.36560566,13.26341522,13.09311747,12.8570099,12.55733788,12.19877918,11.78535582,11.32168052,10.81296694,10.26628822,9.68747751,9.082378547,8.458735175,7.823706975,7.182614744,6.542715595,5.911336945,5.293350135,4.694326968,4.120556784,3.575224928,3.062865539,2.587455618,2.15047125,1.754091205,1.400560433,1.089577675,0.8208722167,0.5942035165,0.4073736777,0.2601744021,0.1484134567,0.07053499528,0.02227854672,0.001357134924,0.004092860412,0.02606180372,0.06413742947,0.1151348917,0.1737124802,0.2386195019,0.3050483266,0.3709162187,0.4333720555,0.4902085583,0.5398810524,0.5807984585,0.6113203122,0.631973724,0.64105869,0.6398227279,0.6287881644,0.6069629852,0.5771615877,0.5399594447,0.4967282952,0.4480949078,0.3970875248,0.3436327646,0.290886354,0.2388551336,0.1900148703,0.1452729806,0.1047346869,0.07104869041,0.04269780992,0.0215574281,0.007837604199,0.0008796040847,0.0008885793065,0.007182203034,0.01905114227,0.03575715073,0.05653107504,0.08057076928,0.1060916661,0.1331449729,0.1608152856,0.18618498,0.2101654123,0.2307013305,0.2486839552,0.2619653305,0.2703718556,0.2747740245,0.2728881674,0.2677124267,0.2569326884,0.2414377525,0.2232859972,0.2023721186,0.178585904,0.1529798092,0.1278487405,0.1020150019,0.07788611587,0.05553798013,0.03630242174,0.02158783513,0.009018687131,0.002614706369
0.002546520211,0.01004117526,0.02103698265,0.03660650677,0.05535538919,0.07715125868,0.1018682939,0.1270764647,0.1527539449,0.1777552593,0.2009945222,0.2236344093,0.2424497992,0.2575839167,0.2691735042,0.2763064151,0.2781149681,0.2758086821,0.2675228364,0.2554556232,0.2387559897,0.2185539786,0.1959282689,0.170009519,0.1437233893,0.1161513824,0.09009098483,0.06549244173,0.04320817159,0.02494658985,0.01146535616,0.002619503804,8.645973459e-05,0.004281170853,0.01441725809,0.03192427791,0.05576716431,0.0866007931,0.1226069754,0.1636549619,0.208817832,0.2572028175,0.3079493627,0.3578779528,0.4077975646,0.4546387558,0.4977222874,0.5348714439,0.5662325998,0.5889555497,0.6032379524,0.6077940007,0.6021007705,0.5863707635,0.5608048443,0.5248755241,0.4809124873,0.429056499,0.3715505434,0.3105786548,0.2475744524,0.1853191741,0.1272182924,0.07660386212,0.03606001151,0.009476717046,6.735538193e-05,0.01139531114,0.04670278812,0.1089227648,0.2016820405,0.3272494256,0.48788009,0.6858192209,0.9220042778,1.196740678,1.511652696,1.865155341,2.257001082,2.685058748,3.147254991,3.640298803,4.16096399,4.704818534,5.267497232,5.843435195,6.427760062,7.013768118,7.596064973,8.168669633,8.724386901,9.257300549,9.760887158,10.22987655,10.65899361,11.04170868,11.37457715,11.6528809,11.87372511,12.03416986,12.13184563,12.16556892,12.1353401,12.04110354,11.88398844,11.66631275,11.39096834,11.06080524,10.68050381,10.25347336,9.786220195,9.284000003,8.752069585,8.196949394,7.624557946,7.042104719,6.455588051,5.870423878,5.293350135,4.72927164,4.183795194,3.661327428,3.166347266,2.70212529,2.272001082,1.878091952,1.522575872,1.205735507,0.9292017305,0.691372026,0.4919719282,0.3300891104,0.2034907196,0.1099312369,0.04714876735,0.01150744213,6.803775757e-05,0.009575482765,0.0364463216,0.07744681904,0.1286552632,0.1874663953,0.2505151391,0.314358227,0.3761804345,0.4345280978,0.4871856756,0.5318753394,0.5684475075,0.5945330406,0.6106578534,0.6166095539,0.6121637016,0.5978421246,0.5749418743,0.5432547845,0.5056689801,0.4620306174,0.414547219,0.3639061535,0.313226748,0.2616859045,0.2125187574,0.1666034305,0.1248518604,0.08821182053,0.05682095836,0.03253689848,0.01469815488,0.004365839674,8.81950474e-05,0.002672848913,0.01170221314,0.02546928289,0.04412619665,0.06690319625,0.09205811866,0.1187217311,0.1469462017,0.1738718319,0.2004371272,0.2236479191,0.2443911625,0.2615602631,0.2739947464,0.2825624094,0.2850072397,0.283235427,0.2760031196,0.2641955522,0.248744602,0.2295067905,0.2063318211,0.1825280129,0.1569005905,0.1305636685,0.1046938882,0.079314098,0.05692360012,0.03765440723,0.02164542179,0.01033456565,0.002621681233
0.002553680889,0.0100694105,0.02109613752,0.03670944229,0.05671780742,0.07855848392,0.1033289344,0.1285922859,0.1554698014,0.181639688,0.2060140661,0.228660576,0.2485585986,0.2658109574,0.2773402599,0.2854481549,0.2881935795,0.2867903018,0.2793691791,0.2681353802,0.2522362297,0.2328056943,0.2099630759,0.1838218004,0.1573156719,0.1295235291,0.1023287659,0.07662270344,0.05235668535,0.03216437784,0.01680417895,0.005253739416,8.670285471e-05,0.00171728371,0.008504587438,0.02274682305,0.04340368486,0.07112962522,0.1032794613,0.1413665161,0.1844374953,0.2299774139,0.2779337697,0.3266867902,0.3746708449,0.4211438316,0.4638536447,0.501377925,0.5338459368,0.5583828521,0.5751711635,0.5829065864,0.5810506994,0.5690747369,0.5471822893,0.5162846148,0.4772635228,0.4302629828,0.3768293613,0.3191681381,0.2594288484,0.1997089594,0.142057626,0.09122288082,0.04844264402,0.01697029476,0.001350895633,0.004033183816,0.02743140953,0.0759275102,0.1518526476,0.2568571175,0.3945580504,0.5659181137,0.7719111768,1.014173956,1.293052628,1.60762725,1.957663788,2.341036502,2.756314557,3.200198276,3.670087041,4.16216252,4.671399715,5.194101888,5.724728108,6.257793342,6.787860145,7.308903505,7.815559444,8.301861507,8.761860974,9.190241731,9.582308561,9.932108946,10.2367857,10.49158513,10.69358624,10.83982706,10.92916484,10.9604077,10.93231289,10.8460726,10.70282949,10.5036784,10.25153729,9.949286467,9.601645981,9.211440459,8.784601176,8.32580533,7.840358397,7.334206774,6.813321528,6.2830757,5.749512429,5.218091539,4.694326968,4.183795194,3.690224804,3.218684607,2.77303526,2.355916399,1.970674396,1.618777661,1.302396204,1.021796594,0.777936956,0.5705001272,0.397867199,0.2590859778,0.1532144581,0.0766304925,0.02769336047,0.004072870742,0.001364581522,0.01714715805,0.04896160897,0.09222670694,0.1436622118,0.2020229094,0.2625103416,0.3230522395,0.3815250317,0.4357499674,0.4834891127,0.5231698606,0.554639304,0.5769962535,0.5893086177,0.5913611681,0.5836816254,0.5668081246,0.5420570691,0.5092363028,0.4712595866,0.4279911074,0.380872203,0.3321895979,0.2826967722,0.2339859577,0.1877063225,0.1439134278,0.1051704672,0.07245284379,0.04422385468,0.02318333008,0.008670285471,0.001751246472,8.844304712e-05,0.00536072964,0.01715132796,0.03283830147,0.05346908487,0.07827321184,0.1045631113,0.1323897941,0.1608432738,0.1879979037,0.2147949144,0.2382318062,0.2581895662,0.2745430291,0.2861276757,0.293812936,0.2953356202,0.2926064168,0.2843770866,0.2726337637,0.2550120062,0.2346649385,0.2114846563,0.186516739,0.1596901714,0.1321210866,0.1061950437,0.08076077305,0.05832461548,0.03776028939,0.02170628755,0.01036362589,0.00262905326
0.002561230492,0.01009917932,0.02115850532,0.0380452343,0.05688548576,0.07998453016,0.1048120759,0.1312962791,0.1582225061,0.1855712771,0.211090645,0.2348494779,0.2547365156,0.273046713,0.2855919384,0.2946815533,0.298369635,0.2978743909,0.2923335111,0.2809248773,0.2658286699,0.2461944599,0.2241075331,0.1986941491,0.171007883,0.1429905501,0.1146511671,0.08782768896,0.06337591284,0.04122043053,0.02306317435,0.009660330842,0.001739183594,8.611803106e-05,0.004264865036,0.01520938059,0.03264900138,0.05640830101,0.08632066059,0.1205982649,0.1607492099,0.2034269334,0.2485767905,0.2953599109,0.3421850025,0.3875127386,0.4298524871,0.4685222308,0.5013448459,0.5277095447,0.5462742492,0.5572137661,0.5584864746,0.5502946441,0.5335555146,0.5069931615,0.4722252791,0.4301107878,0.3807744419,0.3271471367,0.2706875806,0.2135135659,0.157693654,0.1059387637,0.0615877073,0.02723274413,0.006097002158,6.741845608e-05,0.01342073497,0.04876398678,0.1084068007,0.1947024296,0.3099841968,0.4559123536,0.6334903145,0.84438335,1.087659996,1.365018872,1.674290862,2.01464916,2.38402073,2.780382492,3.201120065,3.642396219,4.100431844,4.570233081,5.048759816,5.529851962,6.008662085,6.480378204,6.938960855,7.379025467,7.795829583,8.184635959,8.540080576,8.858041511,9.13437887,9.366176195,9.549861551,9.683074036,9.764034728,9.792166803,9.766847175,9.688653093,9.558116197,9.376972248,9.147541851,8.87336144,8.557314745,8.2035151,7.816062584,7.400307693,6.96097834,6.502813136,6.031200682,5.552193335,5.070617637,4.591341311,4.120556784,3.661327428,3.218684607,2.796443707,2.398482977,2.027454501,1.685418177,1.374486565,1.095519408,0.8507298241,0.6384355373,0.4596036943,0.3125840266,0.1963919468,0.10937899,0.04921547294,0.01354889368,6.808186033e-05,0.00615877073,0.02751656199,0.06224749502,0.1071045249,0.1594748537,0.2159874645,0.2739028048,0.3311283383,0.3855192719,0.4355958315,0.4783851485,0.5137544951,0.5408268233,0.5579547419,0.5664237092,0.5652956946,0.5543571408,0.5356719968,0.509056076,0.4758656429,0.4367155626,0.3938132145,0.3478486717,0.3003350394,0.252836697,0.2069726979,0.1635982043,0.1227710081,0.08790115756,0.05745766,0.03326594728,0.01550124559,0.004347958984,8.782118948e-05,0.001774090335,0.009857059474,0.02353962477,0.04208410096,0.06472243305,0.08971956085,0.1171545718,0.1461548308,0.1748425151,0.2032081256,0.2292648752,0.2519326301,0.2721028182,0.2876381576,0.2994056406,0.3051684413,0.3057638597,0.3020713636,0.2928381312,0.2800552459,0.2613503224,0.2410163538,0.2166960409,0.1905538918,0.1625176008,0.1348992822,0.1077193241,0.0822267967,0.05849704413,0.03913431987,0.02177045918,0.01039426452,0.002636825691
0.00256917235,0.01013049483,0.02247259083,0.03816320487,0.0582759586,0.08143004668,0.1063183924,0.134034436,0.1610133122,0.1884167777,0.2151062292,0.2388956943,0.2609863678,0.2792849775,0.293932306,0.3040108257,0.3086477819,0.309066013,0.3033866901,0.29382996,0.2795395246,0.2606777401,0.23836811,0.212725373,0.1857540121,0.1574960853,0.1289187752,0.1009479451,0.07447055935,0.05123587096,0.03114285002,0.01497589588,0.00523372935,8.638506564e-05,0.001711235808,0.00932344221,0.02351299234,0.04326951485,0.07009530948,0.1013550997,0.1377492579,0.1775462831,0.2206686223,0.2654630829,0.3103320443,0.3545074754,0.3964745645,0.4347651683,0.4687144092,0.4969215458,0.5172759307,0.5306971852,0.5358609139,0.5314750629,0.5184618954,0.4969905022,0.4672203493,0.4293015381,0.3847949615,0.3352187915,0.2827528474,0.2281284379,0.1734458664,0.1228283895,0.07688013301,0.03960992167,0.01359090606,0.0006762750706,0.004711822485,0.0274729172,0.07205054241,0.1401687084,0.2348630112,0.3565034447,0.5074446658,0.687412119,0.8981140593,1.139310799,1.409496299,1.70849958,2.034245639,2.384707426,2.757902652,3.149975395,3.557763407,3.977514201,4.404886874,4.835585543,5.264721033,5.688071163,6.099549527,6.495614631,6.870848375,7.221098363,7.540956453,7.827515987,8.077225752,8.285887235,8.451152335,8.57126453,8.645055172,8.670065128,8.647545306,8.576203,8.458457285,8.295438077,8.088865335,7.841053628,7.556174356,7.237754955,6.888680715,6.514348966,6.11890354,5.707763145,5.284469093,4.855121983,4.423957148,3.99588488,3.575224928,3.166347266,2.77303526,2.398482977,2.046586036,1.719359,1.418863793,1.147212994,0.9046038157,0.6925787807,0.511405937,0.3593899111,0.2368328014,0.1413850129,0.07269668976,0.0277272779,0.004756817121,0.0006829296839,0.01372859518,0.04002273366,0.07770374814,0.1241800059,0.1754049922,0.2307716733,0.2861113828,0.3392982206,0.3895898913,0.4347762618,0.4733149326,0.5036184389,0.5255275078,0.5388731922,0.5434765929,0.5383945124,0.5249297517,0.504419447,0.4759237477,0.441579487,0.4028047241,0.3602713268,0.3154684998,0.2699346205,0.2244502614,0.1806409438,0.140190619,0.1031811508,0.07137872673,0.04407445408,0.02395730131,0.009502357221,0.00174457645,8.809350521e-05,0.005338774289,0.01528087379,0.03178621436,0.05230938975,0.07605280265,0.1031224368,0.1317337127,0.1609813634,0.1899193072,0.2175581139,0.2438536279,0.266753479,0.2861372797,0.3008516339,0.3107262181,0.3166341126,0.3162967206,0.3116345888,0.3013901152,0.2864536335,0.2677624416,0.2451688192,0.2208182568,0.1934757945,0.1653841659,0.1377125789,0.1092674224,0.08371283648,0.05992690889,0.03925566747,0.02312255115,0.01042649503,0.002645001954
0.002577509968,0.01016337087,0.02254552011,0.03828705418,0.05846507892,0.0816943079,0.1078485718,0.1356387111,0.1638434963,0.1913056868,0.2191762459,0.244109323,0.2662154829,0.2856004273,0.3012967605,0.3113295445,0.3179901477,0.3193401773,0.3145508979,0.3058504708,0.2923806037,0.2743049395,0.252751364,0.2278357022,0.2006188335,0.1711744669,0.1423639127,0.1132444752,0.08655685793,0.06132185647,0.03927806645,0.02209484776,0.008751190222,0.001733308143,8.583946017e-05,0.005102017719,0.0151645487,0.03255745158,0.05543090238,0.08364330905,0.1170603862,0.1539429457,0.194211169,0.2362045366,0.2798907517,0.322899974,0.3637116263,0.4023878031,0.4367016943,0.4652481371,0.4881628145,0.5040833844,0.5124230632,0.5118718414,0.5033420176,0.4862652884,0.4608041327,0.4278282102,0.3881804925,0.342678788,0.293525009,0.2421669583,0.1900175467,0.1398418751,0.09365740617,0.0541265312,0.02386127102,0.004749288287,6.753019354e-05,0.01210042265,0.04283517911,0.0946376777,0.1699156382,0.269071679,0.3944964816,0.5465961695,0.7257923233,0.9318709568,1.165292801,1.424592751,1.708991699,2.015809932,2.343060032,2.688153718,3.047906399,3.419177905,3.798231452,4.180100093,4.561761743,4.938319278,5.304905855,5.657939588,5.993218021,6.305916207,6.5918413,6.848051406,7.071589277,7.258222533,7.406206463,7.51376572,7.579719014,7.602222008,7.581902287,7.518094895,7.412608191,7.266588823,7.0817797,6.859895069,6.605143857,6.320461788,6.008772592,5.674257941,5.321738446,4.955415635,4.578872991,4.196988281,3.814675305,3.434969833,3.062865539,2.70212529,2.355916399,2.027454501,1.719359,1.433647626,1.173037323,0.9383343607,0.7310368858,0.5507044438,0.3975760441,0.2712502452,0.1713407165,0.09545888976,0.04321932386,0.0122124556,6.817506005e-05,0.004796021752,0.02410300894,0.05469063433,0.09466075584,0.1413807098,0.1921638548,0.2449728526,0.2970114961,0.3468490012,0.3930176093,0.433284145,0.4668150207,0.4927501921,0.5102015759,0.518997094,0.5197056425,0.5113947002,0.4953858661,0.4722681276,0.4434186423,0.4086946531,0.369518689,0.3281499266,0.2845233586,0.2401832347,0.1975394017,0.1566261964,0.1191350738,0.08515025798,0.05644582016,0.03316311518,0.01545110283,0.00519992443,8.751190222e-05,0.001767587821,0.008926833284,0.02254480017,0.04008949209,0.06260670173,0.08839589352,0.115683843,0.1454724243,0.1749624379,0.2051174531,0.2330117228,0.2585678808,0.2806982939,0.2992814368,0.3131593996,0.3221605103,0.3271598603,0.3258706098,0.3191368411,0.3089414246,0.2929311876,0.2731273218,0.2505193517,0.2249963505,0.1964422712,0.1682911779,0.1393608782,0.1108400454,0.08398450594,0.06012138696,0.0393830621,0.02319758971,0.01046033166,0.002653585658
0.002586247036,0.01019782197,0.02262194338,0.03841683704,0.05988541113,0.08317668899,0.109403316,0.1372717528,0.1655566204,0.1942393304,0.2221747762,0.2482768353,0.2715148842,0.2909104838,0.3076783254,0.3197973906,0.3263909224,0.3286916267,0.3258312881,0.3179916938,0.3043481877,0.2870728139,0.2662885296,0.2421122745,0.2146552013,0.1859103098,0.1568510459,0.1274854587,0.09873503526,0.07238790723,0.04926401072,0.02926406126,0.0149274525,0.004347958984,8.613043295e-05,0.001706437398,0.009298637614,0.02261617797,0.04233669721,0.06747059483,0.09706531638,0.1318207209,0.1692076666,0.2091690247,0.2500733807,0.2919081048,0.3323324486,0.3698489679,0.404534513,0.434944458,0.4596749369,0.4773599922,0.4881548358,0.4914687192,0.4867228054,0.4740772418,0.4529596255,0.4249640771,0.3902109925,0.3495236893,0.3044079412,0.2563311023,0.2067247251,0.157681731,0.1119406655,0.07080924787,0.03762338538,0.01293462214,0.001355182056,0.003372622177,0.02149018945,0.05817878342,0.1152150311,0.1936984224,0.2953884347,0.4207189687,0.5707925509,0.745408332,0.9437366894,1.165628454,1.410308403,1.675738074,1.959920316,2.260253504,2.574818396,2.899808196,3.23146077,3.567964344,3.903710768,4.235673711,4.559577295,4.871799572,5.168097653,5.444869059,5.698511446,5.926047853,6.123859038,6.289570187,6.421413725,6.51696617,6.575034029,6.595021208,6.576927911,6.520721024,6.426964224,6.296819947,6.132683747,5.936296916,5.710011233,5.4574285,5.181510738,4.885850579,4.57404494,4.250337524,3.918353655,3.582379417,3.245450877,2.913201346,2.587455618,2.272001082,1.970674396,1.685418177,1.418863793,1.173037323,0.9500087513,0.7505784417,0.5749170877,0.4238811367,0.2976943289,0.1952667214,0.1161813367,0.05868362588,0.0216829129,0.003403847931,0.001368123105,0.01306190009,0.03800454694,0.07154721717,0.1131398833,0.1594168773,0.2090597461,0.259301111,0.3080236956,0.3537772013,0.3950734114,0.4303834868,0.458868187,0.4803996039,0.4933558767,0.4983099605,0.495092514,0.4842837072,0.4664764705,0.4415072054,0.4107566946,0.3756458185,0.3376385076,0.2966541681,0.2542124659,0.2126923288,0.1721074097,0.1341183775,0.09878562682,0.06868617013,0.0431118653,0.02303690487,0.009474347625,0.001739183594,8.780854413e-05,0.004433948676,0.01522705786,0.02986001173,0.05028173092,0.07390461374,0.1008328152,0.1302315876,0.1602758836,0.1900243748,0.2194685684,0.2476126333,0.2724165745,0.2937637552,0.3115314824,0.3255907623,0.3337137956,0.3367402987,0.3344795733,0.3278170377,0.315484906,0.298377542,0.2785643133,0.2547962981,0.2280745051,0.1994546836,0.1700508064,0.1410387335,0.1124379148,0.08550844373,0.06158195699,0.03951656014,0.02327622333,0.01049578938,0.002662580603
0.00259538743,0.01023386343,0.02270189455,0.03979624362,0.06009705999,0.0834706546,0.1097899726,0.1377569029,0.1673035661,0.1960724395,0.2240917697,0.2513888707,0.2757838871,0.2962959215,0.3130690868,0.3262409997,0.3348932172,0.3371142204,0.335183048,0.328233137,0.3164391098,0.2999672881,0.2799548764,0.2555519528,0.2288173702,0.2007729963,0.1705225099,0.1409150384,0.1119282083,0.084448351,0.05932574532,0.03826672575,0.02114853115,0.008726651349,0.001728696755,8.562341706e-05,0.005089909715,0.01513073917,0.03165647735,0.05284608896,0.07940009796,0.1111856748,0.1456626971,0.1827718451,0.2224573266,0.2615253223,0.3007796669,0.3386799408,0.3737326666,0.4044882326,0.4302941556,0.4505145071,0.4645286067,0.4709892109,0.4700528231,0.4611366805,0.4451207348,0.4214147935,0.3908728902,0.3550365353,0.3139891382,0.2699226976,0.2228743158,0.1763633071,0.1310590046,0.08968675273,0.05354537633,0.02527749657,0.006799857911,6.769083604e-05,0.007413360878,0.03086991299,0.0715120136,0.1311419537,0.2108847986,0.311864129,0.4345454136,0.5794050633,0.7456230405,0.9324078691,1.140295589,1.36659228,1.609943901,1.868381116,2.139968275,2.420874508,2.709234661,3.001927962,3.294586691,3.584150805,3.867579396,4.14057543,4.400127293,4.643227835,4.86623661,5.065510741,5.239929097,5.385824064,5.501407251,5.585498687,5.636892284,5.654354077,5.638515942,5.588716861,5.506162521,5.392032108,5.24748003,5.074271511,4.876056839,4.653938165,4.411547217,4.152517475,3.879851316,3.59655906,3.306944743,3.014056169,2.720963871,2.432055639,2.15047125,1.878091952,1.618777661,1.374486565,1.147212994,0.9383343607,0.7505784417,0.5834237838,0.4376854311,0.3142081326,0.2125310311,0.1322037578,0.07211178309,0.03113778458,0.007479843702,6.831755829e-05,0.006864791838,0.02552622962,0.05408784317,0.09062146214,0.1324630367,0.1783040274,0.2253917516,0.2730501868,0.3177186979,0.3593571356,0.395743557,0.4267889404,0.4509270431,0.4672864655,0.4764587154,0.4775453775,0.4711305078,0.4570488504,0.4366609595,0.410591435,0.3794810823,0.3439882617,0.3055819505,0.2657773992,0.2261393253,0.1858505074,0.1481589457,0.1131236592,0.08080732376,0.05379818373,0.03223609486,0.01541221507,0.005186090266,8.726651349e-05,0.001762377596,0.008899238547,0.0215729983,0.03904601175,0.06055132579,0.08621775377,0.1143062978,0.1439504502,0.1742458635,0.2052159621,0.2339483058,0.2613576372,0.2863974222,0.306958767,0.3239077772,0.3360769459,0.3432917932,0.3453691365,0.3431925728,0.334422235,0.3210124446,0.3039012125,0.2829441537,0.2579900519,0.2300424033,0.2013370119,0.1718451745,0.1415371969,0.1128352963,0.0858106503,0.06179960183,0.04093545371,0.02335848687,0.01053288392,0.002671990777
0.002604935212,0.01027151125,0.02278540915,0.03994264405,0.06031814205,0.08377772227,0.1101938625,0.1394454169,0.1679190341,0.1979445815,0.2271880276,0.2534350616,0.2790128145,0.3006659119,0.3185399758,0.3327740767,0.3413936258,0.3456420121,0.344646466,0.3385917531,0.3276539447,0.3120007555,0.2927743307,0.2691223556,0.2431119683,0.2148189591,0.1852555739,0.1544601929,0.1252314355,0.09660704978,0.07037016989,0.04733947609,0.02830177508,0.01401400723,0.004337640497,8.593840421e-05,0.001702878074,0.009280578622,0.02173937563,0.04060913014,0.06408238045,0.09204526273,0.1235822029,0.1586111571,0.195465552,0.2333221409,0.2713847087,0.3081063157,0.3427573991,0.3746296787,0.4015166714,0.4235342877,0.4400443738,0.4489371146,0.4518475779,0.4474297672,0.4358261292,0.4164467758,0.3908711412,0.3599203632,0.3229694774,0.2829406535,0.2391699151,0.1952030708,0.1510287139,0.1094048976,0.07165647519,0.04045564009,0.01637969493,0.002717594148,0.0006764211618,0.01212396875,0.03823532748,0.08151358294,0.1417726601,0.220169035,0.3178564589,0.4346705807,0.5711214221,0.7264196788,0.8991492829,1.089227354,1.295288955,1.514703262,1.745524164,1.986479094,2.233744424,2.484818933,2.737225402,2.987227815,3.231753004,3.468380755,3.69406154,3.904480137,4.098506458,4.271825429,4.423292667,4.550479448,4.651575759,4.724752016,4.769424359,4.784984362,4.770798151,4.727474257,4.655596457,4.555724621,4.429666796,4.279213525,4.106777381,3.913486431,3.703648967,3.47838409,3.242007432,2.997569534,2.747492782,2.494857948,2.243415074,1.995653913,1.754091205,1.522575872,1.302396204,1.095519408,0.9046038157,0.7310368858,0.5749170877,0.4376854311,0.320153284,0.2218238487,0.1428793816,0.08217356595,0.03855600622,0.01222917367,0.0006824872889,0.00274275526,0.01653610966,0.04085372757,0.0723824251,0.1105451082,0.1526466811,0.1973511058,0.2418714148,0.2862189767,0.3268057055,0.3643003969,0.3957417862,0.4217575675,0.4415111954,0.4533967549,0.4580053687,0.4551863163,0.446298304,0.429677305,0.4074576722,0.3802823544,0.3480293815,0.312935439,0.2757176689,0.2371156692,0.1987007968,0.1612828497,0.125700054,0.09364962665,0.0652181269,0.04134075931,0.02213741496,0.009453224463,0.001735056199,8.758754518e-05,0.004422152356,0.01429116259,0.02886981329,0.04830352489,0.07182391153,0.0986312075,0.1278921728,0.1577873771,0.1893006236,0.2195727522,0.2485634419,0.2752363353,0.2995118881,0.3192727041,0.3353873072,0.3466831025,0.3529841501,0.3541057483,0.3498540751,0.3411191437,0.326622144,0.3083833714,0.2862569148,0.2600899734,0.2332208806,0.2032594212,0.1724773499,0.1432720468,0.1132503892,0.08612632623,0.06202694712,0.04108604501,0.0234444169,0.01057163177,0.002681820364
0.002614894635,0.01031078222,0.02287252438,0.03884237648,0.06054875581,0.08409802882,0.1106151656,0.1399785572,0.1685610373,0.1987013811,0.2280566334,0.2555296988,0.2811909883,0.3040104664,0.3219256964,0.3372583529,0.3469297229,0.3521888558,0.3521605223,0.348051724,0.3379869061,0.3231679442,0.3047421168,0.2818545934,0.2565811355,0.2280443609,0.1991795655,0.1681273074,0.1386509907,0.1097846112,0.08241241805,0.05827982004,0.03728810003,0.02022215609,0.008708449111,0.001725339433,8.546943354e-05,0.004234573167,0.01426855218,0.02911742188,0.04948260461,0.07440834727,0.1037843187,0.135897828,0.1706892477,0.2065199527,0.2433743812,0.2789012035,0.313140412,0.3453630582,0.3733371932,0.3964065428,0.4146822937,0.4275239628,0.4335644552,0.4329419141,0.4250553435,0.4107687297,0.3901977895,0.3634512928,0.331345347,0.2946732584,0.2549130692,0.2135075777,0.1711682232,0.1306756876,0.09198796486,0.05850638421,0.03082934861,0.0109119372,0.0006790073162,0.002028387033,0.01616063673,0.04359541104,0.0861905918,0.1451215528,0.2202324529,0.3120438145,0.4210826269,0.5472262112,0.6884027055,0.8458437058,1.016220593,1.199501147,1.393720048,1.596294059,1.805316708,2.018259761,2.233262224,2.446553368,2.655669495,2.858159362,3.050941183,3.23221841,3.398278945,3.547962902,3.678188956,3.787778321,3.874263867,3.937708441,3.976245515,3.98926079,3.977390838,3.939977214,3.877612678,3.792144356,3.683489364,3.554099082,3.405136786,3.239674027,3.058859481,2.866402725,2.664095996,2.455023284,2.24163923,2.026413812,1.813132546,1.603666756,1.400560433,1.205735507,1.021796594,0.8507298241,0.6925787807,0.5507044438,0.4238811367,0.3142081326,0.2218238487,0.1462123016,0.08686342242,0.04394838571,0.01629617559,0.002045988225,0.0006850966358,0.01101296644,0.03112374751,0.05908209279,0.09291989257,0.132037581,0.1730019445,0.2158570375,0.2577923928,0.2980875227,0.3352810636,0.367874296,0.3950600438,0.4160071113,0.4305999119,0.4387156896,0.439473083,0.4334750935,0.4205757769,0.4021560944,0.3788612392,0.3505741385,0.3179568528,0.2832725788,0.2472601252,0.2098777106,0.1735144079,0.1381869306,0.1055628898,0.07570529688,0.05035959594,0.02964201217,0.0145298037,0.004313348583,8.708449111e-05,0.001758448356,0.008878119056,0.02062209017,0.03803650064,0.0594666644,0.08411493438,0.1120848716,0.1415968475,0.1717488911,0.2035286451,0.2330908229,0.2623346378,0.2882578268,0.3117550865,0.3307001717,0.3459641494,0.356369139,0.3606799864,0.3608129045,0.3555273684,0.3457158733,0.3300937689,0.3118137735,0.2884916412,0.2622396135,0.2341125517,0.204036541,0.1731367809,0.1438198174,0.1136833783,0.08645561217,0.06226409414,0.0399542811,0.02353405171,0.01061205018,0.002692073741
0.002625270148,0.01035169387,0.02296327915,0.03899649725,0.05954841234,0.08443171728,0.1110540701,0.1393430054,0.1692298624,0.1994897986,0.2289615281,0.2565436027,0.2823067123,0.3052167347,0.3253795011,0.3407463631,0.3514920167,0.3577831587,0.3587419754,0.3555811181,0.3464184234,0.3334627328,0.3148624908,0.2937435472,0.2692202283,0.2414025111,0.2122902995,0.1819228657,0.1512652358,0.1221607441,0.09365011078,0.06841293834,0.04634939978,0.02736409706,0.01311450441,0.004330463309,8.580856353e-05,0.001700550129,0.00842656922,0.02088068248,0.03808719057,0.05992705452,0.08547337925,0.1146394151,0.1473431737,0.1811240675,0.2159650804,0.251068484,0.2848852511,0.3166831788,0.3449860437,0.3698778243,0.3906843191,0.4052498953,0.4144506314,0.4176577656,0.4135209804,0.4036396906,0.3873933025,0.3656145466,0.3376786547,0.3058227062,0.2701031704,0.2319826013,0.1921885132,0.1521294322,0.1145732203,0.0794697743,0.04883486481,0.02464927682,0.007498716678,6.788117903e-05,0.003380158277,0.01818071632,0.04561407489,0.08621541827,0.1418543446,0.2110670818,0.2957289183,0.3950649658,0.5083222883,0.6347687192,0.7736917106,0.9243972128,1.084256141,1.251971889,1.426266835,1.603940131,1.783756742,1.963204089,2.139143468,2.31038139,2.473801889,2.626939872,2.767973546,2.895078175,3.005783733,3.098891852,3.17255257,3.226819144,3.259172153,3.270908356,3.26011093,3.228678327,3.175294839,3.102463832,3.010115179,2.900085195,2.773559409,2.63299932,2.480222301,2.317044879,2.145931021,1.97000066,1.790447645,1.610420272,1.432441636,1.257754288,1.089577675,0.9292017305,0.777936956,0.6384355373,0.511405937,0.3975760441,0.2976943289,0.2125310311,0.1428793816,0.08686342242,0.04597015257,0.01832791834,0.003408507581,6.847021338e-05,0.00756596497,0.02487749456,0.0493012039,0.08025176471,0.1157339587,0.1537149151,0.1942474244,0.2345353621,0.273154071,0.3093661548,0.3416895983,0.3700638755,0.3922206101,0.4087871582,0.4189150906,0.4232277096,0.4200987755,0.4108909712,0.3962367419,0.3752425987,0.3500905947,0.3214615169,0.2892670968,0.2550036214,0.2194132043,0.18406892,0.1497819217,0.1165704348,0.08693815238,0.06097159285,0.03876221841,0.02125687661,0.008580856353,0.001732185323,8.74300294e-05,0.004413564042,0.01337001917,0.02790527748,0.04727966758,0.06980613946,0.0955847809,0.1247203152,0.1544791019,0.1858416157,0.2169256516,0.2467445796,0.275257146,0.3004168764,0.3221083586,0.3412349058,0.3545946693,0.3640784635,0.3674206579,0.366544195,0.3602027253,0.3492913534,0.3336352055,0.3130510041,0.2896363331,0.2632801412,0.2350414755,0.2048461276,0.1738237619,0.1431668249,0.114134457,0.08679865517,0.06123541107,0.04011281374,0.02362743133,0.01065415722,0.002702755489
0.002636066395,0.01039426452,0.02177672998,0.03915686773,0.05979330119,0.0835502568,0.1102986989,0.1387201806,0.1687457685,0.1979809988,0.2276040859,0.2564638253,0.2823472541,0.306471918,0.3267176025,0.3432269899,0.3550700569,0.3624151148,0.3643816393,0.3611591959,0.3539455555,0.3418726301,0.3251051909,0.3038000943,0.2800513849,0.2529760084,0.2245827932,0.1949118523,0.1640010153,0.1346527504,0.1059037661,0.07954074754,0.05549001022,0.03545371623,0.0193137075,0.007826889687,0.00172322891,8.537717637e-05,0.004230611461,0.01341859385,0.02743578505,0.04616049355,0.06947728607,0.09565550502,0.1254351172,0.1571411353,0.1907358634,0.2238279785,0.2572173064,0.2885853963,0.3179857586,0.3439443816,0.3657848347,0.3828474627,0.3944880732,0.4008189235,0.401208752,0.3957717923,0.3838873584,0.3663940131,0.3433866646,0.3156700426,0.2840272091,0.2492209367,0.2119950421,0.1744771033,0.1373560353,0.1020008565,0.06975500263,0.04262611137,0.02053514904,0.006134430224,6.788117903e-05,0.004056774066,0.01818595312,0.04362052923,0.08158404111,0.1312931162,0.193977549,0.2695370369,0.3572228806,0.4569639867,0.5673868762,0.6877972273,0.8168630487,0.9532729403,1.095734089,1.241671478,1.389830597,1.537674215,1.683975054,1.826221969,1.961915052,2.089849581,2.207533448,2.313761301,2.406679853,2.485071657,2.547067754,2.592071377,2.619471647,2.629284283,2.620226163,2.59356484,2.549269372,2.48793611,2.410147968,2.317762937,2.211988324,2.094670146,1.967006932,1.83148907,1.689318346,1.542997611,1.395043875,1.246688004,1.100477899,0.9576757583,0.8208722167,0.691372026,0.5705001272,0.4596036943,0.3593899111,0.2712502452,0.1952667214,0.1322037578,0.08217356595,0.04394838571,0.01832791834,0.004089620149,6.84504968e-05,0.006187661329,0.02071930771,0.04302076941,0.07042111452,0.103004555,0.1387475857,0.1762954922,0.2142661402,0.25196339,0.2872353861,0.3193275885,0.3474654079,0.3708528276,0.3886709785,0.4008189235,0.4064422573,0.4061643022,0.3998641671,0.3881766968,0.370983385,0.3489330127,0.3226908026,0.2929397754,0.2611735889,0.2273361602,0.1937811747,0.159696055,0.1275112544,0.09726675426,0.07066793119,0.04696507847,0.02792203564,0.01366034822,0.004308072274,8.696544097e-05,0.001755791591,0.007977086152,0.01969000363,0.03615488524,0.05660373705,0.08116056188,0.1080915783,0.1374740601,0.1674854729,0.1991103944,0.2294865515,0.2585741903,0.2863311773,0.3107018903,0.332586772,0.3498408165,0.3622994585,0.369789841,0.3731967565,0.3712895739,0.3638694369,0.3518341875,0.3350072579,0.3143384054,0.2896779275,0.263198269,0.2336479871,0.2032968163,0.1733265268,0.1425269087,0.1133581335,0.08589248405,0.06148723759,0.040277775,0.02240656436,0.01069797173,0.00271387039
0.002647288223,0.01043851327,0.02186943429,0.03805505798,0.05879684666,0.08267202243,0.1095510109,0.1369088084,0.1670939976,0.1976542591,0.2274185955,0.2552763478,0.2824240211,0.3055543663,0.3270110983,0.3436041945,0.3565816028,0.3639579289,0.3680238696,0.3657966349,0.3595379731,0.3483769351,0.3324798024,0.3129922398,0.2900324352,0.2637127437,0.2360512542,0.207088938,0.1768644533,0.1463404354,0.1173568024,0.09077199469,0.06561314551,0.04450580495,0.02644899087,0.01310034839,0.004326411891,8.574063005e-05,0.00169944853,0.00758009097,0.01920331345,0.03476775031,0.05499758323,0.07896680719,0.1057817434,0.1353802301,0.1669088999,0.1987535691,0.2309155317,0.2618425984,0.2907994374,0.3178371497,0.3407230087,0.3603057997,0.3744082274,0.3838897969,0.3881035975,0.3856801148,0.3782061805,0.36504504,0.3470173322,0.3234835318,0.2966743711,0.2652134685,0.2319946316,0.1970343791,0.1617478003,0.126824382,0.09363379743,0.06421135837,0.03849546008,0.01848163414,0.00545361213,6.790073162e-05,0.003382105809,0.01617460555,0.03827939996,0.07161506508,0.1154142948,0.1702585336,0.2354047594,0.3107887181,0.3956960155,0.4894281449,0.5913014063,0.6993362305,0.8128835764,0.9300005937,1.049414372,1.169863749,1.288799531,1.404335653,1.515888732,1.620935485,1.717604755,1.805316708,1.88155077,1.946362555,1.997219778,2.034804081,2.057207616,2.065087739,2.057800178,2.035976465,1.998946121,1.948606057,1.884262155,1.808438992,1.721070939,1.624674426,1.519823012,1.408385969,1.292888922,1.173913793,1.053350744,0.9337579257,0.8164028296,0.702566208,0.5942035165,0.4919719282,0.397867199,0.3125840266,0.2368328014,0.1713407165,0.1161813367,0.07211178309,0.03855600622,0.01629617559,0.003408507581,6.84504968e-05,0.00549935144,0.01864200727,0.03884068634,0.06480586553,0.09452793525,0.1280723464,0.1633864631,0.1990878584,0.2344799849,0.2681319052,0.3000254018,0.3272316096,0.3511392005,0.3694874383,0.3829190075,0.3905985506,0.3931661546,0.3890094064,0.3795106726,0.365321254,0.3455653792,0.3224471168,0.2951022218,0.2657934634,0.2344672642,0.2018687454,0.1695737871,0.1375813445,0.1075325881,0.08029694714,0.05594008699,0.03537375786,0.01954365809,0.007716656704,0.001730564757,8.733565594e-05,0.004408165145,0.01335174148,0.02696430637,0.04538599735,0.06693005137,0.09262052872,0.119781217,0.1494066311,0.1806222147,0.2115497834,0.2412054259,0.269548522,0.29653604,0.320102865,0.3401310939,0.3564967205,0.3680238696,0.3745381012,0.3769270996,0.3728701668,0.365418442,0.3522208513,0.3353082004,0.313397302,0.2897566876,0.2619796098,0.2334575711,0.2029613036,0.1716299171,0.1406658292,0.1125897064,0.08498962948,0.06046255364,0.03914442476,0.0225019499,0.01074351337,0.002725423432
0.002658940683,0.00917390254,0.02196569609,0.03822256336,0.05779914713,0.08179657445,0.1075880345,0.1363051936,0.1654489283,0.1950001664,0.2249411433,0.2529660589,0.2802767113,0.3046673174,0.3251439411,0.342939231,0.3560000954,0.3655599475,0.3696437852,0.3684446191,0.3631723579,0.3529530705,0.3389574282,0.3203201443,0.2981749292,0.2736056112,0.2466890677,0.2174982114,0.187981958,0.1581479616,0.1289239952,0.1012004117,0.07583238335,0.0527480111,0.03364951972,0.01842121632,0.007821819506,0.001722360621,8.534644612e-05,0.003383758198,0.01174042428,0.02494341863,0.04204810232,0.06377858337,0.0884042907,0.1150567234,0.1444927965,0.1750709508,0.2059870139,0.2364615059,0.2649633092,0.2923126288,0.3162504925,0.3376138902,0.3542012726,0.3661133969,0.3734457488,0.375549419,0.3717885553,0.362999933,0.3492709191,0.3306835275,0.307314551,0.2806640031,0.250776143,0.2191054062,0.185668296,0.1525791818,0.1198214958,0.08876592842,0.06144957951,0.03712596797,0.01848695761,0.006137964674,6.793985371e-05,0.002030725081,0.01214143984,0.03092330232,0.05829619015,0.09485597429,0.1405324969,0.1952639808,0.2576721311,0.3283823562,0.4053840508,0.4886647484,0.5769049498,0.6688009229,0.7630627399,0.8577595561,0.952278025,1.044706913,1.134444585,1.218292726,1.296306807,1.367240568,1.428550269,1.480928919,1.522470971,1.552559109,1.571213886,1.577151542,1.571666461,1.55345364,1.523786954,1.482635932,1.430608864,1.369605203,1.298922798,1.221102909,1.13738888,1.047720006,0.9552996255,0.8607291015,0.7659250016,0.6715029719,0.5794025702,0.4909217116,0.4073736777,0.3300891104,0.2590859778,0.1963919468,0.1413850129,0.09545888976,0.05868362588,0.03113778458,0.01222917367,0.002045988225,6.847021338e-05,0.006187661329,0.01864200727,0.03744812605,0.06200065771,0.08958777648,0.120965708,0.154080576,0.1875492967,0.2213889083,0.2534627021,0.2837524592,0.3107857659,0.3345150288,0.3534195555,0.3674174434,0.3764214122,0.3803386618,0.3783171039,0.3709959377,0.3590283369,0.3423134732,0.3207450585,0.2965523837,0.268883812,0.2400294032,0.2091553186,0.1778149362,0.1467997855,0.1169274029,0.0898675128,0.06485288845,0.04276868844,0.02537818648,0.01194850246,0.003444721242,8.690910562e-05,0.001754401554,0.007969623092,0.01877471582,0.0343051258,0.05379120981,0.07735439711,0.1032613161,0.1315873706,0.1614615543,0.1919759282,0.2221832801,0.2520755158,0.2796603118,0.3048611189,0.3275972465,0.346757788,0.361179514,0.3717440339,0.3772493645,0.3785862042,0.3745114142,0.3648225237,0.3515392124,0.3333936686,0.3124874845,0.2875536265,0.2596086553,0.2309143315,0.2002359481,0.1699401909,0.1400456502,0.1105722815,0.0840896394,0.05943658941,0.03931672517,0.02260099581,0.009441952322,0.002737419817
0.002671029034,0.009215609882,0.02076758475,0.0371164569,0.05679970393,0.07967849355,0.1056208632,0.1332897046,0.162614035,0.1923465753,0.2213047466,0.2495167325,0.2770097901,0.3015681428,0.3221933692,0.3401237547,0.3543773238,0.3640193774,0.3692145008,0.3701196801,0.3658540243,0.3565953901,0.3435206069,0.3257612641,0.3054423094,0.2816720108,0.2555245394,0.2270738505,0.19827841,0.1682120649,0.1396859181,0.1117349633,0.08524584754,0.06196880592,0.04180835606,0.02467328634,0.01222259091,0.00346038199,8.573445695e-05,0.0008497854471,0.006739314174,0.01753977328,0.03147239408,0.05010488397,0.07251148719,0.09699004713,0.1242994707,0.1527893225,0.1824401792,0.2116662163,0.240485044,0.2673683775,0.2923652856,0.314760558,0.3331002016,0.3474711064,0.3579556947,0.3631467828,0.3638835131,0.3587806192,0.3493999382,0.3350881108,0.3166458752,0.2941358641,0.2683300538,0.2399816637,0.2098264504,0.1785839664,0.1469587822,0.1163383128,0.08739154427,0.06146727954,0.03851763985,0.02055289907,0.007507360177,0.0006799857911,0.0006775910281,0.007428321289,0.02153975993,0.04294635192,0.07225834707,0.108750778,0.1523783583,0.2024385533,0.2589037015,0.3204305353,0.3863518231,0.4553519239,0.5274422272,0.6000138203,0.6730953977,0.7447544651,0.8143746916,0.8806889465,0.9417814338,0.9970421234,1.045858114,1.08761273,1.120384109,1.144196258,1.159065367,1.163699603,1.159399226,1.144855505,1.121352539,1.088866382,1.047365235,0.9987665016,0.9436819803,0.8827203932,0.8164882889,0.7469024495,0.6752311452,0.6020910555,0.5294206722,0.4571916092,0.3880244733,0.3219104864,0.2601744021,0.2034907196,0.1532144581,0.10937899,0.07269668976,0.04321932386,0.0216829129,0.007479843702,0.0006824872889,0.0006850966358,0.00756596497,0.02071930771,0.03884068634,0.06200065771,0.08817526932,0.1174154425,0.1483621366,0.1803412502,0.2119521968,0.2424827367,0.2712046676,0.2973725659,0.3202224904,0.3389706463,0.3535501071,0.3631467828,0.3684178653,0.3677778594,0.3626249922,0.352105031,0.3376396999,0.3191420229,0.296520394,0.2712463364,0.2440433566,0.2148599848,0.185246308,0.1551840754,0.1262840507,0.09856698485,0.07371165982,0.05094886526,0.03201174233,0.01784549439,0.006858756556,0.0008650954974,8.730422077e-05,0.003524755192,0.01245355287,0.02514676182,0.04262292377,0.06319436452,0.08695679671,0.1140103995,0.1425716186,0.1717365256,0.2024911444,0.2319651853,0.2611039097,0.2879052151,0.3122914608,0.3331619788,0.3514259782,0.3649067268,0.3744889936,0.3789644545,0.3781465345,0.3729331201,0.3631595364,0.3486531316,0.3303682333,0.3093087606,0.2842018851,0.2560687536,0.2271813724,0.1975111077,0.1670283418,0.1369474108,0.1085505453,0.08191218075,0.05840883212,0.03817895523,0.02136823227,0.009484878301,0.002749864957
0.002683558746,0.009258840016,0.02086500483,0.03600468733,0.05579801289,0.07880144623,0.1036485057,0.1302627361,0.1585716507,0.1885065635,0.2176619774,0.2449110046,0.2726061761,0.2962248089,0.3181428305,0.3362253856,0.3506122622,0.3614369282,0.366707086,0.3687134555,0.3654994157,0.3582681678,0.3461441686,0.3302920549,0.3108348087,0.2878894035,0.2625357976,0.2358075861,0.206797424,0.1783900947,0.1496352982,0.1214606748,0.09475698131,0.07128261551,0.05004788836,0.03187160736,0.01754275242,0.006953229064,0.001722732691,8.537717637e-05,0.003385464042,0.01090888921,0.02246686348,0.03878649912,0.05811759748,0.0803921451,0.1055459018,0.1319192638,0.1594913249,0.1882427165,0.216591725,0.243778886,0.2690659578,0.2917344582,0.3118448484,0.3286990711,0.3416155707,0.3499279905,0.3537254738,0.3530922029,0.3481075304,0.3381174011,0.3239286314,0.3056064242,0.2846456019,0.2596541339,0.2328145542,0.2041451605,0.1743654475,0.1448802323,0.116371823,0.08881707233,0.06426686096,0.04267524495,0.02468479734,0.01093080933,0.002723078344,6.784697553e-05,0.003381375353,0.01213532209,0.02756008941,0.04893280667,0.07621231562,0.109362828,0.1476886003,0.1905050759,0.2371378482,0.2875827528,0.3398592374,0.3933208681,0.4479846326,0.5018977495,0.5544303836,0.6042994463,0.6508803494,0.6935482491,0.730369392,0.7620247157,0.7872292243,0.8060008749,0.8170457853,0.8210235816,0.8172811283,0.8064652651,0.7879096843,0.762903074,0.7314218815,0.6947477365,0.6521938477,0.6056933574,0.5558693312,0.5033452985,0.4494060984,0.3946825366,0.3411340553,0.2887446272,0.2381644997,0.1913849489,0.1484134567,0.1099312369,0.0766304925,0.04921547294,0.0277272779,0.0122124556,0.003403847931,6.831755829e-05,0.00274275526,0.01101296644,0.02487749456,0.04302076941,0.06480586553,0.08958777648,0.1174154425,0.1462216201,0.1760305166,0.2061539689,0.2351731925,0.2623602321,0.2876950037,0.3089693493,0.3275875076,0.3420350358,0.3522423481,0.3573891417,0.3581332466,0.3543904927,0.346071722,0.3330826491,0.3160946782,0.2957953999,0.2728899351,0.2473146987,0.2197965025,0.1910830548,0.1619444753,0.1339869085,0.1072310601,0.08169922155,0.0590795299,0.03943983023,0.02285188228,0.01109903293,0.003445465383,8.69153633e-05,0.001754275242,0.007082579413,0.01787424584,0.0324832172,0.05102298994,0.07269237355,0.09665882619,0.1239341711,0.1527265379,0.1821278104,0.2111911582,0.2408870519,0.2682682585,0.2942601944,0.31780488,0.3377957011,0.3541099155,0.3666184927,0.3741260155,0.3775246253,0.3755784604,0.3702874344,0.3593011687,0.344657002,0.3262149221,0.3038282746,0.2796839388,0.2513420846,0.2234418715,0.1935679911,0.1628762233,0.1338373769,0.1065234792,0.0810105465,0.0573787633,0.03703536006,0.02146846997,0.009529371564,0.002762764487
0.002696535509,0.009303612565,0.01965553198,0.03488669378,0.05351929493,0.07541190741,0.1004300814,0.1272227545,0.1545100105,0.1834615715,0.2116592086,0.2402911749,0.2659015148,0.29086659,0.3118568927,0.3301226318,0.3457632863,0.3567185155,0.363155494,0.365233693,0.3631051805,0.3569149091,0.3457839787,0.3318892331,0.3133326051,0.2922333896,0.2676991355,0.2417638837,0.2144698193,0.1868002108,0.1587640377,0.1303694723,0.1043705004,0.07978738729,0.05747417445,0.03825295221,0.02291585804,0.01135363527,0.003462126462,8.579003088e-05,0.0008504587438,0.005902421985,0.01588646681,0.0290232341,0.04523837851,0.06527748987,0.0882453061,0.1132761354,0.1387347619,0.1662013748,0.1932823667,0.2199938727,0.2455769641,0.2692934771,0.2904245669,0.3090285937,0.3244066535,0.3358759368,0.3427684386,0.3459111261,0.3446360454,0.3390201949,0.3291359224,0.3157752944,0.2982698451,0.277395786,0.2546241166,0.2292655518,0.2020551004,0.174415672,0.1470434548,0.1199250663,0.09374172572,0.06985552219,0.04891932441,0.03089156327,0.01641747726,0.006817506005,0.001359090606,6.774446842e-05,0.004728134714,0.01347107639,0.02754223625,0.04690498058,0.07019049996,0.0973806227,0.1277950739,0.161426522,0.1976073755,0.2350152517,0.2736600376,0.3122324717,0.3500901332,0.3859347884,0.4197884554,0.4510139414,0.4789740188,0.5023737966,0.5205738939,0.5342441742,0.5427372508,0.5454016078,0.5428935817,0.5345519875,0.5210238641,0.5029528647,0.4796642383,0.4517939673,0.4206356026,0.3868250072,0.3509987439,0.3131329974,0.2745283673,0.2358288696,0.1983486042,0.1620787076,0.1283483428,0.09783038807,0.07053499528,0.04714876735,0.02769336047,0.01354889368,0.004756817121,6.817506005e-05,0.001368123105,0.006864791838,0.01653610966,0.03112374751,0.0493012039,0.07042111452,0.09452793525,0.120965708,0.1483621366,0.1760305166,0.2039845864,0.2315215475,0.257203707,0.2802867865,0.3014652032,0.3192501187,0.3328536165,0.3429482899,0.3487296288,0.3501206751,0.3470396758,0.3401592383,0.3286383257,0.3131498434,0.2943824806,0.2730420405,0.2490671148,0.2231847033,0.1961422496,0.1687091378,0.1408686538,0.1150515759,0.08965424106,0.0663388208,0.04598714076,0.02951210992,0.01615871613,0.006005302161,0.0008655316155,8.733565594e-05,0.003525516621,0.01156484602,0.02334888337,0.03898701879,0.05859396511,0.08136534441,0.1064652959,0.1330243925,0.1620438634,0.1907141393,0.2190265654,0.2469716525,0.2735443378,0.2987003098,0.3203586862,0.3394291643,0.3537414366,0.365233693,0.371675271,0.3739617066,0.3719409484,0.365453482,0.354332025,0.3384012078,0.3197694941,0.2983325215,0.2728052021,0.2466009435,0.2172797023,0.1883875404,0.1587043262,0.1307139728,0.1032157831,0.07752598618,0.05503548956,0.03588536275,0.02022401631,0.00957545231,0.002776124261
0.002709965229,0.009349947914,0.01975342363,0.03376190722,0.05250522509,0.0732612364,0.09719210173,0.1229388171,0.150427041,0.1783890661,0.2056229029,0.2333216538,0.2591629529,0.2832159044,0.3044233844,0.322890059,0.3387159669,0.3498305683,0.357472207,0.3596481675,0.3586399895,0.3535239947,0.3444398774,0.3315206936,0.3138934539,0.2946776686,0.2719672725,0.2468399544,0.2203276887,0.1934193476,0.166124641,0.1384524478,0.1122510262,0.0883854711,0.06588297517,0.04559573841,0.02923036847,0.01579871143,0.006958738203,0.001724345924,8.546943354e-05,0.00254220779,0.01008352873,0.02083412877,0.03471772078,0.05248207627,0.0732259813,0.09527059851,0.1201945786,0.1455539454,0.1713461839,0.1975693597,0.2234435567,0.2474373997,0.2695966214,0.289201833,0.3063093385,0.32021921,0.3302472112,0.3364679177,0.3389517638,0.3377651507,0.3322387449,0.3224430055,0.3098919905,0.2939047684,0.2745286461,0.2525207786,0.2293315898,0.2042627819,0.1787383296,0.1527550543,0.1270071407,0.1021772664,0.07963014697,0.05864133832,0.04056063713,0.02535040069,0.01297566399,0.004765730223,0.0006788117903,6.769083604e-05,0.004050644858,0.01144794191,0.02216973754,0.03686718311,0.05418205571,0.07477289813,0.09663010764,0.1210867597,0.1461474685,0.1718202179,0.1967883454,0.2217270576,0.2453247115,0.2669345511,0.2859103647,0.3022655113,0.3153513317,0.3251770482,0.3310895039,0.3330921082,0.3311848714,0.3253644041,0.315623913,0.3026139218,0.2863223722,0.2673962128,0.245819785,0.2222385057,0.1972990824,0.1723157734,0.1466111978,0.1215059595,0.09699256887,0.07507499106,0.0544166285,0.03703745911,0.02227854672,0.01150744213,0.004072870742,6.808186033e-05,0.0006829296839,0.004796021752,0.01306190009,0.02552622962,0.04085372757,0.05908209279,0.08025176471,0.103004555,0.1280723464,0.154080576,0.1803412502,0.2061539689,0.2315215475,0.2550056079,0.2773098887,0.2969678245,0.3132118564,0.3259912021,0.3359914864,0.341678704,0.3429778294,0.340562548,0.3343624215,0.3243028471,0.3103049431,0.2930586702,0.2732706913,0.2508817266,0.2266191464,0.2004349411,0.1738814903,0.1477501655,0.1220433022,0.09676382812,0.07439511595,0.05333536966,0.03529235054,0.02118506492,0.01025633202,0.002586518886,8.698422753e-05,0.001755412381,0.007086149933,0.01609261356,0.0297827148,0.04647071161,0.06716659762,0.09013347273,0.1145039899,0.1412719745,0.1695565257,0.1974719635,0.2250088945,0.2521570654,0.2779056693,0.301198679,0.3209321113,0.3390522522,0.3523664037,0.361763745,0.3671046916,0.3682427035,0.3661201713,0.3583968696,0.3471100583,0.3309872618,0.3121473789,0.290485459,0.2658916848,0.2394484108,0.2110831059,0.1831788375,0.1545105207,0.1263124765,0.0998879892,0.07531502379,0.05399269125,0.03472837797,0.02032473922,0.009623141519,0.002789950361
0.002723854041,0.008055314764,0.01853101756,0.03262974998,0.050199962,0.07109750994,0.09393290371,0.1186261338,0.1451012996,0.1720830577,0.198362157,0.22513675,0.2500715386,0.2743782275,0.2946926742,0.3133921535,0.3294340549,0.3407373051,0.3485466705,0.3529857163,0.3531213563,0.3480628808,0.3400412721,0.3281401969,0.3134926176,0.2942000793,0.2733611288,0.2500509528,0.2253083118,0.1991756055,0.1726362494,0.1456998423,0.12022477,0.09524947695,0.07257055479,0.05301834933,0.03561233539,0.0211729083,0.01049160353,0.003466366699,8.590747195e-05,0.0008517456101,0.005912204493,0.01423981576,0.0257563147,0.04121175903,0.05888101676,0.07952855203,0.1022862965,0.126313594,0.1507955123,0.1765172624,0.2011125514,0.225389394,0.2478177871,0.2692086816,0.288065193,0.3036847178,0.3161331023,0.3262209351,0.3317625743,0.3343187246,0.33247039,0.3277535179,0.3187577895,0.3069958037,0.2917857181,0.2746077217,0.2547708224,0.2330157929,0.2100683097,0.1859358509,0.1620275421,0.1376332243,0.1148375014,0.09222670694,0.0718631433,0.05371527707,0.03775363675,0.02395077506,0.01364581522,0.006123398182,0.001357134924,6.768596248e-05,0.001350506631,0.006063730476,0.01277450775,0.02214421271,0.03416132842,0.04681051539,0.06076172879,0.07601502909,0.0912396489,0.1064422345,0.1209647657,0.1348154226,0.1473381088,0.1578774813,0.1664411116,0.1723718832,0.1763369992,0.1776756335,0.1763877916,0.172471198,0.1665849788,0.1580594609,0.1475504285,0.135048585,0.1212088766,0.1066877601,0.09147644883,0.07623426793,0.06095452718,0.04697257241,0.03428946816,0.02223367841,0.01282981299,0.006091736623,0.001357134924,6.803775757e-05,0.001364581522,0.00615877073,0.01372859518,0.02410300894,0.03800454694,0.05408784317,0.0723824251,0.09291989257,0.1157339587,0.1387475857,0.1633864631,0.1875492967,0.2119521968,0.2351731925,0.257203707,0.2773098887,0.2947417917,0.3101952937,0.3221726345,0.3313601519,0.336225748,0.3381923456,0.3357032468,0.3301908653,0.3200724367,0.3075574967,0.2918228147,0.2727988873,0.2511950544,0.2285268129,0.2039707719,0.1790775004,0.1530267428,0.1282195022,0.1038595712,0.0807750477,0.05982111801,0.04188181105,0.0261826199,0.01447967537,0.006013523037,0.0008665916748,8.74300294e-05,0.003528818049,0.01068370062,0.02156678617,0.0362852774,0.05403576096,0.07398447384,0.09713322819,0.1226377728,0.1486669592,0.1762026541,0.2033488293,0.2300953386,0.255437231,0.2793299605,0.300710521,0.3205222867,0.3355949567,0.3478665742,0.3561753463,0.3614558064,0.3614210393,0.3569787083,0.3490809396,0.337598121,0.3212511747,0.3021697758,0.2814209376,0.2565642271,0.2310485809,0.2036295549,0.1767035119,0.1490402072,0.1218814456,0.09653838845,0.07309063996,0.05162212035,0.03356381152,0.01906697828,0.008290680833,0.002804249104
0.001369104154,0.00809776496,0.0172980535,0.03148963531,0.04787658415,0.06764331532,0.08939175934,0.1130402704,0.1385113736,0.1645218699,0.1898550385,0.2157142848,0.2409148175,0.2631822156,0.2848952482,0.3027110083,0.3178790102,0.3304950365,0.33848772,0.3430889513,0.3444173005,0.3404968944,0.3335714038,0.3237418365,0.3090841981,0.2927529949,0.2728247068,0.2513686806,0.22746358,0.2021412594,0.1773393698,0.1511621329,0.1264364119,0.1021962337,0.07933637639,0.05962120894,0.04117000758,0.02660560759,0.01406252343,0.006098109302,0.0008636019033,8.562341706e-05,0.002547154649,0.008420504274,0.01837500058,0.03148599309,0.04685978718,0.06526339146,0.08582271522,0.1084949255,0.1316441037,0.1560587209,0.1801458187,0.2039194435,0.2273933262,0.2490388596,0.2688987318,0.2862523507,0.3011524542,0.3136491001,0.3222941744,0.3279015789,0.3305253037,0.3294807255,0.3255587398,0.3173479693,0.3070842312,0.2940741063,0.2776355595,0.2599534278,0.2403274862,0.2194843477,0.1974320011,0.174879562,0.1525242632,0.131052576,0.1097520419,0.08999724637,0.0710748546,0.05434520993,0.03978140667,0.02735852219,0.01705358505,0.009525971906,0.004072870742,0.000677298372,6.758856484e-05,0.001349146006,0.004040159182,0.008066948431,0.01409583074,0.02077968503,0.02811868331,0.0354447993,0.04342936796,0.0507387523,0.05737771111,0.06335041864,0.06799386203,0.07131148953,0.0733055989,0.07464380213,0.07332671395,0.07135257678,0.06805263411,0.06342344038,0.05746039453,0.05082650466,0.04351700988,0.03552655827,0.02819166147,0.02083961678,0.01414055714,0.008094876036,0.00405531389,0.001354596744,6.788117903e-05,0.0006804265647,0.004092860412,0.009575482765,0.01714715805,0.02751656199,0.04002273366,0.05469063433,0.07154721717,0.09062146214,0.1105451082,0.132037581,0.1537149151,0.1762954922,0.1990878584,0.2213889083,0.2424827367,0.2623602321,0.2802867865,0.2969678245,0.3101952937,0.3206553489,0.3290464432,0.3331063658,0.3342586913,0.3317008468,0.3261223813,0.3174660379,0.3049051147,0.289902821,0.2724063396,0.2523600775,0.2304922484,0.2067580007,0.1827060591,0.1583222246,0.1335919624,0.1101319731,0.08714276212,0.06628630125,0.04760795606,0.03199791624,0.01867913409,0.008562341706,0.00259080571,8.711584717e-05,0.0008789077141,0.006207975104,0.01432000264,0.02710054952,0.04194796913,0.06076532815,0.08088211645,0.1042173711,0.1289740871,0.154240487,0.1810029339,0.206376621,0.2322963989,0.2567833436,0.2787818257,0.2992314136,0.3160150141,0.3310966734,0.3412478161,0.3484330159,0.3525463154,0.3512877705,0.3466764118,0.3385878686,0.3257567181,0.3103021755,0.2921237643,0.2699375476,0.2471697671,0.2213786926,0.1948965346,0.1689393051,0.1422713916,0.1161422961,0.09187128309,0.06953961131,0.04923292151,0.03239105984,0.017798354,0.008334371369,0.00140951352
0.001376517314,0.008141611169,0.01739171565,0.02902179435,0.04553388095,0.06415997853,0.08481235627,0.1074077049,0.1318669498,0.1568988026,0.1812788512,0.2062159504,0.2293477207,0.251896852,0.2727436043,0.289696177,0.3051235358,0.3179808979,0.3261857806,0.3320514412,0.333535601,0.3307891828,0.3249943554,0.3162535947,0.3036489295,0.2883107349,0.2703265546,0.2497795904,0.2277220346,0.2041989775,0.1802065402,0.1557565323,0.1317945821,0.1083036177,0.08618390177,0.06539349198,0.0467920044,0.03120794423,0.01855699972,0.00963462997,0.002604833903,8.608703415e-05,0.0008536488295,0.005079658794,0.01259624589,0.02332582542,0.03636832696,0.05331362321,0.07163483213,0.09211401211,0.1139071544,0.1369920781,0.1597663317,0.1830287194,0.205996201,0.2286819057,0.2487879549,0.267901072,0.2852855617,0.2994665828,0.3112581392,0.3199586661,0.3263674966,0.3290464432,0.3287926202,0.3256525143,0.3189414469,0.3101598529,0.29861365,0.2850557868,0.268794129,0.2512822176,0.2325297635,0.212545246,0.1927428139,0.1717113439,0.1515515721,0.1315506092,0.1123929214,0.09406288136,0.07723521415,0.06188998008,0.04869442273,0.03625787275,0.02593451698,0.01770510758,0.01087272485,0.006104029952,0.002708023369,0.0006758856484,6.748644815e-05,0.000673941898,0.001346234996,0.003361954617,0.005374094879,0.008054760421,0.01006192828,0.01273868724,0.01474474985,0.01608170763,0.01675057269,0.01742184993,0.01675539755,0.01609097336,0.01475749482,0.01275337067,0.0100764279,0.00806869108,0.005384939982,0.00336970949,0.001349728963,0.0006758856484,6.770058423e-05,0.0006782255502,0.002718181212,0.006128691084,0.01091979662,0.01778688097,0.02606180372,0.0364463216,0.04896160897,0.06224749502,0.07770374814,0.09466075584,0.1131398833,0.1324630367,0.1526466811,0.1730019445,0.1942474244,0.2142661402,0.2344799849,0.2534627021,0.2712046676,0.2876950037,0.3014652032,0.3132118564,0.3221726345,0.3290464432,0.3323149681,0.3326673047,0.3300539205,0.3236659026,0.3149552601,0.3031109272,0.2888405049,0.2713175152,0.2520332307,0.2317316404,0.2088035226,0.1855764779,0.1620369379,0.1389790358,0.11559257,0.09350389301,0.07273665392,0.05414923757,0.03694898796,0.02370507437,0.01280473244,0.005165222049,0.0008682779675,8.758754518e-05,0.00265099996,0.009808211042,0.01889677101,0.03178850305,0.04767620098,0.06664838015,0.0878630547,0.1104455411,0.1344397998,0.1589284494,0.1839293357,0.2084774534,0.2325603448,0.2551600233,0.2762291265,0.2946908496,0.3104578666,0.323438312,0.3324733858,0.338499042,0.3414077837,0.3399864964,0.334076864,0.3257672964,0.3126851363,0.2969609677,0.2796638022,0.2583625126,0.23530235,0.211630943,0.1860926114,0.1611115574,0.1354465988,0.1103551631,0.08716485781,0.06595862351,0.04682384984,0.02985257429,0.01789472508,0.008379498709,0.001417145481
0.001384169919,0.006822394677,0.01614314132,0.02785663173,0.04317062059,0.06064566913,0.08019228794,0.1017254765,0.1239252808,0.1479868131,0.1714218849,0.1954450081,0.2176796417,0.2393542788,0.258194461,0.2765713539,0.2911429124,0.3031527276,0.3126925484,0.3176888329,0.3204361697,0.3189006591,0.3142720111,0.3066542104,0.2951250933,0.2818323542,0.2648337974,0.246223958,0.2260522877,0.204365643,0.1812083798,0.1585208984,0.1353470098,0.112628993,0.091272768,0.07123679369,0.05248123274,0.03676111725,0.02310306197,0.01321117186,0.005238630414,0.000865656261,8.583946017e-05,0.002553949315,0.007599764051,0.01675393066,0.02742788468,0.04206324236,0.05811759748,0.07718842535,0.09679471216,0.1185322289,0.1407715489,0.163508899,0.185956498,0.2081271689,0.2292589333,0.249378579,0.2677468054,0.2836414791,0.2978683269,0.3097098752,0.3192110992,0.3256709559,0.3291412223,0.329670561,0.3280368193,0.3228146739,0.3162303383,0.3061349687,0.2947294401,0.2813113985,0.2659017935,0.2499397276,0.2327186875,0.2142467365,0.1959352809,0.1770758394,0.1583643896,0.1404877535,0.1234312318,0.1064893762,0.09172342065,0.07704637358,0.06382418008,0.05272586043,0.04236603621,0.03341780767,0.02586924427,0.01903000861,0.01425094273,0.01016532912,0.006768596248,0.004056774066,0.002701985801,0.001349923338,0.0006745244355,0.0006741845608,6.73941898e-05,6.737963423e-05,6.737478307e-05,6.737963423e-05,6.73941898e-05,6.741845608e-05,6.745244355e-05,0.0006749616689,0.0006754964503,0.001352258022,0.002707438499,0.004066131649,0.006786163206,0.01019464747,0.01429616131,0.0190958901,0.02596628026,0.03355282027,0.04254945339,0.05296938183,0.06413742947,0.07744681904,0.09222670694,0.1071045249,0.1241800059,0.1413807098,0.1594168773,0.1783040274,0.1973511058,0.2158570375,0.2345353621,0.25196339,0.2681319052,0.2837524592,0.2973725659,0.3089693493,0.3192501187,0.3259912021,0.3313601519,0.3331063658,0.3326673047,0.3292546732,0.3228166893,0.313298363,0.3014064038,0.2870932406,0.2710831981,0.2525588117,0.2322494659,0.2109027827,0.1884907181,0.1657849417,0.1427722004,0.1202514416,0.09822692531,0.07835309852,0.05901150947,0.04272252319,0.02786580152,0.01702632877,0.007725551415,0.002596968783,8.73105069e-05,0.0008807447906,0.005331475839,0.01344918924,0.02352606985,0.0374449813,0.05347293479,0.07260381366,0.0930510692,0.1148564593,0.1380635275,0.1617491108,0.1849518718,0.208647611,0.2308551215,0.2515277999,0.2706164351,0.2880691067,0.3017428944,0.3136208469,0.3215042903,0.326333427,0.3279991767,0.3252806639,0.3202572036,0.3105760286,0.2983580438,0.2835070098,0.2647455102,0.245497998,0.2233313289,0.2005771682,0.1759738987,0.1519602797,0.1272893459,0.1045170042,0.08241663931,0.06234579483,0.04439363863,0.02865405765,0.01661003903,0.007021736386,0.001425023954
0.001392065511,0.006861311032,0.01488228972,0.0266814588,0.03946988615,0.05580082974,0.07552910415,0.09472753678,0.1159079239,0.1389908971,0.1614729686,0.1833759734,0.204721029,0.2255285622,0.243510182,0.2610496521,0.2759111336,0.2870786467,0.2968831368,0.3021131866,0.3050765906,0.3047899465,0.3013640009,0.2949042896,0.2855113369,0.2732808451,0.2583038767,0.2416615194,0.22242092,0.2026091398,0.1812777864,0.1594251345,0.1370643284,0.1160798352,0.09457502518,0.07531715047,0.057330648,0.04147944569,0.02770308636,0.01682960609,0.007902768972,0.002611782431,8.632910625e-05,0.0008561725239,0.004246174823,0.01095217406,0.02006133747,0.03234949045,0.04692393523,0.06373726824,0.08193359813,0.1014881995,0.1223779914,0.1437870887,0.1657114718,0.1881477478,0.2095352542,0.2299009956,0.2492708707,0.2669049348,0.2836006377,0.2971123159,0.3097544767,0.3193030452,0.3265555384,0.3308110009,0.3328536165,0.3327175133,0.3297051609,0.3245823302,0.3173762684,0.3081121435,0.2975300248,0.2849284341,0.2710382619,0.2558692526,0.2401361949,0.2238392155,0.2076795108,0.1909501537,0.1743473444,0.1585589189,0.142878239,0.12799004,0.1145725689,0.1012326376,0.08933872763,0.0781910407,0.06778063086,0.05878271915,0.05118654666,0.0443010285,0.03812035206,0.03331930376,0.02921203375,0.02511603624,0.02238627807,0.02034090748,0.01830022746,0.01761863523,0.0169397757,0.01626335559,0.01694465506,0.01762878648,0.01831604569,0.02036435371,0.02241853753,0.02515947427,0.02927098462,0.03339615994,0.03821928818,0.04442879936,0.05134896278,0.05898622368,0.0680348772,0.07850694341,0.08972550578,0.101700194,0.1151348917,0.1286552632,0.1436622118,0.1594748537,0.1754049922,0.1921638548,0.2090597461,0.2253917516,0.2418714148,0.2577923928,0.273154071,0.2872353861,0.3000254018,0.3107857659,0.3202224904,0.3275875076,0.3328536165,0.3359914864,0.336225748,0.3342586913,0.3300539205,0.3228166893,0.3132532513,0.3005548407,0.2869692431,0.2701530218,0.2523770348,0.2328328379,0.2122685043,0.1906569132,0.1679697921,0.145788604,0.1241172328,0.1029602025,0.08314592032,0.0646989809,0.0476456765,0.03285652218,0.02038163915,0.01113024281,0.004316455313,0.0008705941438,8.780854413e-05,0.002657306225,0.008042831525,0.01713281452,0.02821031886,0.04225108441,0.05841398614,0.07676247168,0.09641766549,0.118375549,0.139815314,0.1626717613,0.1850227122,0.2068543047,0.2271465997,0.2468670831,0.2639439337,0.2793283588,0.2919135618,0.3016039889,0.3082992306,0.3118938293,0.3122770772,0.3093328053,0.3040653309,0.2941083416,0.2827487896,0.267596066,0.2496886538,0.2313174044,0.2100362675,0.1881912146,0.1657607944,0.1427228221,0.1190543506,0.09732702862,0.07762410943,0.05736513641,0.04058806286,0.02744524413,0.01531272062,0.007061789827,0.001433152586
0.001400207757,0.005521154487,0.01360848801,0.02415376773,0.03705403059,0.05221135906,0.06953266694,0.08765907371,0.1078105931,0.1286690395,0.1502055935,0.169981994,0.1904448095,0.2103924149,0.2275220787,0.2442305825,0.2582681154,0.2697311054,0.2787116434,0.2852976527,0.2884925556,0.2894815153,0.2872838323,0.2809621613,0.2727189361,0.262617003,0.2497051845,0.234072229,0.2167924303,0.1979155295,0.1784585535,0.1584371679,0.137866023,0.1177003939,0.0979260864,0.07945318019,0.0613273091,0.04535006587,0.03235949745,0.02049184167,0.01148187817,0.004378431416,0.0008683404858,8.611803106e-05,0.001708404346,0.006779220774,0.01429322956,0.02419544648,0.0364338489,0.05095928643,0.06772539574,0.08587834636,0.1053940251,0.1254508977,0.1468377813,0.1679578054,0.189606401,0.2102233596,0.2306086482,0.2492349783,0.2669049348,0.2828810462,0.2971978966,0.3098883195,0.3202352299,0.3282795392,0.3348004904,0.3383493135,0.339704349,0.3388973217,0.3359577858,0.3316372688,0.3245099526,0.3167628856,0.3069698525,0.2958637794,0.2841656011,0.2711693715,0.2575891766,0.2434256114,0.2293801783,0.2147469528,0.2009204591,0.1864970841,0.1728640625,0.1600103233,0.1479254808,0.1365998234,0.1253356465,0.1155030115,0.1064042735,0.09803232329,0.09106538379,0.08412745572,0.07858216395,0.0737404762,0.06959866853,0.06615361926,0.06408455644,0.0620259056,0.06133988561,0.06066269888,0.06135755404,0.06206164281,0.06413994943,0.06622987215,0.0696989628,0.0738680099,0.07874074539,0.08432150884,0.09130173144,0.09831506333,0.1067418967,0.1159028804,0.1258057827,0.1371517057,0.1485659011,0.1607493523,0.1737124802,0.1874663953,0.2020229094,0.2159874645,0.2307716733,0.2449728526,0.259301111,0.2730501868,0.2862189767,0.2980875227,0.3093661548,0.3193275885,0.3272316096,0.3345150288,0.3389706463,0.3420350358,0.3429482899,0.341678704,0.3381923456,0.3317008468,0.3236659026,0.313298363,0.3005548407,0.2861586788,0.2700752289,0.2522680315,0.2334822624,0.2129042603,0.1920796922,0.1701977148,0.1488388904,0.1271971734,0.1068918897,0.08712394131,0.0687274877,0.05172819592,0.03699424121,0.0245746753,0.01452143694,0.006889442485,0.001736680972,8.756862831e-05,0.0008832213975,0.004454748188,0.01168537408,0.0208610303,0.03295198698,0.04619370941,0.06248616942,0.080977871,0.09983401667,0.1200281575,0.1406330992,0.1616636751,0.1821452382,0.2020623516,0.2213985239,0.239114314,0.2551574894,0.2684285333,0.2788343078,0.2873451203,0.2938950379,0.2962285973,0.2953016221,0.2921154296,0.2854542329,0.2763360112,0.2646685405,0.25035522,0.2332948917,0.2157927442,0.1953893899,0.1744455248,0.1541942203,0.1321238212,0.1107372103,0.09006459437,0.07146134471,0.05367503939,0.03810376643,0.02484519519,0.01400207757,0.00568247561,0.001441535152
0.001408600451,0.00555424769,0.01232105024,0.02159870471,0.03461354784,0.04858498518,0.0634726384,0.08051627597,0.09962891921,0.1182387062,0.1375923729,0.1576603561,0.176019927,0.1939171588,0.2113690494,0.2260850561,0.2404438901,0.2510812006,0.2603549101,0.2672140618,0.2706562377,0.2718738338,0.269880398,0.2658345472,0.2587653121,0.2497993678,0.2379807383,0.2244058841,0.2091291815,0.192202246,0.1746497307,0.1564888809,0.1377358779,0.1184058773,0.09945126425,0.08178823755,0.06537817588,0.0492716404,0.03617050753,0.02419982712,0.0142162453,0.007047480416,0.002620635674,8.663421323e-05,0.0008593221687,0.003409927345,0.009303995172,0.01762585858,0.02832217731,0.04051567441,0.05499758323,0.07172256685,0.08983860878,0.1085183629,0.1285545064,0.1491330091,0.1694616507,0.1903350741,0.2109715825,0.2306086482,0.2492708707,0.2669818145,0.2837640387,0.2981257963,0.3116169152,0.3227586123,0.3323363557,0.3396357798,0.3454310023,0.3490109955,0.3504076605,0.3503791639,0.3482186989,0.344674714,0.3390429236,0.3327798552,0.3244611549,0.3155301985,0.3059900893,0.2951355804,0.2843862034,0.2723296597,0.261077808,0.249219829,0.2374540761,0.2257752735,0.2148735897,0.2040457821,0.193287053,0.1839759297,0.174720248,0.1668952466,0.159114224,0.1520618468,0.1464202321,0.1408093155,0.1365995221,0.1331002738,0.1303090186,0.1282238084,0.1268432977,0.126166742,0.1268798339,0.1282976866,0.1304216542,0.1332536937,0.1367963671,0.1410528443,0.146715713,0.1524126012,0.159527183,0.1673765977,0.1752746395,0.1846128505,0.1940120762,0.2048701555,0.2158038515,0.2268180466,0.2386195019,0.2505151391,0.2625103416,0.2739028048,0.2861113828,0.2970114961,0.3080236956,0.3177186979,0.3268057055,0.3352810636,0.3416895983,0.3474654079,0.3511392005,0.3534195555,0.3535501071,0.3522423481,0.3487296288,0.3429778294,0.3357032468,0.3261223813,0.3149552601,0.3014064038,0.2869692431,0.2700752289,0.2522317075,0.2334150292,0.2136004993,0.1927623469,0.1716721669,0.1511218683,0.1303064506,0.1100289378,0.09111539908,0.07276284383,0.0558113494,0.04112700335,0.02875780326,0.01790211856,0.009452543855,0.003465368529,0.0008735452248,8.809350521e-05,0.002665545993,0.007170319148,0.01446820301,0.0246358202,0.03683277514,0.05018823668,0.06661358266,0.08335773764,0.1013889101,0.1207475933,0.140500342,0.159675712,0.1782577309,0.1962293606,0.2135724574,0.2292397491,0.2431770403,0.2553272528,0.2645677918,0.2718738338,0.2760911019,0.2782105253,0.2770443274,0.2735996939,0.2666534136,0.257229426,0.2464025935,0.2317546532,0.216732019,0.198894603,0.1805899895,0.1618003348,0.1412460627,0.121413432,0.1023334374,0.08272578557,0.06523322478,0.04994700464,0.03559414512,0.02221699076,0.01267740406,0.005716535755,0.001450175558
0.001417247519,0.005588343914,0.01101927669,0.02037308821,0.03080764395,0.04359856273,0.05864903452,0.07329525636,0.09008957927,0.1076942205,0.126076572,0.1439855933,0.1614385256,0.1784520464,0.1938673374,0.2077431435,0.2212822005,0.2310986365,0.2406834661,0.24672649,0.2515384681,0.2530000633,0.2522943417,0.24843721,0.2436242495,0.2358184555,0.2251160777,0.2136336767,0.2003933109,0.1854485046,0.1688500597,0.152589976,0.1347319227,0.1172266193,0.1000617722,0.08322543359,0.06763246131,0.05232822452,0.03912199103,0.02705376021,0.01787939437,0.009749771963,0.00439453857,0.0008716604035,8.645973459e-05,0.001715430045,0.005957070138,0.01182270639,0.02095297096,0.0316132009,0.04377262128,0.0590423358,0.07491792647,0.09220027119,0.1108660049,0.1300952435,0.1498830973,0.1702253302,0.191118346,0.2110019646,0.230675073,0.249378579,0.2671356404,0.2839684224,0.2998981253,0.3141915543,0.3268792599,0.3372440335,0.3468088908,0.3541105742,0.3599190385,0.3642566311,0.3664143303,0.367874296,0.367197418,0.3651299409,0.3616868541,0.3568818236,0.3514415254,0.3446583134,0.337252338,0.3292265215,0.3212893254,0.3127328107,0.3035584601,0.2944682934,0.2854582541,0.2765243369,0.268359623,0.2602608561,0.2522244732,0.2449408323,0.2384038968,0.231915981,0.2261658986,0.2218402985,0.217552731,0.213991634,0.2111544224,0.2097290218,0.208334225,0.2076593275,0.2083942339,0.2098498605,0.2113369386,0.2142382945,0.2178662326,0.2222239699,0.2266223089,0.2324509315,0.2390226413,0.2456472787,0.2530247874,0.2611618737,0.2693662446,0.2776415338,0.2866941012,0.2958283344,0.3050483266,0.314358227,0.3230522395,0.3311283383,0.3392982206,0.3468490012,0.3537772013,0.3593571356,0.3643003969,0.367874296,0.3700638755,0.3708528276,0.3694874383,0.3674174434,0.3631467828,0.3573891417,0.3501206751,0.340562548,0.3301908653,0.3174660379,0.3031109272,0.2870932406,0.2701530218,0.2522680315,0.2334150292,0.213569743,0.1934998716,0.1723961509,0.151838224,0.1318302123,0.1123768897,0.09348369835,0.07598266336,0.05989869644,0.04442029844,0.03209020307,0.02127525049,0.01200801031,0.006052181421,0.001743320807,8.789077141e-05,0.0008863429057,0.004469848592,0.009919712076,0.0181962749,0.0275411708,0.03983829913,0.05330168218,0.06891046579,0.08482251319,0.1020113129,0.1195450131,0.1374360951,0.1556974076,0.1723382474,0.1893341116,0.2046509797,0.2182355004,0.2300314802,0.2410369527,0.2490872102,0.2540812601,0.2581003412,0.2588968549,0.2574753359,0.2526225292,0.2465060783,0.236757549,0.2267660371,0.2129527754,0.1987862442,0.1830325338,0.1656300064,0.1477664886,0.129424466,0.1105858254,0.09253514336,0.07530660836,0.06027582512,0.04482079407,0.03168042048,0.02095628968,0.01133798015,0.005751628227,0.001459077846
0.00142615302,0.004217594375,0.009702453315,0.017767625,0.02830546969,0.03988411025,0.05246005787,0.06599204842,0.08171778844,0.09702979006,0.1131868655,0.1301557379,0.145480254,0.1616160405,0.1761681487,0.1891947596,0.2007515197,0.2108916403,0.2196659937,0.2260098546,0.2300081805,0.2328300151,0.232364447,0.2308494986,0.2262160807,0.2196068181,0.2110853603,0.2007122624,0.1895533635,0.1756365176,0.1620082162,0.1467026747,0.1307364418,0.1150860796,0.09974061575,0.0837483939,0.0689897344,0.05450465263,0.04211441243,0.03085359108,0.02069050376,0.01248677336,0.006191013299,0.001754275242,8.700301816e-05,8.631046118e-05,0.002569072432,0.007648069024,0.01433754997,0.02344030868,0.03407461539,0.04703555906,0.06145816731,0.07731635528,0.09458572426,0.1124403711,0.1316725419,0.1506761295,0.1710380381,0.191173396,0.2110931372,0.2308079801,0.2495581962,0.2681326385,0.2857789613,0.3017601899,0.3168623127,0.3311043223,0.3437570346,0.354847853,0.3651432702,0.3731831406,0.3797341862,0.3855493391,0.38918253,0.3921128822,0.3929026784,0.3930176093,0.3924650934,0.3905353219,0.3872407625,0.3833050639,0.3794430283,0.3742353611,0.3691046512,0.3633430845,0.3576568729,0.3513408103,0.3457990402,0.3396248121,0.3342172919,0.3288726907,0.3235886711,0.3190595644,0.3145851552,0.3108589332,0.307182645,0.3049439644,0.3027510549,0.3012972014,0.2998871424,0.299908735,0.2999735223,0.3014707986,0.3030127449,0.3052954623,0.3076253067,0.3113965618,0.3152199986,0.3197955251,0.3244285009,0.3298212093,0.3352777712,0.340800586,0.3470961384,0.3527602762,0.3592052927,0.3650212329,0.3709162187,0.3761804345,0.3815250317,0.3855192719,0.3895898913,0.3930176093,0.3950734114,0.395743557,0.3957417862,0.3950600438,0.3922206101,0.3886709785,0.3829190075,0.3764214122,0.3684178653,0.3581332466,0.3470396758,0.3343624215,0.3200724367,0.3049051147,0.2888405049,0.2710831981,0.2523770348,0.2334822624,0.2136004993,0.1934998716,0.173169343,0.1525976464,0.133390124,0.113939892,0.09587474101,0.07839259843,0.06233161351,0.04771777125,0.03457879698,0.02379399252,0.01455807711,0.007767941506,0.002610090545,8.77137621e-05,8.844304712e-05,0.001783824766,0.00629710984,0.01270441986,0.02105720621,0.03140946084,0.04288551057,0.05551859821,0.07029338634,0.08535550901,0.1016838992,0.1173621398,0.1333604219,0.1496902139,0.1653550618,0.179316539,0.1935807206,0.2050357496,0.2156944025,0.2244665632,0.2312886856,0.2360939873,0.2377118037,0.238256694,0.2354368855,0.231410827,0.2249801513,0.216055744,0.2057265629,0.1939392487,0.1806379821,0.1657643832,0.1492574051,0.1335734772,0.1161924804,0.09963505349,0.0839360926,0.06780298742,0.05391518036,0.04100221154,0.02910735994,0.01827624229,0.009983071141,0.004340827127,0.001468246194
0.001435321152,0.004244707497,0.009764826265,0.01650631893,0.02441780017,0.03478844048,0.04619763864,0.05860260288,0.07196272771,0.08623950167,0.1013964193,0.1161631195,0.1305538073,0.1445822235,0.1570717247,0.1692542332,0.1799800012,0.1904489942,0.1984034527,0.2050526502,0.2093349579,0.2113320963,0.2122046805,0.2109203032,0.2075506244,0.2021639117,0.1958614729,0.186621651,0.1765655018,0.1657177595,0.1531076434,0.1397713232,0.125729029,0.1119650551,0.0975137542,0.08333973431,0.06943324009,0.05671453277,0.04422798062,0.03287852016,0.02353962477,0.01525998385,0.00890116099,0.003531105464,0.000875623236,8.686531447e-05,0.0008618626356,0.004276241784,0.009336877638,0.01685071176,0.02592935768,0.03654156053,0.04948260461,0.06306979973,0.07892133541,0.09538041348,0.1132435166,0.1316915041,0.1507195305,0.1703234082,0.1904995947,0.2104656764,0.2302322915,0.2498098777,0.2684417053,0.2869126365,0.3044728896,0.3211427706,0.336941679,0.3511394338,0.3645089528,0.377066691,0.387349857,0.397599717,0.4056207562,0.4129036838,0.4187318188,0.4238491469,0.4275420478,0.4305475354,0.4321546706,0.4330940117,0.4333720555,0.4322813328,0.4312554516,0.4295839068,0.4272707214,0.4250265162,0.4221443755,0.4193316059,0.4165869729,0.4139092749,0.4105954695,0.4080489208,0.4055657886,0.4031449942,0.4014849386,0.3998844438,0.3983428172,0.3975580884,0.3968308194,0.3968593922,0.3969451231,0.3977871478,0.3986871341,0.4003453761,0.4020634934,0.4038422309,0.4063842339,0.4089901494,0.4116611135,0.4151030519,0.4179088132,0.420783323,0.4237278464,0.4267436826,0.4291205236,0.4315679973,0.4333720555,0.4345280978,0.4357499674,0.4355958315,0.4347762618,0.433284145,0.4303834868,0.4267889404,0.4217575675,0.4160071113,0.4087871582,0.4008189235,0.3905985506,0.3803386618,0.3677778594,0.3543904927,0.3401592383,0.3243028471,0.3075574967,0.289902821,0.2713175152,0.2525588117,0.2328328379,0.2129042603,0.1927623469,0.1723961509,0.1525976464,0.1333709172,0.114720704,0.09665242037,0.07999687745,0.06394773092,0.05018585358,0.03707156588,0.0263130188,0.01710496714,0.009480488992,0.004343265723,0.000875623236,8.827763661e-05,0.000890116099,0.003590584435,0.009053701834,0.01552596785,0.02395682283,0.0334708718,0.04503777736,0.05776958856,0.07074527266,0.08493900732,0.09941365086,0.1141793907,0.1282525065,0.1426177082,0.1562706166,0.1691899583,0.1803169116,0.1906416162,0.2001381021,0.2066376575,0.2122046805,0.2157120362,0.2170881045,0.216257713,0.2142757289,0.2099528069,0.2032032272,0.1951125188,0.1844402828,0.1734986682,0.1610570333,0.148293344,0.1339434181,0.1192134288,0.1040889454,0.08855504435,0.07391622182,0.06021076237,0.04747905588,0.03576369102,0.02510955325,0.01697882999,0.01004724806,0.00436873246,0.001477684925
0.001444756252,0.00427261013,0.008424870395,0.01384568617,0.02184738743,0.03097668546,0.04118688284,0.05112278405,0.06338130357,0.07659388059,0.08946258566,0.1019999039,0.1142179102,0.1273410568,0.1389400874,0.1502540773,0.1601248061,0.1686044173,0.1768839275,0.1827152552,0.1872986877,0.1895754504,0.1907139378,0.1907528014,0.1886630003,0.1845142318,0.1783728781,0.1713342645,0.1634263514,0.1536647289,0.1431059484,0.1317731326,0.119688157,0.1068716936,0.09430555562,0.08102776551,0.06894520541,0.05708734639,0.04544618695,0.03493323901,0.02551700605,0.01716738912,0.01075160745,0.005331475839,0.00176275831,8.743632459e-05,8.675280994e-05,0.001721740683,0.005980706905,0.01102496207,0.01852244198,0.02758632517,0.03818604062,0.05111730086,0.06469865907,0.07973495742,0.09620257425,0.1132761354,0.1317484072,0.1500126522,0.169656983,0.1898796309,0.2098976442,0.2297215855,0.2493618231,0.2695966214,0.2888960166,0.3072812652,0.3255297425,0.3428969767,0.3594018856,0.3750625242,0.3898961056,0.4031778865,0.4156702392,0.4273876216,0.4383437314,0.4478209823,0.4558386889,0.4638666311,0.470460963,0.4756375707,0.4808506856,0.48466664,0.4878143629,0.4903003935,0.4928438784,0.4940222635,0.4952655257,0.4958648282,0.496532287,0.4965608469,0.4966599146,0.4961238114,0.4963647203,0.4959717551,0.4956504695,0.4954007246,0.4945189715,0.4944121669,0.4943765705,0.4944121669,0.4945189715,0.4946970304,0.4949464205,0.4959717551,0.4963647203,0.4968295352,0.4973664009,0.4972681985,0.4979489269,0.4979930034,0.4981077956,0.4975815017,0.4971232754,0.4960181824,0.4949775694,0.4925649112,0.4902085583,0.4871856756,0.4834891127,0.4783851485,0.4733149326,0.4668150207,0.458868187,0.4509270431,0.4415111954,0.4305999119,0.4189150906,0.4064422573,0.3931661546,0.3783171039,0.3626249922,0.346071722,0.3286383257,0.3103049431,0.2918228147,0.2724063396,0.2520332307,0.2322494659,0.2122685043,0.1920796922,0.1716721669,0.151838224,0.133390124,0.114720704,0.09745747379,0.08079831426,0.06558037411,0.05182885334,0.03872874232,0.02798644218,0.01879650742,0.01119131444,0.006072696696,0.001748726492,8.813791552e-05,8.885793065e-05,0.001791934574,0.005421280774,0.01093585973,0.01746661951,0.02596924969,0.03556260923,0.04627828857,0.0581493376,0.07024801592,0.0825826723,0.09614294575,0.1089852977,0.1220903895,0.1344566378,0.1460623016,0.1568843868,0.1668985994,0.1750249284,0.1822676443,0.1885974025,0.1928935256,0.1950863646,0.1951027997,0.1939939747,0.1917193536,0.1870816137,0.1811631018,0.1727330338,0.1640930343,0.1540220401,0.1424653503,0.130609633,0.1171833869,0.1046783035,0.09183821538,0.078650437,0.06510184707,0.05252568403,0.04232931314,0.0318450782,0.02246632105,0.01424203377,0.008668537511,0.004397450373,0.001487398504
0.001454462801,0.002867543684,0.00706789385,0.01254483718,0.01787026183,0.02576135763,0.0347759189,0.04486801357,0.05469182473,0.06554220303,0.07737861788,0.08765808645,0.09891206847,0.1098827946,0.1205806483,0.1310156772,0.1400209587,0.1476480956,0.1550952434,0.160098382,0.164987417,0.1675477626,0.1689558141,0.1692506294,0.1684694502,0.1655863202,0.1606690316,0.1558602726,0.1491001706,0.1404487016,0.131977829,0.122684127,0.1116035034,0.1007430899,0.0900953106,0.078693131,0.06750681127,0.05652874025,0.04668522012,0.03701888092,0.0275233299,0.02001157942,0.01352980223,0.008050942786,0.003549202693,0.0008802376277,8.733565594e-05,0.0008666540716,0.002580380612,0.00683017411,0.01271378483,0.0201975731,0.02924979851,0.0398405658,0.05111730086,0.06470797635,0.0797579244,0.09543536843,0.1125375615,0.1302451996,0.1493479153,0.1682482873,0.1885274363,0.2086072468,0.2292754181,0.2497571253,0.2700628871,0.2902030437,0.3101877654,0.3300270612,0.3489754286,0.3678043404,0.3857739299,0.4029021639,0.4199494533,0.4354428553,0.4501440221,0.4640677182,0.4772279531,0.4896379967,0.5005817468,0.5108037754,0.5203148934,0.5291252321,0.5372442549,0.5446807684,0.550724908,0.5568216404,0.5622583355,0.5663271106,0.5704630225,0.5739557863,0.5768098586,0.579739566,0.5820363855,0.5837033107,0.5854515308,0.5865733815,0.587778587,0.5883596546,0.5883172942,0.5890676686,0.588486754,0.5886986474,0.5882866472,0.5872495034,0.5862951883,0.584712822,0.5832109544,0.5810768258,0.578306889,0.5756111616,0.572273115,0.5682877231,0.5643673763,0.5590712775,0.5531091859,0.547196449,0.5398810524,0.5318753394,0.5231698606,0.5137544951,0.5036184389,0.4927501921,0.4803996039,0.4672864655,0.4533967549,0.4387156896,0.4232277096,0.4061643022,0.3890094064,0.3709959377,0.352105031,0.3330826491,0.3131498434,0.2930586702,0.2727988873,0.2523600775,0.2317316404,0.2109027827,0.1906569132,0.1701977148,0.1511218683,0.1318302123,0.113939892,0.09665242037,0.08079831426,0.06557093121,0.05181392878,0.04039514621,0.02966549794,0.02049052233,0.01290190306,0.006933232573,0.002620069678,0.0008802376277,8.873006732e-05,0.0008945491985,0.00360794726,0.008186555216,0.01376166495,0.02036038451,0.02801113207,0.03768582683,0.04754000794,0.05758033976,0.06878244143,0.08020323661,0.09185067097,0.1027354884,0.1138434709,0.1251825384,0.1347042921,0.1433914508,0.1522680365,0.1592176155,0.1641772349,0.1692506294,0.1722471612,0.1730957017,0.1728439607,0.1714528772,0.1688814873,0.1639242636,0.1588473061,0.1512635546,0.1434909715,0.1343011934,0.1236400856,0.112703254,0.1014801546,0.08995988651,0.07943336449,0.06730202035,0.05617648437,0.04609927154,0.03574052366,0.02648354516,0.01837652401,0.01290394658,0.007272314005,0.002951329669,0.001497391544
0.0001464445428,0.002887224916,0.005693123168,0.009824062885,0.01522477289,0.0218426689,0.02962773977,0.03720373404,0.04588933261,0.05564035455,0.06513761959,0.07439033797,0.08465230421,0.09342677401,0.10319701,0.1115280487,0.1196569789,0.1264207779,0.1330249563,0.1383323564,0.1423883994,0.1463536491,0.1480225199,0.1485645448,0.1480173578,0.1464168293,0.1427398014,0.13914461,0.1335581586,0.1270664514,0.1196967245,0.1114748299,0.1034197058,0.09454092552,0.08486117977,0.07536820112,0.06509816287,0.05596811018,0.04606552879,0.03727295802,0.02955971712,0.02198064853,0.0154390184,0.009907577777,0.005360343682,0.001772558183,8.793507952e-05,8.726023053e-05,0.0008660303053,0.003438526321,0.007680627126,0.01355746537,0.02103610923,0.02924979851,0.03984630325,0.05113202476,0.06473593624,0.07898955291,0.0946947498,0.1110257669,0.1287768406,0.1471341048,0.1660937112,0.1864391225,0.2065903251,0.2281148505,0.248675727,0.270607883,0.2915979227,0.3131949322,0.3346386692,0.3559396942,0.3763541993,0.3966526288,0.4168447555,0.4361945986,0.4547195731,0.4731767881,0.4900986871,0.5069791581,0.5223587096,0.5377206152,0.5516126063,0.5655083007,0.577961819,0.5897135966,0.6007737564,0.6104302175,0.6201361979,0.6284578738,0.636124039,0.6431413221,0.6495157425,0.6552527167,0.6603570642,0.6641189066,0.6679705595,0.6712004081,0.6730979017,0.6750911486,0.6757553659,0.6765168955,0.6759500115,0.6754801131,0.6736797096,0.6719740765,0.66893313,0.6652674962,0.6616896869,0.6567641594,0.651201471,0.6449962389,0.6381424754,0.6306335816,0.6224623396,0.6128964407,0.603374713,0.5924372674,0.5807984585,0.5684475075,0.554639304,0.5408268233,0.5255275078,0.5102015759,0.4933558767,0.4764587154,0.4580053687,0.439473083,0.4200987755,0.3998641671,0.3795106726,0.3590283369,0.3376396999,0.3160946782,0.2943824806,0.2732706913,0.2511950544,0.2304922484,0.2088035226,0.1884907181,0.1679697921,0.1488388904,0.1303064506,0.1123768897,0.09587474101,0.07999687745,0.06558037411,0.05181392878,0.04038932973,0.02965695551,0.02133507535,0.01375410529,0.007794272748,0.003490409221,0.0008793507952,8.862790913e-05,8.933906136e-05,0.001801377778,0.005449065318,0.01007446391,0.01570359972,0.02236377481,0.03008361064,0.03794448148,0.0469089703,0.05700928033,0.06632827844,0.07681450198,0.08651456162,0.09641066372,0.1054954182,0.1137449686,0.1221694784,0.1297288093,0.1363958102,0.1421418854,0.1458565205,0.1496569312,0.1513364569,0.1519396662,0.1514289327,0.1497647825,0.1457490825,0.1416380938,0.1362430948,0.1295164436,0.1226223296,0.1143248682,0.1058153803,0.09582484213,0.08685015946,0.07634374229,0.06686731323,0.05713430585,0.04713504054,0.03822467057,0.03044954577,0.02245500088,0.01565608871,0.01010528721,0.005857781713,0.002971585962,0.000150766881
0.0001474708913,0.001453729936,0.004299767331,0.00847964082,0.01254393398,0.01787154853,0.02441076885,0.03077438966,0.03828906911,0.04560606377,0.05401869778,0.0622148005,0.07020224666,0.07798865364,0.08558139108,0.09298759018,0.1002141526,0.1072677591,0.112990032,0.1174280067,0.1217645739,0.1248786948,0.1268121772,0.1276049055,0.1272949148,0.1269946866,0.1245748274,0.1211562157,0.1178127432,0.1124783216,0.1072562653,0.1011316172,0.09413062128,0.08627818129,0.07858016062,0.07005822924,0.0616982586,0.0534945786,0.04544167495,0.0375341835,0.03069709992,0.02305697781,0.01737630684,0.01179101713,0.007197215141,0.003569962118,0.001771027354,8.787178905e-05,8.72099831e-05,0.001731312522,0.00429692021,0.008532801328,0.01440480696,0.02103913865,0.02925822366,0.03986352058,0.05116148529,0.06314249801,0.07742777103,0.092359731,0.1087373566,0.1257402698,0.1441602683,0.1639804834,0.1836094738,0.2046254083,0.2262348336,0.2484370813,0.2704593414,0.2930818726,0.3163054044,0.3393686249,0.3622827971,0.3850590273,0.4077082734,0.4302413543,0.451920745,0.4742559652,0.4950200635,0.515719124,0.5356239229,0.5547501606,0.5738475527,0.5914589563,0.6083346029,0.6244873041,0.6399291846,0.6546716951,0.6680003248,0.6806529097,0.6919156222,0.7025219918,0.7124796293,0.7210751794,0.7283170585,0.7349315711,0.7409232973,0.7455779484,0.7488997119,0.7516094453,0.753708785,0.753763054,0.7539258844,0.7520424971,0.7495470408,0.7464373491,0.7419909954,0.7362026307,0.7297868268,0.722738452,0.7143287719,0.7045481714,0.6941110867,0.6830093156,0.6705060057,0.65731666,0.6426996586,0.6273715819,0.6113203122,0.5945330406,0.5769962535,0.5579547419,0.5388731922,0.518997094,0.4983099605,0.4775453775,0.4551863163,0.4334750935,0.4108909712,0.3881766968,0.365321254,0.3423134732,0.3191420229,0.2957953999,0.2730420405,0.2508817266,0.2285268129,0.2067580007,0.1855764779,0.1657849417,0.145788604,0.1271971734,0.1100289378,0.09348369835,0.07839259843,0.06394773092,0.05182885334,0.04039514621,0.02965695551,0.02133200332,0.01460952872,0.00865656261,0.004360499155,0.001757435781,8.855136769e-05,8.924905296e-05,0.001799303785,0.003628005269,0.007316339724,0.01198962846,0.01767408783,0.02345886468,0.03124115153,0.03821041329,0.04627369395,0.05448973385,0.0628641285,0.07140263279,0.08011116705,0.087984507,0.09601989464,0.1031911207,0.1094720181,0.1148350219,0.1203158589,0.1237660082,0.1272949148,0.1298049901,0.1301493397,0.1305038613,0.1297304806,0.1277893014,0.1246384889,0.1202341915,0.1157234858,0.1098944248,0.1026976693,0.09531946556,0.08775280833,0.07999045779,0.07202493037,0.06384848927,0.05545313457,0.04683059296,0.03932846093,0.03161889356,0.02508786797,0.01837255511,0.01289930199,0.008722379619,0.00442412674,0.001496206079,0.0001518235224
0.0001485258192,0.001464129142,0.004330525565,0.007116916359,0.009826185112,0.01523025479,0.01912197033,0.02425659117,0.03058442338,0.03674584411,0.04404223889,0.04987212701,0.05681606461,0.06358529648,0.07018621269,0.0766249966,0.08170607273,0.08785271479,0.09268109145,0.09739719606,0.1008591953,0.1031103867,0.1064327697,0.107467406,0.1073858156,0.1073085655,0.1061635122,0.105045803,0.101854732,0.09873282999,0.09464917872,0.08963245165,0.08370989843,0.07790619309,0.07122805292,0.06467943928,0.05825588898,0.05099096892,0.04385979285,0.03780268295,0.03091669054,0.02507966829,0.01934277687,0.01370234279,0.009060875206,0.005393249574,0.002675544503,0.0008850037679,8.783383664e-05,8.718487025e-05,0.001731063231,0.00429692021,0.00853403014,0.01440895614,0.02104822952,0.02927508125,0.03823005629,0.04955391089,0.06156445883,0.07506911335,0.09004583557,0.1056675608,0.122730948,0.1412182204,0.1603194394,0.1808215489,0.2019250741,0.2244109208,0.246711194,0.2703865348,0.2938848426,0.3179857586,0.3426912363,0.3680038048,0.3931675535,0.417438267,0.4430964965,0.4678852822,0.4918238589,0.5164231973,0.5401995662,0.5631704869,0.5860927276,0.6075003943,0.6288871427,0.6487930717,0.6687034,0.6871633952,0.7041897972,0.7205273117,0.7361867644,0.7497239766,0.7626064205,0.7748423916,0.784989915,0.7937837675,0.8019549954,0.8080617045,0.8128329818,0.816272453,0.8191054946,0.8198874771,0.8193414309,0.8167427613,0.8135355729,0.808993128,0.8031106425,0.7951566116,0.7865740509,0.7766296867,0.7645856604,0.7518862939,0.7385227023,0.723021762,0.7068312255,0.6899396312,0.6715984475,0.6517896089,0.631973724,0.6106578534,0.5893086177,0.5664237092,0.5434765929,0.5197056425,0.495092514,0.4711305078,0.446298304,0.4205757769,0.3962367419,0.370983385,0.3455653792,0.3207450585,0.296520394,0.2728899351,0.2490671148,0.2266191464,0.2039707719,0.1827060591,0.1620369379,0.1427722004,0.1241172328,0.1068918897,0.09111539908,0.07598266336,0.06233161351,0.05018585358,0.03872874232,0.02966549794,0.02133507535,0.01460952872,0.008655316155,0.004359243512,0.001756676733,8.850037679e-05,8.918481677e-05,0.0008988749291,0.002718262562,0.005480937115,0.009210846127,0.01393314905,0.01967425762,0.02551681099,0.031464634,0.03848375013,0.04466284822,0.05193954973,0.05935671077,0.06592062492,0.07261581551,0.07944694578,0.08539001993,0.09145777936,0.09660448808,0.1008015281,0.1040187948,0.1073085655,0.1084815892,0.1096832289,0.1097938045,0.1099088738,0.1088820858,0.1055136291,0.1032396968,0.09972470328,0.09492323155,0.09000396426,0.08373092041,0.07854654271,0.07196701517,0.06521739685,0.05829119853,0.05118171143,0.0452117563,0.03773247516,0.03141466555,0.02492223511,0.01965237022,0.01565721599,0.01010455965,0.007320645711,0.004455774575,0.001506909136,0.0001529095866
0.0001496098356,0.001474815096,0.002908087952,0.005735087368,0.008483915636,0.01115739119,0.01513406096,0.01900393291,0.02411033005,0.02908245516,0.03392516813,0.03864316845,0.0445127954,0.05023480322,0.05457425533,0.0600321902,0.06535779215,0.06936009028,0.07444967173,0.07825284941,0.08081445642,0.08445997189,0.08576765584,0.08816380247,0.08830169101,0.08953054668,0.08857519664,0.08764266045,0.08567471817,0.08375025858,0.08083171899,0.07797482076,0.07314580241,0.06942000817,0.06477241987,0.05922863864,0.05379098073,0.04845577997,0.0422590384,0.03617465673,0.03114233617,0.02526271238,0.02041175738,0.01564266266,0.01095240726,0.007243482979,0.004491786631,0.001782925945,0.0008847489235,8.782118948e-05,0.0008718487025,0.001731312522,0.004298157902,0.008537717637,0.01356918409,0.02022085412,0.02762607809,0.03660475893,0.04713047839,0.05917852617,0.07190871289,0.0861260325,0.1018102239,0.118942585,0.1375059378,0.1566892199,0.1772814664,0.1984818601,0.2210736037,0.245045917,0.2688354275,0.294001208,0.3197652535,0.3461305317,0.3723360276,0.399155996,0.4265947389,0.4539006215,0.481086413,0.5081647467,0.5351481293,0.562048951,0.5881340772,0.613421321,0.6379277375,0.662409763,0.6854011973,0.7076586948,0.7284606191,0.7485587243,0.7672320271,0.7844953886,0.8003623851,0.8148453229,0.8279552506,0.8389724296,0.8486359127,0.8569527235,0.8632002271,0.8673834861,0.8702339538,0.8717531762,0.8704846173,0.8678832429,0.8639463544,0.8579405019,0.8498588287,0.8404234272,0.8296260921,0.816724891,0.8024396154,0.7867579919,0.7696664723,0.7511502188,0.7311930876,0.7105177346,0.6883685353,0.6654691907,0.64105869,0.6166095539,0.5913611681,0.5652956946,0.5383945124,0.5113947002,0.4842837072,0.4570488504,0.429677305,0.4021560944,0.3752425987,0.3489330127,0.3224471168,0.2965523837,0.2712463364,0.2473146987,0.2231847033,0.2004349411,0.1790775004,0.1583222246,0.1389790358,0.1202514416,0.1029602025,0.08712394131,0.07276284383,0.05989869644,0.04771777125,0.03707156588,0.02798644218,0.02049052233,0.01375410529,0.00865656261,0.004359243512,0.00175642379,0.0008847489235,8.914629725e-05,0.0008983573262,0.001810870745,0.004563503026,0.007361253018,0.01113368584,0.01590615224,0.02076155744,0.02570304557,0.0316942788,0.03682639278,0.04303278459,0.04935719887,0.0548074322,0.0603652245,0.06603440496,0.07079292937,0.07461389445,0.07956274565,0.08250158046,0.08550503458,0.08749501131,0.08953054668,0.09050923329,0.09151179497,0.09028174298,0.09016672675,0.08774140982,0.08642852024,0.08272185748,0.08012286291,0.0762507575,0.07105851084,0.06697749518,0.06153763394,0.05595894279,0.0515242246,0.04566849556,0.0396578934,0.03482603229,0.02986332315,0.02476482703,0.01952543458,0.01555384533,0.01147017474,0.008724263856,0.005899260385,0.002992196712,0.001517907321,0.000154025598
0.0001507234664,0.001485792981,0.001464867249,0.004333332655,0.005698044152,0.00843033148,0.01108851807,0.01367527854,0.01754263109,0.02130831444,0.02497600597,0.02984695544,0.03331278181,0.03795654699,0.04123536183,0.0456678494,0.04999288475,0.05300966511,0.05714578501,0.06000898231,0.06280663182,0.06554126153,0.06821532087,0.06970687909,0.07116717643,0.07149760077,0.07182289992,0.07214350374,0.0713942435,0.06960826885,0.06786116273,0.06615177392,0.06345550861,0.05980098112,0.05621931124,0.05270806801,0.04827959085,0.04393481742,0.03967085116,0.03548487453,0.03042341452,0.02545075706,0.021498407,0.01668610574,0.01287292094,0.009121750409,0.006335310162,0.003592394546,0.001782669222,8.847489235e-05,8.783383664e-05,0.000872099831,0.001732060611,0.004300634354,0.007689480307,0.01273210587,0.01855447643,0.02598168399,0.03415321381,0.04388622709,0.05515620457,0.06794029001,0.08221725052,0.09715779082,0.1143673551,0.1322140364,0.1514919814,0.1721871518,0.1942869441,0.2177801635,0.2418742349,0.266570663,0.292647792,0.3200990878,0.3473788472,0.3760349212,0.404534513,0.4336531659,0.4633967417,0.4922570239,0.5217645577,0.5511732221,0.5804964421,0.6089984564,0.6366978119,0.664357927,0.6905030268,0.7158967253,0.7405546276,0.7637515726,0.7855051405,0.8058315937,0.8240088558,0.8415254757,0.8569203635,0.8702064122,0.8813946295,0.8912282746,0.8982461021,0.9039217235,0.9075248929,0.9083239397,0.9077862977,0.9044425324,0.8990225221,0.8922555612,0.8826647521,0.8717114289,0.8586496575,0.8434665857,0.8261474572,0.8081557338,0.7879975667,0.7663956644,0.7433324609,0.7187890479,0.6934924524,0.6674263526,0.6398227279,0.6121637016,0.5836816254,0.5543571408,0.5249297517,0.4953858661,0.4664764705,0.4366609595,0.4074576722,0.3788612392,0.3500905947,0.3226908026,0.2951022218,0.268883812,0.2440433566,0.2197965025,0.1961422496,0.1738814903,0.1530267428,0.1335919624,0.11559257,0.09822692531,0.08314592032,0.0687274877,0.0558113494,0.04442029844,0.03457879698,0.0263130188,0.01879650742,0.01290190306,0.007794272748,0.004360499155,0.001756676733,0.0008847489235,8.913346111e-05,8.980986365e-05,0.001810088618,0.003648700164,0.00643646047,0.009270058744,0.01308598687,0.01696717137,0.02186682918,0.0258943679,0.03096261554,0.03612418321,0.04039720867,0.04475213322,0.04919189734,0.05371952541,0.05731465294,0.06098366659,0.06472910906,0.06749892737,0.06926307206,0.07106673503,0.07291112567,0.07369752694,0.07339115069,0.07307979259,0.07276300892,0.071290495,0.06978514646,0.06706886259,0.06428900814,0.06144302092,0.05852825531,0.0543077128,0.05123181318,0.04681307462,0.04228160768,0.03893081145,0.03417769238,0.030630702,0.02563923006,0.02188044566,0.01801884187,0.01405055247,0.0113960883,0.008666665309,0.005859468997,0.004457378942,0.001507234664,0.001529205965,0.0001551720978
0.0001518672539,0.0001497068142,0.001475983613,0.002910811197,0.004305963456,0.005662870871,0.008379498709,0.009645338798,0.01223706182,0.01476063583,0.01721852744,0.02092066331,0.0232377098,0.02677121013,0.03021693274,0.03233444794,0.03562916177,0.03884504498,0.04198501148,0.04386630722,0.04687648096,0.04866004401,0.05154973724,0.05324331332,0.05490085497,0.05541551612,0.0559206799,0.05641687648,0.05690462024,0.0563217361,0.05575285039,0.05415619342,0.05259338,0.05106338116,0.04855366274,0.04609378015,0.04368209346,0.04033327014,0.0370471262,0.0328551711,0.02969634066,0.02564389392,0.02166155087,0.01868081193,0.01482355316,0.01102916661,0.008207211351,0.005429483951,0.003592394546,0.001782925945,8.850037679e-05,8.787178905e-05,8.726023053e-05,0.001733308143,0.003443481366,0.006841986854,0.01104721081,0.01688958056,0.02350114477,0.03170437815,0.04064423159,0.0511357064,0.06397634785,0.07750027735,0.09251280542,0.1089960237,0.1269335418,0.1463104562,0.1671133215,0.1893301233,0.2129502526,0.2379644824,0.263582801,0.2905870082,0.3189715258,0.3479588433,0.3775541547,0.4077632126,0.4385923264,0.4692852964,0.501377925,0.5325953952,0.563715021,0.5947509303,0.6257171415,0.6551249937,0.6844971658,0.7130984769,0.7401990658,0.7658189878,0.7899769455,0.8134338487,0.8347177585,0.8538461559,0.8708345895,0.8864372412,0.8991842643,0.9105663328,0.9191117505,0.9248274078,0.9291961264,0.9300023014,0.9294637734,0.9253602619,0.9199062062,0.9116159097,0.9004800223,0.8879703289,0.8725919629,0.8558156855,0.8368841534,0.8157799149,0.7924835609,0.7684702369,0.7429755655,0.7159794942,0.6874605899,0.6581507757,0.6287881644,0.5978421246,0.5668081246,0.5356719968,0.504419447,0.4722681276,0.4415072054,0.410591435,0.3802823544,0.3505741385,0.3214615169,0.2929397754,0.2657934634,0.2400294032,0.2148599848,0.1910830548,0.1687091378,0.1477501655,0.1282195022,0.1101319731,0.09350389301,0.07835309852,0.0646989809,0.05172819592,0.04112700335,0.03209020307,0.02379399252,0.01710496714,0.01119131444,0.006933232573,0.003490409221,0.001757435781,8.850037679e-05,8.914629725e-05,8.980986365e-05,0.001809827984,0.003647649489,0.005514583303,0.008338248655,0.01120848716,0.01506890495,0.01899547698,0.02203276887,0.02609087117,0.03022265558,0.03344710207,0.03772544435,0.04108358665,0.04450752417,0.04697831067,0.04949965176,0.0520732629,0.05364896924,0.05525906184,0.05690462024,0.05750181641,0.05811364774,0.05763213677,0.05714170619,0.05664182268,0.05613193611,0.05445290639,0.05273604108,0.04979418658,0.04798287026,0.04491458326,0.04300071249,0.03979624362,0.03651212706,0.03314530778,0.03098361306,0.0274583706,0.023841038,0.02147001576,0.01767575596,0.01515696097,0.01256924806,0.009910024024,0.008611926912,0.005821622393,0.004427950838,0.002994136284,0.001518672539,0.0001540810572,0.0001563496444
0.0001530417576,0.0001508646096,0.001487398504,0.001466661345,0.00289284314,0.004279999583,0.004222151838,0.006942809613,0.008221133482,0.009465776047,0.01201270934,0.01317653659,0.01561161632,0.01798550136,0.02030041534,0.02255851007,0.02476186819,0.02691250576,0.02901237473,0.03106336534,0.03306730843,0.03502597767,0.03694109165,0.03767271849,0.0395181747,0.04132462363,0.04198862647,0.04263989296,0.04327902375,0.04390660175,0.04346311686,0.04303030738,0.04260794295,0.04219580001,0.04077430394,0.03938174049,0.03801720359,0.03568846624,0.0334037827,0.03116166104,0.02799529481,0.02488509828,0.02182907593,0.0188252847,0.01587183203,0.01296687402,0.01010861364,0.008207211351,0.005430265853,0.003593429305,0.001783696335,0.0008855136769,8.793507952e-05,8.733565594e-05,0.0008675280994,0.002585587907,0.00599450234,0.009361110216,0.01437890163,0.02101945523,0.02842022808,0.03657051291,0.04711351447,0.05836920859,0.07196568715,0.08624393354,0.1028179255,0.1208540861,0.13953618,0.1604588513,0.1835997899,0.2073560009,0.2325171486,0.2590759542,0.2870264786,0.3155848836,0.3455325692,0.3768671532,0.4080448339,0.4406180235,0.4730540476,0.5061323415,0.5390990334,0.5719690877,0.6039985573,0.6367214549,0.6678807811,0.6982539475,0.7278588332,0.7559611411,0.7825807238,0.8077360828,0.8306960118,0.8522263537,0.8708476002,0.888068793,0.9024093682,0.9146267589,0.9239844866,0.9304898181,0.9348924305,0.9364497209,0.9351617183,0.9310259346,0.9247831542,0.915681016,0.9037097738,0.8896047026,0.8726049998,0.854192147,0.8328519688,0.8100657158,0.7850638708,0.7585782626,0.7305890445,0.7010749908,0.6707722672,0.6396622377,0.6069629852,0.5749418743,0.5420570691,0.509056076,0.4759237477,0.4434186423,0.4107566946,0.3794810823,0.3480293815,0.3179568528,0.2892670968,0.2611735889,0.2344672642,0.2091553186,0.185246308,0.1619444753,0.1408686538,0.1220433022,0.1038595712,0.08714276212,0.07273665392,0.05901150947,0.0476456765,0.03699424121,0.02875780326,0.02127525049,0.01455807711,0.009480488992,0.006072696696,0.002620069678,0.0008793507952,8.855136769e-05,8.918481677e-05,0.0008983573262,0.001810088618,0.003647649489,0.00551378926,0.008335847585,0.01027000896,0.01317769929,0.01613453438,0.01914238329,0.02220316485,0.02531884959,0.02849146172,0.0317230811,0.03401539268,0.03635237584,0.03873558874,0.0401374683,0.04156872483,0.04303030738,0.04346311686,0.04390660175,0.04436099934,0.04482655414,0.04419855418,0.04355838707,0.04290544681,0.04223910861,0.04040431899,0.03852857543,0.03779120964,0.03584234462,0.03384777052,0.03180568863,0.02971424183,0.02757151231,0.02537551917,0.02312421603,0.02081548843,0.01844715122,0.01601694578,0.01352253721,0.01233170022,0.009719933458,0.008444303675,0.007133332639,0.00433926471,0.004399984034,0.002974797008,0.001508646096,0.001530417576,0.0001552726819,0.0001575588138
0.0001542475547,0.0001520532532,0.0001499117533,0.001478216988,0.001457817747,0.001437907057,0.0028369451,0.004198506691,0.004142953388,0.005451631843,0.006726308883,0.007968211732,0.009178527352,0.01035840394,0.01150895239,0.01263124765,0.01497417833,0.01602814086,0.01827559978,0.01926652908,0.02142504107,0.02235789724,0.02443359577,0.02531302478,0.02731168012,0.02814203732,0.02895541293,0.03085445455,0.03162451002,0.0323799047,0.03312127509,0.03279145057,0.03351699174,0.03319278478,0.03287644771,0.03256781486,0.03226672541,0.03097386635,0.02970614733,0.02846275679,0.02626994446,0.0241165047,0.02200106452,0.01992228713,0.01787887061,0.0149360439,0.01296687402,0.01011006939,0.008209575368,0.005432612234,0.003595499716,0.001784981059,0.0008862790913,8.802376277e-05,8.743632459e-05,0.0008686531447,0.001726209224,0.004288575112,0.007672336526,0.01186363635,0.01769197348,0.02429319946,0.03248954254,0.04225751705,0.05357528674,0.06560259533,0.07996492509,0.09582094062,0.1139633054,0.1327577578,0.1538047584,0.176285233,0.2001897589,0.2255102931,0.2530284028,0.2811593555,0.3106903957,0.3416188131,0.3731657636,0.40611335,0.4389168741,0.4731325357,0.5064573719,0.5404458388,0.5743427108,0.6081632215,0.6411610271,0.6733556025,0.7040070401,0.7338944634,0.7622785745,0.7891787028,0.8138585576,0.8370906877,0.8573845951,0.8755097182,0.8914792869,0.9038020268,0.9147420123,0.9220530245,0.9264914598,0.9280598846,0.9267583278,0.92258428,0.915532691,0.9048438067,0.8927639418,0.8770239069,0.8591148259,0.8390215682,0.8159708153,0.7914548134,0.7646973022,0.7364351905,0.7066477829,0.676076053,0.6439368342,0.6109721043,0.5771615877,0.5432547845,0.5092363028,0.4758656429,0.441579487,0.4086946531,0.3756458185,0.3439882617,0.312935439,0.2832725788,0.2550036214,0.2273361602,0.2018687454,0.1778149362,0.1551840754,0.1339869085,0.1150515759,0.09676382812,0.0807750477,0.06628630125,0.05414923757,0.04272252319,0.03285652218,0.0245746753,0.01790211856,0.01200801031,0.007767941506,0.004343265723,0.001748726492,0.0008802376277,8.862790913e-05,8.924905296e-05,0.0008988749291,0.001810870745,0.003648700164,0.005514583303,0.008335847585,0.01026853018,0.01317390466,0.01517888543,0.01817479243,0.02025786395,0.02237810084,0.0245368593,0.0267355326,0.02897555239,0.03025005508,0.03155007064,0.03287644771,0.03319278478,0.03351699174,0.0338492393,0.03418970332,0.03345923486,0.03380551071,0.03305834416,0.03229642211,0.0315190818,0.02958765346,0.02876480089,0.02792410946,0.02588809154,0.02499588125,0.02287900328,0.02193071973,0.01972694259,0.01871772292,0.01642062195,0.01534526985,0.01294800493,0.01180096374,0.01062428231,0.009416832436,0.008177447765,0.006904922313,0.005598008921,0.004255417649,0.00431372117,0.002915635493,0.001478216988,0.001499117533,0.001520532532,0.0001542475547,0.0001564960562,0.0001588002002
0.0001554852403,0.0001532733317,0.0001511146484,0.0001490078232,0.0001469515307,0.001449444854,0.001429854404,0.001410731866,0.001392065511,0.002747687927,0.002712112371,0.004016074416,0.003965218307,0.005220759997,0.00515613354,0.006366300527,0.00754716573,0.008699789001,0.009825196575,0.01092438232,0.01199830892,0.01304790907,0.01407408655,0.01507771734,0.01605965061,0.01815542376,0.01908429924,0.01999416301,0.02088576033,0.0217598145,0.02369402903,0.02452435829,0.0253394496,0.02509434329,0.02589081955,0.026673676,0.02642707787,0.02618653013,0.02595190874,0.02473374359,0.02451919912,0.0233376154,0.02217760153,0.02008214398,0.01897087479,0.01693787742,0.01493819485,0.01297060902,0.01011443788,0.008214305446,0.006342612644,0.004498259463,0.002680171841,0.001774601346,8.813791552e-05,8.75623236e-05,8.700301816e-05,0.0008645973459,0.002577966506,0.005979415212,0.00934158461,0.01435510987,0.02015399343,0.02756250088,0.03655734989,0.04711690677,0.05922115006,0.07367019398,0.08880620341,0.1062473585,0.1251616048,0.1455368988,0.1681634048,0.192224807,0.2177136636,0.2454155561,0.2737396312,0.303477051,0.3354093812,0.3671848201,0.4003759133,0.4342073117,0.4686878967,0.503054375,0.5373222643,0.5715069638,0.6056237656,0.638921773,0.6706555158,0.7016107379,0.7318048704,0.7597321218,0.7854140984,0.8096298988,0.8308774124,0.8499325952,0.8668091238,0.8800040951,0.8910430393,0.8991763013,0.9036525304,0.9052313605,0.9039128198,0.899694376,0.8918132332,0.8810184439,0.8680582281,0.8514025484,0.8325541508,0.8114974367,0.7874525325,0.7619233041,0.7341269044,0.7040396995,0.6731711564,0.641503106,0.6082457196,0.5741465448,0.5399594447,0.5056689801,0.4712595866,0.4367155626,0.4028047241,0.369518689,0.3376385076,0.3055819505,0.2757176689,0.2472601252,0.2194132043,0.1937811747,0.1695737871,0.1467997855,0.1262840507,0.1072310601,0.08965424106,0.07439511595,0.05982111801,0.04760795606,0.03694898796,0.02786580152,0.02038163915,0.01452143694,0.009452543855,0.006052181421,0.002610090545,0.000875623236,8.813791552e-05,8.873006732e-05,8.933906136e-05,0.001799303785,0.002718262562,0.004563503026,0.00643646047,0.008338248655,0.01027000896,0.01317390466,0.01517669983,0.01721326627,0.0192848709,0.02042041348,0.02255766319,0.02374439384,0.02495375841,0.0251793559,0.02642707787,0.026673676,0.02692645233,0.02718553857,0.02639526,0.02559063473,0.02584803167,0.02502378667,0.02418351196,0.02221573668,0.02132951091,0.02042485173,0.01950100432,0.01855719057,0.01641976764,0.01542025617,0.0143979707,0.01335202283,0.01228149572,0.011185443,0.01006288764,0.008912820738,0.00773420031,0.006525949997,0.005286957743,0.005354765888,0.004068168557,0.00412153189,0.002784131023,0.002821463732,0.001429854404,0.001449444854,0.001469515307,0.001490078232,0.0001511146484,0.0001532733317,0.0001554852403,0.0001577517839,0.0001600744164
0.0001567554283,0.0001545254503,0.0001523491322,0.000150225096,0.0001481520053,0.000146128564,0.0001441535152,0.0001422256399,0.0001403437555,0.0001385067152,0.001367134062,0.001349627493,0.001332536973,0.001315852341,0.00129956374,0.002567323211,0.002536273313,0.002505959773,0.003714547667,0.003671208547,0.004838530141,0.005979318127,0.0070945302,0.0070157954,0.008095422452,0.009151869407,0.01018598953,0.01119861059,0.01329876632,0.01425942342,0.01520119363,0.01612480589,0.0170309682,0.01792036844,0.01983776814,0.02068582943,0.02049458894,0.02132344265,0.02213869709,0.02194350239,0.02175316093,0.02156757602,0.02138665388,0.02024619878,0.01912585141,0.01802492645,0.01694275623,0.01494464954,0.01297808224,0.01104187953,0.009134895192,0.007256010539,0.005404133333,0.003578196794,0.001777158613,0.0008827763661,8.77137621e-05,8.716604035e-05,8.663421323e-05,0.001722360621,0.003424690096,0.006810531507,0.01100592739,0.01684100855,0.02345381419,0.03166787573,0.041461763,0.05281565838,0.06571132323,0.08094974044,0.09769089549,0.1159215018,0.1364370503,0.1584134444,0.1826431506,0.2083120156,0.2354145677,0.2639466801,0.2946956247,0.3260773416,0.3580989816,0.3915513707,0.425655536,0.4596416483,0.4943022573,0.5288719179,0.562592239,0.5962554446,0.6291055059,0.6603914221,0.6909031522,0.7191226345,0.7458382143,0.7710671899,0.7932955349,0.8125415098,0.8295846252,0.8444367234,0.8555812364,0.863027106,0.8683060444,0.8698946957,0.8685561525,0.8635243528,0.856320778,0.8454100751,0.8307800876,0.8139467953,0.7948964318,0.7728457769,0.7477739345,0.7211966929,0.6930954041,0.6626776832,0.6314652916,0.5986643997,0.5650278947,0.5313145833,0.4967282952,0.4620306174,0.4279911074,0.3938132145,0.3602713268,0.3281499266,0.2966541681,0.2657773992,0.2371156692,0.2098777106,0.18406892,0.159696055,0.1375813445,0.1169274029,0.09856698485,0.08169922155,0.0663388208,0.05333536966,0.04188181105,0.03199791624,0.02370507437,0.01702632877,0.01113024281,0.006889442485,0.003465368529,0.001743320807,8.77137621e-05,8.827763661e-05,8.885793065e-05,0.0008945491985,0.001801377778,0.003628005269,0.005480937115,0.007361253018,0.009270058744,0.01120848716,0.01317769929,0.01517888543,0.01721326627,0.01831798937,0.01944241262,0.02058723166,0.02175316093,0.02194350239,0.02213869709,0.02233884468,0.02254404783,0.0217201209,0.0208818612,0.0210827864,0.02022427474,0.01827478001,0.01737279272,0.01645318087,0.01551522738,0.01455819377,0.01358131938,0.01143983676,0.0104084003,0.009354393867,0.0082769519,0.007175181753,0.007257795211,0.006118680912,0.004952730223,0.00375893966,0.00380440997,0.002567323211,0.00259912748,0.002631704681,0.001332536973,0.001349627493,0.001367134062,0.001385067152,0.001403437555,0.0001422256399,0.0001441535152,0.000146128564,0.0001481520053,0.000150225096,0.0001523491322,0.0001545254503,0.0001567554283,0.0001590404877,0.0001613820943
0.0001580587516,0.0001558102327,0.0001536158199,0.0001514741237,0.0001493837965,0.0001473435315,0.0001453520614,0.000143408157,0.000141510626,0.0001396583118,0.0001378500926,0.0001360848801,0.0001343616183,0.0001326792829,0.0001310368799,0.0001294334448,0.0001278680419,0.000126339763,0.0001248477268,0.001233910783,0.001219689872,0.001205806483,0.002384505592,0.002358042449,0.00349831321,0.003460485552,0.004564746515,0.005645860016,0.00670466862,0.007741990094,0.008758618309,0.009755324133,0.01073285628,0.01275484594,0.01368606252,0.0146004734,0.01549874146,0.01740535587,0.01826408168,0.01910877403,0.01994002258,0.01976990629,0.02058426731,0.02041453325,0.02024911444,0.01913136045,0.01898180516,0.01789432463,0.01589012691,0.01484491446,0.01289518458,0.01097450959,0.009081775531,0.00721589452,0.005375803723,0.003560464396,0.001768860942,0.0008789077141,8.735452248e-05,8.683404858e-05,0.0008632910625,0.001716789203,0.004268244147,0.007641463947,0.01266900963,0.01848646933,0.02592002479,0.0349484543,0.04555214933,0.05853755421,0.07305649115,0.08909440214,0.106638216,0.1264871385,0.1486217342,0.1722199844,0.197275289,0.2245816398,0.2525341273,0.2827263177,0.3135663043,0.3458508227,0.3787937621,0.4124037669,0.4459063969,0.4800986251,0.5142102138,0.5474775823,0.5799200352,0.6115561127,0.6424036077,0.6709318724,0.6979358387,0.7226609042,0.7451253489,0.7653454401,0.7825652079,0.796798106,0.8088245286,0.8171133507,0.8216706478,0.8232686301,0.8219073231,0.8175841435,0.809523655,0.7977165463,0.7836929135,0.7666691003,0.7466290368,0.7243278345,0.699747235,0.6728669413,0.6444419694,0.6136733071,0.5820953254,0.5496894681,0.516436407,0.4823160245,0.4480949078,0.414547219,0.380872203,0.3478486717,0.3154684998,0.2845233586,0.2542124659,0.2261393253,0.1987007968,0.1735144079,0.1497819217,0.1275112544,0.1075325881,0.0898675128,0.07371165982,0.0590795299,0.04598714076,0.03529235054,0.0261826199,0.01867913409,0.01280473244,0.007725551415,0.004316455313,0.001736680972,0.0008735452248,8.789077141e-05,8.844304712e-05,0.000890116099,0.001791934574,0.00360794726,0.005449065318,0.007316339724,0.009210846127,0.01113368584,0.01308598687,0.01506890495,0.01613453438,0.01817479243,0.0192848709,0.01944241262,0.02058426731,0.0207584016,0.02093702371,0.02011449898,0.02029342409,0.0194530448,0.01859848975,0.01772914628,0.0157916106,0.0148806536,0.01395271316,0.01300709884,0.01094827289,0.009953987263,0.008939558161,0.007904204022,0.006847119773,0.00576747592,0.004664417613,0.003537063674,0.003576758389,0.002411612966,0.002439379745,0.001233910783,0.001248477268,0.00126339763,0.0001278680419,0.0001294334448,0.0001310368799,0.0001326792829,0.0001343616183,0.0001360848801,0.0001378500926,0.0001396583118,0.000141510626,0.000143408157,0.0001453520614,0.0001473435315,0.0001493837965,0.0001514741237,0.0001536158199,0.0001558102327,0.0001580587516,0.0001603628098,0.0001627238853
0.0001593958625,0.0001571283221,0.0001549153455,0.0001527555314,0.0001506475209,0.0001485899962,0.0001465816791,0.00014462133,0.0001427077467,0.0001408397627,0.001390162468,0.001372361013,0.001354982614,0.001338016942,0.0001321453971,0.0001305283976,0.0001289497521,0.0001274085445,0.0001259038864,0.0001244349152,0.0001230007939,0.0001216007101,0.0001202338756,0.0001188995251,0.0001175969159,0.0001163253271,0.00115084059,0.001138724326,0.002253795771,0.003346064611,0.003312267209,0.00437237782,0.00649419105,0.007503268852,0.008493440547,0.009465420409,0.01146189318,0.01239006911,0.01432556858,0.01521349442,0.01709240081,0.01794343628,0.01878141097,0.01960688729,0.02042041348,0.02025786395,0.02009950245,0.01994525083,0.01885241264,0.01871312028,0.01671977886,0.01567874491,0.01373790533,0.0118250242,0.009939014753,0.00807881498,0.005351474298,0.003545371623,0.001761870104,0.0008756862831,8.705941438e-05,8.65656261e-05,0.0008608703415,0.002568702512,0.00511047366,0.008474025967,0.01433445339,0.0209786331,0.02923295547,0.03907802253,0.0504960183,0.06429497316,0.07962909985,0.09648554921,0.1156674983,0.1371560513,0.1601257837,0.1845703381,0.2112881107,0.2386662446,0.2683069829,0.2986100822,0.3303768207,0.3620245454,0.3951481358,0.4281741235,0.4611172795,0.4939922754,0.526029745,0.5564654327,0.5868834659,0.6149559956,0.6422638197,0.6672645154,0.6891986695,0.709639081,0.7270448009,0.7414294144,0.7528038444,0.7611763633,0.7657767383,0.7673837139,0.7659973138,0.7616149272,0.753454548,0.7422840332,0.7280924996,0.7108663974,0.6905894955,0.6688036653,0.6439307269,0.6167296217,0.5887456609,0.5583919043,0.5280028918,0.4959880731,0.4631136152,0.4301517027,0.3970875248,0.3639061535,0.3321895979,0.3003350394,0.2699346205,0.2401832347,0.2126923288,0.1858505074,0.1612828497,0.1381869306,0.1165704348,0.09726675426,0.08029694714,0.06485288845,0.05094886526,0.03943983023,0.02951210992,0.02118506492,0.01447967537,0.008562341706,0.005165222049,0.002596968783,0.0008705941438,8.756862831e-05,8.809350521e-05,0.0008863429057,0.001783824766,0.003590584435,0.005421280774,0.008186555216,0.01007446391,0.01198962846,0.01393314905,0.01590615224,0.01696717137,0.01899547698,0.01914238329,0.02025786395,0.02042041348,0.02058723166,0.0207584016,0.01993715143,0.01910327149,0.0182561933,0.01739533327,0.01548758638,0.01458786404,0.01262056054,0.01167848075,0.009647059953,0.0086589214,0.007651661185,0.006624534417,0.004461419481,0.003380693656,0.003416172978,0.002301681181,0.001163253271,0.001175969159,0.0001188995251,0.0001202338756,0.0001216007101,0.0001230007939,0.0001244349152,0.0001259038864,0.0001274085445,0.0001289497521,0.0001305283976,0.0001321453971,0.0001338016942,0.0001354982614,0.001372361013,0.001390162468,0.001408397627,0.001427077467,0.00014462133,0.0001465816791,0.0001485899962,0.0001506475209,0.0001527555314,0.0001549153455,0.0001571283221,0.0001593958625,0.0001617194121,0.0001641004614
0.0001607674337,0.0001584803815,0.0001562483626,0.0001540699638,0.001519438143,0.001498685849,0.001478429866,0.001458657692,0.002878714396,0.002841033243,0.002804249104,0.002768339838,0.002733283966,0.004048590971,0.003998474495,0.003949547092,0.002601186804,0.002570097418,0.002539745309,0.00251011308,0.002481183847,0.001226470612,0.001212684653,0.00119922633,0.000118608815,0.0001173262845,0.0001160743355,0.0001148522833,0.0001136594628,0.0001124952287,0.001113589547,0.001102500325,0.002183357444,0.003243357025,0.004283262496,0.006364579038,0.007356694924,0.009372512477,0.01135265794,0.01227552292,0.01419721691,0.01608696547,0.01794602032,0.0187868208,0.02059612726,0.02140513993,0.02220316485,0.02203276887,0.02186682918,0.0217052646,0.02154799644,0.02046473328,0.01939856436,0.01743144227,0.01549246796,0.01358055275,0.01079504544,0.008939697183,0.006219607318,0.004416106988,0.002634256324,0.000873105069,8.682779675e-05,8.636019033e-05,0.0008590747195,0.002564083006,0.005953211207,0.01015639213,0.01600587116,0.02264224682,0.03172721352,0.04240075871,0.05547482104,0.07010035653,0.08626474292,0.104775387,0.1247982639,0.1471384021,0.1709711377,0.1962917488,0.2230968829,0.2513845439,0.2811540801,0.311607182,0.3419544505,0.3738001582,0.405560562,0.4364576866,0.4673005567,0.4981028023,0.5273016015,0.5549169297,0.5809673415,0.6054699886,0.6276560662,0.6467578831,0.6643580654,0.6781181478,0.6896155369,0.6972925506,0.7027201211,0.7043359097,0.7029225337,0.6976943068,0.6902116222,0.6788997901,0.6653154302,0.6478764469,0.6289226972,0.6068665997,0.5824751622,0.556517394,0.5289747418,0.4998272237,0.4690534092,0.4382210365,0.4073163734,0.375526604,0.3436327646,0.313226748,0.2826967722,0.252836697,0.2244502614,0.1975394017,0.1721074097,0.1481589457,0.125700054,0.1055628898,0.08693815238,0.07066793119,0.05594008699,0.04276868844,0.03201174233,0.02285188228,0.01615871613,0.01025633202,0.006013523037,0.00259080571,0.0008682779675,8.73105069e-05,8.780854413e-05,0.0008832213975,0.002665545993,0.004469848592,0.00629710984,0.009053701834,0.01093585973,0.01376166495,0.01570359972,0.01767408783,0.01967425762,0.02076155744,0.02186682918,0.02203276887,0.02220316485,0.02237810084,0.02255766319,0.02175316093,0.02093702371,0.01910327149,0.0182535646,0.0163673639,0.01444883738,0.0124966833,0.01156052059,0.009546868556,0.007495709368,0.00648671405,0.004366714888,0.003307500976,0.002227179093,0.001124952287,0.001136594628,0.0001148522833,0.0001160743355,0.0001173262845,0.000118608815,0.000119922633,0.0001212684653,0.001226470612,0.001240591924,0.00125505654,0.002539745309,0.002570097418,0.002601186804,0.002633031395,0.002665649664,0.004048590971,0.004099925948,0.004152509757,0.002804249104,0.002841033243,0.002878714396,0.002917315383,0.002956859733,0.001498685849,0.001519438143,0.001540699638,0.001562483626,0.0001584803815,0.0001607674337,0.000163110977,0.0001655125147
0.0001621741584,0.0001598670943,0.0001576155452,0.001554180852,0.001532733317,0.00302359888,0.002982732433,0.004414263101,0.004355854979,0.005731784909,0.00707196613,0.006981407444,0.008271601092,0.008168032769,0.008066922773,0.007968211732,0.007871842034,0.007777757774,0.007685904699,0.007596230161,0.006257235887,0.006186011516,0.004893182866,0.003629158895,0.003589399478,0.00236705793,0.001170899929,0.001158572476,0.0001146539899,0.0001134795687,0.0001123333522,0.0001112147269,0.0001101230976,0.001090578864,0.00216037065,0.003210134743,0.004240609397,0.006303015015,0.007287632786,0.009287200862,0.01125256268,0.01419926146,0.01609159918,0.01795377468,0.01978699487,0.02159243619,0.02337124578,0.02415821405,0.02493531724,0.02570304557,0.02551681099,0.02533557386,0.02515924666,0.02313680058,0.02206309832,0.02009242899,0.01724171266,0.01533046412,0.01254805851,0.009800446014,0.007086149933,0.004403723953,0.002627626355,0.0008711584717,8.665916748e-05,8.62172962e-05,0.0008579003088,0.002561315291,0.00594849813,0.01099721414,0.01768687893,0.02515986347,0.03507954657,0.04658787501,0.06049931633,0.07514053274,0.09297777092,0.1123444445,0.1332329133,0.15563695,0.1795517245,0.205783962,0.2327090832,0.2603328349,0.2894656552,0.3185045957,0.3482632484,0.3779507938,0.4075804,0.4363688668,0.4643328324,0.4906941793,0.5162640016,0.5394720249,0.5611274987,0.5796626668,0.5966736851,0.6105912024,0.6214260217,0.6291862403,0.6338772587,0.635501786,0.6340598417,0.6295487559,0.6219631658,0.6112950088,0.5975335141,0.5806651898,0.5622598728,0.5407164015,0.5176038937,0.4921094155,0.4658061714,0.4378795666,0.4091092412,0.3794777677,0.349771,0.3199756516,0.290886354,0.2616859045,0.2339859577,0.2069726979,0.1806409438,0.1566261964,0.1341183775,0.1131236592,0.09364962665,0.07570529688,0.06097159285,0.04696507847,0.03537375786,0.02537818648,0.01784549439,0.01109903293,0.006005302161,0.002586518886,0.0008665916748,8.711584717e-05,8.758754518e-05,0.0008807447906,0.002657306225,0.004454748188,0.007170319148,0.009919712076,0.01270441986,0.01552596785,0.01746661951,0.02036038451,0.02236377481,0.02345886468,0.02551681099,0.02570304557,0.0258943679,0.02609087117,0.02531884959,0.0245368593,0.02374439384,0.02194350239,0.02011449898,0.0182561933,0.0163673639,0.0144467569,0.01145199438,0.009454522523,0.007421066445,0.006420269485,0.0043207413,0.003271736593,0.002202461953,0.001112147269,0.0001123333522,0.0001134795687,0.0001146539899,0.0001158572476,0.0001170899929,0.001183528965,0.001196466493,0.002419439264,0.00366988715,0.00371160691,0.005005788709,0.006330191801,0.006404920582,0.007777757774,0.007871842034,0.007968211732,0.008066922773,0.008168032769,0.008271601092,0.008377688933,0.008486359356,0.007164731136,0.007259758298,0.005885684135,0.004474098649,0.00453539832,0.003065466635,0.003108361704,0.001576155452,0.001598670943,0.0001621741584,0.0001645382078,0.0001669607591
0.0001636167511,0.0001612891649,0.001590175875,0.001568005804,0.003092734973,0.004575742187,0.006018529646,0.00742254905,0.008789203496,0.0101198493,0.01141579777,0.01267831687,0.01390863286,0.01510793189,0.01492091465,0.01607818322,0.01588372934,0.015693887,0.01550854672,0.01532760228,0.01388837135,0.01248207627,0.01234177336,0.01098432439,0.008449766202,0.007164341076,0.005906577355,0.004675513446,0.003470216251,0.00228978014,0.001133325945,0.0001122040187,0.000111102679,0.0001100279924,0.000108979393,0.001079563317,0.002139165509,0.003179541208,0.005251756205,0.007287632786,0.009288538315,0.01125580388,0.01420539686,0.01710717502,0.01996300673,0.02178450804,0.02456160493,0.02632295809,0.02805987033,0.02977341341,0.03051116024,0.03124115153,0.03102372347,0.03081224528,0.0296791425,0.02764248789,0.02563485974,0.02365515736,0.02079804183,0.01797749858,0.01429836715,0.01155153098,0.00795299988,0.005273446284,0.002622900882,0.0008698422753,8.655316155e-05,8.613663457e-05,0.0008573445695,0.003413857845,0.006797794118,0.01184571209,0.01938110921,0.02769777777,0.03846197227,0.0499839116,0.06475024279,0.08025070941,0.09813343328,0.1183826202,0.1393453049,0.1626585874,0.1866819986,0.2114199108,0.237688557,0.2646787415,0.2923971074,0.3200447738,0.3476340033,0.3743736106,0.4002793664,0.425366285,0.449648638,0.4715415213,0.49186072,0.5098217108,0.5262353039,0.5395178641,0.5496799617,0.5575258994,0.5622642083,0.563897624,0.5624261637,0.5578471268,0.5501550905,0.5401397468,0.5269936286,0.5107034443,0.4928533114,0.4726292055,0.4508156391,0.4265931057,0.4015494622,0.3756696841,0.3489379846,0.3213377993,0.2936629953,0.2659011955,0.2388551336,0.2125187574,0.1877063225,0.1635982043,0.140190619,0.1191350738,0.09878562682,0.08080732376,0.0652181269,0.05035959594,0.03876221841,0.02792203564,0.01954365809,0.01194850246,0.006858756556,0.003445465383,0.0008655316155,8.698422753e-05,8.74300294e-05,0.0008789077141,0.00265099996,0.005331475839,0.008042831525,0.01168537408,0.01446820301,0.0181962749,0.02105720621,0.02395682283,0.02596924969,0.02801113207,0.03008361064,0.03124115153,0.031464634,0.0316942788,0.03096261554,0.03022265558,0.02849146172,0.0267355326,0.02495375841,0.02213869709,0.02029342409,0.01739533327,0.01444883738,0.01145199438,0.009453161169,0.007418929485,0.005347913773,0.003238689952,0.00217958786,0.001100279924,0.000111102679,0.0001122040187,0.0001133325945,0.000114489007,0.00115673875,0.002337756723,0.003543946413,0.004776227384,0.006035547287,0.007322882926,0.008639241353,0.01123386864,0.01262579213,0.0127730019,0.01421616783,0.015693887,0.01588372934,0.01607818322,0.01627736143,0.01648138024,0.01529949615,0.01549572061,0.01426974721,0.01301123482,0.01171893799,0.01039156867,0.009027794469,0.007626236978,0.006185469947,0.004704017412,0.003180351751,0.001612891649,0.001636167511,0.0001660018295,0.0001684459302
0.0001650959483,0.0001627473193,0.001604552054,0.003164363103,0.004681042831,0.006156146322,0.009109411344,0.01048551491,0.01330299504,0.01458762719,0.01727850552,0.01990012381,0.02105156333,0.02355970807,0.02463677835,0.02568727165,0.02537660287,0.02639294916,0.02608125604,0.02577695555,0.02420588058,0.02267085959,0.02117069613,0.01970423024,0.01705231468,0.01445822235,0.01311194827,0.01061501174,0.008170374715,0.00577620294,0.004574287664,0.002264368255,0.001121071163,0.0001110227138,0.0001099646345,0.0001089323241,0.001079252448,0.001069428746,0.003179541208,0.005252512513,0.007289731927,0.009292551831,0.01228613356,0.01523103046,0.01913631048,0.02198145354,0.02478365711,0.02852841059,0.03124253683,0.03294993038,0.03559746887,0.03629989262,0.03794448148,0.03768582683,0.0374343255,0.03718985755,0.03510469153,0.03304940496,0.0310228847,0.02721003952,0.02434663117,0.02062209017,0.01694145544,0.01330280379,0.009704249635,0.006143943333,0.003493426238,0.001738307266,8.650954974e-05,8.611803106e-05,0.0008574063005,0.003415087055,0.007652475581,0.01355063413,0.02109222414,0.02942088173,0.04104417483,0.05342761285,0.0682326965,0.08461245151,0.1025589945,0.1220658798,0.1431280842,0.1657419931,0.1890868312,0.2131672419,0.2379885173,0.2635565983,0.2882541087,0.3137176309,0.3375261016,0.3613139392,0.3834769166,0.4040306432,0.4229893012,0.4395606034,0.4545620167,0.4671990417,0.476676957,0.483807001,0.4885938176,0.4902363299,0.4887345529,0.4840857541,0.4770889839,0.4677375651,0.4552170575,0.4403208207,0.4238429078,0.404962603,0.3844721781,0.3623560232,0.3385970798,0.3148037147,0.2893353549,0.2646214037,0.2390188516,0.2141517832,0.1900148703,0.1666034305,0.1439134278,0.1227710081,0.1031811508,0.08515025798,0.06868617013,0.05379818373,0.04134075931,0.02964201217,0.02125687661,0.01366034822,0.007716656704,0.003444721242,0.0008650954974,8.69153633e-05,8.733565594e-05,0.001755412381,0.003528818049,0.006207975104,0.009808211042,0.01344918924,0.01713281452,0.0208610303,0.0246358202,0.0275411708,0.03140946084,0.0334708718,0.03556260923,0.03768582683,0.03794448148,0.03821041329,0.03848375013,0.03682639278,0.03612418321,0.03344710207,0.0317230811,0.02897555239,0.0251793559,0.02233884468,0.0194530448,0.01548758638,0.0124966833,0.009454522523,0.007418929485,0.005347143729,0.003237757343,0.001089323241,0.001099646345,0.0001110227138,0.0001121071163,0.0001132184128,0.001143571916,0.002310481176,0.004668785551,0.005897228743,0.008343967082,0.01084366676,0.01339824725,0.01477817268,0.01743469093,0.02015187519,0.02165789315,0.02319926,0.02477719324,0.02639294916,0.02671221355,0.02703923332,0.02600548826,0.02633143843,0.02526187599,0.02416443605,0.0215981319,0.02042267806,0.01773732672,0.01497930702,0.01366411702,0.01077325606,0.009362085661,0.006328726206,0.004813656162,0.003254946385,0.001650959483,0.0001675025893,0.0001699687862
0.0001666125088,0.001642423054,0.003238582727,0.004790146101,0.006298723442,0.009319044414,0.01225745306,0.01511690594,0.01790026063,0.02208244225,0.02470273503,0.02725539826,0.03115924768,0.03356629552,0.03453206969,0.03683827881,0.03774062625,0.03862131992,0.03816521328,0.0377199244,0.03728519957,0.03558973073,0.03267614044,0.031070675,0.02827185649,0.02553431059,0.02165300798,0.01904448095,0.0153129363,0.01165852552,0.009232613537,0.006855505779,0.004525476994,0.002240851223,0.001109747624,0.0001099329692,0.000108916639,0.0001079252448,0.001069582755,0.003180457048,0.005254782088,0.007293932022,0.01136574374,0.01434621226,0.0182956693,0.02218337372,0.02601177088,0.02978324554,0.03350012426,0.0371646776,0.0398081908,0.04241755279,0.04403699253,0.04563840762,0.04627828857,0.04691435141,0.0456823917,0.04447065949,0.04235769141,0.03935931778,0.03640041143,0.03257455825,0.02789523339,0.02327000429,0.01869647608,0.01417229987,0.01057654986,0.007017100968,0.003492168831,0.001738182112,8.652823783e-05,8.616144549e-05,0.001716171271,0.004273471677,0.008514390368,0.01442141086,0.021978598,0.03201404726,0.04282723604,0.05608931006,0.07094833102,0.08739630227,0.104596546,0.1242063031,0.1445634624,0.1656712713,0.1875336418,0.2101551501,0.2327215936,0.2552429435,0.2769122671,0.2985585189,0.3185617021,0.3377503941,0.3553224967,0.3704777663,0.3840404986,0.3960197285,0.4048006482,0.4120126576,0.4160379444,0.4168789488,0.4161577806,0.4122500452,0.4051505471,0.3964762061,0.3845939152,0.3711185054,0.3560395494,0.3385294682,0.3193884851,0.2994196068,0.2777909163,0.2561265892,0.2335945363,0.2110042062,0.1883455396,0.1664364461,0.1452729806,0.1248518604,0.1051704672,0.08790115756,0.07137872673,0.05644582016,0.0431118653,0.03223609486,0.02213741496,0.0145298037,0.008580856353,0.004308072274,0.001730564757,8.690910562e-05,8.730422077e-05,0.001754275242,0.003525516621,0.007086149933,0.01068370062,0.01432000264,0.01889677101,0.02352606985,0.02821031886,0.03295198698,0.03683277514,0.03983829913,0.04288551057,0.04503777736,0.04627828857,0.04754000794,0.0469089703,0.04627369395,0.04466284822,0.04303278459,0.04039720867,0.03772544435,0.03401539268,0.03025005508,0.02642707787,0.02254404783,0.01859848975,0.01458786404,0.01156052059,0.007421066445,0.005347913773,0.003237757343,0.00108916639,0.0001099329692,0.0001109747624,0.0001120425612,0.001131369249,0.002285168593,0.004616306768,0.006995115311,0.009423345416,0.01190280059,0.01563828354,0.01945471283,0.02212580073,0.026099367,0.02890581655,0.0317765453,0.03342810996,0.03641923735,0.03816521328,0.03862131992,0.03908850576,0.0395670402,0.03867591805,0.03776208246,0.035408236,0.03442787148,0.03196824534,0.02797109352,0.02535870257,0.02267535892,0.01838617959,0.01553174069,0.01259744688,0.009580292202,0.006477165453,0.004927269163,0.003332250175,0.00169041257,0.0001715301083
0.0001681672146,0.001657748943,0.003268802808,0.004834844235,0.007946873143,0.01254133721,0.01546478829,0.01983535559,0.02408972367,0.02823209927,0.03226654958,0.03764488775,0.04145682207,0.04376103581,0.04740184482,0.04957603551,0.05169736346,0.05242367329,0.05313288701,0.05251296427,0.0519077486,0.05003397475,0.0469345715,0.04390484529,0.04094248123,0.03681796867,0.03278258698,0.02883328514,0.02496710257,0.02000443437,0.01630783966,0.01153246056,0.009135410859,0.005654403013,0.003360308927,0.001109587832,0.0001099329692,0.0001089323241,0.0001079563317,0.001070044914,0.003182289519,0.006310280272,0.009386018617,0.01241149766,0.01744048046,0.0213726285,0.02625449366,0.03106319966,0.03580170658,0.04047290307,0.04409961769,0.04865154808,0.0512117264,0.05374165044,0.05624280194,0.05682254612,0.05740058459,0.05704215111,0.05483529563,0.05266082873,0.04959909909,0.04566461134,0.04177917543,0.03703741768,0.03145156316,0.02682102259,0.02135048495,0.01593580368,0.01145545437,0.007017606217,0.003493426238,0.001739308819,8.660926617e-05,8.626697167e-05,0.001718768084,0.004281170853,0.009385405687,0.01530605316,0.0228848127,0.03295365794,0.04380869625,0.0571276552,0.07205746457,0.08775571371,0.1042231591,0.1222931719,0.1411324852,0.1607442805,0.180305329,0.200649994,0.2201341827,0.2387701913,0.2573918969,0.274364528,0.2905214863,0.3042320359,0.3171469771,0.3276353233,0.3357053307,0.3413631427,0.345431354,0.3470934593,0.3455308526,0.3415598245,0.3359955054,0.3280129767,0.3176039977,0.3047582033,0.2911077684,0.2749973927,0.2580599221,0.2394588406,0.2208326736,0.20134464,0.1809816575,0.1613937098,0.1417434964,0.1228579992,0.1047346869,0.08821182053,0.07245284379,0.05745766,0.04407445408,0.03316311518,0.02303690487,0.01541221507,0.009453224463,0.004313348583,0.001732185323,8.696544097e-05,8.733565594e-05,0.001754401554,0.003524755192,0.007082579413,0.01156484602,0.01609261356,0.02156678617,0.02710054952,0.03178850305,0.0374449813,0.04225108441,0.04619370941,0.05018823668,0.05330168218,0.05551859821,0.05776958856,0.0581493376,0.05758033976,0.05700928033,0.05448973385,0.05193954973,0.04935719887,0.04475213322,0.04108358665,0.03635237584,0.03155007064,0.026673676,0.0217201209,0.01772914628,0.01262056054,0.009546868556,0.006420269485,0.003238689952,0.001089323241,0.0001099329692,0.0001109587832,0.0001120102976,0.001130880603,0.003425779072,0.00576623028,0.009318765522,0.01176731434,0.01664473505,0.02042357698,0.02549756765,0.02945437494,0.03349839374,0.03763272453,0.04186056377,0.04490228503,0.04801466745,0.05120014017,0.05313288701,0.05376787004,0.05441827732,0.0537073718,0.05297853244,0.05081926739,0.04860455001,0.04488428924,0.04253317899,0.038633399,0.03312337004,0.02899013509,0.02474366127,0.02037967297,0.01589374629,0.01289291796,0.00817200702,0.004973246828,0.003363344292,0.001706186262,0.0001731307015
0.0001697608717,0.001673458802,0.003299780015,0.006507549631,0.01123105571,0.0158252334,0.02029474491,0.02464409568,0.03039751608,0.03599955056,0.04145568949,0.04677124197,0.05195134264,0.05700095817,0.06051750967,0.06394747351,0.06729412396,0.06784675974,0.06972732945,0.06891379269,0.06811955629,0.06604909019,0.06402615226,0.06078296899,0.05635974222,0.05203363008,0.04657569242,0.04123424697,0.03600529479,0.0296970718,0.02469357433,0.01979097385,0.0149857235,0.01027437777,0.006784306605,0.003360308927,0.001109747624,0.0001099646345,0.000108979393,0.001080185325,0.002141631248,0.004246720273,0.007369418282,0.01148502366,0.01553449173,0.02054777982,0.02650329756,0.03236910849,0.03814881834,0.04384594576,0.04847464713,0.05402386043,0.05852495156,0.06200107396,0.06543650798,0.06787722106,0.06934347571,0.06985444477,0.06942824108,0.06808194578,0.06583163518,0.06177045915,0.05776155118,0.0528909176,0.04717086062,0.04151529942,0.03592135903,0.02949250564,0.02312802676,0.01771027354,0.01234286241,0.007901062158,0.00437150147,0.001741689822,8.675280994e-05,8.643483777e-05,0.001722608659,0.00515036761,0.009411796943,0.01535351413,0.02381284483,0.03307488621,0.04398252263,0.0565271607,0.07070168618,0.08482082923,0.1005670195,0.117100325,0.1344231941,0.1508716771,0.1681217335,0.1845148606,0.2008917789,0.2156011676,0.2294832701,0.2425464486,0.2531438048,0.2629384584,0.2702827936,0.2760090394,0.2792944269,0.2801409112,0.2793748753,0.2761680664,0.2705164188,0.263241538,0.2535085944,0.2429659312,0.229946375,0.2160984854,0.2014131658,0.1850470293,0.1686551877,0.1513939916,0.1349274179,0.1175734267,0.1010024088,0.08521258553,0.07104869041,0.05682095836,0.04422385468,0.03326594728,0.02395730131,0.01545110283,0.009474347625,0.005186090266,0.001735056199,8.708449111e-05,8.74300294e-05,0.001755791591,0.004408165145,0.007969623092,0.01245355287,0.01787424584,0.02334888337,0.0297827148,0.0362852774,0.04194796913,0.04767620098,0.05347293479,0.05841398614,0.06248616942,0.06661358266,0.06891046579,0.07029338634,0.07074527266,0.07024801592,0.06878244143,0.06632827844,0.0628641285,0.05935671077,0.0548074322,0.04919189734,0.04450752417,0.03873558874,0.03287644771,0.02692645233,0.0208818612,0.0157916106,0.01167848075,0.007495709368,0.0043207413,0.00217958786,0.001099646345,0.0001109747624,0.0001120102976,0.001130717767,0.00342479259,0.006916487768,0.01047757439,0.0152864984,0.02019400882,0.02520370635,0.03031929924,0.03677028349,0.04212246244,0.04759267121,0.05318509787,0.05762353703,0.06216384959,0.06549957335,0.06758852744,0.06972732945,0.07056063013,0.07141417236,0.06950812338,0.06896181335,0.06555110189,0.06205299259,0.05846405247,0.0533001722,0.04799940074,0.04255652251,0.03696614352,0.03122268447,0.02532037343,0.02085767489,0.01626887408,0.01154923005,0.006693835208,0.003395217433,0.001722355143,0.0001747713957
0.0001713943102,0.001689560817,0.00499729573,0.008212706565,0.01295899531,0.01917300449,0.02521848723,0.03110152636,0.03836250109,0.04543242264,0.05231821999,0.05902659338,0.06410704456,0.07049804096,0.07530906684,0.08000170055,0.08319382994,0.08493948048,0.08664399456,0.08697110121,0.08596875303,0.0849901947,0.08144918671,0.07798827444,0.07334040128,0.06754409677,0.06187347839,0.05509985658,0.04846898349,0.04077663102,0.03442876661,0.02820903887,0.02211295427,0.01613614769,0.0114159753,0.006785283615,0.003361276835,0.001110227138,0.0001100279924,0.0001090578864,0.001081119008,0.003215686651,0.006377422971,0.00948725388,0.01463836692,0.02074549049,0.0267583122,0.03268056394,0.03952946209,0.04628000545,0.05293625941,0.059502194,0.06499688629,0.0704223541,0.07578174634,0.07914771137,0.08151930636,0.08386945124,0.08430498466,0.08380268045,0.08237923791,0.08005035865,0.07590509962,0.07181356963,0.06594194558,0.06013856796,0.05349381648,0.04601789103,0.03861824137,0.03218522711,0.02492325077,0.01861320102,0.01324069213,0.0079130176,0.004379377259,0.00174533027,8.695917968e-05,8.666540716e-05,0.001727701313,0.005167081864,0.009445060404,0.01541221507,0.02305681736,0.03236866364,0.04248927236,0.05426501384,0.06684366108,0.08022550768,0.09356859698,0.1077203899,0.1218426388,0.1359415425,0.1500232721,0.1624195468,0.1748140566,0.1855406518,0.195443188,0.203692774,0.2102955056,0.2152560411,0.2177433402,0.2194276698,0.2178060594,0.2153800643,0.2104772794,0.2039275633,0.195724829,0.1858615433,0.1751668373,0.1627941929,0.1504126368,0.1363336185,0.1222292483,0.1080933156,0.09391957443,0.08054962991,0.06713305032,0.05451564403,0.04269780992,0.03253689848,0.02318333008,0.01550124559,0.009502357221,0.00519992443,0.001739183594,8.726651349e-05,8.758754518e-05,0.001758448356,0.004413564042,0.007977086152,0.01335174148,0.01877471582,0.02514676182,0.0324832172,0.03898701879,0.04647071161,0.05403576096,0.06076532815,0.06664838015,0.07260381366,0.07676247168,0.080977871,0.08335773764,0.08482251319,0.08535550901,0.08493900732,0.0825826723,0.08020323661,0.07681450198,0.07140263279,0.06592062492,0.0603652245,0.05371952541,0.04697831067,0.0401374683,0.03319278478,0.02718553857,0.0210827864,0.0148806536,0.009647059953,0.00648671405,0.003271736593,0.001100279924,0.0001110227138,0.0001120425612,0.001130880603,0.00342479259,0.006915491865,0.01163839698,0.01645527267,0.02255677812,0.02878350425,0.03514001303,0.04163100275,0.04949878271,0.05628674731,0.06322448386,0.06903880032,0.07498496555,0.07976002888,0.08332356063,0.08697110121,0.08799780697,0.08904945534,0.08874008527,0.08701939358,0.08525554736,0.0820079252,0.07721984913,0.07230757689,0.06577147656,0.06057656352,0.05370750153,0.04665228954,0.0394038863,0.03195500748,0.02591799061,0.01971049576,0.01332612195,0.008447804085,0.005141829306,0.001738927638,0.0001764530454
0.0001730683857,0.003412126842,0.006728141706,0.009951507953,0.01635696363,0.02258698721,0.02864790686,0.03768636861,0.04493515513,0.05352220877,0.06188567246,0.07003367692,0.07797408572,0.08426171703,0.09039268536,0.09637283128,0.1008077001,0.103752965,0.1052617437,0.1067357844,0.1055056468,0.1043047055,0.1005213402,0.09682379082,0.09065567155,0.08462326619,0.07747249798,0.07047484879,0.06240155883,0.05449620757,0.04555419806,0.0379794235,0.03055539182,0.02327679396,0.01613847146,0.01141926357,0.006788215491,0.003363213488,0.00111102679,0.0001101230976,0.0001091678722,0.00216473035,0.00429314251,0.008515484101,0.0137255352,0.01990071384,0.02598045302,0.03299976784,0.04093903781,0.04876386828,0.05647896762,0.06509032323,0.07159825789,0.07901132986,0.08535139061,0.09064185814,0.09490497257,0.09816182937,0.100432411,0.1007848168,0.1001987504,0.09869052794,0.09534076149,0.09203827045,0.08693175676,0.08004786291,0.07324245639,0.06651211188,0.05803972599,0.05055492223,0.04224407998,0.03401000627,0.02674003833,0.01953186192,0.01326645707,0.008811887979,0.004390427207,0.001750238044,8.72288225e-05,8.695917968e-05,0.001734057094,0.00432298673,0.008622971238,0.0146221568,0.02145214088,0.02996603834,0.03930178824,0.04945818841,0.0604347639,0.07138197756,0.08315315116,0.09490225762,0.1057881343,0.116664035,0.1266900963,0.1358730493,0.144218885,0.15173286,0.1567341875,0.1609127112,0.1634283687,0.1642826109,0.1634754429,0.1610054236,0.1568696644,0.1519077569,0.1444267098,0.1361080409,0.1269457611,0.1169331389,0.1060626928,0.09517597008,0.08341699805,0.07162910046,0.06066145575,0.04965800639,0.03947193922,0.03010444048,0.0215574281,0.01469815488,0.008670285471,0.004347958984,0.00174457645,8.751190222e-05,8.780854413e-05,0.001762377596,0.004422152356,0.008878119056,0.01337001917,0.01969000363,0.02696430637,0.0343051258,0.04262292377,0.05102298994,0.05859396511,0.06716659762,0.07398447384,0.08088211645,0.0878630547,0.0930510692,0.09641766549,0.09983401667,0.1013889101,0.1020113129,0.1016838992,0.09941365086,0.09614294575,0.09185067097,0.08651456162,0.08011116705,0.07261581551,0.06603440496,0.05731465294,0.04949965176,0.04156872483,0.03351699174,0.02639526,0.02022427474,0.01395271316,0.0086589214,0.004366714888,0.002202461953,0.000111102679,0.0001121071163,0.001131369249,0.003425779072,0.006916487768,0.01163839698,0.01645290329,0.02373713969,0.03116866183,0.03875285871,0.04649527913,0.05563803852,0.06372737737,0.07199292796,0.07916410755,0.0864959198,0.09268850851,0.09902345458,0.1028346178,0.1067357844,0.107995815,0.1092864565,0.1078082348,0.1062935639,0.1033059261,0.09878959927,0.09268617736,0.08642453748,0.07999855221,0.07187268035,0.06352901243,0.05495928756,0.04615496105,0.0387205495,0.02944253453,0.02322018522,0.01682035427,0.01023638052,0.006922735428,0.003511824855,0.0001781765316
0.0001747839797,0.003445950605,0.006794836494,0.01172518125,0.0181710178,0.02606958595,0.03375386945,0.04281743971,0.05320482821,0.0617745877,0.07164534799,0.08126185109,0.09063337183,0.09976888176,0.107228033,0.1130724175,0.1187748189,0.1229435661,0.1256333985,0.126896541,0.1267828025,0.1240062685,0.1212939818,0.1160365228,0.1108967868,0.103319877,0.09590767057,0.08740599435,0.07784840033,0.06848976474,0.05811254925,0.04914350494,0.03916628049,0.03055979211,0.02328349865,0.01614544478,0.01028325867,0.005660920638,0.002244080373,0.0001112147269,0.0001102500325,0.001093094455,0.003251774711,0.007524909414,0.01279531737,0.01798240838,0.02518847261,0.03332688826,0.04237848017,0.05129922418,0.06009448463,0.0697808159,0.07833366427,0.08677657762,0.0951144416,0.1013834245,0.1075819615,0.1127416383,0.1159176895,0.1181077069,0.1193301905,0.1186533671,0.1170533939,0.1136063235,0.1092748817,0.1031424276,0.09615904339,0.08925519284,0.08059571127,0.07202551822,0.06263267634,0.05332845574,0.04500851207,0.03586450464,0.02768912752,0.02046824866,0.01418863576,0.008837939105,0.00440467526,0.00175642379,8.75623236e-05,8.731679348e-05,0.001741689822,0.004343265723,0.007799325073,0.01296989399,0.01898283362,0.02583540932,0.03438526321,0.04291046042,0.0514147546,0.05990187852,0.06923024116,0.0776932305,0.08615027373,0.09375274921,0.100505982,0.1064145548,0.1106313026,0.1140107137,0.1165548001,0.1174140185,0.1165883727,0.1140764028,0.1107269293,0.106537215,0.1006508149,0.09391489401,0.08632412787,0.07787244208,0.06940991871,0.06007464459,0.05157789482,0.04305901553,0.03451424294,0.02593978797,0.01906501685,0.01302979717,0.007837604199,0.004365839674,0.001751246472,8.782118948e-05,8.809350521e-05,0.001767587821,0.004433948676,0.008899238547,0.01429116259,0.02062209017,0.02790527748,0.03615488524,0.04538599735,0.05379120981,0.06319436452,0.07269237355,0.08136534441,0.09013347273,0.09713322819,0.1042173711,0.1104455411,0.1148564593,0.118375549,0.1200281575,0.1207475933,0.1195450131,0.1173621398,0.1141793907,0.1089852977,0.1027354884,0.09641066372,0.087984507,0.07944694578,0.07079292937,0.06098366659,0.0520732629,0.04303030738,0.0338492393,0.02559063473,0.01827478001,0.01300709884,0.007651661185,0.003307500976,0.001112147269,0.0001122040187,0.0001132184128,0.002285168593,0.00576623028,0.01047757439,0.01645527267,0.02373713969,0.03116417387,0.03995237761,0.05014429204,0.05931306692,0.06992479548,0.07950241113,0.08928878263,0.09800181156,0.1056062736,0.1133835047,0.1186726655,0.1240852961,0.126896541,0.1297751589,0.129928996,0.1286727205,0.1259540853,0.1217183078,0.1159079656,0.1099486806,0.1023297384,0.09298651547,0.0833956934,0.07354785077,0.06343324402,0.05464912197,0.0439924263,0.03469012489,0.02680041428,0.01868580036,0.01206082712,0.006991359187,0.003546636906,0.0001799427617
0.001765420002,0.003480610829,0.008578975802,0.01353498974,0.02169083847,0.02962327534,0.03896385626,0.04965523525,0.06006232561,0.07175532156,0.08314388574,0.09423908481,0.1050516218,0.114109903,0.1229425806,0.1315580409,0.1371079833,0.1425249597,0.1450252003,0.1474677427,0.1471304857,0.1454557404,0.1424890932,0.1369570705,0.1302467606,0.1223964682,0.1134426013,0.1034197418,0.09360883191,0.08276731548,0.07214846915,0.06053390546,0.0503493768,0.039177562,0.03057299679,0.02213206811,0.015002997,0.009148575327,0.004533303779,0.001123333522,0.0001113589547,0.000110408907,0.002189654577,0.006514797271,0.0107700132,0.01709485166,0.02544182451,0.03366209835,0.04280473341,0.05285150857,0.06378531609,0.07354715334,0.08419345876,0.09470164832,0.1040770534,0.1123452189,0.1205183072,0.1266375448,0.1317190706,0.135783682,0.1388510704,0.1390223019,0.1382536949,0.1365607981,0.1330148151,0.127643792,0.1214077936,0.1133882384,0.1054582428,0.09577211071,0.08618390177,0.07668893406,0.06637337948,0.05614911999,0.04691344659,0.03775274702,0.02866269715,0.02142439988,0.01512652715,0.008870451674,0.005306582827,0.001763900948,8.796040847e-05,8.77390273e-05,0.0008753080683,0.002620069678,0.006100744254,0.0104381073,0.01562900342,0.02080419094,0.02683148008,0.03370958673,0.04057467994,0.04656739742,0.05341625009,0.05940005356,0.06452345087,0.06879033519,0.07306342357,0.0756257957,0.07733899518,0.07734456379,0.07736127202,0.07566936871,0.07312657765,0.06886962732,0.06461643157,0.05950278559,0.05352404588,0.0466748124,0.04067998593,0.03380681028,0.02691661699,0.02087621461,0.01568762808,0.01048027871,0.006127156478,0.002632170819,0.0008796040847,8.81950474e-05,8.844304712e-05,0.001774090335,0.005338774289,0.008926833284,0.01522705786,0.0215729983,0.02886981329,0.03803650064,0.04727966758,0.05660373705,0.06693005137,0.07735439711,0.08695679671,0.09665882619,0.1064652959,0.1145039899,0.1226377728,0.1289740871,0.1344397998,0.1380635275,0.139815314,0.1406330992,0.140500342,0.1374360951,0.1333604219,0.1282525065,0.1220903895,0.1138434709,0.1054954182,0.09601989464,0.08539001993,0.07461389445,0.06472910906,0.05364896924,0.04346311686,0.03418970332,0.02584803167,0.01737279272,0.01094827289,0.006624534417,0.002227179093,0.0001123333522,0.0001133325945,0.001143571916,0.004616306768,0.009318765522,0.0152864984,0.02255677812,0.03116866183,0.03995237761,0.05135992719,0.06176665335,0.07363894777,0.08450149639,0.09559769769,0.1056474778,0.1159196169,0.1251050163,0.1331673768,0.1400684908,0.1457681664,0.1488459459,0.1506030926,0.150991789,0.1485336486,0.1460149685,0.1405058065,0.1348571581,0.1260619462,0.1170388634,0.1077791111,0.09671369428,0.08535172587,0.07368196198,0.06169277241,0.05101786309,0.04004462486,0.03045372692,0.02230533708,0.01392244332,0.00882710001,0.003582309858,0.001817526705
0.001783433829,0.00351612596,0.008666513152,0.0153822339,0.0235977166,0.03325060283,0.04428161101,0.05501628037,0.06865876078,0.08036656699,0.09332473505,0.1059491358,0.118251942,0.1287478602,0.1389824138,0.1475048624,0.1558203671,0.1610856872,0.1648181192,0.167071918,0.1678988422,0.1659876965,0.162776675,0.1569791899,0.1499963667,0.1418667882,0.132627124,0.1210381173,0.1096942272,0.09733916734,0.08523798162,0.07338189079,0.06055134174,0.04917181976,0.03801225191,0.02824155441,0.01981949338,0.01155240588,0.006869340419,0.002269591375,0.0001124952287,0.000111535487,0.001105998585,0.004387514899,0.009791916524,0.01618995235,0.02463053269,0.03294290225,0.04324150034,0.05443766808,0.06651474862,0.07842525172,0.09017619133,0.1017744214,0.1122156902,0.1235350571,0.132725323,0.1408218591,0.1478478815,0.1538254363,0.1578013492,0.1598119957,0.1608548549,0.1599885797,0.1572438991,0.1526495832,0.1471759237,0.1398953901,0.1317661175,0.1227972408,0.112997045,0.1023729815,0.0918501835,0.08050871488,0.06926543192,0.05902304102,0.04795698854,0.0387770563,0.02966287266,0.02240240789,0.01518873398,0.009800446014,0.005331475839,0.002659028717,0.0008842394549,8.822680333e-05,8.804277796e-05,0.001757435781,0.004385688105,0.007005490265,0.01049235895,0.01484385489,0.01918619628,0.02439243721,0.02872133381,0.03304686757,0.03650182436,0.03995804465,0.0425486838,0.04427580017,0.04600879331,0.04601210606,0.04602204575,0.04430131038,0.04258546175,0.04000410285,0.03655442485,0.03310402192,0.02877929442,0.02444870217,0.01923599141,0.01488666681,0.01052565145,0.007029743124,0.004402138898,0.001764536067,8.842394549e-05,8.863429057e-05,0.0008885793065,0.002672848913,0.00536072964,0.009857059474,0.01528087379,0.02254480017,0.02986001173,0.03904601175,0.04830352489,0.0594666644,0.06980613946,0.08116056188,0.09262052872,0.1032613161,0.1140103995,0.1239341711,0.1330243925,0.1412719745,0.1486669592,0.154240487,0.1589284494,0.1617491108,0.1626717613,0.1616636751,0.159675712,0.1556974076,0.1496902139,0.1426177082,0.1344566378,0.1251825384,0.1137449686,0.1031911207,0.09145777936,0.07956274565,0.06749892737,0.05525906184,0.04390660175,0.03345923486,0.02502378667,0.01645318087,0.009953987263,0.004461419481,0.001124952287,0.0001134795687,0.000114489007,0.002310481176,0.006995115311,0.01176731434,0.02019400882,0.02878350425,0.03875285871,0.05014429204,0.06176665335,0.07487628257,0.08699886983,0.09937866474,0.1120248523,0.1236453658,0.1355230331,0.1450062008,0.1533598425,0.160545477,0.1665226222,0.1698564499,0.1718616286,0.1710644466,0.1688053977,0.1650301925,0.1596819223,0.1512038824,0.1425087506,0.1320525461,0.1213221556,0.1087312377,0.09580292202,0.08252442055,0.07052256568,0.05652602481,0.04550988202,0.03418274201,0.02426623683,0.01582256682,0.008917169146,0.003618862696,0.001836072214
0.001801890918,0.003552515003,0.01050744541,0.01726825279,0.02554492903,0.03695419146,0.04805395555,0.06212514282,0.07582228336,0.08915891277,0.1037196271,0.117905324,0.1301979364,0.14369335,0.1553591483,0.1652625621,0.1734678217,0.1800362754,0.1850265029,0.1870877488,0.1891029374,0.1869504315,0.1834898591,0.1774211963,0.1701599518,0.1617449932,0.1509122911,0.1390252888,0.126116297,0.1134767867,0.09984942071,0.08526253369,0.07219003864,0.05816278018,0.04560670674,0.03447837974,0.02473628172,0.01634074943,0.009253910003,0.004586159597,0.001136594628,0.0001126897885,0.00111744477,0.003324691581,0.008794004348,0.01526700484,0.02380346306,0.03328383448,0.04368901468,0.05605876621,0.06825317092,0.08132207055,0.09525077977,0.1079690891,0.1205269342,0.1329314985,0.1441815478,0.1543028494,0.1633199322,0.170266201,0.176165242,0.1800589651,0.1829561646,0.1829387941,0.1819797903,0.1791359904,0.174435453,0.1679043305,0.1605110938,0.1513254762,0.1413044045,0.1304553531,0.1187849704,0.1072234328,0.09484439599,0.08348743404,0.07130863658,0.06013423814,0.04994976542,0.03983628807,0.03159455151,0.02340442628,0.01705773221,0.01164170584,0.007147124909,0.003565595158,0.001779078981,8.878119056e-05,8.862152815e-05,0.0008847489235,0.001766824388,0.003528818049,0.006167877482,0.008801742529,0.01143156034,0.014058474,0.01668362339,0.01930814595,0.02105585048,0.02192844052,0.0228039362,0.02368271577,0.02281050468,0.02194107494,0.02107405059,0.01933040175,0.01670766511,0.01408278805,0.01145462961,0.008822045123,0.006183885358,0.003538995694,0.001772430563,0.0008878119056,8.895394906e-05,8.913987895e-05,0.001786781227,0.003582063334,0.007182203034,0.01170221314,0.01715132796,0.02353962477,0.03178621436,0.04008949209,0.05028173092,0.06055132579,0.07182391153,0.08411493438,0.0955847809,0.1080915783,0.119781217,0.1315873706,0.1425716186,0.1527265379,0.1620438634,0.1695565257,0.1762026541,0.1810029339,0.1839293357,0.1849518718,0.1850227122,0.1821452382,0.1782577309,0.1723382474,0.1653550618,0.1562706166,0.1460623016,0.1347042921,0.1221694784,0.1094720181,0.09660448808,0.08250158046,0.06926307206,0.05690462024,0.04436099934,0.03380551071,0.02418351196,0.01551522738,0.008939558161,0.003380693656,0.001136594628,0.0001146539899,0.00115673875,0.004668785551,0.009423345416,0.01664473505,0.02520370635,0.03514001303,0.04649527913,0.05931306692,0.07363894777,0.08699886983,0.1019121592,0.1158544074,0.1287958347,0.142019994,0.1542074563,0.1653242966,0.1739755701,0.1814518893,0.1877124747,0.1913077732,0.1935661877,0.1915585971,0.1895026624,0.1844448238,0.1777667178,0.1694068969,0.1593010045,0.1473816551,0.1335783076,0.1210013816,0.1064738447,0.09155284204,0.07788054865,0.06382996706,0.0493868628,0.03799015613,0.02626861353,0.01776257501,0.01081134551,0.00365631498,0.001855074067
0.001820801199,0.005384696303,0.01061771776,0.01919442546,0.02753388274,0.04073674268,0.05358153574,0.06773321569,0.08150852606,0.09813876904,0.1127481421,0.1285487064,0.1439468475,0.1574288502,0.1705752319,0.1819073821,0.1900184225,0.1979351614,0.2042269103,0.2075298626,0.2079481765,0.2069702223,0.2032703563,0.1982980586,0.1894089651,0.1807168622,0.169586145,0.1560936841,0.1428871024,0.12868263,0.1135094728,0.09739525085,0.08283885734,0.06856871041,0.05457473863,0.04084715395,0.02975700149,0.02005057773,0.01168878361,0.005792862382,0.002297045666,0.0001138724326,0.0001129172003,0.003359583178,0.007775507837,0.01432528247,0.02186661178,0.03254819797,0.04414751721,0.05664708541,0.0700305353,0.08428258484,0.09938900711,0.1132584648,0.1279846313,0.1415043288,0.1548642837,0.1670595102,0.1771095767,0.1870577215,0.1939259106,0.1997479498,0.2045439165,0.206376621,0.2062677121,0.2042479623,0.2013093693,0.1955477543,0.1889101782,0.1804570313,0.1702100861,0.1600725357,0.1481639834,0.1363699271,0.1237542509,0.1112487145,0.0979236132,0.08562387148,0.07341668737,0.06221127968,0.05199397733,0.04184239333,0.03265910103,0.02533759177,0.01895809584,0.01261055237,0.008988749291,0.005382775282,0.0026865475,0.0008940340865,8.926833284e-05,8.914629725e-05,8.903724893e-05,0.0008894114061,0.00266573792,0.003551503321,0.004436503366,0.006207975104,0.007092275012,0.007977086152,0.007976511822,0.008863429057,0.007978809388,0.007981682277,0.007098405385,0.006215130812,0.004442896533,0.003557645624,0.002671117468,0.0008914629725,8.926833284e-05,8.940340865e-05,8.955158335e-05,0.0008971292136,0.002696624787,0.005404522444,0.009027664684,0.01266879589,0.01905114227,0.02546928289,0.03283830147,0.04208410096,0.05230938975,0.06260670173,0.07390461374,0.08621775377,0.0986312075,0.1120848716,0.1247203152,0.1374740601,0.1494066311,0.1614615543,0.1717365256,0.1821278104,0.1907141393,0.1974719635,0.2033488293,0.206376621,0.2084774534,0.208647611,0.2068543047,0.2020623516,0.1962293606,0.1893341116,0.179316539,0.1691899583,0.1568843868,0.1433914508,0.1297288093,0.1148350219,0.1008015281,0.08550503458,0.07106673503,0.05750181641,0.04482655414,0.03305834416,0.02221573668,0.01455819377,0.007904204022,0.003416172978,0.0001148522833,0.0001158572476,0.002337756723,0.005897228743,0.01190280059,0.02042357698,0.03031929924,0.04163100275,0.05563803852,0.06992479548,0.08450149639,0.09937866474,0.1158544074,0.1313788508,0.145922962,0.1594560549,0.1732890532,0.1847159998,0.1936562178,0.2028030367,0.2079481765,0.2117941748,0.2128562164,0.2124892174,0.2091675658,0.2027819998,0.1947274771,0.1864691236,0.1749031588,0.1614697166,0.1476841862,0.1319242469,0.115742107,0.1007738087,0.0837211496,0.06959193542,0.05506776547,0.04187874646,0.02831391403,0.01974388644,0.01092480719,0.005542030291,0.001874542489
0.001840174904,0.005441990595,0.01073069249,0.01939865815,0.03130520512,0.04288561472,0.05753613287,0.07179312642,0.08896585728,0.1056867884,0.1219722993,0.1394225762,0.1548641798,0.1699168142,0.184594803,0.1958981877,0.2069270999,0.214750147,0.2209351334,0.2255402035,0.2272008524,0.2260185303,0.2220899408,0.216879881,0.2090733664,0.1987549974,0.1860052773,0.1735300089,0.1587180993,0.1429282598,0.126188961,0.1097890439,0.09371673142,0.07796058277,0.06250948194,0.04856679552,0.03608834663,0.02503190125,0.01535710112,0.008196299505,0.003482230066,0.000115084059,0.0001141186629,0.00226355323,0.006735635025,0.01336403674,0.02099431323,0.03179803367,0.04352903025,0.05724982222,0.07184803352,0.08624411125,0.1025611906,0.118664056,0.1345619958,0.150264093,0.1647495495,0.1780463523,0.1911982,0.2021904328,0.2110654245,0.2188626476,0.2246095638,0.2283424176,0.2300953386,0.2299003922,0.227787628,0.2228163596,0.2169547976,0.2092537617,0.2006913497,0.190324401,0.1791199402,0.1661403011,0.1532825307,0.1405405301,0.1269746562,0.1135189369,0.1001671059,0.08783758771,0.07559422344,0.06435070345,0.05317730109,0.04389803834,0.03558251159,0.0282204764,0.02089410035,0.01541347255,0.01086053171,0.007228374366,0.004510908326,0.002702844974,0.001799692477,0.0008988749291,8.980339758e-05,8.973230144e-05,8.967417375e-05,8.962898935e-05,0.0008959672872,0.0008957737792,0.0008957092858,0.0008957737792,0.0008959672872,0.0008962898935,0.0008967417375,8.973230144e-05,8.980339758e-05,8.988749291e-05,8.998462384e-05,0.0009009483245,0.001804363331,0.002710640387,0.004525221544,0.007253398845,0.01090126975,0.01547574512,0.02098455812,0.02835081643,0.03575715073,0.04412619665,0.05346908487,0.06472243305,0.07605280265,0.08839589352,0.1008328152,0.1143062978,0.1278921728,0.1415968475,0.1544791019,0.1674854729,0.1806222147,0.1919759282,0.2024911444,0.2111911582,0.2190265654,0.2250088945,0.2300953386,0.2322963989,0.2325603448,0.2308551215,0.2271465997,0.2213985239,0.2135724574,0.2046509797,0.1935807206,0.1803169116,0.1668985994,0.1522680365,0.1363958102,0.1203158589,0.1040187948,0.08749501131,0.07291112567,0.05811364774,0.04419855418,0.03229642211,0.02132951091,0.01358131938,0.006847119773,0.002301681181,0.0001160743355,0.0001170899929,0.003543946413,0.008343967082,0.01563828354,0.02549756765,0.03677028349,0.04949878271,0.06372737737,0.07950241113,0.09559769769,0.1120248523,0.1287958347,0.145922962,0.1620903131,0.1772679706,0.1900666968,0.2031533063,0.2137615681,0.2218070049,0.2272008524,0.2312864507,0.2325632983,0.2309299526,0.2262799941,0.2200087339,0.212055187,0.2008107805,0.189278442,0.1742782203,0.1588849688,0.143083652,0.1252112065,0.1085244934,0.09138091691,0.07376325731,0.05913205411,0.04408785944,0.03219207748,0.01995396552,0.01104104942,0.00560099865,0.001894488012
0.001860022573,0.005500686553,0.01265416959,0.02139042246,0.03164285528,0.04508209502,0.06157768584,0.07763031592,0.09492127761,0.1117571629,0.129776697,0.1473320968,0.1660214461,0.181117649,0.1958379849,0.2101963952,0.2211968901,0.2304471934,0.2380100641,0.242493386,0.2440045959,0.2426461429,0.2399187154,0.2344811823,0.2250510018,0.2158303809,0.2027838149,0.1886896649,0.1735799927,0.15618362,0.1391454586,0.1211776336,0.1035687736,0.08755716248,0.07061706939,0.05522695301,0.04134126477,0.02891644469,0.01910490954,0.01065176068,0.004693051378,0.001163253271,0.0001153495184,0.001143983676,0.005673569925,0.01125681493,0.02010387096,0.03103268903,0.04289856046,0.05677546863,0.07262296854,0.08825054494,0.1058048621,0.1220668386,0.1402308161,0.1571222112,0.1727712408,0.1882410478,0.2025122447,0.215611625,0.2265488047,0.2363755228,0.244109786,0.2487900878,0.2524554735,0.2541347679,0.2528753573,0.2496999929,0.2446355526,0.2386772353,0.2299034176,0.2202718856,0.2097902775,0.1975112247,0.1844021153,0.1704676384,0.156655388,0.1429588954,0.1293717844,0.1149531873,0.1025006346,0.08920426167,0.07784607055,0.0665572675,0.05625497534,0.04692798799,0.03856596847,0.03115943685,0.02469975907,0.01917913676,0.01550251033,0.01183865448,0.008185965805,0.006359989794,0.004538599735,0.002721003952,0.001812827542,0.001811914107,0.0009056309676,0.0009054353724,0.0009053701834,0.0009054353724,0.0009056309676,0.0009059570534,0.0009064137709,0.001814002635,0.001815439894,0.002725709912,0.004547758781,0.006374660104,0.008207211351,0.01187279895,0.01555170016,0.01924553453,0.0247924083,0.03128532532,0.03873293384,0.04714473115,0.05653107504,0.06690319625,0.07827321184,0.08971956085,0.1031224368,0.115683843,0.1302315876,0.1439504502,0.1577873771,0.1717488911,0.1858416157,0.1991103944,0.2115497834,0.2221832801,0.2319651853,0.2408870519,0.2469716525,0.2521570654,0.255437231,0.2567833436,0.2551600233,0.2515277999,0.2468670831,0.239114314,0.2292397491,0.2182355004,0.2050357496,0.1906416162,0.1750249284,0.1592176155,0.1421418854,0.1237660082,0.1073085655,0.08953054668,0.07369752694,0.05763213677,0.04355838707,0.0315190818,0.02042485173,0.01143983676,0.00576747592,0.001163253271,0.0001173262845,0.001183528965,0.004776227384,0.01084366676,0.01945471283,0.02945437494,0.04212246244,0.05628674731,0.07199292796,0.08928878263,0.1056474778,0.1236453658,0.142019994,0.1594560549,0.1772679706,0.1927541767,0.2072115932,0.2206065561,0.2300974814,0.2398081763,0.245439917,0.2483016109,0.2497636475,0.2482882665,0.2437680013,0.236090154,0.2266786125,0.215467548,0.200806892,0.1857665568,0.1703319148,0.1512008674,0.1332228458,0.1147578583,0.09749800257,0.07976062966,0.06328571055,0.04634591533,0.03253929323,0.02200274621,0.01302015801,0.005661409629,0.001914921488
0.001880355065,0.00556081629,0.0127924963,0.02162424791,0.03376590625,0.04732778243,0.06398000011,0.0818910442,0.09932587066,0.1179631751,0.1377550933,0.1554183969,0.1742300419,0.1909896368,0.2073320785,0.2217329929,0.2342631898,0.2449903506,0.2524938926,0.2568875903,0.2597309868,0.2582090361,0.2553066762,0.2496680346,0.2413837336,0.2305400507,0.217219082,0.202842225,0.1861124472,0.1697327308,0.1510862423,0.1328182446,0.1136387995,0.09610121546,0.0776512004,0.06203406248,0.04671002376,0.03288660689,0.02172797023,0.01316113142,0.005930440751,0.001175969159,0.0001166104403,0.001156488922,0.004588471604,0.01024188004,0.019194542,0.0291310659,0.042255511,0.05629232802,0.07232105946,0.08921523944,0.1069614483,0.1255472973,0.1438955087,0.1620165588,0.1799206967,0.1976179534,0.2130397148,0.2272657801,0.2403224922,0.2522349414,0.2609959026,0.2676709559,0.2733012563,0.275906348,0.2765284578,0.2751976969,0.2709568874,0.2658072559,0.2587831493,0.249906965,0.2391992676,0.2276434134,0.2152453791,0.2020103143,0.187942554,0.1730456289,0.1592177246,0.1445536248,0.1309393916,0.1164817012,0.1039925045,0.09158212422,0.0801772589,0.06976613618,0.05940959272,0.050955964,0.04254107246,0.03600775276,0.03042206553,0.02485675358,0.02114837012,0.01745153487,0.01376463779,0.01191990845,0.01007954272,0.008242743198,0.007324245639,0.006407330801,0.00640686949,0.006407330801,0.006408714934,0.006411022487,0.007330576522,0.008252244309,0.01009406771,0.01194052386,0.01379241529,0.01749178956,0.0212032578,0.02492844422,0.03051859546,0.03613241084,0.04270064477,0.0511618332,0.05966679732,0.07008836037,0.08057076928,0.09205811866,0.1045631113,0.1171545718,0.1317337127,0.1454724243,0.1602758836,0.1742458635,0.1893006236,0.2035286451,0.2169256516,0.2294865515,0.2412054259,0.2520755158,0.2611039097,0.2682682585,0.2735443378,0.2779056693,0.2793299605,0.2787818257,0.2762291265,0.2706164351,0.2639439337,0.2551574894,0.2431770403,0.2300314802,0.2156944025,0.2001381021,0.1822676443,0.1641772349,0.1458565205,0.1272949148,0.1084815892,0.09050923329,0.07339115069,0.05714170619,0.04290544681,0.02958765346,0.01950100432,0.0104084003,0.004664417613,0.001175969159,0.000118608815,0.001196466493,0.006035547287,0.01339824725,0.02212580073,0.03349839374,0.04759267121,0.06322448386,0.07916410755,0.09800181156,0.1159196169,0.1355230331,0.1542074563,0.1732890532,0.1900666968,0.2072115932,0.2219620539,0.2356417405,0.2467964537,0.2553400468,0.2611819979,0.2642272358,0.2658612163,0.26302645,0.2586022225,0.2509894294,0.2400687225,0.2272934521,0.2125926199,0.1958919377,0.178753633,0.1594995044,0.141413104,0.1211305029,0.1020221623,0.08413827988,0.06575465955,0.04865455779,0.03472248996,0.02224326516,0.01316248546,0.00572329628,0.001935854098
0.001901183569,0.005622412893,0.0129341975,0.02368575899,0.03593676611,0.04962432484,0.06643704339,0.08452310438,0.1038303677,0.1226295552,0.1425972067,0.1636874488,0.1826245566,0.201084764,0.2175094524,0.2319734509,0.2445482976,0.2553023689,0.2643010035,0.2701224327,0.2714105037,0.2712218825,0.2681732536,0.2623607457,0.2538759228,0.2441934206,0.2306064558,0.215954735,0.1989267959,0.180925168,0.1619780738,0.1421121459,0.1226434684,0.1035582005,0.08484289421,0.06773890416,0.052198734,0.0369454317,0.02563009024,0.01451663558,0.007195357978,0.002377990502,0.0001179021225,0.0001169299233,0.003479473232,0.009204736285,0.01826556048,0.02832091134,0.04159926655,0.05579987498,0.07201424117,0.09020346769,0.1081462496,0.128022912,0.1476448237,0.1670231843,0.1861689505,0.2040356661,0.2217039109,0.2381389323,0.2523300788,0.2653539801,0.2762084966,0.2849336669,0.2915672957,0.2961450099,0.2976945848,0.2982637344,0.2958749096,0.2915607506,0.2853462376,0.277254455,0.2673066279,0.2564974327,0.2448333343,0.2313519573,0.2179975061,0.2038024002,0.188769813,0.1738573805,0.1600106864,0.1453153989,0.1316673356,0.1181078702,0.1055735108,0.09405190489,0.08353159915,0.07306529184,0.06451844346,0.05601016464,0.04846880243,0.0428176337,0.03718717998,0.03250365957,0.02876202176,0.02503096077,0.02223532975,0.02037211547,0.01851343893,0.01758396844,0.01758270244,0.01665849641,0.01758776698,0.01759409972,0.01852944145,0.02039559767,0.02226737168,0.02507425166,0.02882006448,0.03257863433,0.03728369418,0.04294112623,0.04862259508,0.05620407065,0.06476045328,0.07336048581,0.08389323624,0.09448629613,0.1060916661,0.1187217311,0.1323897941,0.1461548308,0.1609813634,0.1749624379,0.1900243748,0.2052159621,0.2195727522,0.2330908229,0.2467445796,0.2585741903,0.269548522,0.2796603118,0.2879052151,0.2942601944,0.2987003098,0.301198679,0.300710521,0.2992314136,0.2946908496,0.2880691067,0.2793283588,0.2684285333,0.2553272528,0.2410369527,0.2244665632,0.2066376575,0.1885974025,0.1692506294,0.1496569312,0.1298049901,0.1096832289,0.09151179497,0.07307979259,0.05664182268,0.04223910861,0.02876480089,0.01855719057,0.009354393867,0.003537063674,0.0001188995251,0.000119922633,0.002419439264,0.007322882926,0.01477817268,0.026099367,0.03763272453,0.05318509787,0.06903880032,0.0864959198,0.1056062736,0.1251050163,0.1450062008,0.1653242966,0.1847159998,0.2031533063,0.2206065561,0.2356417405,0.2495972499,0.2595687642,0.2683211137,0.2743446713,0.2775433786,0.2778163958,0.2765775663,0.270694971,0.2615539581,0.2506087168,0.237790713,0.2230282196,0.2062461855,0.1873660972,0.1679856921,0.1463837971,0.1259221759,0.1066489381,0.08684256847,0.06827985561,0.0510154809,0.03695484999,0.0243637892,0.01330828499,0.005786692658,0.00195729736
0.001922519612,0.005685510451,0.0130793516,0.02395157254,0.03634006665,0.05197342101,0.06895059748,0.08721598505,0.106716844,0.1274031843,0.147550935,0.1688349207,0.1879426291,0.2065690806,0.2247319849,0.2408741372,0.2535139432,0.2658510576,0.2733413757,0.2791572651,0.2833576984,0.2830656395,0.2798838827,0.2739095799,0.2652352692,0.2539490496,0.2415228107,0.2252455299,0.2093143577,0.1896819105,0.1704542424,0.1502990644,0.1305471951,0.1111846041,0.09091713621,0.07357311209,0.05655485846,0.0410960572,0.02838607873,0.01712614003,0.008488792572,0.003607016269,0.0001192252796,0.00011824217,0.003518521638,0.008144531925,0.0161617276,0.0274931932,0.0397922705,0.05529756758,0.07170207641,0.08899100153,0.1082552757,0.1283625341,0.1493017684,0.1699802798,0.1904097552,0.2095325889,0.2284420692,0.2460924005,0.2614621471,0.2756405679,0.2886531335,0.2984586244,0.3071671915,0.312755497,0.3173076511,0.31780488,0.3173284199,0.3148894451,0.3095157319,0.302238465,0.2940696848,0.2840314875,0.2731250468,0.2603776123,0.2467802124,0.2323368308,0.2180196128,0.2038219374,0.1887741417,0.173838317,0.159965543,0.1461864037,0.1324946883,0.1198353276,0.1081962894,0.09756644292,0.08793554621,0.07835025562,0.07069145742,0.06306470374,0.05640676994,0.05071129516,0.04597275423,0.04218645143,0.03934851523,0.03651949654,0.03463423127,0.03275503481,0.03181688578,0.03181917668,0.03182605036,0.03277390715,0.03466416818,0.03656159124,0.03940521791,0.04225941264,0.04606552879,0.05082826869,0.05655316594,0.06324659188,0.07091576307,0.07862150255,0.08826539398,0.09796062495,0.1086647084,0.120388803,0.1331449729,0.1469462017,0.1608432738,0.1748425151,0.1899193072,0.2051174531,0.2194685684,0.2339483058,0.2485634419,0.2623346378,0.275257146,0.2863311773,0.29653604,0.3048611189,0.3122914608,0.31780488,0.3203586862,0.3209321113,0.3205222867,0.3160150141,0.3104578666,0.3017428944,0.2919135618,0.2788343078,0.2645677918,0.2490872102,0.2312886856,0.2122046805,0.1928935256,0.1722471612,0.1513364569,0.1301493397,0.1097938045,0.09028174298,0.07276300892,0.05613193611,0.04040431899,0.02792410946,0.01641976764,0.0082769519,0.003576758389,0.0001202338756,0.0001212684653,0.00366988715,0.008639241353,0.01743469093,0.02890581655,0.04186056377,0.05762353703,0.07498496555,0.09268850851,0.1133835047,0.1331673768,0.1533598425,0.1739755701,0.1936562178,0.2137615681,0.2300974814,0.2467964537,0.2595687642,0.2711828293,0.2801323168,0.2863247947,0.2896631837,0.2900455709,0.2858283047,0.2799540477,0.2723609526,0.2597965499,0.2469146042,0.2304340061,0.211871273,0.1928222446,0.1732683306,0.1514690688,0.1308239776,0.1096137704,0.08960934657,0.07086312997,0.05343043105,0.03736957599,0.02463721195,0.01345763728,0.005851633846,0.001979263139
0.001944375068,0.005750144082,0.01322803939,0.02422385717,0.03675318531,0.0525642617,0.06973443695,0.08820746785,0.1096708218,0.1305695407,0.1509240897,0.1724283196,0.1917320481,0.2121817193,0.2305106935,0.2467969023,0.2595418853,0.2719816491,0.2810562357,0.2868844836,0.291080186,0.2907335706,0.2889322849,0.2828249577,0.2739884772,0.262511909,0.249883841,0.2347514602,0.217192413,0.1986410139,0.1777792383,0.1573412869,0.1373125237,0.1163711897,0.09713101498,0.0782582682,0.06101096697,0.04408222699,0.03120519066,0.01979523685,0.01103823551,0.003648021304,0.001205806483,0.0001195863625,0.002372347103,0.007060388602,0.01517792365,0.02548859448,0.03794494089,0.05364349566,0.07025103271,0.08887762966,0.1083687325,0.1287121885,0.1498968677,0.170817653,0.1925743583,0.2129957798,0.233188229,0.2510264062,0.2686824267,0.2840538984,0.2982353267,0.3102072934,0.3200100516,0.3276815974,0.3322291517,0.3357484544,0.3362185107,0.3346968772,0.3302007472,0.3247789986,0.3174404994,0.3082064653,0.2980898938,0.2861074134,0.2732617507,0.2595573621,0.2459778676,0.2315400278,0.2162462934,0.2020410113,0.1869719887,0.1729728126,0.1600298582,0.1462066664,0.1343831497,0.1226259773,0.1118862308,0.1021539979,0.09342024729,0.08567681856,0.07796561302,0.07218281252,0.06642196936,0.0616287137,0.05779871177,0.05492846125,0.05206858588,0.05111084318,0.05016073439,0.04921784899,0.05017518276,0.05114029151,0.05211359258,0.0549917753,0.05788200187,0.06173530018,0.06655601112,0.07234931345,0.07816796202,0.08592392346,0.09371667193,0.1025076529,0.112305918,0.1231214033,0.1349649407,0.1468819414,0.1608152856,0.1738718319,0.1879979037,0.2032081256,0.2175581139,0.2330117228,0.2476126333,0.2613576372,0.2752363353,0.2882578268,0.3004168764,0.3107018903,0.320102865,0.3275972465,0.3331619788,0.3377957011,0.3394291643,0.3390522522,0.3355949567,0.3310966734,0.323438312,0.3136208469,0.3016039889,0.2873451203,0.2718738338,0.2540812601,0.2360939873,0.2157120362,0.1950863646,0.1730957017,0.1519396662,0.1305038613,0.1099088738,0.09016672675,0.071290495,0.05445290639,0.03852857543,0.02588809154,0.01542025617,0.007175181753,0.002411612966,0.0001216007101,0.001226470612,0.00371160691,0.01123386864,0.02015187519,0.0317765453,0.04490228503,0.06216384959,0.07976002888,0.09902345458,0.1186726655,0.1400684908,0.160545477,0.1814518893,0.2028030367,0.2218070049,0.2398081763,0.2553400468,0.2683211137,0.2801323168,0.289250236,0.295581426,0.2975098348,0.2979503264,0.293740181,0.2878555456,0.2786416639,0.2659738771,0.2529858961,0.2363593352,0.2176279762,0.1967100495,0.1769560881,0.1549317958,0.1340753511,0.1126479366,0.09062803742,0.07166871136,0.05403783522,0.03779439825,0.02491729102,0.01361062547,0.00591815599,0.002001763663
0.001966762173,0.005816349971,0.01338034411,0.02450276531,0.03717635337,0.053169475,0.07053734386,0.08922306915,0.1109335474,0.1320728896,0.1526617963,0.1744136212,0.1956115018,0.2146247327,0.2331647427,0.2496384673,0.2641212854,0.2766852611,0.2858457647,0.2917229924,0.2959493078,0.295581426,0.2937425355,0.2890155094,0.2800451422,0.2684050554,0.255600959,0.2402644472,0.222474044,0.2036805627,0.1839131071,0.1631991394,0.1429000533,0.1216788504,0.100869343,0.08175470404,0.06428482684,0.04713776744,0.03282705955,0.02127460201,0.01240591924,0.004920031754,0.001219689872,0.0001209632535,0.002399661784,0.007141680357,0.01417170361,0.0246101525,0.03721874478,0.05195215055,0.06876763314,0.08648698704,0.1073563328,0.1279494254,0.1493930009,0.170569225,0.1925905817,0.2143545206,0.2347861339,0.2549971653,0.2728501902,0.2905287939,0.3048557882,0.3180049308,0.3289493587,0.3377280368,0.3443776927,0.3489328699,0.3503954035,0.3508614305,0.3483024114,0.3437747062,0.3373021491,0.329915577,0.3196133571,0.3094293827,0.2973631473,0.2844246689,0.2706180504,0.2569347739,0.242383252,0.2279481054,0.2136227665,0.1994007497,0.1852756462,0.1722140804,0.1592327632,0.1472949655,0.1363897388,0.1265070385,0.1166734689,0.1078476405,0.100021736,0.09318880552,0.08734275841,0.08247835702,0.07859121076,0.07471982488,0.07277772723,0.07084721923,0.06892746657,0.06893242952,0.06894732054,0.07088803899,0.07284063436,0.07480595172,0.07870446363,0.08262100283,0.08751901903,0.09340376006,0.1002813287,0.1081586894,0.1170436766,0.1269450032,0.1369013391,0.1478900577,0.1599221367,0.173009474,0.18618498,0.2004371272,0.2147949144,0.2292648752,0.2438536279,0.2585678808,0.2724165745,0.2863974222,0.2995118881,0.3117550865,0.3221083586,0.332586772,0.3401310939,0.346757788,0.3514259782,0.3541099155,0.3537414366,0.3523664037,0.3478665742,0.3412478161,0.3324733858,0.3215042903,0.3082992306,0.2938950379,0.2760911019,0.2581003412,0.2377118037,0.2170881045,0.1951027997,0.1728439607,0.1514289327,0.1297304806,0.1088820858,0.08774140982,0.06978514646,0.05273604108,0.03779120964,0.02499588125,0.0143979707,0.007257795211,0.002439379745,0.0001230007939,0.001240591924,0.005005788709,0.01262579213,0.02165789315,0.03342810996,0.04801466745,0.06549957335,0.08332356063,0.1028346178,0.1240852961,0.1457681664,0.1665226222,0.1877124747,0.2079481765,0.2272008524,0.245439917,0.2611819979,0.2743446713,0.2863247947,0.295581426,0.300502374,0.3024706815,0.3029343702,0.2986943159,0.2927609428,0.2834604532,0.2706667642,0.2558987198,0.2390807244,0.2201336967,0.2006902267,0.1789935214,0.1567156463,0.1356190651,0.1139449401,0.09167150862,0.07249388907,0.05466001492,0.0382295546,0.02520418321,0.01376733521,0.005986296331,0.002024811528
0.001989693533,0.005884165398,0.01353635153,0.02478845402,0.03760980911,0.05378940171,0.07135977032,0.09026336085,0.1104455908,0.1318547235,0.152706448,0.1747341082,0.1962008373,0.2154569298,0.2342337811,0.2509197648,0.2655911503,0.2783208535,0.2876069458,0.2935710354,0.297864529,0.2990277422,0.2956665657,0.2909010814,0.2833103139,0.2715345101,0.258581125,0.2430657979,0.2264746433,0.2074476315,0.1874356355,0.1664664301,0.1459172749,0.1244355756,0.1046959543,0.08533356694,0.06633503946,0.05026506332,0.03576440531,0.02278869048,0.0125505654,0.006221745759,0.001233910783,0.0001223736182,0.001213820257,0.006020790337,0.01314219303,0.02252594155,0.03529940136,0.049054025,0.06609095447,0.0851928676,0.1040350779,0.1260348965,0.1477512249,0.1691964491,0.1914960344,0.2135345855,0.2353243178,0.2557841025,0.2749447346,0.2928356249,0.3084102383,0.3227815055,0.3349111465,0.3448391253,0.352603133,0.3582386415,0.3617789549,0.3632552583,0.3616633396,0.3580723652,0.3535316592,0.3470310444,0.3385917531,0.328233137,0.3169821964,0.3048443837,0.2918242947,0.2789254119,0.2651450228,0.2504856694,0.236931762,0.2224915283,0.2091389572,0.1958767134,0.1836811255,0.1715602638,0.1595087571,0.1494752078,0.1394945111,0.1305364403,0.1225930742,0.1156573704,0.108752156,0.103814895,0.098899624,0.09594244435,0.09300161094,0.09104440967,0.08910087907,0.08910729457,0.08912654382,0.09109686635,0.09308199906,0.09605303373,0.09904214205,0.1039944423,0.1089716215,0.1159241522,0.1229112476,0.1309129271,0.1399371305,0.1499926878,0.1601070773,0.1722533912,0.1844763444,0.1967813961,0.2101654123,0.2236479191,0.2382318062,0.2519326301,0.266753479,0.2806982939,0.2937637552,0.306958767,0.3192727041,0.3307001717,0.3412349058,0.3498408165,0.3564967205,0.361179514,0.3649067268,0.3666184927,0.365233693,0.361763745,0.3561753463,0.3484330159,0.338499042,0.326333427,0.3118938293,0.2962285973,0.2782105253,0.2588968549,0.238256694,0.216257713,0.1939939747,0.1714528772,0.1497647825,0.1277893014,0.1055136291,0.08642852024,0.06706886259,0.04979418658,0.03584234462,0.02287900328,0.01335202283,0.006118680912,0.001233910783,0.0001244349152,0.00125505654,0.006330191801,0.0127730019,0.02319926,0.03641923735,0.05120014017,0.06758852744,0.08697110121,0.1067357844,0.126896541,0.1488459459,0.1698564499,0.1913077732,0.2117941748,0.2312864507,0.2483016109,0.2642272358,0.2775433786,0.2896631837,0.2975098348,0.3024706815,0.3059973226,0.304894795,0.3005865218,0.2945647303,0.2851360964,0.2721730555,0.2572121488,0.240176887,0.2209872545,0.2012948633,0.179322424,0.1567614837,0.1353950413,0.1134437374,0.09274034777,0.07333912777,0.0552973205,0.03867529009,0.02549805006,0.01392785473,0.006056093239,0.002048419712
0.002013182138,0.005953628777,0.01369615002,0.02508108512,0.03805379807,0.05254768976,0.07035084418,0.08950235355,0.1099470062,0.1316324694,0.1527533826,0.173330263,0.1950943079,0.2146205768,0.2319919231,0.2489361556,0.263840554,0.2767789298,0.2862316576,0.2923218137,0.2967203318,0.2979503264,0.2961198237,0.291331788,0.2836843146,0.2718016164,0.26018019,0.2444970053,0.2277249267,0.2084878773,0.1896483389,0.1684315892,0.1476398483,0.127258367,0.1059319044,0.0863409414,0.06843417553,0.05216251209,0.03747898791,0.02433869821,0.0139685992,0.00629519432,0.002496954537,0.0001238182556,0.001228149572,0.004873493274,0.01208848947,0.02159229162,0.03333504126,0.04726963285,0.06335163213,0.08153919832,0.10179301,0.1229273411,0.1437895152,0.1666589003,0.1892507022,0.2115775586,0.2325392145,0.2543796745,0.2737922261,0.2919192672,0.3087892056,0.3244291246,0.3377890572,0.3489099985,0.3578306334,0.3635275448,0.3681596022,0.3706939096,0.3711604367,0.3685460009,0.3649629345,0.3593896239,0.3518480339,0.3433832449,0.332981191,0.3216766463,0.3094747174,0.2973911843,0.2844119441,0.2705400112,0.2567806114,0.243127517,0.2295745773,0.2171116389,0.2047326112,0.1924319881,0.1811944522,0.1710096894,0.1608812997,0.1517904917,0.143729239,0.1366904058,0.129685274,0.124674172,0.119688157,0.1157056248,0.1127233686,0.11073904,0.1097511461,0.108779057,0.109782759,0.110802844,0.1128208037,0.1158389944,0.1198606321,0.1248897952,0.1299469832,0.1370057035,0.1441022685,0.1522282784,0.1613917799,0.1716017213,0.1818741158,0.1932094401,0.2056189693,0.2181143979,0.2307013305,0.2443911625,0.2581895662,0.2721028182,0.2861372797,0.2992814368,0.3115314824,0.3239077772,0.3353873072,0.3459641494,0.3545946693,0.3622994585,0.3680238696,0.3717440339,0.3744889936,0.3741260155,0.371675271,0.3671046916,0.3614558064,0.3525463154,0.3414077837,0.3279991767,0.3122770772,0.2953016221,0.2770443274,0.2574753359,0.2354368855,0.2142757289,0.1917193536,0.1688814873,0.1457490825,0.1246384889,0.1032396968,0.08272185748,0.06428900814,0.04798287026,0.03384777052,0.02193071973,0.01228149572,0.004952730223,0.001248477268,0.0001259038864,0.002539745309,0.006404920582,0.01421616783,0.02477719324,0.03816521328,0.05313288701,0.06972732945,0.08799780697,0.107995815,0.1297751589,0.1506030926,0.1718616286,0.1935661877,0.2128562164,0.2325632983,0.2497636475,0.2658612163,0.2778163958,0.2900455709,0.2979503264,0.3029343702,0.304894795,0.3037235922,0.2993074474,0.2931561712,0.2835564156,0.2703790758,0.255178796,0.2378781474,0.2201294341,0.2001596047,0.1778817155,0.1568096645,0.1351668197,0.1129316183,0.09195845708,0.07230221632,0.05402079871,0.03913185719,0.02579905803,0.01409227497,0.00612758625,0.002072601587
0.002037241371,0.006024779687,0.01385983062,0.02342845416,0.03658314454,0.05127654779,0.06931813333,0.08872357472,0.1076130656,0.1278053624,0.1492486075,0.1701396554,0.1904986274,0.2103449872,0.2296975651,0.2452380105,0.2604012359,0.2719446182,0.2816064693,0.2894536876,0.2924060145,0.293740181,0.2919751499,0.287215165,0.2795595411,0.2705896078,0.2574059981,0.2430527349,0.226125562,0.2081284101,0.1876813826,0.1676503174,0.1480208967,0.1274092207,0.1071978804,0.08737278882,0.06925202192,0.05278589831,0.03792689358,0.02592585925,0.01542058451,0.007644512673,0.00252679526,0.0001252979887,0.001242827,0.003698801736,0.01100966145,0.01942252249,0.03132389302,0.04424695414,0.06054714127,0.07897736109,0.09832727173,0.1185835098,0.1397337979,0.1617669168,0.1846726796,0.207309071,0.2285627072,0.2495852138,0.2703880277,0.288769569,0.3058778188,0.3217402011,0.3363828347,0.3476644348,0.357796215,0.3646544676,0.3704244104,0.3740613417,0.3755961184,0.3740039702,0.3714229858,0.3668198468,0.3612583681,0.3537106128,0.3441959487,0.3337619917,0.3234411764,0.3111814943,0.2990375744,0.2859861242,0.2730448324,0.2602078432,0.2474693743,0.2348237134,0.2222652137,0.2107920609,0.1993913444,0.1890583388,0.1797835225,0.1705608595,0.1623825261,0.1552412923,0.1481366161,0.1430522464,0.1379957043,0.1339570735,0.1309331053,0.1289214203,0.1279205065,0.1269380139,0.1279573529,0.1289957005,0.1310462804,0.134111481,0.1381945613,0.1432996544,0.1484355607,0.1555993806,0.1628039676,0.1710527828,0.1803539798,0.1897128548,0.2001392648,0.2116436902,0.2232274764,0.235908278,0.2486839552,0.2615602631,0.2745430291,0.2876381576,0.3008516339,0.3131593996,0.3255907623,0.3360769459,0.3466831025,0.356369139,0.3640784635,0.369789841,0.3745381012,0.3772493645,0.3789644545,0.3775246253,0.3739617066,0.3682427035,0.3614210393,0.3512877705,0.3399864964,0.3252806639,0.3093328053,0.2921154296,0.2735996939,0.2526225292,0.231410827,0.2099528069,0.1870816137,0.1639242636,0.1416380938,0.1202341915,0.09972470328,0.08012286291,0.06144302092,0.04491458326,0.03180568863,0.01972694259,0.011185443,0.00375893966,0.00126339763,0.0001274085445,0.002570097418,0.007777757774,0.015693887,0.02639294916,0.03862131992,0.05376787004,0.07056063013,0.08904945534,0.1092864565,0.129928996,0.150991789,0.1710644466,0.1915585971,0.2124892174,0.2309299526,0.2482882665,0.26302645,0.2765775663,0.2858283047,0.293740181,0.2986943159,0.3005865218,0.2993074474,0.2963707815,0.2884190904,0.2786037262,0.2668545242,0.2513879115,0.2355255757,0.2157440991,0.1954446051,0.1746073261,0.1532118221,0.1312369543,0.1105343207,0.09115830718,0.07124086042,0.05271402186,0.03761954024,0.02409911875,0.0142606896,0.006200816099,0.002097370933
0.002061885022,0.00609765891,0.01402748715,0.0237118583,0.03507695568,0.0499747142,0.06826052004,0.08605529201,0.1052227878,0.1257076695,0.1456592192,0.1668720591,0.1857919906,0.205966208,0.2222198204,0.2397622197,0.2535429266,0.2653455632,0.2752410718,0.2816875837,0.2863965745,0.2878555456,0.2861752488,0.2814612482,0.2738141179,0.2648343718,0.2530763092,0.2386277864,0.2215723437,0.2048749271,0.1856670608,0.1654363549,0.1456111224,0.1261773087,0.1057479091,0.08706924372,0.07008973447,0.0534244271,0.03838567924,0.02623947345,0.01560712083,0.007736985123,0.002557360838,0.0001268136657,0.0001257860955,0.003743544583,0.009904747278,0.01842887678,0.02926412766,0.04236153195,0.05767487487,0.07516061446,0.09359308251,0.1141347311,0.1344113336,0.1567567753,0.1788303767,0.2006444823,0.222211178,0.2435423018,0.2635232868,0.2821846689,0.3006691776,0.3167714178,0.330535841,0.3431006396,0.3533984378,0.3625526179,0.3684227665,0.3721330303,0.3747854684,0.3753293094,0.3737921144,0.3701993995,0.3645746744,0.3579893011,0.3504517916,0.3409271419,0.3315105805,0.3201257542,0.3088526174,0.2976860214,0.284566261,0.2725780329,0.2606858829,0.2488844789,0.2371685517,0.2255328908,0.2149864275,0.2045066147,0.19509972,0.1867570265,0.1784624752,0.1712196201,0.1650220418,0.158858784,0.1547367407,0.1506416621,0.147575692,0.1455364202,0.1445223148,0.1435290213,0.1445639432,0.1456202733,0.1477032525,0.1508153013,0.1549597221,0.1591335293,0.1653550618,0.1716145649,0.1789256499,0.187295662,0.195718776,0.2052146123,0.2157928453,0.2264440751,0.2381953361,0.250033985,0.2619653305,0.2739947464,0.2861276757,0.2994056406,0.3107262181,0.3221605103,0.3337137956,0.3432917932,0.3529841501,0.3606799864,0.3674206579,0.3731967565,0.3769270996,0.3785862042,0.3781465345,0.3755784604,0.3719409484,0.3661201713,0.3569787083,0.3466764118,0.334076864,0.3202572036,0.3040653309,0.2854542329,0.2666534136,0.2465060783,0.2249801513,0.2032032272,0.1811631018,0.1588473061,0.1362430948,0.1157234858,0.09492323155,0.0762507575,0.05852825531,0.04300071249,0.02971424183,0.01871772292,0.01006288764,0.00380440997,0.0001278680419,0.0001289497521,0.002601186804,0.007871842034,0.01588372934,0.02671221355,0.03908850576,0.05441827732,0.07141417236,0.08874008527,0.1078082348,0.1286727205,0.1485336486,0.1688053977,0.1895026624,0.2091675658,0.2262799941,0.2437680013,0.2586022225,0.270694971,0.2799540477,0.2878555456,0.2927609428,0.2945647303,0.2931561712,0.2884190904,0.2818997013,0.2718430801,0.2598262516,0.2457748029,0.2278581016,0.2112529259,0.1906157683,0.1712539266,0.1495271196,0.129082938,0.1080791567,0.08841680205,0.07015391135,0.05137569299,0.03607068124,0.02439063564,0.01443319515,0.00627582476,0.002122741946
0.002087127301,0.00617230847,0.01217075682,0.02200196783,0.03550637939,0.04864088578,0.06525751083,0.0814278001,0.1009051201,0.1198700085,0.1401613201,0.1599301237,0.1791954555,0.197975729,0.2145584486,0.2307335086,0.2448276187,0.256916011,0.2654219937,0.2721013034,0.2770181702,0.2786416639,0.2770839749,0.2724520397,0.2663875539,0.2558912637,0.2456261892,0.231111838,0.2154315542,0.1986204087,0.1807115947,0.1617364959,0.1431419994,0.1235113973,0.1042621851,0.08538095005,0.06821903483,0.05272650497,0.03885560944,0.02656070577,0.01579818837,0.007831703858,0.002588668897,0.0001283661606,0.0001273260105,0.002526249531,0.008772753916,0.01616722397,0.0271538564,0.03920469564,0.05351587064,0.0700426004,0.08874274839,0.1083856966,0.1277751209,0.1492728307,0.1705088575,0.1926556526,0.213396609,0.2339109804,0.2542099232,0.2731708864,0.2908233995,0.3071956159,0.32231435,0.3350955252,0.3455798788,0.3549045737,0.3619966649,0.3668905424,0.3696183921,0.3712895739,0.369768924,0.3683075346,0.3637050005,0.3581212277,0.3515653433,0.3429901762,0.3345171023,0.3250935285,0.3147248888,0.3034157237,0.2922095824,0.2811013961,0.2690513503,0.2581264397,0.2472845127,0.2365207478,0.2258303762,0.2162334815,0.2066974895,0.1982400723,0.1908533325,0.1835107914,0.1772278021,0.1719987722,0.1678190134,0.1636681641,0.1605606345,0.1584939831,0.157466658,0.157477996,0.1575120149,0.1585853019,0.1606994189,0.1638568185,0.1680608468,0.172296243,0.1775854538,0.1839340877,0.191348666,0.1988118266,0.2073533455,0.2169820773,0.2266774699,0.2374763246,0.2483550925,0.2593186311,0.2703718556,0.2825624094,0.293812936,0.3051684413,0.3166341126,0.3271598603,0.3367402987,0.3453691365,0.3541057483,0.3608129045,0.366544195,0.3712895739,0.3728701668,0.3745114142,0.3729331201,0.3702874344,0.365453482,0.3583968696,0.3490809396,0.3385878686,0.3257672964,0.3105760286,0.2941083416,0.2763360112,0.257229426,0.236757549,0.216055744,0.1951125188,0.1727330338,0.1512635546,0.1295164436,0.1098944248,0.09000396426,0.07105851084,0.0543077128,0.03979624362,0.02757151231,0.01642062195,0.008912820738,0.002567323211,0.0001294334448,0.0001305283976,0.002633031395,0.007968211732,0.01607818322,0.02703923332,0.0395670402,0.0537073718,0.06950812338,0.08701939358,0.1062935639,0.1259540853,0.1460149685,0.1650301925,0.1844448238,0.2027819998,0.2200087339,0.236090154,0.2509894294,0.2615539581,0.2723609526,0.2786416639,0.2834604532,0.2851360964,0.2835564156,0.2786037262,0.2718430801,0.2632071135,0.2508949601,0.2365196762,0.2200023414,0.2030573481,0.1838479653,0.164129704,0.1438832268,0.123088535,0.1036442819,0.08366232354,0.06706760551,0.05000447235,0.03651227047,0.02263179772,0.01252276381,0.006352655486,0.002148729256
0.002112982853,0.006248771673,0.01232152943,0.02227453051,0.0319522099,0.047273716,0.06217969667,0.07860227871,0.09647985752,0.1138869725,0.1345263465,0.1528152113,0.1706381982,0.1880123623,0.2049542038,0.2197493789,0.2324761198,0.2448981393,0.2536890094,0.2606263198,0.2641446735,0.2659738771,0.2645780815,0.2600656496,0.2540987127,0.245182989,0.2349388402,0.221898753,0.2076434771,0.1907311849,0.1741686559,0.1564949671,0.1377412348,0.1193577663,0.1013316441,0.08365031438,0.06768285659,0.05201097652,0.03798051001,0.02554525545,0.01599389798,0.007928723826,0.002620737598,0.000129956374,0.0001289033385,0.002557544975,0.007612655751,0.01510846637,0.02499112838,0.03596939556,0.05048481966,0.06601993026,0.08255760802,0.1012877446,0.1209736968,0.1416025397,0.1619801099,0.1821178018,0.2031945557,0.2240395979,0.243510182,0.2616370538,0.2795907241,0.2951106157,0.3093708533,0.3223967208,0.3342122255,0.3437277434,0.3509804056,0.3560050609,0.3599316786,0.3616840349,0.3623791769,0.3609469929,0.3574126508,0.3528751219,0.3473441723,0.340828605,0.3322713025,0.3238124208,0.3143895312,0.3040077224,0.2937239572,0.2835335852,0.2734320188,0.2623694336,0.2524341316,0.2425740627,0.2327848591,0.223062199,0.2144377351,0.2069029805,0.1994171401,0.1930090811,0.1866414982,0.181341976,0.1771057657,0.1728998634,0.1707800399,0.1686860089,0.1676453648,0.1666288625,0.1676936536,0.1687832,0.1709276576,0.1730991589,0.1773609817,0.1816556058,0.187018147,0.1934542868,0.1999346998,0.20749972,0.215118151,0.2238344356,0.2336580392,0.2435540958,0.2535270059,0.2635812218,0.2747740245,0.2850072397,0.2953356202,0.3057638597,0.3162967206,0.3258706098,0.3344795733,0.3431925728,0.3498540751,0.3555273684,0.3602027253,0.3638694369,0.365418442,0.3648225237,0.3631595364,0.3593011687,0.354332025,0.3471100583,0.337598121,0.3257567181,0.3126851363,0.2983580438,0.2827487896,0.2646685405,0.2464025935,0.2267660371,0.2057265629,0.1844402828,0.1640930343,0.1434909715,0.1226223296,0.1026976693,0.08373092041,0.06697749518,0.05123181318,0.03651212706,0.02537551917,0.01534526985,0.00773420031,0.00259912748,0.0001310368799,0.0001321453971,0.002665649664,0.008066922773,0.01627736143,0.02600548826,0.03867591805,0.05297853244,0.06896181335,0.08525554736,0.1033059261,0.1217183078,0.1405058065,0.1596819223,0.1777667178,0.1947274771,0.212055187,0.2266786125,0.2400687225,0.2506087168,0.2597965499,0.2659738771,0.2706667642,0.2721730555,0.2703790758,0.2668545242,0.2598262516,0.2508949601,0.2382373652,0.2252600945,0.2101544125,0.1928382429,0.1750685331,0.1568279622,0.1380986196,0.1169448537,0.09909889156,0.08075926483,0.06390441979,0.04859897567,0.03285741182,0.0229121628,0.01267789712,0.006431352847,0.002175347939
0.002139466767,0.004218062098,0.01247596624,0.0205033793,0.03033065219,0.04387738665,0.05902411004,0.0737639982,0.09002723406,0.107752819,0.1250169393,0.1436783974,0.1618647311,0.1777973598,0.1933334669,0.206735717,0.2198126758,0.2308664493,0.2399694638,0.2455206875,0.2492948819,0.251353729,0.2501422461,0.2473661779,0.2414992928,0.2326424974,0.2224365568,0.2109240906,0.1966330053,0.1826423133,0.1659780407,0.1481861332,0.1322037284,0.1136601069,0.09690162888,0.08046384003,0.06433539974,0.04989114649,0.03708310554,0.0258654371,0.01619436388,0.00802810165,0.003980378488,0.0001315852341,0.0001305189999,0.002589600985,0.006423393342,0.0127481953,0.02277392819,0.03265262209,0.04613050921,0.06065784172,0.07744587846,0.09401083536,0.1127877932,0.1325337049,0.1520387937,0.1713139646,0.1915523154,0.2103924149,0.2290341875,0.2474876766,0.2646072436,0.2804212253,0.2938133519,0.3071015831,0.3180292287,0.3277620509,0.3352002776,0.3414952349,0.3455542106,0.348514997,0.3492913534,0.3490084055,0.3465857967,0.3431368209,0.3386719065,0.3321186787,0.3256527537,0.3171211825,0.3097555109,0.300336434,0.2910096473,0.2817709338,0.2715553723,0.2624827511,0.2524295438,0.2435061829,0.2346503174,0.225858038,0.2181743913,0.210543763,0.2029628145,0.1975183791,0.19106903,0.1867446974,0.1824533634,0.1792352341,0.1760456504,0.1749661633,0.1728707857,0.1728832328,0.1729205796,0.1750669729,0.1761978195,0.1794418321,0.1827162855,0.1870676712,0.1914546137,0.1979739861,0.2034895765,0.211151003,0.2188666638,0.2266399538,0.2355304949,0.2444899818,0.2535223983,0.2636950626,0.2728881674,0.283235427,0.2926064168,0.3020713636,0.3116345888,0.3191368411,0.3278170377,0.334422235,0.3411191437,0.3457158733,0.3492913534,0.3518341875,0.3522208513,0.3515392124,0.3486531316,0.344657002,0.3384012078,0.3309872618,0.3212511747,0.3103021755,0.2969609677,0.2835070098,0.267596066,0.25035522,0.2317546532,0.2129527754,0.1939392487,0.1734986682,0.1540220401,0.1343011934,0.1143248682,0.09531946556,0.07854654271,0.06153763394,0.04681307462,0.03314530778,0.02312421603,0.01294800493,0.006525949997,0.002631704681,0.0001326792829,0.0001338016942,0.004048590971,0.008168032769,0.01648138024,0.02633143843,0.03776208246,0.05081926739,0.06555110189,0.0820079252,0.09878959927,0.1159079656,0.1348571581,0.1512038824,0.1694068969,0.1864691236,0.2008107805,0.215467548,0.2272934521,0.237790713,0.2469146042,0.2529858961,0.2558987198,0.2572121488,0.255178796,0.2513879115,0.2457748029,0.2365196762,0.2252600945,0.2119200854,0.198238828,0.1823610428,0.1660672776,0.147451226,0.1283366954,0.1106459973,0.09247110573,0.0757882133,0.06066130438,0.04510743446,0.0311899156,0.02109031049,0.0128368006,0.004341308516,0.00220261353
0.002166594594,0.004271545921,0.01052846494,0.01868702067,0.02866755379,0.04039430853,0.05379526701,0.06880199111,0.08340971081,0.1014616137,0.1171541992,0.1343078754,0.1491830057,0.1655021408,0.179619156,0.193389155,0.2050722915,0.2147439073,0.2224759652,0.2300285679,0.2323931517,0.2347064727,0.2337025736,0.2311089522,0.2253801459,0.2181996149,0.2080498578,0.1965725767,0.1853405918,0.1713137109,0.1560766953,0.1396645402,0.1235815698,0.1078163931,0.09091484961,0.07576591619,0.06090216592,0.04771687687,0.03477158215,0.02481480328,0.01503306181,0.008129895686,0.00403084855,0.0001332536973,0.0001321739436,0.001311218193,0.005203872108,0.0116188549,0.02050017342,0.03052305971,0.04166511404,0.05515890809,0.07095854912,0.08654805991,0.1043927136,0.122012904,0.1406309122,0.1590289953,0.178414756,0.1963962098,0.2141878974,0.2306227556,0.2468998421,0.2618639321,0.2766995265,0.2891106719,0.2991392042,0.3091057478,0.316744801,0.3232223364,0.3274318333,0.3305255554,0.3325193687,0.3323166226,0.3310509188,0.3276312579,0.3242789103,0.3188012573,0.31340204,0.3069901598,0.2995728088,0.2911562321,0.282825225,0.2745760217,0.2664049101,0.2572364104,0.2481431991,0.2401887387,0.2322976878,0.2244665632,0.2166919192,0.2100311082,0.2034173939,0.1979062117,0.1924343989,0.188056072,0.1837110096,0.1804526073,0.1782778589,0.1761300136,0.1750627379,0.1750753429,0.1751131632,0.1762314937,0.1784319576,0.1806606085,0.183975744,0.1883813138,0.1928227379,0.1983627133,0.2039453357,0.2106368697,0.2173794877,0.2252436617,0.2331690405,0.2411591347,0.2492174965,0.258424491,0.2677124267,0.2760031196,0.2843770866,0.2928381312,0.3013901152,0.3089414246,0.315484906,0.3210124446,0.326622144,0.3300937689,0.3336352055,0.3350072579,0.3353082004,0.3333936686,0.3303682333,0.3262149221,0.3197694941,0.3121473789,0.3021697758,0.2921237643,0.2796638022,0.2647455102,0.2496886538,0.2332948917,0.216732019,0.1987862442,0.1806379821,0.1610570333,0.1424653503,0.1236400856,0.1058153803,0.08775280833,0.07196701517,0.05595894279,0.04228160768,0.03098361306,0.02081548843,0.01180096374,0.005286957743,0.001332536973,0.0001343616183,0.0001354982614,0.004099925948,0.008271601092,0.01529949615,0.02526187599,0.035408236,0.04860455001,0.06205299259,0.07721984913,0.09268617736,0.1099486806,0.1260619462,0.1425087506,0.1593010045,0.1749031588,0.189278442,0.200806892,0.2125926199,0.2230282196,0.2304340061,0.2363593352,0.2390807244,0.240176887,0.2378781474,0.2355255757,0.2278581016,0.2200023414,0.2101544125,0.198238828,0.1841765502,0.1697502315,0.1530562924,0.1378346451,0.1202651644,0.1041858722,0.08567394376,0.07069003993,0.05528742516,0.04152671259,0.02947970184,0.01922195664,0.01083297297,0.004396355068,0.002230542041
0.002194382363,0.00432633085,0.0106634983,0.01682372622,0.02696128589,0.03682114901,0.05044927865,0.06371146472,0.07662092944,0.09306830021,0.1071738534,0.1228052655,0.1380386498,0.152888551,0.1655498123,0.1778998006,0.1881748752,0.1982039284,0.206263013,0.2107087775,0.2150536883,0.2159539149,0.2151817616,0.2127936834,0.2072245292,0.2017809152,0.1917060423,0.1818493896,0.1706524427,0.1581559564,0.1443985977,0.1294170221,0.1147360239,0.1003452087,0.08477287608,0.07094613461,0.05737978581,0.04406455986,0.03380884497,0.02373678531,0.01522586911,0.008234166077,0.004082546403,0.001349627493,0.0001338691472,0.001328035289,0.005270614634,0.01046033166,0.01816771201,0.02705021791,0.03836317462,0.05078759225,0.06430351248,0.07889227781,0.09453649627,0.111220008,0.1289278536,0.1464260271,0.1637242159,0.1808319085,0.196559867,0.2133210759,0.2287337841,0.2428259162,0.2556240183,0.2671532936,0.2785984637,0.2876549064,0.2955106002,0.3010410565,0.3065595427,0.3097992226,0.3107907081,0.3118137735,0.3106261595,0.3094876319,0.3061709852,0.3018078902,0.2964076207,0.291081043,0.2847263903,0.2784467646,0.271145986,0.2628295063,0.2556778204,0.2475088286,0.2394094641,0.2324573231,0.2244845091,0.2176482703,0.2108644021,0.2052042966,0.1985149572,0.1940130946,0.1884771197,0.1851177702,0.1807204457,0.1784917597,0.1762906578,0.1741161881,0.1730355317,0.1730479907,0.1730853731,0.174216508,0.1764430387,0.1786975007,0.1809808706,0.1854379302,0.1888574728,0.1944606161,0.1990301754,0.2057961368,0.2115334798,0.218401764,0.2253265545,0.2333964831,0.2404459502,0.2486519811,0.2569326884,0.2641955522,0.2726337637,0.2800552459,0.2864536335,0.2929311876,0.298377542,0.3039012125,0.3083833714,0.3118137735,0.3130510041,0.3143384054,0.313397302,0.3124874845,0.3093087606,0.3038282746,0.2983325215,0.290485459,0.2814209376,0.2699375476,0.2583625126,0.245497998,0.2313174044,0.2157927442,0.198894603,0.1830325338,0.1657643832,0.148293344,0.130609633,0.112703254,0.09582484213,0.07999045779,0.06521739685,0.0515242246,0.03893081145,0.0274583706,0.01844715122,0.01062428231,0.005354765888,0.001349627493,0.0001360848801,0.001372361013,0.004152509757,0.008377688933,0.01549572061,0.02416443605,0.03442787148,0.04488428924,0.05846405247,0.07230757689,0.08642453748,0.1023297384,0.1170388634,0.1320525461,0.1473816551,0.1614697166,0.1742782203,0.1857665568,0.1958919377,0.2062461855,0.211871273,0.2176279762,0.2201336967,0.2209872545,0.2201294341,0.2157440991,0.2112529259,0.2030573481,0.1928382429,0.1823610428,0.1697502315,0.1568128775,0.141622592,0.1260299899,0.1100197961,0.09556719708,0.07870087469,0.06545982046,0.0518486267,0.037853384,0.02772509559,0.0173053234,0.01097191182,0.004452740744,0.002259149971
0.0002222846593,0.004382449454,0.008641455114,0.01491170944,0.02310931762,0.03315446326,0.04497123562,0.05647065562,0.06965431737,0.08445515971,0.09693218681,0.111001491,0.1247125346,0.1380784106,0.1492689598,0.1620046427,0.1708348867,0.1794536828,0.1861133167,0.19088306,0.1955443234,0.1967100495,0.1961756749,0.1923404184,0.1885932825,0.1833095845,0.1749339555,0.1667402102,0.1555794407,0.1446533393,0.130874635,0.1189007903,0.1056584652,0.09118318341,0.07846969796,0.06453309916,0.05231167419,0.04175638833,0.03139344386,0.02121589839,0.01402124552,0.008340974806,0.002757001853,0.001367134062,0.0001356056186,0.001345261777,0.004004236446,0.009271514777,0.01577431956,0.02348665486,0.03367935915,0.04501558148,0.05747437023,0.07103610822,0.08568247641,0.1001446117,0.1156744889,0.1322567961,0.1474203996,0.163638614,0.1784701232,0.1931514196,0.2076903395,0.2209005165,0.2328082801,0.24462035,0.2539910503,0.2633007792,0.2702247433,0.2771182126,0.2816758238,0.2850798652,0.2873467178,0.287351358,0.2873928549,0.2863394835,0.284203267,0.2809951871,0.2767252011,0.2714022579,0.2661479016,0.2598492718,0.2536203914,0.2474584466,0.2402585623,0.2342246715,0.2271520045,0.220139521,0.213184115,0.2073741595,0.2016118771,0.1958947401,0.1902202474,0.1856717222,0.1811588799,0.1777636842,0.1743988624,0.1721456336,0.1699190979,0.1688003458,0.167706217,0.1677182923,0.1677545234,0.1688976028,0.1700659714,0.1723440597,0.1746501777,0.1780711254,0.1815244646,0.186100003,0.1907139378,0.1964597301,0.2022515963,0.2080920845,0.2139837724,0.2210289153,0.2281354238,0.2353064693,0.2414377525,0.248744602,0.2550120062,0.2613503224,0.2677624416,0.2731273218,0.2785643133,0.2829441537,0.2862569148,0.2884916412,0.2896363331,0.2896779275,0.2897566876,0.2875536265,0.2842018851,0.2796839388,0.2728052021,0.2658916848,0.2565642271,0.2471697671,0.23530235,0.2233313289,0.2100362675,0.1953893899,0.1805899895,0.1656300064,0.1492574051,0.1339434181,0.1171833869,0.1014801546,0.08685015946,0.07202493037,0.05829119853,0.04566849556,0.03417769238,0.023841038,0.01601694578,0.009416832436,0.004068168557,0.001367134062,0.0001378500926,0.001390162468,0.002804249104,0.008486359356,0.01426974721,0.0215981319,0.03196824534,0.04253317899,0.0533001722,0.06577147656,0.07999855221,0.09298651547,0.1077791111,0.1213221556,0.1335783076,0.1476841862,0.1588849688,0.1703319148,0.178753633,0.1873660972,0.1928222446,0.1967100495,0.2006902267,0.2012948633,0.2001596047,0.1954446051,0.1906157683,0.1838479653,0.1750685331,0.1660672776,0.1530562924,0.141622592,0.1279504866,0.1139162619,0.09950616768,0.08672279256,0.07154514757,0.0580203107,0.04621863524,0.03408390728,0.02376400156,0.01533857309,0.008891386371,0.004510499062,0.0002288454328
0.0002252004309,0.004439935299,0.008754807558,0.01294912337,0.02128404469,0.02939068987,0.03934825399,0.05108160482,0.06250307953,0.07362396147,0.08641923319,0.09888506897,0.1110334641,0.1228760217,0.1344239676,0.1438440102,0.1530354237,0.1602067219,0.1672088125,0.1705321091,0.1737801178,0.1752380678,0.1749670397,0.1730252628,0.1694682234,0.1643487689,0.1560912567,0.1480125697,0.1401068629,0.1292168332,0.1185522704,0.1065611638,0.09481076983,0.08177836075,0.07049911984,0.05943599847,0.04710921014,0.03792783069,0.02746816239,0.02006124718,0.01278464959,0.007041988136,0.002793166236,0.001385067152,0.0001373843963,0.001362907961,0.004056761163,0.008051255909,0.01331769652,0.02115087648,0.03018408623,0.0390909118,0.05046450761,0.06297192056,0.07531731592,0.0887759576,0.1033304258,0.1177122875,0.1319295038,0.1459898718,0.159901032,0.1724474434,0.1860892775,0.1983940196,0.2093877765,0.2190952959,0.2287313099,0.2371151742,0.2442683502,0.2490363571,0.253792747,0.2573752985,0.259800668,0.2610843729,0.261240814,0.2602832968,0.258224051,0.2562129733,0.253114105,0.248937079,0.2436905131,0.2396320901,0.2333843588,0.2283201059,0.2221954607,0.2161297199,0.210120177,0.204164161,0.1993666266,0.1935079501,0.1876951418,0.1830282316,0.1783994182,0.1738066816,0.1703470353,0.1669177447,0.1646147537,0.1623380513,0.1600866523,0.1589558302,0.1578482176,0.1578595831,0.1578936844,0.1590474151,0.1602250269,0.1625251725,0.1648519697,0.1672064279,0.1706908013,0.1742075939,0.1788624293,0.1835561127,0.1882907029,0.1941778705,0.2001144543,0.2049890127,0.2110298597,0.2171279438,0.2232859972,0.2295067905,0.2346649385,0.2410163538,0.2451688192,0.2505193517,0.2547962981,0.2579900519,0.2600899734,0.2622396135,0.2632801412,0.263198269,0.2619796098,0.2596086553,0.2560687536,0.2513420846,0.2466009435,0.2394484108,0.2310485809,0.2213786926,0.211630943,0.2005771682,0.1881912146,0.1744455248,0.1618003348,0.1477664886,0.1335734772,0.1192134288,0.1046783035,0.08995988651,0.07634374229,0.06384848927,0.05118171143,0.0396578934,0.030630702,0.02147001576,0.01352253721,0.008177447765,0.00412153189,0.001385067152,0.0001396583118,0.001408397627,0.002841033243,0.007164731136,0.01301123482,0.02042267806,0.02797109352,0.038633399,0.04799940074,0.06057656352,0.07187268035,0.0833956934,0.09671369428,0.1087312377,0.1210013816,0.1319242469,0.143083652,0.1512008674,0.1594995044,0.1679856921,0.1732683306,0.1769560881,0.1789935214,0.179322424,0.1778817155,0.1746073261,0.1712539266,0.164129704,0.1568279622,0.147451226,0.1378346451,0.1260299899,0.1139162619,0.1014816766,0.08871404837,0.07560077513,0.06419978283,0.05248337477,0.04043968491,0.03021462121,0.02188701889,0.0133198059,0.009008017235,0.004569664571,0.0002318472639
0.0002281873061,0.002249411493,0.006653193149,0.01312087001,0.01940970504,0.02552614633,0.03567328066,0.04554801649,0.05516018956,0.0645193079,0.07562468743,0.08644412552,0.09698803583,0.1072664916,0.1172892386,0.1251970934,0.134759009,0.1404441703,0.1459952049,0.1496359617,0.1531939464,0.1531909891,0.1531903083,0.1514902086,0.1481470613,0.1432145592,0.1383913336,0.1304136417,0.1226062454,0.1133667911,0.1043187761,0.09389087332,0.08367235784,0.07212150205,0.06231490796,0.05269627052,0.04176727481,0.03251843232,0.02490274324,0.01742341991,0.01151485758,0.007135387334,0.00283021252,0.001403437555,0.0001392065511,0.001380984463,0.002740377827,0.006798367678,0.01214489845,0.01741301615,0.02526539323,0.03432813092,0.04457820882,0.05469182473,0.06596829556,0.07838797125,0.09065567155,0.1027782524,0.1147624259,0.1278683778,0.1395880374,0.1524280953,0.1639093862,0.1740585403,0.1841201365,0.1928862864,0.2015872794,0.2090262668,0.215224458,0.2213920911,0.2251621244,0.2289278258,0.2315158534,0.2317714262,0.2332208806,0.232366064,0.2315477209,0.2284578328,0.2265687322,0.2235752803,0.2194867784,0.2154514596,0.2103305727,0.2052649646,0.2013837262,0.1952905048,0.1903771945,0.1855102427,0.1806874943,0.175906821,0.1711661197,0.1675805142,0.1629121739,0.1593924267,0.1570161261,0.1535536947,0.1512302499,0.1489311954,0.147766563,0.1466238621,0.1455025987,0.1455130752,0.1455445095,0.1467083417,0.1478942885,0.149102863,0.1514481783,0.1538192649,0.1573329899,0.1597600902,0.16333499,0.1680638417,0.1717092338,0.1765158067,0.1813652563,0.18625973,0.191201403,0.19619248,0.2023721186,0.2063318211,0.2114846563,0.2166960409,0.2208182568,0.2249963505,0.2280745051,0.2300424033,0.2332208806,0.2341125517,0.2350414755,0.2336479871,0.2334575711,0.2309143315,0.2271813724,0.2234418715,0.2172797023,0.2110831059,0.2036295549,0.1948965346,0.1860926114,0.1759738987,0.1657607944,0.1541942203,0.1412460627,0.129424466,0.1161924804,0.1040889454,0.09183821538,0.07943336449,0.06686731323,0.05545313457,0.0452117563,0.03482603229,0.02563923006,0.01767575596,0.01233170022,0.006904922313,0.002784131023,0.001403437555,0.000141510626,0.001427077467,0.002878714396,0.007259758298,0.01171893799,0.01773732672,0.02535870257,0.03312337004,0.04255652251,0.05370750153,0.06352901243,0.07354785077,0.08535172587,0.09580292202,0.1064738447,0.115742107,0.1252112065,0.1332228458,0.141413104,0.1463837971,0.1514690688,0.1549317958,0.1567156463,0.1567614837,0.1568096645,0.1532118221,0.1495271196,0.1438832268,0.1380986196,0.1283366954,0.1202651644,0.1100197961,0.09950616768,0.08871404837,0.07763285939,0.06625166034,0.0566575634,0.04679793495,0.03666277619,0.02624174001,0.01995957945,0.01349646896,0.006845619182,0.002315136441,0.0002349222973
0.0002312470939,0.002279574091,0.006742406524,0.01108067429,0.01529886699,0.02371272672,0.02977192851,0.0377662702,0.04761838087,0.0551681332,0.06453789214,0.07366638108,0.0845281605,0.09317557667,0.1016078237,0.1079391769,0.1141168003,0.1201465074,0.1260339264,0.1281739724,0.1320501423,0.1323112018,0.1325682973,0.1310970599,0.1279547566,0.1231959361,0.118542139,0.1123380163,0.1062666917,0.09870567949,0.0896997798,0.08087738612,0.07223220651,0.06220305272,0.05390895931,0.04577389751,0.03628057427,0.02846068333,0.02226764715,0.01471421034,0.01021060384,0.005784853202,0.00286816314,0.0001422256399,0.0001410731866,0.000139950223,0.002777123845,0.00551162217,0.009572694977,0.01493166157,0.02156141438,0.02943637272,0.03720373404,0.04618766102,0.05636614652,0.06641628326,0.07763770402,0.08743995495,0.09840878174,0.1092562368,0.1199882133,0.1306104884,0.1411287285,0.1503062935,0.1594038673,0.1671967912,0.1749312875,0.1813939036,0.1866055864,0.1917922636,0.1957555769,0.1985133618,0.20127323,0.2016640231,0.2032594212,0.2025144213,0.2018012093,0.1999501689,0.1981378619,0.1952015477,0.1923091843,0.1894594564,0.1854989068,0.1815842361,0.1777136844,0.1727415351,0.1689564344,0.1640707805,0.1603637246,0.1566920335,0.1530540921,0.1494483049,0.1458730945,0.1423269009,0.1399367016,0.1375706589,0.1352277463,0.1340332786,0.1317331859,0.1317047346,0.1305696518,0.1305790532,0.1306072613,0.1317806184,0.1318470526,0.1341877739,0.1354226145,0.1378085865,0.1402190986,0.1426552001,0.146251688,0.1498793364,0.1535397363,0.157234498,0.1609652517,0.1647336493,0.1696879051,0.1735393648,0.178585904,0.1825280129,0.186516739,0.1905538918,0.1934757945,0.1964422712,0.1994546836,0.2013370119,0.2032594212,0.204036541,0.2048461276,0.2032968163,0.2029613036,0.2002359481,0.1975111077,0.1935679911,0.1883875404,0.1831788375,0.1767035119,0.1689393051,0.1611115574,0.1519602797,0.1427228221,0.1321238212,0.121413432,0.1105858254,0.09963505349,0.08855504435,0.078650437,0.06730202035,0.05713430585,0.04683059296,0.03773247516,0.02986332315,0.02188044566,0.01515696097,0.009719933458,0.005598008921,0.002821463732,0.0001422256399,0.000143408157,0.00014462133,0.002917315383,0.005885684135,0.01039156867,0.01497930702,0.02267535892,0.02899013509,0.03696614352,0.04665228954,0.05495928756,0.06343324402,0.07368196198,0.08252442055,0.09155284204,0.1007738087,0.1085244934,0.1147578583,0.1211305029,0.1259221759,0.1308239776,0.1340753511,0.1356190651,0.1353950413,0.1351668197,0.1312369543,0.129082938,0.123088535,0.1169448537,0.1106459973,0.1041858722,0.09556719708,0.08672279256,0.07560077513,0.06625166034,0.05664940529,0.0489110254,0.03880264372,0.03059773398,0.02437748344,0.01573228189,0.01139787046,0.006937412818,0.002346180352,0.0002380723953
0.0002343816593,0.002310473827,0.004555866778,0.008984698688,0.01329106617,0.01966430771,0.02586470436,0.03189849483,0.0398701372,0.04763209694,0.05519197098,0.06255710553,0.06973460538,0.07673134305,0.0835539674,0.09020891203,0.09670240339,0.1011670054,0.1055262663,0.1079545243,0.1103276404,0.1108598741,0.1113817344,0.1101456246,0.1072097299,0.1043399677,0.09984211292,0.09544211054,0.08947977929,0.08200298335,0.07630421851,0.06911506603,0.06047891448,0.05358928536,0.04527289249,0.03866197073,0.03064363265,0.02429176358,0.01805558894,0.01342229595,0.008870579198,0.004397450373,0.002907041229,0.0001441535152,0.0001429854404,0.000141847255,0.001407383946,0.004189749354,0.008316388556,0.01238241351,0.01775611531,0.02441076885,0.03097445521,0.03878852492,0.04650131934,0.05543716636,0.0642635709,0.07298546518,0.0829030379,0.09142258061,0.1011321903,0.1094688375,0.1177246139,0.1259038864,0.1340109426,0.1408039422,0.1475454283,0.153004937,0.1572031452,0.1613820517,0.1655437498,0.1684782324,0.1702024335,0.1719344421,0.1724773499,0.1718451745,0.1712399729,0.1706614762,0.1689281124,0.1672282559,0.1643869412,0.1615841902,0.1588187332,0.1560893225,0.1522326506,0.148414775,0.1457910643,0.1420434475,0.1383297554,0.1357991897,0.1321467109,0.129670996,0.1260739941,0.1236481275,0.1212448091,0.1200059079,0.1176438231,0.1164429481,0.1152598495,0.1140940159,0.1140858014,0.1140940159,0.1141186629,0.114159753,0.1153594771,0.1165771676,0.1178133523,0.1202134573,0.1214894852,0.1239333413,0.1264012018,0.1300449867,0.1325660155,0.1362693236,0.1388486327,0.1426173228,0.1464222441,0.1491002484,0.1529798092,0.1569005905,0.1596901714,0.1625176008,0.1653841659,0.1682911779,0.1700508064,0.1718451745,0.1724773499,0.1731367809,0.1738237619,0.1733265268,0.1716299171,0.1699401909,0.1670283418,0.1628762233,0.1587043262,0.1545105207,0.1490402072,0.1422713916,0.1354465988,0.1272893459,0.1190543506,0.1107372103,0.1023334374,0.09253514336,0.0839360926,0.07391622182,0.06510184707,0.05617648437,0.04713504054,0.03932846093,0.03141466555,0.02476482703,0.01801884187,0.01256924806,0.008444303675,0.004255417649,0.001429854404,0.0001441535152,0.0001453520614,0.0001465816791,0.002956859733,0.004474098649,0.009027794469,0.01366411702,0.01838617959,0.02474366127,0.03122268447,0.0394038863,0.04615496105,0.05464912197,0.06169277241,0.07052256568,0.07788054865,0.0837211496,0.09138091691,0.09749800257,0.1020221623,0.1066489381,0.1096137704,0.1126479366,0.1139449401,0.1134437374,0.1129316183,0.1105343207,0.1080791567,0.1036442819,0.09909889156,0.09247110573,0.08567394376,0.07870087469,0.07154514757,0.06419978283,0.0566575634,0.0489110254,0.04095244857,0.03277384618,0.02658213233,0.02021557205,0.01366760033,0.009241895309,0.004687633187,0.002377982939,0.000241299478
0.0002375929249,0.002342129653,0.004618286755,0.006830848602,0.01122763933,0.01550401112,0.01966430771,0.02586842915,0.03190768292,0.03778802983,0.04558738698,0.05114048473,0.05655203194,0.06382165331,0.06894083583,0.07393414638,0.07880628009,0.08166265018,0.08632834747,0.08903073386,0.08983807845,0.09062803742,0.08960934657,0.08861486579,0.08764404154,0.08496240985,0.08234038025,0.07807875681,0.07222864694,0.0681637358,0.06253802572,0.05539787015,0.0500140431,0.04313926009,0.03798056015,0.03135334303,0.0248507851,0.02000747555,0.01525247396,0.01058259608,0.007493429246,0.004457699885,0.001473435315,0.000146128564,0.0001449444854,0.0001437907057,0.001426666528,0.004247153153,0.007025276234,0.00976271729,0.01384568617,0.01924628304,0.02457300251,0.03118480134,0.03771074751,0.04549257601,0.05184934332,0.05945258555,0.06696849308,0.07440118665,0.08175470404,0.08903300361,0.0962399678,0.1033794064,0.1091854617,0.1149443537,0.1206590519,0.1250816607,0.129477552,0.132609598,0.1357301861,0.1388408679,0.1394958807,0.1413821934,0.1420578769,0.1427469166,0.1422441928,0.1405622651,0.1401075803,0.1384806791,0.1368822068,0.1341244959,0.1314000944,0.1298885778,0.1272243229,0.1245899217,0.1208112743,0.1182353513,0.1156856355,0.1131610021,0.1106603406,0.1081825542,0.1057265591,0.1044518598,0.1020351578,0.1007958055,0.09957268896,0.0983652784,0.09717305124,0.09599549193,0.0959885805,0.09599549193,0.0960162292,0.09605080126,0.09725704503,0.0984786605,0.09971617692,0.1009701312,0.1022410681,0.1046927944,0.1060009578,0.108494569,0.1110114684,0.1135527631,0.1161195744,0.1187130386,0.121334308,0.1251653568,0.1278487405,0.1305636685,0.1321210866,0.1348992822,0.1377125789,0.1393608782,0.1410387335,0.1415371969,0.1432720468,0.1438198174,0.1431668249,0.1425269087,0.1406658292,0.1400456502,0.1369474108,0.1338373769,0.1307139728,0.1263124765,0.1218814456,0.1161422961,0.1103551631,0.1045170042,0.09732702862,0.09006459437,0.08272578557,0.07530660836,0.06780298742,0.06021076237,0.05252568403,0.04609927154,0.03822467057,0.03161889356,0.02492223511,0.01952543458,0.01405055247,0.009910024024,0.007133332639,0.00431372117,0.001449444854,0.000146128564,0.0001473435315,0.0001485899962,0.001498685849,0.00453539832,0.007626236978,0.01077325606,0.01553174069,0.02037967297,0.02532037343,0.03195500748,0.0387205495,0.0439924263,0.05101786309,0.05652602481,0.06382996706,0.06959193542,0.07376325731,0.07976062966,0.08413827988,0.08684256847,0.08960934657,0.09062803742,0.09167150862,0.09274034777,0.09195845708,0.09115830718,0.08841680205,0.08366232354,0.08075926483,0.0757882133,0.07069003993,0.06545982046,0.0580203107,0.05248337477,0.04679793495,0.03880264372,0.03277384618,0.02657830478,0.0202097508,0.01593864674,0.01154571689,0.007026388959,0.004751858497,0.002410563707,0.0002446055247
0.0002408828726,0.002374561107,0.002341118071,0.00461695688,0.009106486708,0.01122763933,0.01550624386,0.01966997184,0.02587960672,0.02979766257,0.03571439996,0.0394049563,0.04504901309,0.05055108698,0.0539193542,0.05917729898,0.06235903231,0.06546457444,0.06849683652,0.06957814686,0.0706350714,0.07166871136,0.07086312997,0.07007669392,0.06930896547,0.06680158336,0.0643495883,0.06195123616,0.05790183914,0.05393763794,0.04838725504,0.04460158915,0.0392567127,0.03401736268,0.02887985755,0.02542999406,0.02047085119,0.0156034761,0.01237093989,0.009196399905,0.006077752571,0.003012950418,0.001493837965,0.0001481520053,0.0001469515307,0.0001457817747,0.00144642157,0.002870642304,0.004273533114,0.008483915636,0.01122992584,0.01533147487,0.01937698367,0.02474343946,0.03004015771,0.0352701558,0.04178426478,0.04688119732,0.05325161206,0.05955112059,0.06446748071,0.0706428337,0.07675711359,0.08151958922,0.08624096035,0.09092368248,0.09557016952,0.09891465921,0.1022394671,0.1055462687,0.1075857194,0.1096210522,0.1116532731,0.1124476894,0.1132503892,0.1128352963,0.1124379148,0.1120580679,0.1116955873,0.1101399831,0.1086085674,0.1071006443,0.1056155314,0.1041525595,0.1015167572,0.09890712033,0.09751165124,0.09494855876,0.09359308251,0.09107269606,0.08857314759,0.08727270153,0.08598802692,0.08354191655,0.08228821202,0.08104845033,0.07982209363,0.07978187343,0.07858031658,0.07856334507,0.07738518589,0.07739075783,0.07740747604,0.07860861059,0.07864823931,0.07987383511,0.07993712025,0.08118862313,0.08245427239,0.08373461904,0.08621119699,0.0875244092,0.08885419226,0.09138798781,0.09394415181,0.09533216418,0.09793381279,0.09936393604,0.1020150019,0.1046938882,0.1061950437,0.1077193241,0.1092674224,0.1108400454,0.1124379148,0.1128352963,0.1132503892,0.1136833783,0.114134457,0.1133581335,0.1125897064,0.1105722815,0.1085505453,0.1065234792,0.1032157831,0.0998879892,0.09653838845,0.09187128309,0.08716485781,0.08241663931,0.07762410943,0.07146134471,0.06523322478,0.06027582512,0.05391518036,0.04747905588,0.04232931314,0.03574052366,0.03044954577,0.02508786797,0.01965237022,0.01555384533,0.0113960883,0.008611926912,0.00433926471,0.002915635493,0.001469515307,0.0001481520053,0.0001493837965,0.0001506475209,0.001519438143,0.003065466635,0.006185469947,0.009362085661,0.01259744688,0.01589374629,0.02085767489,0.02591799061,0.02944253453,0.03469012489,0.04004462486,0.04550988202,0.0493868628,0.05506776547,0.05913205411,0.06328571055,0.06575465955,0.06827985561,0.07086312997,0.07166871136,0.07249388907,0.07333912777,0.07230221632,0.07124086042,0.07015391135,0.06706760551,0.06390441979,0.06066130438,0.05528742516,0.0518486267,0.04621863524,0.04043968491,0.03666277619,0.03059773398,0.02658213233,0.0202097508,0.01593635174,0.0115423922,0.009364472285,0.004749122215,0.002408828726,0.002443942768,0.0002479925758
0.0002442535462,0.0002407788337,0.002373877332,0.004681561949,0.00692543532,0.009107798137,0.01123087336,0.01551294401,0.01968130501,0.02374005952,0.02556293046,0.02944152089,0.03322137007,0.03690608274,0.04049914639,0.04400393567,0.0474237166,0.0488092795,0.05016217023,0.05148371219,0.05277518682,0.05403783522,0.05343043105,0.05283746236,0.05225859911,0.04991098574,0.04761488819,0.045368642,0.04317063196,0.04101929041,0.03722122179,0.03350051786,0.02985452386,0.02628066101,0.02277642371,0.01933937694,0.01596715367,0.01265745241,0.009408034825,0.006216723408,0.004622098913,0.003055110628,0.001514741237,0.000150225096,0.0001490078232,0.0001478216988,0.001466661345,0.001455405598,0.004333332655,0.005735087368,0.008540299631,0.01130618776,0.01543781311,0.01812032037,0.02215309788,0.02613500498,0.03143502885,0.0353133529,0.04049757133,0.0442819075,0.04936069877,0.05306025092,0.05672441622,0.06166720248,0.06525949997,0.06882234933,0.0723575871,0.07458113805,0.07679266945,0.08026738306,0.08118412368,0.08336623452,0.08428275212,0.08520263228,0.08612632623,0.0858106503,0.08550844373,0.0852195722,0.0849439076,0.08345406233,0.0832080692,0.08175453178,0.080320057,0.07890399761,0.07750571743,0.07612459074,0.07476000194,0.073411345,0.07087672266,0.06956013527,0.06825753913,0.06696836303,0.06569204311,0.06442802248,0.06317575076,0.06193468377,0.06189456309,0.06067369578,0.06065185718,0.0606387578,0.05944548232,0.05944976255,0.05946260508,0.06067369578,0.06070428303,0.06074363216,0.06198375547,0.06204179942,0.06330324154,0.06457663578,0.06586253775,0.06716150991,0.0684741219,0.06980095098,0.07114258249,0.07370793707,0.07508366376,0.0764761823,0.07788611587,0.079314098,0.08076077305,0.0822267967,0.08371283648,0.08398450594,0.08550844373,0.0858106503,0.08612632623,0.08645561217,0.08679865517,0.08589248405,0.08498962948,0.0840896394,0.08191218075,0.0810105465,0.07752598618,0.07531502379,0.07309063996,0.06953961131,0.06595862351,0.06234579483,0.05736513641,0.05367503939,0.04994700464,0.04482079407,0.04100221154,0.03576369102,0.0318450782,0.02648354516,0.02245500088,0.01837255511,0.01565721599,0.01147017474,0.008666665309,0.005821622393,0.004399984034,0.001478216988,0.001490078232,0.000150225096,0.0001514741237,0.0001527555314,0.001540699638,0.003108361704,0.004704017412,0.006328726206,0.009580292202,0.01289291796,0.01626887408,0.01971049576,0.02322018522,0.02680041428,0.03045372692,0.03418274201,0.03799015613,0.04187874646,0.04408785944,0.04634591533,0.04865455779,0.0510154809,0.05343043105,0.05403783522,0.05466001492,0.0552973205,0.05402079871,0.05271402186,0.05137569299,0.05000447235,0.04859897567,0.04510743446,0.04152671259,0.037853384,0.03408390728,0.03021462121,0.02624174001,0.02437748344,0.02021557205,0.01593864674,0.0115423922,0.009363123898,0.007121631997,0.004815576673,0.002442535462,0.0002478140854,0.0002514627355
0.0002477070529,0.0002441832113,0.00240744164,0.002373877332,0.004682236143,0.006927430133,0.009111733555,0.01123734421,0.0133063863,0.01532091323,0.01944327401,0.02132699661,0.02316262287,0.02703126019,0.02875023535,0.03042689206,0.03206282777,0.03563956444,0.03521867147,0.03674152558,0.0382295546,0.03779439825,0.03736957599,0.03695484999,0.03654998943,0.03615477025,0.03398052623,0.03185315329,0.03152233624,0.02773284209,0.02573692741,0.02378192773,0.02186646055,0.01832341768,0.01649890007,0.01307521123,0.01133503954,0.00802276027,0.006360703501,0.004728466356,0.003124967253,0.001549153455,0.001536158199,0.0001523491322,0.0001511146484,0.0001499117533,0.0001487398504,0.001475983613,0.002929734499,0.004362131928,0.005774034086,0.008599534662,0.009962965543,0.01272220893,0.01544559572,0.01813467735,0.02217703615,0.02479337255,0.02874911722,0.03129952243,0.03517632115,0.03766732974,0.04013472843,0.04391044351,0.04632754391,0.04872511162,0.05110438316,0.05346657489,0.05451490998,0.05685238987,0.05788967901,0.05892526936,0.05995967334,0.06099339834,0.06076109106,0.06179960183,0.06158195699,0.06137391585,0.06117538616,0.05974166209,0.05956556475,0.05816106969,0.0580063348,0.05662927174,0.05526673074,0.05514351295,0.05380563801,0.05248066097,0.05116799515,0.04986706128,0.04979171926,0.04851087878,0.04724024935,0.04718925742,0.04593625999,0.04469200096,0.04466304992,0.04464054542,0.04341841075,0.04340903339,0.04340590805,0.04340903339,0.04341841075,0.04343404419,0.04345594047,0.04469200096,0.04472741105,0.0447692955,0.0460289609,0.04729810682,0.0473628549,0.04865079149,0.04994970955,0.05003969999,0.05135992719,0.05269269016,0.05403858116,0.05539820061,0.05553798013,0.05692360012,0.05832461548,0.05849704413,0.05992690889,0.06012138696,0.06158195699,0.06179960183,0.06202694712,0.06226409414,0.06123541107,0.06148723759,0.06046255364,0.05943658941,0.05840883212,0.0573787633,0.05503548956,0.05399269125,0.05162212035,0.04923292151,0.04682384984,0.04439363863,0.04058806286,0.03810376643,0.03559414512,0.03168042048,0.02910735994,0.02510955325,0.02246632105,0.01837652401,0.01565608871,0.01289930199,0.01010455965,0.008724263856,0.005859468997,0.004427950838,0.002974797008,0.001499117533,0.0001511146484,0.0001523491322,0.0001536158199,0.0001549153455,0.001562483626,0.001576155452,0.003180351751,0.004813656162,0.006477165453,0.00817200702,0.01154923005,0.01332612195,0.01682035427,0.01868580036,0.02230533708,0.02426623683,0.02626861353,0.02831391403,0.03219207748,0.03253929323,0.03472248996,0.03695484999,0.03736957599,0.03779439825,0.0382295546,0.03867529009,0.03913185719,0.03761954024,0.03607068124,0.03651227047,0.03285741182,0.0311899156,0.02947970184,0.02772509559,0.02376400156,0.02188701889,0.01995957945,0.01573228189,0.01366760033,0.01154571689,0.009364472285,0.007121631997,0.00481488328,0.002441832113,0.002477070529,0.0002513179347,0.0002550181731
0.0002512455655,0.0002476713856,0.0002441832113,0.002407788337,0.002374561107,0.004684259306,0.004620947655,0.006838722274,0.008997645974,0.01109983825,0.01314734836,0.01297899255,0.01495041072,0.01687224839,0.01874631502,0.02057436157,0.02235808267,0.02209085885,0.02381451511,0.02353666159,0.02520418321,0.02491729102,0.02463721195,0.0243637892,0.02409687059,0.02383630839,0.02176796238,0.02153878521,0.01953883251,0.01933869278,0.01740305415,0.01550677772,0.01364850737,0.01182692572,0.01004075281,0.008288744714,0.006569692217,0.004882419578,0.004838674948,0.003197341886,0.001584803815,0.001571283221,0.0001558102327,0.0001545254503,0.0001532733317,0.0001520532532,0.0001508646096,0.001497068142,0.001485792981,0.002949630193,0.004392387427,0.005814919746,0.00721806229,0.008602631052,0.009969423637,0.01273412249,0.01405864792,0.01676503174,0.01805130499,0.02070432933,0.0219561953,0.02456062084,0.0271387039,0.02834217736,0.02953615414,0.03205696428,0.03322718773,0.0343899772,0.03554592383,0.03669561016,0.0378396106,0.03897849194,0.03881885201,0.0399542811,0.0398021061,0.03965622078,0.04079128788,0.04065348346,0.03925566747,0.03913431987,0.0390189657,0.03890955413,0.03755422938,0.03745971187,0.03612511947,0.03604457812,0.03472907157,0.03466162384,0.03336360014,0.03330839574,0.03202629107,0.03198250906,0.03071479463,0.03068164056,0.03065293598,0.02940352173,0.02938447442,0.02936966838,0.0293590972,0.02935275632,0.02812769954,0.0281297248,0.02813580148,0.02936966838,0.02938447442,0.02940352173,0.02942681854,0.02945437494,0.03071479463,0.03075241256,0.03079451065,0.03207475145,0.03212791125,0.0334237087,0.03348874759,0.03480166163,0.03487942569,0.0362110548,0.03630242174,0.03765440723,0.03776028939,0.03913431987,0.03925566747,0.0393830621,0.03951656014,0.04093545371,0.04108604501,0.0399542811,0.04011281374,0.040277775,0.03914442476,0.03931672517,0.03817895523,0.03703536006,0.03588536275,0.03472837797,0.03356381152,0.03239105984,0.02985257429,0.02865405765,0.02744524413,0.02484519519,0.02221699076,0.02095628968,0.01827624229,0.01697882999,0.01424203377,0.01290394658,0.01010528721,0.008722379619,0.007320645711,0.005899260385,0.004457378942,0.002994136284,0.001508646096,0.001520532532,0.0001532733317,0.0001545254503,0.0001558102327,0.0001571283221,0.0001584803815,0.001598670943,0.001612891649,0.003254946385,0.004927269163,0.004973246828,0.006693835208,0.008447804085,0.01023638052,0.01206082712,0.01392244332,0.01582256682,0.01776257501,0.01974388644,0.01995396552,0.02200274621,0.02224326516,0.0243637892,0.02463721195,0.02491729102,0.02520418321,0.02549805006,0.02579905803,0.02409911875,0.02439063564,0.02263179772,0.0229121628,0.02109031049,0.01922195664,0.0173053234,0.01533857309,0.0133198059,0.01349646896,0.01139787046,0.009241895309,0.007026388959,0.004749122215,0.004815576673,0.002441832113,0.002476713856,0.0002512455655,0.000254908029,0.0002586611256
0.0002548713249,0.0002512455655,0.0002477070529,0.0002442535462,0.002408828726,0.002375929249,0.002343816593,0.004624941879,0.004563746121,0.006756012926,0.006668539778,0.008777529454,0.008666378377,0.01069733383,0.01056491426,0.01252276381,0.01237131013,0.01222344823,0.01409227497,0.01392785473,0.01376733521,0.01361062547,0.01345763728,0.01330828499,0.01316248546,0.01302015801,0.01288122433,0.01274560839,0.01081134551,0.01070060298,0.01059252001,0.008739198983,0.008653419285,0.006855772408,0.006790434866,0.005045016439,0.003332250175,0.003301918965,0.003272335022,0.001621741584,0.001607674337,0.0001593958625,0.0001580587516,0.0001567554283,0.0001554852403,0.0001542475547,0.0001530417576,0.0001518672539,0.001507234664,0.001496098356,0.001485258192,0.002949417827,0.004393336285,0.004363388403,0.005779025008,0.00717660576,0.008556918121,0.009920732632,0.009860203157,0.01120166206,0.0125285896,0.01384169919,0.01514169045,0.01642924984,0.01770505126,0.01761477399,0.01887574856,0.0201266906,0.02003271775,0.02127152547,0.02117830579,0.02240656436,0.02231479625,0.0222266044,0.0234444169,0.02335848687,0.02327622333,0.02319758971,0.02312255115,0.02305107443,0.022983128,0.02164542179,0.02158783513,0.02153350227,0.02148239941,0.02017365098,0.02013157234,0.02009247458,0.02005634065,0.01877170766,0.01874334628,0.01871772292,0.01744850468,0.01742967046,0.01741336393,0.017399578,0.01738830673,0.01737954523,0.01613234045,0.01612885624,0.01612769501,0.01612885624,0.01613234045,0.01613814914,0.01614628482,0.017399578,0.01741336393,0.01742967046,0.01744850468,0.01746987472,0.01749378987,0.01877170766,0.01880281936,0.01883669492,0.02013157234,0.02017365098,0.02021872885,0.02026682567,0.02158783513,0.02164542179,0.02170628755,0.02177045918,0.02312255115,0.02319758971,0.02327622333,0.02335848687,0.0234444169,0.02353405171,0.02362743133,0.02240656436,0.0225019499,0.02260099581,0.02136823227,0.02146846997,0.02022401631,0.02032473922,0.01906697828,0.017798354,0.01789472508,0.01661003903,0.01531272062,0.01400207757,0.01267740406,0.01133798015,0.009983071141,0.01004724806,0.008668537511,0.007272314005,0.005857781713,0.00442412674,0.004455774575,0.002992196712,0.001507234664,0.001518672539,0.001530417576,0.0001542475547,0.0001554852403,0.0001567554283,0.0001580587516,0.0001593958625,0.0001607674337,0.0001621741584,0.001636167511,0.001650959483,0.003332250175,0.003363344292,0.003395217433,0.005141829306,0.006922735428,0.006991359187,0.00882710001,0.008917169146,0.01081134551,0.01092480719,0.01104104942,0.01302015801,0.01316248546,0.01330828499,0.01345763728,0.01361062547,0.01376733521,0.01392785473,0.01409227497,0.0142606896,0.01443319515,0.01252276381,0.01267789712,0.0128368006,0.01083297297,0.01097191182,0.008891386371,0.009008017235,0.006845619182,0.006937412818,0.004687633187,0.004751858497,0.002408828726,0.002442535462,0.002477070529,0.0002512455655,0.0002548713249,0.0002585866419,0.0002623938999
0.0002585866419,0.000254908029,0.0002513179347,0.0002478140854,0.0002443942768,0.0002410563707,0.002377982939,0.002346180352,0.002315136441,0.002284832285,0.002255249531,0.004452740744,0.004396355068,0.004341308516,0.004287568564,0.004235103657,0.00627582476,0.006200816099,0.00612758625,0.006056093239,0.005986296331,0.00591815599,0.005851633846,0.005786692658,0.00572329628,0.005661409629,0.00560099865,0.005542030291,0.00548447247,0.005428294044,0.003582309858,0.003546636906,0.003511824855,0.003477855277,0.003444710286,0.001706186262,0.00169041257,0.001675025893,0.001660018295,0.0001645382078,0.000163110977,0.0001617194121,0.0001603628098,0.0001590404877,0.0001577517839,0.0001564960562,0.0001552726819,0.0001540810572,0.0001529205965,0.0001517907321,0.001506909136,0.001496206079,0.001485792981,0.001475664835,0.002931633582,0.002912488307,0.004340827127,0.00431372117,0.004287401816,0.00568247561,0.005649431862,0.005617389109,0.006982915591,0.006945309474,0.008290680833,0.008248407016,0.008207530551,0.009529371564,0.009484878301,0.009441952322,0.009400574201,0.00936072526,0.01065415722,0.01061205018,0.01057163177,0.01053288392,0.01049578938,0.01046033166,0.01042649503,0.01039426452,0.01036362589,0.01033456565,0.01030707101,0.01028112989,0.008974639555,0.008954630498,0.008935952736,0.008918598118,0.008902559081,0.008887828643,0.008874400401,0.008862268521,0.007586938063,0.007578748593,0.007571658203,0.007565663824,0.007560762862,0.007556953197,0.007554233184,0.007552601646,0.007552057878,0.007552601646,0.007554233184,0.007556953197,0.007560762862,0.007565663824,0.007571658203,0.007578748593,0.007586938063,0.007596230161,0.007606628915,0.008887828643,0.008902559081,0.008918598118,0.008935952736,0.008954630498,0.008974639555,0.008995988651,0.009018687131,0.01033456565,0.01036362589,0.01039426452,0.01042649503,0.01046033166,0.01049578938,0.01053288392,0.01057163177,0.01061205018,0.01065415722,0.01069797173,0.01074351337,0.009441952322,0.009484878301,0.009529371564,0.00957545231,0.009623141519,0.008290680833,0.008334371369,0.008379498709,0.007021736386,0.007061789827,0.00568247561,0.005716535755,0.005751628227,0.004340827127,0.00436873246,0.004397450373,0.002951329669,0.002971585962,0.001496206079,0.001506909136,0.001517907321,0.001529205965,0.0001540810572,0.0001552726819,0.0001564960562,0.0001577517839,0.0001590404877,0.0001603628098,0.0001617194121,0.000163110977,0.0001645382078,0.0001660018295,0.0001675025893,0.00169041257,0.001706186262,0.001722355143,0.001738927638,0.003511824855,0.003546636906,0.003582309858,0.003618862696,0.00365631498,0.005542030291,0.00560099865,0.005661409629,0.00572329628,0.005786692658,0.005851633846,0.00591815599,0.005986296331,0.006056093239,0.00612758625,0.006200816099,0.00627582476,0.006352655486,0.006431352847,0.004341308516,0.004396355068,0.004452740744,0.004510499062,0.004569664571,0.002315136441,0.002346180352,0.002377982939,0.002410563707,0.002443942768,0.0002478140854,0.0002513179347,0.000254908029,0.0002585866419,0.0002623561179,0.0002662188752
0.0002623938999,0.0002586611256,0.0002550181731,0.0002514627355,0.0002479925758,0.0002446055247,0.000241299478,0.0002380723953,0.0002349222973,0.0002318472639,0.0002288454328,0.0002259149971,0.0002230542041,0.00220261353,0.002175347939,0.002148729256,0.002122741946,0.002097370933,0.002072601587,0.002048419712,0.002024811528,0.002001763663,0.001979263139,0.00195729736,0.001935854098,0.001914921488,0.001894488012,0.001874542489,0.001855074067,0.001836072214,0.001817526705,0.001799427617,0.001781765316,0.0001764530454,0.0001747713957,0.0001731307015,0.0001715301083,0.0001699687862,0.0001684459302,0.0001669607591,0.0001655125147,0.0001641004614,0.0001627238853,0.0001613820943,0.0001600744164,0.0001588002002,0.0001575588138,0.0001563496444,0.0001551720978,0.000154025598,0.0001529095866,0.0001518235224,0.000150766881,0.0001497391544,0.0001487398504,0.001477684925,0.001468246194,0.001459077846,0.001450175558,0.001441535152,0.001433152586,0.001425023954,0.001417145481,0.00140951352,0.001402124552,0.001394975181,0.002776124261,0.002762764487,0.002749864957,0.002737419817,0.002725423432,0.00271387039,0.002702755489,0.002692073741,0.002681820364,0.002671990777,0.002662580603,0.002653585658,0.002645001954,0.002636825691,0.00262905326,0.002621681233,0.002614706369,0.002608125604,0.002601936054,0.002596135009,0.002590719935,0.002585688467,0.002581038414,0.002576767752,0.002572874623,0.002569357337,0.002566214367,0.002563444352,0.00256104609,0.002559018545,0.002557360838,0.002556072253,0.001277576116,0.00127730019,0.001277208227,0.00127730019,0.001277576116,0.001278036126,0.001278680419,0.002559018545,0.00256104609,0.002563444352,0.002566214367,0.002569357337,0.002572874623,0.002576767752,0.002581038414,0.002585688467,0.002590719935,0.002596135009,0.002601936054,0.002608125604,0.002614706369,0.002621681233,0.00262905326,0.002636825691,0.002645001954,0.002653585658,0.002662580603,0.002671990777,0.002681820364,0.002692073741,0.002702755489,0.00271387039,0.002725423432,0.002737419817,0.002749864957,0.002762764487,0.002776124261,0.002789950361,0.002804249104,0.00140951352,0.001417145481,0.001425023954,0.001433152586,0.001441535152,0.001450175558,0.001459077846,0.001468246194,0.001477684925,0.001487398504,0.001497391544,0.000150766881,0.0001518235224,0.0001529095866,0.000154025598,0.0001551720978,0.0001563496444,0.0001575588138,0.0001588002002,0.0001600744164,0.0001613820943,0.0001627238853,0.0001641004614,0.0001655125147,0.0001669607591,0.0001684459302,0.0001699687862,0.0001715301083,0.0001731307015,0.0001747713957,0.0001764530454,0.0001781765316,0.0001799427617,0.001817526705,0.001836072214,0.001855074067,0.001874542489,0.001894488012,0.001914921488,0.001935854098,0.00195729736,0.001979263139,0.002001763663,0.002024811528,0.002048419712,0.002072601587,0.002097370933,0.002122741946,0.002148729256,0.002175347939,0.00220261353,0.002230542041,0.002259149971,0.0002288454328,0.0002318472639,0.0002349222973,0.0002380723953,0.000241299478,0.0002446055247,0.0002479925758,0.0002514627355,0.0002550181731,0.0002586611256,0.0002623938999,0.0002662188752,0.0002701385052
